combo,weight,ev
AsKsQsJs,1,0.1
AhKhQhJh,1,0.1
AdKdQdJd,1,0.1
AcKcQcJc,1,0.1
AsKsQsTs,1,0.09
AhKhQhTh,1,0.09
AdKdQdTd,1,0.09
AcKcQcTc,1,0.09
AsKsQsQh,1,0.6
AsKsQsQd,1,0.6
AsKsQsQc,1,0.6
AhKhQhQd,1,0.6
AhKhQhQc,1,0.6
AhKhQsQh,1,0.6
AdKdQdQc,1,0.6
AdKdQsQd,1,0.6
AdKdQhQd,1,0.6
AcKcQsQc,1,0.6
AcKcQhQc,1,0.6
AcKcQdQc,1,0.6
AsKsQsJh,1,0.21
AsKsQsJd,1,0.21
AsKsQsJc,1,0.21
AhKhQhJd,1,0.21
AhKhQhJc,1,0.21
AhKhQhJs,1,0.21
AdKdQdJc,1,0.21
AdKdQdJs,1,0.21
AdKdQdJh,1,0.21
AcKcQcJs,1,0.21
AcKcQcJh,1,0.21
AcKcQcJd,1,0.21
AsKsQsTh,1,0.2
AsKsQsTd,1,0.2
AsKsQsTc,1,0.2
AhKhQhTd,1,0.2
AhKhQhTc,1,0.2
AhKhQhTs,1,0.2
AdKdQdTc,1,0.2
AdKdQdTs,1,0.2
AdKdQdTh,1,0.2
AcKcQcTs,1,0.2
AcKcQcTh,1,0.2
AcKcQcTd,1,0.2
AsKsQs9h,1,0.01
AsKsQs9d,1,0.01
AsKsQs9c,1,0.01
AhKhQh9d,1,0.01
AhKhQh9c,1,0.01
AhKhQh9s,1,0.01
AdKdQd9c,1,0.01
AdKdQd9s,1,0.01
AdKdQd9h,1,0.01
AcKcQc9s,1,0.01
AcKcQc9h,1,0.01
AcKcQc9d,1,0.01
AsKsJsTs,1,0.11
AhKhJhTh,1,0.11
AdKdJdTd,1,0.11
AcKcJcTc,1,0.11
AsKsJsJh,1,0.43
AsKsJsJd,1,0.43
AsKsJsJc,1,0.43
AhKhJhJd,1,0.43
AhKhJhJc,1,0.43
AhKhJsJh,1,0.43
AdKdJdJc,1,0.43
AdKdJsJd,1,0.43
AdKdJhJd,1,0.43
AcKcJsJc,1,0.43
AcKcJhJc,1,0.43
AcKcJdJc,1,0.43
AsKsJsTh,1,0.26
AsKsJsTd,1,0.26
AsKsJsTc,1,0.26
AhKhJhTd,1,0.26
AhKhJhTc,1,0.26
AhKhJhTs,1,0.26
AdKdJdTc,1,0.26
AdKdJdTs,1,0.26
AdKdJdTh,1,0.26
AcKcJcTs,1,0.26
AcKcJcTh,1,0.26
AcKcJcTd,1,0.26
AsKsJs9h,1,0.03
AsKsJs9d,1,0.03
AsKsJs9c,1,0.03
AhKhJh9d,1,0.03
AhKhJh9c,1,0.03
AhKhJh9s,1,0.03
AdKdJd9c,1,0.03
AdKdJd9s,1,0.03
AdKdJd9h,1,0.03
AcKcJc9s,1,0.03
AcKcJc9h,1,0.03
AcKcJc9d,1,0.03
AsKsTsTh,1,0.28
AsKsTsTd,1,0.28
AsKsTsTc,1,0.28
AhKhThTd,1,0.28
AhKhThTc,1,0.28
AhKhTsTh,1,0.28
AdKdTdTc,1,0.28
AdKdTsTd,1,0.28
AdKdThTd,1,0.28
AcKcTsTc,1,0.28
AcKcThTc,1,0.28
AcKcTdTc,1,0.28
AsKsTs9h,1,0.08
AsKsTs9d,1,0.08
AsKsTs9c,1,0.08
AhKhTh9d,1,0.08
AhKhTh9c,1,0.08
AhKhTh9s,1,0.08
AdKdTd9c,1,0.08
AdKdTd9s,1,0.08
AdKdTd9h,1,0.08
AcKcTc9s,1,0.08
AcKcTc9h,1,0.08
AcKcTc9d,1,0.08
AsKsTs8h,1,0.04
AsKsTs8d,1,0.04
AsKsTs8c,1,0.04
AhKhTh8d,1,0.04
AhKhTh8c,1,0.04
AhKhTh8s,1,0.04
AdKdTd8c,1,0.04
AdKdTd8s,1,0.04
AdKdTd8h,1,0.04
AcKcTc8s,1,0.04
AcKcTc8h,1,0.04
AcKcTc8d,1,0.04
AsKs9s9h,1,0.07
AsKs9s9d,1,0.07
AsKs9s9c,1,0.07
AhKh9h9d,1,0.07
AhKh9h9c,1,0.07
AhKh9s9h,1,0.07
AdKd9d9c,1,0.07
AdKd9s9d,1,0.07
AdKd9h9d,1,0.07
AcKc9s9c,1,0.07
AcKc9h9c,1,0.07
AcKc9d9c,1,0.07
AsKs8s8h,1,0.02
AsKs8s8d,1,0.02
AsKs8s8c,1,0.02
AhKh8h8d,1,0.02
AhKh8h8c,1,0.02
AhKh8s8h,1,0.02
AdKd8d8c,1,0.02
AdKd8s8d,1,0.02
AdKd8h8d,1,0.02
AcKc8s8c,1,0.02
AcKc8h8c,1,0.02
AcKc8d8c,1,0.02
AsKsKhQs,1,0.75
AsKsKdQs,1,0.75
AsKsKcQs,1,0.75
AhKhKdQh,1,0.75
AhKhKcQh,1,0.75
AhKsKhQh,1,0.75
AdKdKcQd,1,0.75
AdKsKdQd,1,0.75
AdKhKdQd,1,0.75
AcKsKcQc,1,0.75
AcKhKcQc,1,0.75
AcKdKcQc,1,0.75
AsKsKhJs,1,0.75
AsKsKdJs,1,0.75
AsKsKcJs,1,0.75
AhKhKdJh,1,0.75
AhKhKcJh,1,0.75
AhKsKhJh,1,0.75
AdKdKcJd,1,0.75
AdKsKdJd,1,0.75
AdKhKdJd,1,0.75
AcKsKcJc,1,0.75
AcKhKcJc,1,0.75
AcKdKcJc,1,0.75
AsKsKhTs,1,0.76
AsKsKdTs,1,0.76
AsKsKcTs,1,0.76
AhKhKdTh,1,0.76
AhKhKcTh,1,0.76
AhKsKhTh,1,0.76
AdKdKcTd,1,0.76
AdKsKdTd,1,0.76
AdKhKdTd,1,0.76
AcKsKcTc,1,0.76
AcKhKcTc,1,0.76
AcKdKcTc,1,0.76
AsKsKh9s,1,0.48
AsKsKd9s,1,0.48
AsKsKc9s,1,0.48
AhKhKd9h,1,0.48
AhKhKc9h,1,0.48
AhKsKh9h,1,0.48
AdKdKc9d,1,0.48
AdKsKd9d,1,0.48
AdKhKd9d,1,0.48
AcKsKc9c,1,0.48
AcKhKc9c,1,0.48
AcKdKc9c,1,0.48
AsKsKh8s,1,0.47
AsKsKd8s,1,0.47
AsKsKc8s,1,0.47
AhKhKd8h,1,0.47
AhKhKc8h,1,0.47
AhKsKh8h,1,0.47
AdKdKc8d,1,0.47
AdKsKd8d,1,0.47
AdKhKd8d,1,0.47
AcKsKc8c,1,0.47
AcKhKc8c,1,0.47
AcKdKc8c,1,0.47
AsKsKh7s,1,0.46
AsKsKd7s,1,0.46
AsKsKc7s,1,0.46
AhKhKd7h,1,0.46
AhKhKc7h,1,0.46
AhKsKh7h,1,0.46
AdKdKc7d,1,0.46
AdKsKd7d,1,0.46
AdKhKd7d,1,0.46
AcKsKc7c,1,0.46
AcKhKc7c,1,0.46
AcKdKc7c,1,0.46
AsKsKh6s,1,0.44
AsKsKd6s,1,0.44
AsKsKc6s,1,0.44
AhKhKd6h,1,0.44
AhKhKc6h,1,0.44
AhKsKh6h,1,0.44
AdKdKc6d,1,0.44
AdKsKd6d,1,0.44
AdKhKd6d,1,0.44
AcKsKc6c,1,0.44
AcKhKc6c,1,0.44
AcKdKc6c,1,0.44
AsKsKh5s,1,0.57
AsKsKd5s,1,0.57
AsKsKc5s,1,0.57
AhKhKd5h,1,0.57
AhKhKc5h,1,0.57
AhKsKh5h,1,0.57
AdKdKc5d,1,0.57
AdKsKd5d,1,0.57
AdKhKd5d,1,0.57
AcKsKc5c,1,0.57
AcKhKc5c,1,0.57
AcKdKc5c,1,0.57
AsKsKh4s,1,0.55
AsKsKd4s,1,0.55
AsKsKc4s,1,0.55
AhKhKd4h,1,0.55
AhKhKc4h,1,0.55
AhKsKh4h,1,0.55
AdKdKc4d,1,0.55
AdKsKd4d,1,0.55
AdKhKd4d,1,0.55
AcKsKc4c,1,0.55
AcKhKc4c,1,0.55
AcKdKc4c,1,0.55
AsKsKh3s,1,0.52
AsKsKd3s,1,0.52
AsKsKc3s,1,0.52
AhKhKd3h,1,0.52
AhKhKc3h,1,0.52
AhKsKh3h,1,0.52
AdKdKc3d,1,0.52
AdKsKd3d,1,0.52
AdKhKd3d,1,0.52
AcKsKc3c,1,0.52
AcKhKc3c,1,0.52
AcKdKc3c,1,0.52
AsKsKh2s,1,0.45
AsKsKd2s,1,0.45
AsKsKc2s,1,0.45
AhKhKd2h,1,0.45
AhKhKc2h,1,0.45
AhKsKh2h,1,0.45
AdKdKc2d,1,0.45
AdKsKd2d,1,0.45
AdKhKd2d,1,0.45
AcKsKc2c,1,0.45
AcKhKc2c,1,0.45
AcKdKc2c,1,0.45
AsKsKhQh,1,1.56
AsKsKdQd,1,1.56
AsKsKcQc,1,1.56
AhKhKdQd,1,1.56
AhKhKcQc,1,1.56
AhKsKhQs,1,1.56
AdKdKcQc,1,1.56
AdKsKdQs,1,1.56
AdKhKdQh,1,1.56
AcKsKcQs,1,1.56
AcKhKcQh,1,1.56
AcKdKcQd,1,1.56
AsKsKhJh,1,1.57
AsKsKdJd,1,1.57
AsKsKcJc,1,1.57
AhKhKdJd,1,1.57
AhKhKcJc,1,1.57
AhKsKhJs,1,1.57
AdKdKcJc,1,1.57
AdKsKdJs,1,1.57
AdKhKdJh,1,1.57
AcKsKcJs,1,1.57
AcKhKcJh,1,1.57
AcKdKcJd,1,1.57
AsKsKhTh,1,1.57
AsKsKdTd,1,1.57
AsKsKcTc,1,1.57
AhKhKdTd,1,1.57
AhKhKcTc,1,1.57
AhKsKhTs,1,1.57
AdKdKcTc,1,1.57
AdKsKdTs,1,1.57
AdKhKdTh,1,1.57
AcKsKcTs,1,1.57
AcKhKcTh,1,1.57
AcKdKcTd,1,1.57
AsKsKh9h,1,1.24
AsKsKd9d,1,1.24
AsKsKc9c,1,1.24
AhKhKd9d,1,1.24
AhKhKc9c,1,1.24
AhKsKh9s,1,1.24
AdKdKc9c,1,1.24
AdKsKd9s,1,1.24
AdKhKd9h,1,1.24
AcKsKc9s,1,1.24
AcKhKc9h,1,1.24
AcKdKc9d,1,1.24
AsKsKh8h,1,1.22
AsKsKd8d,1,1.22
AsKsKc8c,1,1.22
AhKhKd8d,1,1.22
AhKhKc8c,1,1.22
AhKsKh8s,1,1.22
AdKdKc8c,1,1.22
AdKsKd8s,1,1.22
AdKhKd8h,1,1.22
AcKsKc8s,1,1.22
AcKhKc8h,1,1.22
AcKdKc8d,1,1.22
AsKsKh7h,1,1.22
AsKsKd7d,1,1.22
AsKsKc7c,1,1.22
AhKhKd7d,1,1.22
AhKhKc7c,1,1.22
AhKsKh7s,1,1.22
AdKdKc7c,1,1.22
AdKsKd7s,1,1.22
AdKhKd7h,1,1.22
AcKsKc7s,1,1.22
AcKhKc7h,1,1.22
AcKdKc7d,1,1.22
AsKsKh6h,1,1.21
AsKsKd6d,1,1.21
AsKsKc6c,1,1.21
AhKhKd6d,1,1.21
AhKhKc6c,1,1.21
AhKsKh6s,1,1.21
AdKdKc6c,1,1.21
AdKsKd6s,1,1.21
AdKhKd6h,1,1.21
AcKsKc6s,1,1.21
AcKhKc6h,1,1.21
AcKdKc6d,1,1.21
AsKsKh5h,1,1.4
AsKsKd5d,1,1.4
AsKsKc5c,1,1.4
AhKhKd5d,1,1.4
AhKhKc5c,1,1.4
AhKsKh5s,1,1.4
AdKdKc5c,1,1.4
AdKsKd5s,1,1.4
AdKhKd5h,1,1.4
AcKsKc5s,1,1.4
AcKhKc5h,1,1.4
AcKdKc5d,1,1.4
AsKsKh4h,1,1.4
AsKsKd4d,1,1.4
AsKsKc4c,1,1.4
AhKhKd4d,1,1.4
AhKhKc4c,1,1.4
AhKsKh4s,1,1.4
AdKdKc4c,1,1.4
AdKsKd4s,1,1.4
AdKhKd4h,1,1.4
AcKsKc4s,1,1.4
AcKhKc4h,1,1.4
AcKdKc4d,1,1.4
AsKsKh3h,1,1.37
AsKsKd3d,1,1.37
AsKsKc3c,1,1.37
AhKhKd3d,1,1.37
AhKhKc3c,1,1.37
AhKsKh3s,1,1.37
AdKdKc3c,1,1.37
AdKsKd3s,1,1.37
AdKhKd3h,1,1.37
AcKsKc3s,1,1.37
AcKhKc3h,1,1.37
AcKdKc3d,1,1.37
AsKsKh2h,1,1.29
AsKsKd2d,1,1.29
AsKsKc2c,1,1.29
AhKhKd2d,1,1.29
AhKhKc2c,1,1.29
AhKsKh2s,1,1.29
AdKdKc2c,1,1.29
AdKsKd2s,1,1.29
AdKhKd2h,1,1.29
AcKsKc2s,1,1.29
AcKhKc2h,1,1.29
AcKdKc2d,1,1.29
AsKsKhKd,1,0.03
AsKsKhKc,1,0.03
AsKsKdKc,1,0.03
AhKhKdKc,1,0.03
AhKsKhKd,1,0.03
AhKsKhKc,1,0.03
AdKhKdKc,1,0.03
AdKsKdKc,1,0.03
AdKsKhKd,1,0.03
AcKsKhKc,1,0.03
AcKsKdKc,1,0.03
AcKhKdKc,1,0.03
AsKsKhQd,1,1.04
AsKsKhQc,1,1.04
AsKsKdQc,1,1.04
AsKsKdQh,1,1.04
AsKsKcQh,1,1.04
AsKsKcQd,1,1.04
AhKhKdQc,1,1.04
AhKhKdQs,1,1.04
AhKhKcQd,1,1.04
AhKhKcQs,1,1.04
AhKsKhQc,1,1.04
AhKsKhQd,1,1.04
AdKdKcQh,1,1.04
AdKdKcQs,1,1.04
AdKsKdQc,1,1.04
AdKsKdQh,1,1.04
AdKhKdQc,1,1.04
AdKhKdQs,1,1.04
AcKsKcQh,1,1.04
AcKsKcQd,1,1.04
AcKhKcQd,1,1.04
AcKhKcQs,1,1.04
AcKdKcQs,1,1.04
AcKdKcQh,1,1.04
AsKsKhJd,1,1.02
AsKsKhJc,1,1.02
AsKsKdJc,1,1.02
AsKsKdJh,1,1.02
AsKsKcJh,1,1.02
AsKsKcJd,1,1.02
AhKhKdJc,1,1.02
AhKhKdJs,1,1.02
AhKhKcJd,1,1.02
AhKhKcJs,1,1.02
AhKsKhJc,1,1.02
AhKsKhJd,1,1.02
AdKdKcJh,1,1.02
AdKdKcJs,1,1.02
AdKsKdJc,1,1.02
AdKsKdJh,1,1.02
AdKhKdJc,1,1.02
AdKhKdJs,1,1.02
AcKsKcJh,1,1.02
AcKsKcJd,1,1.02
AcKhKcJd,1,1.02
AcKhKcJs,1,1.02
AcKdKcJs,1,1.02
AcKdKcJh,1,1.02
AsKsKhTd,1,1.02
AsKsKhTc,1,1.02
AsKsKdTc,1,1.02
AsKsKdTh,1,1.02
AsKsKcTh,1,1.02
AsKsKcTd,1,1.02
AhKhKdTc,1,1.02
AhKhKdTs,1,1.02
AhKhKcTd,1,1.02
AhKhKcTs,1,1.02
AhKsKhTc,1,1.02
AhKsKhTd,1,1.02
AdKdKcTh,1,1.02
AdKdKcTs,1,1.02
AdKsKdTc,1,1.02
AdKsKdTh,1,1.02
AdKhKdTc,1,1.02
AdKhKdTs,1,1.02
AcKsKcTh,1,1.02
AcKsKcTd,1,1.02
AcKhKcTd,1,1.02
AcKhKcTs,1,1.02
AcKdKcTs,1,1.02
AcKdKcTh,1,1.02
AsKsKh9d,1,0.73
AsKsKh9c,1,0.73
AsKsKd9c,1,0.73
AsKsKd9h,1,0.73
AsKsKc9h,1,0.73
AsKsKc9d,1,0.73
AhKhKd9c,1,0.73
AhKhKd9s,1,0.73
AhKhKc9d,1,0.73
AhKhKc9s,1,0.73
AhKsKh9c,1,0.73
AhKsKh9d,1,0.73
AdKdKc9h,1,0.73
AdKdKc9s,1,0.73
AdKsKd9c,1,0.73
AdKsKd9h,1,0.73
AdKhKd9c,1,0.73
AdKhKd9s,1,0.73
AcKsKc9h,1,0.73
AcKsKc9d,1,0.73
AcKhKc9d,1,0.73
AcKhKc9s,1,0.73
AcKdKc9s,1,0.73
AcKdKc9h,1,0.73
AsKsKh8d,1,0.71
AsKsKh8c,1,0.71
AsKsKd8c,1,0.71
AsKsKd8h,1,0.71
AsKsKc8h,1,0.71
AsKsKc8d,1,0.71
AhKhKd8c,1,0.71
AhKhKd8s,1,0.71
AhKhKc8d,1,0.71
AhKhKc8s,1,0.71
AhKsKh8c,1,0.71
AhKsKh8d,1,0.71
AdKdKc8h,1,0.71
AdKdKc8s,1,0.71
AdKsKd8c,1,0.71
AdKsKd8h,1,0.71
AdKhKd8c,1,0.71
AdKhKd8s,1,0.71
AcKsKc8h,1,0.71
AcKsKc8d,1,0.71
AcKhKc8d,1,0.71
AcKhKc8s,1,0.71
AcKdKc8s,1,0.71
AcKdKc8h,1,0.71
AsKsKh7d,1,0.71
AsKsKh7c,1,0.71
AsKsKd7c,1,0.71
AsKsKd7h,1,0.71
AsKsKc7h,1,0.71
AsKsKc7d,1,0.71
AhKhKd7c,1,0.71
AhKhKd7s,1,0.71
AhKhKc7d,1,0.71
AhKhKc7s,1,0.71
AhKsKh7c,1,0.71
AhKsKh7d,1,0.71
AdKdKc7h,1,0.71
AdKdKc7s,1,0.71
AdKsKd7c,1,0.71
AdKsKd7h,1,0.71
AdKhKd7c,1,0.71
AdKhKd7s,1,0.71
AcKsKc7h,1,0.71
AcKsKc7d,1,0.71
AcKhKc7d,1,0.71
AcKhKc7s,1,0.71
AcKdKc7s,1,0.71
AcKdKc7h,1,0.71
AsKsKh6d,1,0.69
AsKsKh6c,1,0.69
AsKsKd6c,1,0.69
AsKsKd6h,1,0.69
AsKsKc6h,1,0.69
AsKsKc6d,1,0.69
AhKhKd6c,1,0.69
AhKhKd6s,1,0.69
AhKhKc6d,1,0.69
AhKhKc6s,1,0.69
AhKsKh6c,1,0.69
AhKsKh6d,1,0.69
AdKdKc6h,1,0.69
AdKdKc6s,1,0.69
AdKsKd6c,1,0.69
AdKsKd6h,1,0.69
AdKhKd6c,1,0.69
AdKhKd6s,1,0.69
AcKsKc6h,1,0.69
AcKsKc6d,1,0.69
AcKhKc6d,1,0.69
AcKhKc6s,1,0.69
AcKdKc6s,1,0.69
AcKdKc6h,1,0.69
AsKsKh5d,1,0.83
AsKsKh5c,1,0.83
AsKsKd5c,1,0.83
AsKsKd5h,1,0.83
AsKsKc5h,1,0.83
AsKsKc5d,1,0.83
AhKhKd5c,1,0.83
AhKhKd5s,1,0.83
AhKhKc5d,1,0.83
AhKhKc5s,1,0.83
AhKsKh5c,1,0.83
AhKsKh5d,1,0.83
AdKdKc5h,1,0.83
AdKdKc5s,1,0.83
AdKsKd5c,1,0.83
AdKsKd5h,1,0.83
AdKhKd5c,1,0.83
AdKhKd5s,1,0.83
AcKsKc5h,1,0.83
AcKsKc5d,1,0.83
AcKhKc5d,1,0.83
AcKhKc5s,1,0.83
AcKdKc5s,1,0.83
AcKdKc5h,1,0.83
AsKsKh4d,1,0.83
AsKsKh4c,1,0.83
AsKsKd4c,1,0.83
AsKsKd4h,1,0.83
AsKsKc4h,1,0.83
AsKsKc4d,1,0.83
AhKhKd4c,1,0.83
AhKhKd4s,1,0.83
AhKhKc4d,1,0.83
AhKhKc4s,1,0.83
AhKsKh4c,1,0.83
AhKsKh4d,1,0.83
AdKdKc4h,1,0.83
AdKdKc4s,1,0.83
AdKsKd4c,1,0.83
AdKsKd4h,1,0.83
AdKhKd4c,1,0.83
AdKhKd4s,1,0.83
AcKsKc4h,1,0.83
AcKsKc4d,1,0.83
AcKhKc4d,1,0.83
AcKhKc4s,1,0.83
AcKdKc4s,1,0.83
AcKdKc4h,1,0.83
AsKsKh3d,1,0.82
AsKsKh3c,1,0.82
AsKsKd3c,1,0.82
AsKsKd3h,1,0.82
AsKsKc3h,1,0.82
AsKsKc3d,1,0.82
AhKhKd3c,1,0.82
AhKhKd3s,1,0.82
AhKhKc3d,1,0.82
AhKhKc3s,1,0.82
AhKsKh3c,1,0.82
AhKsKh3d,1,0.82
AdKdKc3h,1,0.82
AdKdKc3s,1,0.82
AdKsKd3c,1,0.82
AdKsKd3h,1,0.82
AdKhKd3c,1,0.82
AdKhKd3s,1,0.82
AcKsKc3h,1,0.82
AcKsKc3d,1,0.82
AcKhKc3d,1,0.82
AcKhKc3s,1,0.82
AcKdKc3s,1,0.82
AcKdKc3h,1,0.82
AsKsKh2d,1,0.75
AsKsKh2c,1,0.75
AsKsKd2c,1,0.75
AsKsKd2h,1,0.75
AsKsKc2h,1,0.75
AsKsKc2d,1,0.75
AhKhKd2c,1,0.75
AhKhKd2s,1,0.75
AhKhKc2d,1,0.75
AhKhKc2s,1,0.75
AhKsKh2c,1,0.75
AhKsKh2d,1,0.75
AdKdKc2h,1,0.75
AdKdKc2s,1,0.75
AdKsKd2c,1,0.75
AdKsKd2h,1,0.75
AdKhKd2c,1,0.75
AdKhKd2s,1,0.75
AcKsKc2h,1,0.75
AcKsKc2d,1,0.75
AcKhKc2d,1,0.75
AcKhKc2s,1,0.75
AcKdKc2s,1,0.75
AcKdKc2h,1,0.75
AsKsQhJs,1,0.21
AsKsQdJs,1,0.21
AsKsQcJs,1,0.21
AhKhQdJh,1,0.21
AhKhQcJh,1,0.21
AhKhQsJh,1,0.21
AdKdQcJd,1,0.21
AdKdQsJd,1,0.21
AdKdQhJd,1,0.21
AcKcQsJc,1,0.21
AcKcQhJc,1,0.21
AcKcQdJc,1,0.21
AsKsQhTs,1,0.2
AsKsQdTs,1,0.2
AsKsQcTs,1,0.2
AhKhQdTh,1,0.2
AhKhQcTh,1,0.2
AhKhQsTh,1,0.2
AdKdQcTd,1,0.2
AdKdQsTd,1,0.2
AdKdQhTd,1,0.2
AcKcQsTc,1,0.2
AcKcQhTc,1,0.2
AcKcQdTc,1,0.2
AsKsQh9s,1,0.02
AsKsQd9s,1,0.02
AsKsQc9s,1,0.02
AhKhQd9h,1,0.02
AhKhQc9h,1,0.02
AhKhQs9h,1,0.02
AdKdQc9d,1,0.02
AdKdQs9d,1,0.02
AdKdQh9d,1,0.02
AcKcQs9c,1,0.02
AcKcQh9c,1,0.02
AcKcQd9c,1,0.02
AsKsQhJh,1,0.83
AsKsQdJd,1,0.83
AsKsQcJc,1,0.83
AhKhQdJd,1,0.83
AhKhQcJc,1,0.83
AhKhQsJs,1,0.83
AdKdQcJc,1,0.83
AdKdQsJs,1,0.83
AdKdQhJh,1,0.83
AcKcQsJs,1,0.83
AcKcQhJh,1,0.83
AcKcQdJd,1,0.83
AsKsQhTh,1,0.8
AsKsQdTd,1,0.8
AsKsQcTc,1,0.8
AhKhQdTd,1,0.8
AhKhQcTc,1,0.8
AhKhQsTs,1,0.8
AdKdQcTc,1,0.8
AdKdQsTs,1,0.8
AdKdQhTh,1,0.8
AcKcQsTs,1,0.8
AcKcQhTh,1,0.8
AcKcQdTd,1,0.8
AsKsQh9h,1,0.37
AsKsQd9d,1,0.37
AsKsQc9c,1,0.37
AhKhQd9d,1,0.37
AhKhQc9c,1,0.37
AhKhQs9s,1,0.37
AdKdQc9c,1,0.37
AdKdQs9s,1,0.37
AdKdQh9h,1,0.37
AcKcQs9s,1,0.37
AcKcQh9h,1,0.37
AcKcQd9d,1,0.37
AsKsQh8h,1,0.28
AsKsQd8d,1,0.28
AsKsQc8c,1,0.28
AhKhQd8d,1,0.28
AhKhQc8c,1,0.28
AhKhQs8s,1,0.28
AdKdQc8c,1,0.28
AdKdQs8s,1,0.28
AdKdQh8h,1,0.28
AcKcQs8s,1,0.28
AcKcQh8h,1,0.28
AcKcQd8d,1,0.28
AsKsQh7h,1,0.26
AsKsQd7d,1,0.26
AsKsQc7c,1,0.26
AhKhQd7d,1,0.26
AhKhQc7c,1,0.26
AhKhQs7s,1,0.26
AdKdQc7c,1,0.26
AdKdQs7s,1,0.26
AdKdQh7h,1,0.26
AcKcQs7s,1,0.26
AcKcQh7h,1,0.26
AcKcQd7d,1,0.26
AsKsQh6h,1,0.26
AsKsQd6d,1,0.26
AsKsQc6c,1,0.26
AhKhQd6d,1,0.26
AhKhQc6c,1,0.26
AhKhQs6s,1,0.26
AdKdQc6c,1,0.26
AdKdQs6s,1,0.26
AdKdQh6h,1,0.26
AcKcQs6s,1,0.26
AcKcQh6h,1,0.26
AcKcQd6d,1,0.26
AsKsQh5h,1,0.4
AsKsQd5d,1,0.4
AsKsQc5c,1,0.4
AhKhQd5d,1,0.4
AhKhQc5c,1,0.4
AhKhQs5s,1,0.4
AdKdQc5c,1,0.4
AdKdQs5s,1,0.4
AdKdQh5h,1,0.4
AcKcQs5s,1,0.4
AcKcQh5h,1,0.4
AcKcQd5d,1,0.4
AsKsQh4h,1,0.41
AsKsQd4d,1,0.41
AsKsQc4c,1,0.41
AhKhQd4d,1,0.41
AhKhQc4c,1,0.41
AhKhQs4s,1,0.41
AdKdQc4c,1,0.41
AdKdQs4s,1,0.41
AdKdQh4h,1,0.41
AcKcQs4s,1,0.41
AcKcQh4h,1,0.41
AcKcQd4d,1,0.41
AsKsQh3h,1,0.4
AsKsQd3d,1,0.4
AsKsQc3c,1,0.4
AhKhQd3d,1,0.4
AhKhQc3c,1,0.4
AhKhQs3s,1,0.4
AdKdQc3c,1,0.4
AdKdQs3s,1,0.4
AdKdQh3h,1,0.4
AcKcQs3s,1,0.4
AcKcQh3h,1,0.4
AcKcQd3d,1,0.4
AsKsQh2h,1,0.35
AsKsQd2d,1,0.35
AsKsQc2c,1,0.35
AhKhQd2d,1,0.35
AhKhQc2c,1,0.35
AhKhQs2s,1,0.35
AdKdQc2c,1,0.35
AdKdQs2s,1,0.35
AdKdQh2h,1,0.35
AcKcQs2s,1,0.35
AcKcQh2h,1,0.35
AcKcQd2d,1,0.35
AsKsQhQd,1,0.79
AsKsQhQc,1,0.79
AsKsQdQc,1,0.79
AhKhQdQc,1,0.79
AhKhQsQd,1,0.79
AhKhQsQc,1,0.79
AdKdQhQc,1,0.79
AdKdQsQc,1,0.79
AdKdQsQh,1,0.79
AcKcQsQh,1,0.79
AcKcQsQd,1,0.79
AcKcQhQd,1,0.79
AsKsQhJd,1,0.48
AsKsQhJc,1,0.48
AsKsQdJc,1,0.48
AsKsQdJh,1,0.48
AsKsQcJh,1,0.48
AsKsQcJd,1,0.48
AhKhQdJc,1,0.48
AhKhQdJs,1,0.48
AhKhQcJd,1,0.48
AhKhQcJs,1,0.48
AhKhQsJc,1,0.48
AhKhQsJd,1,0.48
AdKdQcJh,1,0.48
AdKdQcJs,1,0.48
AdKdQsJc,1,0.48
AdKdQsJh,1,0.48
AdKdQhJc,1,0.48
AdKdQhJs,1,0.48
AcKcQsJh,1,0.48
AcKcQsJd,1,0.48
AcKcQhJd,1,0.48
AcKcQhJs,1,0.48
AcKcQdJs,1,0.48
AcKcQdJh,1,0.48
AsKsQhTd,1,0.46
AsKsQhTc,1,0.46
AsKsQdTc,1,0.46
AsKsQdTh,1,0.46
AsKsQcTh,1,0.46
AsKsQcTd,1,0.46
AhKhQdTc,1,0.46
AhKhQdTs,1,0.46
AhKhQcTd,1,0.46
AhKhQcTs,1,0.46
AhKhQsTc,1,0.46
AhKhQsTd,1,0.46
AdKdQcTh,1,0.46
AdKdQcTs,1,0.46
AdKdQsTc,1,0.46
AdKdQsTh,1,0.46
AdKdQhTc,1,0.46
AdKdQhTs,1,0.46
AcKcQsTh,1,0.46
AcKcQsTd,1,0.46
AcKcQhTd,1,0.46
AcKcQhTs,1,0.46
AcKcQdTs,1,0.46
AcKcQdTh,1,0.46
AsKsQh9d,1,0.12
AsKsQh9c,1,0.12
AsKsQd9c,1,0.12
AsKsQd9h,1,0.12
AsKsQc9h,1,0.12
AsKsQc9d,1,0.12
AhKhQd9c,1,0.12
AhKhQd9s,1,0.12
AhKhQc9d,1,0.12
AhKhQc9s,1,0.12
AhKhQs9c,1,0.12
AhKhQs9d,1,0.12
AdKdQc9h,1,0.12
AdKdQc9s,1,0.12
AdKdQs9c,1,0.12
AdKdQs9h,1,0.12
AdKdQh9c,1,0.12
AdKdQh9s,1,0.12
AcKcQs9h,1,0.12
AcKcQs9d,1,0.12
AcKcQh9d,1,0.12
AcKcQh9s,1,0.12
AcKcQd9s,1,0.12
AcKcQd9h,1,0.12
AsKsQh8d,1,0.08
AsKsQh8c,1,0.08
AsKsQd8c,1,0.08
AsKsQd8h,1,0.08
AsKsQc8h,1,0.08
AsKsQc8d,1,0.08
AhKhQd8c,1,0.08
AhKhQd8s,1,0.08
AhKhQc8d,1,0.08
AhKhQc8s,1,0.08
AhKhQs8c,1,0.08
AhKhQs8d,1,0.08
AdKdQc8h,1,0.08
AdKdQc8s,1,0.08
AdKdQs8c,1,0.08
AdKdQs8h,1,0.08
AdKdQh8c,1,0.08
AdKdQh8s,1,0.08
AcKcQs8h,1,0.08
AcKcQs8d,1,0.08
AcKcQh8d,1,0.08
AcKcQh8s,1,0.08
AcKcQd8s,1,0.08
AcKcQd8h,1,0.08
AsKsQh7d,1,0.07
AsKsQh7c,1,0.07
AsKsQd7c,1,0.07
AsKsQd7h,1,0.07
AsKsQc7h,1,0.07
AsKsQc7d,1,0.07
AhKhQd7c,1,0.07
AhKhQd7s,1,0.07
AhKhQc7d,1,0.07
AhKhQc7s,1,0.07
AhKhQs7c,1,0.07
AhKhQs7d,1,0.07
AdKdQc7h,1,0.07
AdKdQc7s,1,0.07
AdKdQs7c,1,0.07
AdKdQs7h,1,0.07
AdKdQh7c,1,0.07
AdKdQh7s,1,0.07
AcKcQs7h,1,0.07
AcKcQs7d,1,0.07
AcKcQh7d,1,0.07
AcKcQh7s,1,0.07
AcKcQd7s,1,0.07
AcKcQd7h,1,0.07
AsKsQh6d,1,0.05
AsKsQh6c,1,0.05
AsKsQd6c,1,0.05
AsKsQd6h,1,0.05
AsKsQc6h,1,0.05
AsKsQc6d,1,0.05
AhKhQd6c,1,0.05
AhKhQd6s,1,0.05
AhKhQc6d,1,0.05
AhKhQc6s,1,0.05
AhKhQs6c,1,0.05
AhKhQs6d,1,0.05
AdKdQc6h,1,0.05
AdKdQc6s,1,0.05
AdKdQs6c,1,0.05
AdKdQs6h,1,0.05
AdKdQh6c,1,0.05
AdKdQh6s,1,0.05
AcKcQs6h,1,0.05
AcKcQs6d,1,0.05
AcKcQh6d,1,0.05
AcKcQh6s,1,0.05
AcKcQd6s,1,0.05
AcKcQd6h,1,0.05
AsKsQh5d,1,0.09
AsKsQh5c,1,0.09
AsKsQd5c,1,0.09
AsKsQd5h,1,0.09
AsKsQc5h,1,0.09
AsKsQc5d,1,0.09
AhKhQd5c,1,0.09
AhKhQd5s,1,0.09
AhKhQc5d,1,0.09
AhKhQc5s,1,0.09
AhKhQs5c,1,0.09
AhKhQs5d,1,0.09
AdKdQc5h,1,0.09
AdKdQc5s,1,0.09
AdKdQs5c,1,0.09
AdKdQs5h,1,0.09
AdKdQh5c,1,0.09
AdKdQh5s,1,0.09
AcKcQs5h,1,0.09
AcKcQs5d,1,0.09
AcKcQh5d,1,0.09
AcKcQh5s,1,0.09
AcKcQd5s,1,0.09
AcKcQd5h,1,0.09
AsKsQh4d,1,0.07
AsKsQh4c,1,0.07
AsKsQd4c,1,0.07
AsKsQd4h,1,0.07
AsKsQc4h,1,0.07
AsKsQc4d,1,0.07
AhKhQd4c,1,0.07
AhKhQd4s,1,0.07
AhKhQc4d,1,0.07
AhKhQc4s,1,0.07
AhKhQs4c,1,0.07
AhKhQs4d,1,0.07
AdKdQc4h,1,0.07
AdKdQc4s,1,0.07
AdKdQs4c,1,0.07
AdKdQs4h,1,0.07
AdKdQh4c,1,0.07
AdKdQh4s,1,0.07
AcKcQs4h,1,0.07
AcKcQs4d,1,0.07
AcKcQh4d,1,0.07
AcKcQh4s,1,0.07
AcKcQd4s,1,0.07
AcKcQd4h,1,0.07
AsKsQh3d,1,0.06
AsKsQh3c,1,0.06
AsKsQd3c,1,0.06
AsKsQd3h,1,0.06
AsKsQc3h,1,0.06
AsKsQc3d,1,0.06
AhKhQd3c,1,0.06
AhKhQd3s,1,0.06
AhKhQc3d,1,0.06
AhKhQc3s,1,0.06
AhKhQs3c,1,0.06
AhKhQs3d,1,0.06
AdKdQc3h,1,0.06
AdKdQc3s,1,0.06
AdKdQs3c,1,0.06
AdKdQs3h,1,0.06
AdKdQh3c,1,0.06
AdKdQh3s,1,0.06
AcKcQs3h,1,0.06
AcKcQs3d,1,0.06
AcKcQh3d,1,0.06
AcKcQh3s,1,0.06
AcKcQd3s,1,0.06
AcKcQd3h,1,0.06
AsKsQh2d,1,0.01
AsKsQh2c,1,0.01
AsKsQd2c,1,0.01
AsKsQd2h,1,0.01
AsKsQc2h,1,0.01
AsKsQc2d,1,0.01
AhKhQd2c,1,0.01
AhKhQd2s,1,0.01
AhKhQc2d,1,0.01
AhKhQc2s,1,0.01
AhKhQs2c,1,0.01
AhKhQs2d,1,0.01
AdKdQc2h,1,0.01
AdKdQc2s,1,0.01
AdKdQs2c,1,0.01
AdKdQs2h,1,0.01
AdKdQh2c,1,0.01
AdKdQh2s,1,0.01
AcKcQs2h,1,0.01
AcKcQs2d,1,0.01
AcKcQh2d,1,0.01
AcKcQh2s,1,0.01
AcKcQd2s,1,0.01
AcKcQd2h,1,0.01
AsKsJhTs,1,0.27
AsKsJdTs,1,0.27
AsKsJcTs,1,0.27
AhKhJdTh,1,0.27
AhKhJcTh,1,0.27
AhKhJsTh,1,0.27
AdKdJcTd,1,0.27
AdKdJsTd,1,0.27
AdKdJhTd,1,0.27
AcKcJsTc,1,0.27
AcKcJhTc,1,0.27
AcKcJdTc,1,0.27
AsKsJh9s,1,0.04
AsKsJd9s,1,0.04
AsKsJc9s,1,0.04
AhKhJd9h,1,0.04
AhKhJc9h,1,0.04
AhKhJs9h,1,0.04
AdKdJc9d,1,0.04
AdKdJs9d,1,0.04
AdKdJh9d,1,0.04
AcKcJs9c,1,0.04
AcKcJh9c,1,0.04
AcKcJd9c,1,0.04
AsKsJhTh,1,0.86
AsKsJdTd,1,0.86
AsKsJcTc,1,0.86
AhKhJdTd,1,0.86
AhKhJcTc,1,0.86
AhKhJsTs,1,0.86
AdKdJcTc,1,0.86
AdKdJsTs,1,0.86
AdKdJhTh,1,0.86
AcKcJsTs,1,0.86
AcKcJhTh,1,0.86
AcKcJdTd,1,0.86
AsKsJh9h,1,0.42
AsKsJd9d,1,0.42
AsKsJc9c,1,0.42
AhKhJd9d,1,0.42
AhKhJc9c,1,0.42
AhKhJs9s,1,0.42
AdKdJc9c,1,0.42
AdKdJs9s,1,0.42
AdKdJh9h,1,0.42
AcKcJs9s,1,0.42
AcKcJh9h,1,0.42
AcKcJd9d,1,0.42
AsKsJh8h,1,0.31
AsKsJd8d,1,0.31
AsKsJc8c,1,0.31
AhKhJd8d,1,0.31
AhKhJc8c,1,0.31
AhKhJs8s,1,0.31
AdKdJc8c,1,0.31
AdKdJs8s,1,0.31
AdKdJh8h,1,0.31
AcKcJs8s,1,0.31
AcKcJh8h,1,0.31
AcKcJd8d,1,0.31
AsKsJh7h,1,0.25
AsKsJd7d,1,0.25
AsKsJc7c,1,0.25
AhKhJd7d,1,0.25
AhKhJc7c,1,0.25
AhKhJs7s,1,0.25
AdKdJc7c,1,0.25
AdKdJs7s,1,0.25
AdKdJh7h,1,0.25
AcKcJs7s,1,0.25
AcKcJh7h,1,0.25
AcKcJd7d,1,0.25
AsKsJh6h,1,0.16
AsKsJd6d,1,0.16
AsKsJc6c,1,0.16
AhKhJd6d,1,0.16
AhKhJc6c,1,0.16
AhKhJs6s,1,0.16
AdKdJc6c,1,0.16
AdKdJs6s,1,0.16
AdKdJh6h,1,0.16
AcKcJs6s,1,0.16
AcKcJh6h,1,0.16
AcKcJd6d,1,0.16
AsKsJh5h,1,0.29
AsKsJd5d,1,0.29
AsKsJc5c,1,0.29
AhKhJd5d,1,0.29
AhKhJc5c,1,0.29
AhKhJs5s,1,0.29
AdKdJc5c,1,0.29
AdKdJs5s,1,0.29
AdKdJh5h,1,0.29
AcKcJs5s,1,0.29
AcKcJh5h,1,0.29
AcKcJd5d,1,0.29
AsKsJh4h,1,0.29
AsKsJd4d,1,0.29
AsKsJc4c,1,0.29
AhKhJd4d,1,0.29
AhKhJc4c,1,0.29
AhKhJs4s,1,0.29
AdKdJc4c,1,0.29
AdKdJs4s,1,0.29
AdKdJh4h,1,0.29
AcKcJs4s,1,0.29
AcKcJh4h,1,0.29
AcKcJd4d,1,0.29
AsKsJh3h,1,0.28
AsKsJd3d,1,0.28
AsKsJc3c,1,0.28
AhKhJd3d,1,0.28
AhKhJc3c,1,0.28
AhKhJs3s,1,0.28
AdKdJc3c,1,0.28
AdKdJs3s,1,0.28
AdKdJh3h,1,0.28
AcKcJs3s,1,0.28
AcKcJh3h,1,0.28
AcKcJd3d,1,0.28
AsKsJh2h,1,0.25
AsKsJd2d,1,0.25
AsKsJc2c,1,0.25
AhKhJd2d,1,0.25
AhKhJc2c,1,0.25
AhKhJs2s,1,0.25
AdKdJc2c,1,0.25
AdKdJs2s,1,0.25
AdKdJh2h,1,0.25
AcKcJs2s,1,0.25
AcKcJh2h,1,0.25
AcKcJd2d,1,0.25
AsKsJhJd,1,0.6
AsKsJhJc,1,0.6
AsKsJdJc,1,0.6
AhKhJdJc,1,0.6
AhKhJsJd,1,0.6
AhKhJsJc,1,0.6
AdKdJhJc,1,0.6
AdKdJsJc,1,0.6
AdKdJsJh,1,0.6
AcKcJsJh,1,0.6
AcKcJsJd,1,0.6
AcKcJhJd,1,0.6
AsKsJhTd,1,0.53
AsKsJhTc,1,0.53
AsKsJdTc,1,0.53
AsKsJdTh,1,0.53
AsKsJcTh,1,0.53
AsKsJcTd,1,0.53
AhKhJdTc,1,0.53
AhKhJdTs,1,0.53
AhKhJcTd,1,0.53
AhKhJcTs,1,0.53
AhKhJsTc,1,0.53
AhKhJsTd,1,0.53
AdKdJcTh,1,0.53
AdKdJcTs,1,0.53
AdKdJsTc,1,0.53
AdKdJsTh,1,0.53
AdKdJhTc,1,0.53
AdKdJhTs,1,0.53
AcKcJsTh,1,0.53
AcKcJsTd,1,0.53
AcKcJhTd,1,0.53
AcKcJhTs,1,0.53
AcKcJdTs,1,0.53
AcKcJdTh,1,0.53
AsKsJh9d,1,0.15
AsKsJh9c,1,0.15
AsKsJd9c,1,0.15
AsKsJd9h,1,0.15
AsKsJc9h,1,0.15
AsKsJc9d,1,0.15
AhKhJd9c,1,0.15
AhKhJd9s,1,0.15
AhKhJc9d,1,0.15
AhKhJc9s,1,0.15
AhKhJs9c,1,0.15
AhKhJs9d,1,0.15
AdKdJc9h,1,0.15
AdKdJc9s,1,0.15
AdKdJs9c,1,0.15
AdKdJs9h,1,0.15
AdKdJh9c,1,0.15
AdKdJh9s,1,0.15
AcKcJs9h,1,0.15
AcKcJs9d,1,0.15
AcKcJh9d,1,0.15
AcKcJh9s,1,0.15
AcKcJd9s,1,0.15
AcKcJd9h,1,0.15
AsKsJh8d,1,0.1
AsKsJh8c,1,0.1
AsKsJd8c,1,0.1
AsKsJd8h,1,0.1
AsKsJc8h,1,0.1
AsKsJc8d,1,0.1
AhKhJd8c,1,0.1
AhKhJd8s,1,0.1
AhKhJc8d,1,0.1
AhKhJc8s,1,0.1
AhKhJs8c,1,0.1
AhKhJs8d,1,0.1
AdKdJc8h,1,0.1
AdKdJc8s,1,0.1
AdKdJs8c,1,0.1
AdKdJs8h,1,0.1
AdKdJh8c,1,0.1
AdKdJh8s,1,0.1
AcKcJs8h,1,0.1
AcKcJs8d,1,0.1
AcKcJh8d,1,0.1
AcKcJh8s,1,0.1
AcKcJd8s,1,0.1
AcKcJd8h,1,0.1
AsKsJh7d,1,0.07
AsKsJh7c,1,0.07
AsKsJd7c,1,0.07
AsKsJd7h,1,0.07
AsKsJc7h,1,0.07
AsKsJc7d,1,0.07
AhKhJd7c,1,0.07
AhKhJd7s,1,0.07
AhKhJc7d,1,0.07
AhKhJc7s,1,0.07
AhKhJs7c,1,0.07
AhKhJs7d,1,0.07
AdKdJc7h,1,0.07
AdKdJc7s,1,0.07
AdKdJs7c,1,0.07
AdKdJs7h,1,0.07
AdKdJh7c,1,0.07
AdKdJh7s,1,0.07
AcKcJs7h,1,0.07
AcKcJs7d,1,0.07
AcKcJh7d,1,0.07
AcKcJh7s,1,0.07
AcKcJd7s,1,0.07
AcKcJd7h,1,0.07
AsKsJh6d,1,0.02
AsKsJh6c,1,0.02
AsKsJd6c,1,0.02
AsKsJd6h,1,0.02
AsKsJc6h,1,0.02
AsKsJc6d,1,0.02
AhKhJd6c,1,0.02
AhKhJd6s,1,0.02
AhKhJc6d,1,0.02
AhKhJc6s,1,0.02
AhKhJs6c,1,0.02
AhKhJs6d,1,0.02
AdKdJc6h,1,0.02
AdKdJc6s,1,0.02
AdKdJs6c,1,0.02
AdKdJs6h,1,0.02
AdKdJh6c,1,0.02
AdKdJh6s,1,0.02
AcKcJs6h,1,0.02
AcKcJs6d,1,0.02
AcKcJh6d,1,0.02
AcKcJh6s,1,0.02
AcKcJd6s,1,0.02
AcKcJd6h,1,0.02
AsKsJh5d,1,0.06
AsKsJh5c,1,0.06
AsKsJd5c,1,0.06
AsKsJd5h,1,0.06
AsKsJc5h,1,0.06
AsKsJc5d,1,0.06
AhKhJd5c,1,0.06
AhKhJd5s,1,0.06
AhKhJc5d,1,0.06
AhKhJc5s,1,0.06
AhKhJs5c,1,0.06
AhKhJs5d,1,0.06
AdKdJc5h,1,0.06
AdKdJc5s,1,0.06
AdKdJs5c,1,0.06
AdKdJs5h,1,0.06
AdKdJh5c,1,0.06
AdKdJh5s,1,0.06
AcKcJs5h,1,0.06
AcKcJs5d,1,0.06
AcKcJh5d,1,0.06
AcKcJh5s,1,0.06
AcKcJd5s,1,0.06
AcKcJd5h,1,0.06
AsKsJh4d,1,0.04
AsKsJh4c,1,0.04
AsKsJd4c,1,0.04
AsKsJd4h,1,0.04
AsKsJc4h,1,0.04
AsKsJc4d,1,0.04
AhKhJd4c,1,0.04
AhKhJd4s,1,0.04
AhKhJc4d,1,0.04
AhKhJc4s,1,0.04
AhKhJs4c,1,0.04
AhKhJs4d,1,0.04
AdKdJc4h,1,0.04
AdKdJc4s,1,0.04
AdKdJs4c,1,0.04
AdKdJs4h,1,0.04
AdKdJh4c,1,0.04
AdKdJh4s,1,0.04
AcKcJs4h,1,0.04
AcKcJs4d,1,0.04
AcKcJh4d,1,0.04
AcKcJh4s,1,0.04
AcKcJd4s,1,0.04
AcKcJd4h,1,0.04
AsKsJh3d,1,0.02
AsKsJh3c,1,0.02
AsKsJd3c,1,0.02
AsKsJd3h,1,0.02
AsKsJc3h,1,0.02
AsKsJc3d,1,0.02
AhKhJd3c,1,0.02
AhKhJd3s,1,0.02
AhKhJc3d,1,0.02
AhKhJc3s,1,0.02
AhKhJs3c,1,0.02
AhKhJs3d,1,0.02
AdKdJc3h,1,0.02
AdKdJc3s,1,0.02
AdKdJs3c,1,0.02
AdKdJs3h,1,0.02
AdKdJh3c,1,0.02
AdKdJh3s,1,0.02
AcKcJs3h,1,0.02
AcKcJs3d,1,0.02
AcKcJh3d,1,0.02
AcKcJh3s,1,0.02
AcKcJd3s,1,0.02
AcKcJd3h,1,0.02
AsKsTh9s,1,0.08
AsKsTd9s,1,0.08
AsKsTc9s,1,0.08
AhKhTd9h,1,0.08
AhKhTc9h,1,0.08
AhKhTs9h,1,0.08
AdKdTc9d,1,0.08
AdKdTs9d,1,0.08
AdKdTh9d,1,0.08
AcKcTs9c,1,0.08
AcKcTh9c,1,0.08
AcKcTd9c,1,0.08
AsKsTh8s,1,0.04
AsKsTd8s,1,0.04
AsKsTc8s,1,0.04
AhKhTd8h,1,0.04
AhKhTc8h,1,0.04
AhKhTs8h,1,0.04
AdKdTc8d,1,0.04
AdKdTs8d,1,0.04
AdKdTh8d,1,0.04
AcKcTs8c,1,0.04
AcKcTh8c,1,0.04
AcKcTd8c,1,0.04
AsKsTh7s,0.985,0
AsKsTd7s,0.985,0
AsKsTc7s,0.985,0
AhKhTd7h,0.985,0
AhKhTc7h,0.985,0
AhKhTs7h,0.985,0
AdKdTc7d,0.985,0
AdKdTs7d,0.985,0
AdKdTh7d,0.985,0
AcKcTs7c,0.985,0
AcKcTh7c,0.985,0
AcKcTd7c,0.985,0
AsKsTh9h,1,0.51
AsKsTd9d,1,0.51
AsKsTc9c,1,0.51
AhKhTd9d,1,0.51
AhKhTc9c,1,0.51
AhKhTs9s,1,0.51
AdKdTc9c,1,0.51
AdKdTs9s,1,0.51
AdKdTh9h,1,0.51
AcKcTs9s,1,0.51
AcKcTh9h,1,0.51
AcKcTd9d,1,0.51
AsKsTh8h,1,0.4
AsKsTd8d,1,0.4
AsKsTc8c,1,0.4
AhKhTd8d,1,0.4
AhKhTc8c,1,0.4
AhKhTs8s,1,0.4
AdKdTc8c,1,0.4
AdKdTs8s,1,0.4
AdKdTh8h,1,0.4
AcKcTs8s,1,0.4
AcKcTh8h,1,0.4
AcKcTd8d,1,0.4
AsKsTh7h,1,0.32
AsKsTd7d,1,0.32
AsKsTc7c,1,0.32
AhKhTd7d,1,0.32
AhKhTc7c,1,0.32
AhKhTs7s,1,0.32
AdKdTc7c,1,0.32
AdKdTs7s,1,0.32
AdKdTh7h,1,0.32
AcKcTs7s,1,0.32
AcKcTh7h,1,0.32
AcKcTd7d,1,0.32
AsKsTh6h,1,0.19
AsKsTd6d,1,0.19
AsKsTc6c,1,0.19
AhKhTd6d,1,0.19
AhKhTc6c,1,0.19
AhKhTs6s,1,0.19
AdKdTc6c,1,0.19
AdKdTs6s,1,0.19
AdKdTh6h,1,0.19
AcKcTs6s,1,0.19
AcKcTh6h,1,0.19
AcKcTd6d,1,0.19
AsKsTh5h,1,0.22
AsKsTd5d,1,0.22
AsKsTc5c,1,0.22
AhKhTd5d,1,0.22
AhKhTc5c,1,0.22
AhKhTs5s,1,0.22
AdKdTc5c,1,0.22
AdKdTs5s,1,0.22
AdKdTh5h,1,0.22
AcKcTs5s,1,0.22
AcKcTh5h,1,0.22
AcKcTd5d,1,0.22
AsKsTh4h,1,0.23
AsKsTd4d,1,0.23
AsKsTc4c,1,0.23
AhKhTd4d,1,0.23
AhKhTc4c,1,0.23
AhKhTs4s,1,0.23
AdKdTc4c,1,0.23
AdKdTs4s,1,0.23
AdKdTh4h,1,0.23
AcKcTs4s,1,0.23
AcKcTh4h,1,0.23
AcKcTd4d,1,0.23
AsKsTh3h,1,0.22
AsKsTd3d,1,0.22
AsKsTc3c,1,0.22
AhKhTd3d,1,0.22
AhKhTc3c,1,0.22
AhKhTs3s,1,0.22
AdKdTc3c,1,0.22
AdKdTs3s,1,0.22
AdKdTh3h,1,0.22
AcKcTs3s,1,0.22
AcKcTh3h,1,0.22
AcKcTd3d,1,0.22
AsKsTh2h,1,0.18
AsKsTd2d,1,0.18
AsKsTc2c,1,0.18
AhKhTd2d,1,0.18
AhKhTc2c,1,0.18
AhKhTs2s,1,0.18
AdKdTc2c,1,0.18
AdKdTs2s,1,0.18
AdKdTh2h,1,0.18
AcKcTs2s,1,0.18
AcKcTh2h,1,0.18
AcKcTd2d,1,0.18
AsKsThTd,1,0.46
AsKsThTc,1,0.46
AsKsTdTc,1,0.46
AhKhTdTc,1,0.46
AhKhTsTd,1,0.46
AhKhTsTc,1,0.46
AdKdThTc,1,0.46
AdKdTsTc,1,0.46
AdKdTsTh,1,0.46
AcKcTsTh,1,0.46
AcKcTsTd,1,0.46
AcKcThTd,1,0.46
AsKsTh9d,1,0.23
AsKsTh9c,1,0.23
AsKsTd9c,1,0.23
AsKsTd9h,1,0.23
AsKsTc9h,1,0.23
AsKsTc9d,1,0.23
AhKhTd9c,1,0.23
AhKhTd9s,1,0.23
AhKhTc9d,1,0.23
AhKhTc9s,1,0.23
AhKhTs9c,1,0.23
AhKhTs9d,1,0.23
AdKdTc9h,1,0.23
AdKdTc9s,1,0.23
AdKdTs9c,1,0.23
AdKdTs9h,1,0.23
AdKdTh9c,1,0.23
AdKdTh9s,1,0.23
AcKcTs9h,1,0.23
AcKcTs9d,1,0.23
AcKcTh9d,1,0.23
AcKcTh9s,1,0.23
AcKcTd9s,1,0.23
AcKcTd9h,1,0.23
AsKsTh8d,1,0.16
AsKsTh8c,1,0.16
AsKsTd8c,1,0.16
AsKsTd8h,1,0.16
AsKsTc8h,1,0.16
AsKsTc8d,1,0.16
AhKhTd8c,1,0.16
AhKhTd8s,1,0.16
AhKhTc8d,1,0.16
AhKhTc8s,1,0.16
AhKhTs8c,1,0.16
AhKhTs8d,1,0.16
AdKdTc8h,1,0.16
AdKdTc8s,1,0.16
AdKdTs8c,1,0.16
AdKdTs8h,1,0.16
AdKdTh8c,1,0.16
AdKdTh8s,1,0.16
AcKcTs8h,1,0.16
AcKcTs8d,1,0.16
AcKcTh8d,1,0.16
AcKcTh8s,1,0.16
AcKcTd8s,1,0.16
AcKcTd8h,1,0.16
AsKsTh7d,1,0.11
AsKsTh7c,1,0.11
AsKsTd7c,1,0.11
AsKsTd7h,1,0.11
AsKsTc7h,1,0.11
AsKsTc7d,1,0.11
AhKhTd7c,1,0.11
AhKhTd7s,1,0.11
AhKhTc7d,1,0.11
AhKhTc7s,1,0.11
AhKhTs7c,1,0.11
AhKhTs7d,1,0.11
AdKdTc7h,1,0.11
AdKdTc7s,1,0.11
AdKdTs7c,1,0.11
AdKdTs7h,1,0.11
AdKdTh7c,1,0.11
AdKdTh7s,1,0.11
AcKcTs7h,1,0.11
AcKcTs7d,1,0.11
AcKcTh7d,1,0.11
AcKcTh7s,1,0.11
AcKcTd7s,1,0.11
AcKcTd7h,1,0.11
AsKsTh6d,1,0.05
AsKsTh6c,1,0.05
AsKsTd6c,1,0.05
AsKsTd6h,1,0.05
AsKsTc6h,1,0.05
AsKsTc6d,1,0.05
AhKhTd6c,1,0.05
AhKhTd6s,1,0.05
AhKhTc6d,1,0.05
AhKhTc6s,1,0.05
AhKhTs6c,1,0.05
AhKhTs6d,1,0.05
AdKdTc6h,1,0.05
AdKdTc6s,1,0.05
AdKdTs6c,1,0.05
AdKdTs6h,1,0.05
AdKdTh6c,1,0.05
AdKdTh6s,1,0.05
AcKcTs6h,1,0.05
AcKcTs6d,1,0.05
AcKcTh6d,1,0.05
AcKcTh6s,1,0.05
AcKcTd6s,1,0.05
AcKcTd6h,1,0.05
AsKsTh5d,1,0.05
AsKsTh5c,1,0.05
AsKsTd5c,1,0.05
AsKsTd5h,1,0.05
AsKsTc5h,1,0.05
AsKsTc5d,1,0.05
AhKhTd5c,1,0.05
AhKhTd5s,1,0.05
AhKhTc5d,1,0.05
AhKhTc5s,1,0.05
AhKhTs5c,1,0.05
AhKhTs5d,1,0.05
AdKdTc5h,1,0.05
AdKdTc5s,1,0.05
AdKdTs5c,1,0.05
AdKdTs5h,1,0.05
AdKdTh5c,1,0.05
AdKdTh5s,1,0.05
AcKcTs5h,1,0.05
AcKcTs5d,1,0.05
AcKcTh5d,1,0.05
AcKcTh5s,1,0.05
AcKcTd5s,1,0.05
AcKcTd5h,1,0.05
AsKsTh4d,1,0.04
AsKsTh4c,1,0.04
AsKsTd4c,1,0.04
AsKsTd4h,1,0.04
AsKsTc4h,1,0.04
AsKsTc4d,1,0.04
AhKhTd4c,1,0.04
AhKhTd4s,1,0.04
AhKhTc4d,1,0.04
AhKhTc4s,1,0.04
AhKhTs4c,1,0.04
AhKhTs4d,1,0.04
AdKdTc4h,1,0.04
AdKdTc4s,1,0.04
AdKdTs4c,1,0.04
AdKdTs4h,1,0.04
AdKdTh4c,1,0.04
AdKdTh4s,1,0.04
AcKcTs4h,1,0.04
AcKcTs4d,1,0.04
AcKcTh4d,1,0.04
AcKcTh4s,1,0.04
AcKcTd4s,1,0.04
AcKcTd4h,1,0.04
AsKsTh3d,1,0.02
AsKsTh3c,1,0.02
AsKsTd3c,1,0.02
AsKsTd3h,1,0.02
AsKsTc3h,1,0.02
AsKsTc3d,1,0.02
AhKhTd3c,1,0.02
AhKhTd3s,1,0.02
AhKhTc3d,1,0.02
AhKhTc3s,1,0.02
AhKhTs3c,1,0.02
AhKhTs3d,1,0.02
AdKdTc3h,1,0.02
AdKdTc3s,1,0.02
AdKdTs3c,1,0.02
AdKdTs3h,1,0.02
AdKdTh3c,1,0.02
AdKdTh3s,1,0.02
AcKcTs3h,1,0.02
AcKcTs3d,1,0.02
AcKcTh3d,1,0.02
AcKcTh3s,1,0.02
AcKcTd3s,1,0.02
AcKcTd3h,1,0.02
AsKs9h8h,1,0.19
AsKs9d8d,1,0.19
AsKs9c8c,1,0.19
AhKh9d8d,1,0.19
AhKh9c8c,1,0.19
AhKh9s8s,1,0.19
AdKd9c8c,1,0.19
AdKd9s8s,1,0.19
AdKd9h8h,1,0.19
AcKc9s8s,1,0.19
AcKc9h8h,1,0.19
AcKc9d8d,1,0.19
AsKs9h7h,1,0.12
AsKs9d7d,1,0.12
AsKs9c7c,1,0.12
AhKh9d7d,1,0.12
AhKh9c7c,1,0.12
AhKh9s7s,1,0.12
AdKd9c7c,1,0.12
AdKd9s7s,1,0.12
AdKd9h7h,1,0.12
AcKc9s7s,1,0.12
AcKc9h7h,1,0.12
AcKc9d7d,1,0.12
AsKs9h6h,1,0.05
AsKs9d6d,1,0.05
AsKs9c6c,1,0.05
AhKh9d6d,1,0.05
AhKh9c6c,1,0.05
AhKh9s6s,1,0.05
AdKd9c6c,1,0.05
AdKd9s6s,1,0.05
AdKd9h6h,1,0.05
AcKc9s6s,1,0.05
AcKc9h6h,1,0.05
AcKc9d6d,1,0.05
AsKs9h5h,1,0.02
AsKs9d5d,1,0.02
AsKs9c5c,1,0.02
AhKh9d5d,1,0.02
AhKh9c5c,1,0.02
AhKh9s5s,1,0.02
AdKd9c5c,1,0.02
AdKd9s5s,1,0.02
AdKd9h5h,1,0.02
AcKc9s5s,1,0.02
AcKc9h5h,1,0.02
AcKc9d5d,1,0.02
AsKs9h9d,1,0.15
AsKs9h9c,1,0.15
AsKs9d9c,1,0.15
AhKh9d9c,1,0.15
AhKh9s9d,1,0.15
AhKh9s9c,1,0.15
AdKd9h9c,1,0.15
AdKd9s9c,1,0.15
AdKd9s9h,1,0.15
AcKc9s9h,1,0.15
AcKc9s9d,1,0.15
AcKc9h9d,1,0.15
AsKs9h8d,1,0.04
AsKs9h8c,1,0.04
AsKs9d8c,1,0.04
AsKs9d8h,1,0.04
AsKs9c8h,1,0.04
AsKs9c8d,1,0.04
AhKh9d8c,1,0.04
AhKh9d8s,1,0.04
AhKh9c8d,1,0.04
AhKh9c8s,1,0.04
AhKh9s8c,1,0.04
AhKh9s8d,1,0.04
AdKd9c8h,1,0.04
AdKd9c8s,1,0.04
AdKd9s8c,1,0.04
AdKd9s8h,1,0.04
AdKd9h8c,1,0.04
AdKd9h8s,1,0.04
AcKc9s8h,1,0.04
AcKc9s8d,1,0.04
AcKc9h8d,1,0.04
AcKc9h8s,1,0.04
AcKc9d8s,1,0.04
AcKc9d8h,1,0.04
AsKs9h7d,1,0.01
AsKs9h7c,1,0.01
AsKs9d7c,1,0.01
AsKs9d7h,1,0.01
AsKs9c7h,1,0.01
AsKs9c7d,1,0.01
AhKh9d7c,1,0.01
AhKh9d7s,1,0.01
AhKh9c7d,1,0.01
AhKh9c7s,1,0.01
AhKh9s7c,1,0.01
AhKh9s7d,1,0.01
AdKd9c7h,1,0.01
AdKd9c7s,1,0.01
AdKd9s7c,1,0.01
AdKd9s7h,1,0.01
AdKd9h7c,1,0.01
AdKd9h7s,1,0.01
AcKc9s7h,1,0.01
AcKc9s7d,1,0.01
AcKc9h7d,1,0.01
AcKc9h7s,1,0.01
AcKc9d7s,1,0.01
AcKc9d7h,1,0.01
AsKs8h7h,1,0.23
AsKs8d7d,1,0.23
AsKs8c7c,1,0.23
AhKh8d7d,1,0.23
AhKh8c7c,1,0.23
AhKh8s7s,1,0.23
AdKd8c7c,1,0.23
AdKd8s7s,1,0.23
AdKd8h7h,1,0.23
AcKc8s7s,1,0.23
AcKc8h7h,1,0.23
AcKc8d7d,1,0.23
AsKs8h6h,1,0.13
AsKs8d6d,1,0.13
AsKs8c6c,1,0.13
AhKh8d6d,1,0.13
AhKh8c6c,1,0.13
AhKh8s6s,1,0.13
AdKd8c6c,1,0.13
AdKd8s6s,1,0.13
AdKd8h6h,1,0.13
AcKc8s6s,1,0.13
AcKc8h6h,1,0.13
AcKc8d6d,1,0.13
AsKs8h5h,1,0.11
AsKs8d5d,1,0.11
AsKs8c5c,1,0.11
AhKh8d5d,1,0.11
AhKh8c5c,1,0.11
AhKh8s5s,1,0.11
AdKd8c5c,1,0.11
AdKd8s5s,1,0.11
AdKd8h5h,1,0.11
AcKc8s5s,1,0.11
AcKc8h5h,1,0.11
AcKc8d5d,1,0.11
AsKs8h4h,0.978,0
AsKs8d4d,0.978,0
AsKs8c4c,0.978,0
AhKh8d4d,0.978,0
AhKh8c4c,0.978,0
AhKh8s4s,0.978,0
AdKd8c4c,0.978,0
AdKd8s4s,0.978,0
AdKd8h4h,0.978,0
AcKc8s4s,0.978,0
AcKc8h4h,0.978,0
AcKc8d4d,0.978,0
AsKs8h8d,1,0.11
AsKs8h8c,1,0.11
AsKs8d8c,1,0.11
AhKh8d8c,1,0.11
AhKh8s8d,1,0.11
AhKh8s8c,1,0.11
AdKd8h8c,1,0.11
AdKd8s8c,1,0.11
AdKd8s8h,1,0.11
AcKc8s8h,1,0.11
AcKc8s8d,1,0.11
AcKc8h8d,1,0.11
AsKs8h7d,1,0.05
AsKs8h7c,1,0.05
AsKs8d7c,1,0.05
AsKs8d7h,1,0.05
AsKs8c7h,1,0.05
AsKs8c7d,1,0.05
AhKh8d7c,1,0.05
AhKh8d7s,1,0.05
AhKh8c7d,1,0.05
AhKh8c7s,1,0.05
AhKh8s7c,1,0.05
AhKh8s7d,1,0.05
AdKd8c7h,1,0.05
AdKd8c7s,1,0.05
AdKd8s7c,1,0.05
AdKd8s7h,1,0.05
AdKd8h7c,1,0.05
AdKd8h7s,1,0.05
AcKc8s7h,1,0.05
AcKc8s7d,1,0.05
AcKc8h7d,1,0.05
AcKc8h7s,1,0.05
AcKc8d7s,1,0.05
AcKc8d7h,1,0.05
AsKs8h6d,1,0
AsKs8h6c,1,0
AsKs8d6c,1,0
AsKs8d6h,1,0
AsKs8c6h,1,0
AsKs8c6d,1,0
AhKh8d6c,1,0
AhKh8d6s,1,0
AhKh8c6d,1,0
AhKh8c6s,1,0
AhKh8s6c,1,0
AhKh8s6d,1,0
AdKd8c6h,1,0
AdKd8c6s,1,0
AdKd8s6c,1,0
AdKd8s6h,1,0
AdKd8h6c,1,0
AdKd8h6s,1,0
AcKc8s6h,1,0
AcKc8s6d,1,0
AcKc8h6d,1,0
AcKc8h6s,1,0
AcKc8d6s,1,0
AcKc8d6h,1,0
AsKs7h6h,1,0.22
AsKs7d6d,1,0.22
AsKs7c6c,1,0.22
AhKh7d6d,1,0.22
AhKh7c6c,1,0.22
AhKh7s6s,1,0.22
AdKd7c6c,1,0.22
AdKd7s6s,1,0.22
AdKd7h6h,1,0.22
AcKc7s6s,1,0.22
AcKc7h6h,1,0.22
AcKc7d6d,1,0.22
AsKs7h5h,1,0.23
AsKs7d5d,1,0.23
AsKs7c5c,1,0.23
AhKh7d5d,1,0.23
AhKh7c5c,1,0.23
AhKh7s5s,1,0.23
AdKd7c5c,1,0.23
AdKd7s5s,1,0.23
AdKd7h5h,1,0.23
AcKc7s5s,1,0.23
AcKc7h5h,1,0.23
AcKc7d5d,1,0.23
AsKs7h4h,1,0.08
AsKs7d4d,1,0.08
AsKs7c4c,1,0.08
AhKh7d4d,1,0.08
AhKh7c4c,1,0.08
AhKh7s4s,1,0.08
AdKd7c4c,1,0.08
AdKd7s4s,1,0.08
AdKd7h4h,1,0.08
AcKc7s4s,1,0.08
AcKc7h4h,1,0.08
AcKc7d4d,1,0.08
AsKs7h7d,1,0.07
AsKs7h7c,1,0.07
AsKs7d7c,1,0.07
AhKh7d7c,1,0.07
AhKh7s7d,1,0.07
AhKh7s7c,1,0.07
AdKd7h7c,1,0.07
AdKd7s7c,1,0.07
AdKd7s7h,1,0.07
AcKc7s7h,1,0.07
AcKc7s7d,1,0.07
AcKc7h7d,1,0.07
AsKs7h6d,1,0.04
AsKs7h6c,1,0.04
AsKs7d6c,1,0.04
AsKs7d6h,1,0.04
AsKs7c6h,1,0.04
AsKs7c6d,1,0.04
AhKh7d6c,1,0.04
AhKh7d6s,1,0.04
AhKh7c6d,1,0.04
AhKh7c6s,1,0.04
AhKh7s6c,1,0.04
AhKh7s6d,1,0.04
AdKd7c6h,1,0.04
AdKd7c6s,1,0.04
AdKd7s6c,1,0.04
AdKd7s6h,1,0.04
AdKd7h6c,1,0.04
AdKd7h6s,1,0.04
AcKc7s6h,1,0.04
AcKc7s6d,1,0.04
AcKc7h6d,1,0.04
AcKc7h6s,1,0.04
AcKc7d6s,1,0.04
AcKc7d6h,1,0.04
AsKs7h5d,1,0.04
AsKs7h5c,1,0.04
AsKs7d5c,1,0.04
AsKs7d5h,1,0.04
AsKs7c5h,1,0.04
AsKs7c5d,1,0.04
AhKh7d5c,1,0.04
AhKh7d5s,1,0.04
AhKh7c5d,1,0.04
AhKh7c5s,1,0.04
AhKh7s5c,1,0.04
AhKh7s5d,1,0.04
AdKd7c5h,1,0.04
AdKd7c5s,1,0.04
AdKd7s5c,1,0.04
AdKd7s5h,1,0.04
AdKd7h5c,1,0.04
AdKd7h5s,1,0.04
AcKc7s5h,1,0.04
AcKc7s5d,1,0.04
AcKc7h5d,1,0.04
AcKc7h5s,1,0.04
AcKc7d5s,1,0.04
AcKc7d5h,1,0.04
AsKs6h5h,1,0.23
AsKs6d5d,1,0.23
AsKs6c5c,1,0.23
AhKh6d5d,1,0.23
AhKh6c5c,1,0.23
AhKh6s5s,1,0.23
AdKd6c5c,1,0.23
AdKd6s5s,1,0.23
AdKd6h5h,1,0.23
AcKc6s5s,1,0.23
AcKc6h5h,1,0.23
AcKc6d5d,1,0.23
AsKs6h4h,1,0.11
AsKs6d4d,1,0.11
AsKs6c4c,1,0.11
AhKh6d4d,1,0.11
AhKh6c4c,1,0.11
AhKh6s4s,1,0.11
AdKd6c4c,1,0.11
AdKd6s4s,1,0.11
AdKd6h4h,1,0.11
AcKc6s4s,1,0.11
AcKc6h4h,1,0.11
AcKc6d4d,1,0.11
AsKs6h6d,1,0.02
AsKs6h6c,1,0.02
AsKs6d6c,1,0.02
AhKh6d6c,1,0.02
AhKh6s6d,1,0.02
AhKh6s6c,1,0.02
AdKd6h6c,1,0.02
AdKd6s6c,1,0.02
AdKd6s6h,1,0.02
AcKc6s6h,1,0.02
AcKc6s6d,1,0.02
AcKc6h6d,1,0.02
AsKs6h5d,1,0.03
AsKs6h5c,1,0.03
AsKs6d5c,1,0.03
AsKs6d5h,1,0.03
AsKs6c5h,1,0.03
AsKs6c5d,1,0.03
AhKh6d5c,1,0.03
AhKh6d5s,1,0.03
AhKh6c5d,1,0.03
AhKh6c5s,1,0.03
AhKh6s5c,1,0.03
AhKh6s5d,1,0.03
AdKd6c5h,1,0.03
AdKd6c5s,1,0.03
AdKd6s5c,1,0.03
AdKd6s5h,1,0.03
AdKd6h5c,1,0.03
AdKd6h5s,1,0.03
AcKc6s5h,1,0.03
AcKc6s5d,1,0.03
AcKc6h5d,1,0.03
AcKc6h5s,1,0.03
AcKc6d5s,1,0.03
AcKc6d5h,1,0.03
AsKs5h4h,1,0.38
AsKs5d4d,1,0.38
AsKs5c4c,1,0.38
AhKh5d4d,1,0.38
AhKh5c4c,1,0.38
AhKh5s4s,1,0.38
AdKd5c4c,1,0.38
AdKd5s4s,1,0.38
AdKd5h4h,1,0.38
AcKc5s4s,1,0.38
AcKc5h4h,1,0.38
AcKc5d4d,1,0.38
AsKs5h3h,1,0.23
AsKs5d3d,1,0.23
AsKs5c3c,1,0.23
AhKh5d3d,1,0.23
AhKh5c3c,1,0.23
AhKh5s3s,1,0.23
AdKd5c3c,1,0.23
AdKd5s3s,1,0.23
AdKd5h3h,1,0.23
AcKc5s3s,1,0.23
AcKc5h3h,1,0.23
AcKc5d3d,1,0.23
AsKs5h2h,1,0.01
AsKs5d2d,1,0.01
AsKs5c2c,1,0.01
AhKh5d2d,1,0.01
AhKh5c2c,1,0.01
AhKh5s2s,1,0.01
AdKd5c2c,1,0.01
AdKd5s2s,1,0.01
AdKd5h2h,1,0.01
AcKc5s2s,1,0.01
AcKc5h2h,1,0.01
AcKc5d2d,1,0.01
AsKs5h5d,1,0.05
AsKs5h5c,1,0.05
AsKs5d5c,1,0.05
AhKh5d5c,1,0.05
AhKh5s5d,1,0.05
AhKh5s5c,1,0.05
AdKd5h5c,1,0.05
AdKd5s5c,1,0.05
AdKd5s5h,1,0.05
AcKc5s5h,1,0.05
AcKc5s5d,1,0.05
AcKc5h5d,1,0.05
AsKs5h4d,1,0.15
AsKs5h4c,1,0.15
AsKs5d4c,1,0.15
AsKs5d4h,1,0.15
AsKs5c4h,1,0.15
AsKs5c4d,1,0.15
AhKh5d4c,1,0.15
AhKh5d4s,1,0.15
AhKh5c4d,1,0.15
AhKh5c4s,1,0.15
AhKh5s4c,1,0.15
AhKh5s4d,1,0.15
AdKd5c4h,1,0.15
AdKd5c4s,1,0.15
AdKd5s4c,1,0.15
AdKd5s4h,1,0.15
AdKd5h4c,1,0.15
AdKd5h4s,1,0.15
AcKc5s4h,1,0.15
AcKc5s4d,1,0.15
AcKc5h4d,1,0.15
AcKc5h4s,1,0.15
AcKc5d4s,1,0.15
AcKc5d4h,1,0.15
AsKs5h3d,1,0.02
AsKs5h3c,1,0.02
AsKs5d3c,1,0.02
AsKs5d3h,1,0.02
AsKs5c3h,1,0.02
AsKs5c3d,1,0.02
AhKh5d3c,1,0.02
AhKh5d3s,1,0.02
AhKh5c3d,1,0.02
AhKh5c3s,1,0.02
AhKh5s3c,1,0.02
AhKh5s3d,1,0.02
AdKd5c3h,1,0.02
AdKd5c3s,1,0.02
AdKd5s3c,1,0.02
AdKd5s3h,1,0.02
AdKd5h3c,1,0.02
AdKd5h3s,1,0.02
AcKc5s3h,1,0.02
AcKc5s3d,1,0.02
AcKc5h3d,1,0.02
AcKc5h3s,1,0.02
AcKc5d3s,1,0.02
AcKc5d3h,1,0.02
AsKs4h3h,1,0.18
AsKs4d3d,1,0.18
AsKs4c3c,1,0.18
AhKh4d3d,1,0.18
AhKh4c3c,1,0.18
AhKh4s3s,1,0.18
AdKd4c3c,1,0.18
AdKd4s3s,1,0.18
AdKd4h3h,1,0.18
AcKc4s3s,1,0.18
AcKc4h3h,1,0.18
AcKc4d3d,1,0.18
AsKs4h2h,0.982,0.01
AsKs4d2d,0.982,0.01
AsKs4c2c,0.982,0.01
AhKh4d2d,0.982,0.01
AhKh4c2c,0.982,0.01
AhKh4s2s,0.982,0.01
AdKd4c2c,0.982,0.01
AdKd4s2s,0.982,0.01
AdKd4h2h,0.982,0.01
AcKc4s2s,0.982,0.01
AcKc4h2h,0.982,0.01
AcKc4d2d,0.982,0.01
AsKs4h4d,1,0.06
AsKs4h4c,1,0.06
AsKs4d4c,1,0.06
AhKh4d4c,1,0.06
AhKh4s4d,1,0.06
AhKh4s4c,1,0.06
AdKd4h4c,1,0.06
AdKd4s4c,1,0.06
AdKd4s4h,1,0.06
AcKc4s4h,1,0.06
AcKc4s4d,1,0.06
AcKc4h4d,1,0.06
AsKs3h3d,1,0.07
AsKs3h3c,1,0.07
AsKs3d3c,1,0.07
AhKh3d3c,1,0.07
AhKh3s3d,1,0.07
AhKh3s3c,1,0.07
AdKd3h3c,1,0.07
AdKd3s3c,1,0.07
AdKd3s3h,1,0.07
AcKc3s3h,1,0.07
AcKc3s3d,1,0.07
AcKc3h3d,1,0.07
AsKs2h2d,1,0.05
AsKs2h2c,1,0.05
AsKs2d2c,1,0.05
AhKh2d2c,1,0.05
AhKh2s2d,1,0.05
AhKh2s2c,1,0.05
AdKd2h2c,1,0.05
AdKd2s2c,1,0.05
AdKd2s2h,1,0.05
AcKc2s2h,1,0.05
AcKc2s2d,1,0.05
AcKc2h2d,1,0.05
AsQsJsTs,1,0.14
AhQhJhTh,1,0.14
AdQdJdTd,1,0.14
AcQcJcTc,1,0.14
AsQsJsJh,1,0.46
AsQsJsJd,1,0.46
AsQsJsJc,1,0.46
AhQhJhJd,1,0.46
AhQhJhJc,1,0.46
AhQhJsJh,1,0.46
AdQdJdJc,1,0.46
AdQdJsJd,1,0.46
AdQdJhJd,1,0.46
AcQcJsJc,1,0.46
AcQcJhJc,1,0.46
AcQcJdJc,1,0.46
AsQsJsTh,1,0.37
AsQsJsTd,1,0.37
AsQsJsTc,1,0.37
AhQhJhTd,1,0.37
AhQhJhTc,1,0.37
AhQhJhTs,1,0.37
AdQdJdTc,1,0.37
AdQdJdTs,1,0.37
AdQdJdTh,1,0.37
AcQcJcTs,1,0.37
AcQcJcTh,1,0.37
AcQcJcTd,1,0.37
AsQsJs9h,1,0.04
AsQsJs9d,1,0.04
AsQsJs9c,1,0.04
AhQhJh9d,1,0.04
AhQhJh9c,1,0.04
AhQhJh9s,1,0.04
AdQdJd9c,1,0.04
AdQdJd9s,1,0.04
AdQdJd9h,1,0.04
AcQcJc9s,1,0.04
AcQcJc9h,1,0.04
AcQcJc9d,1,0.04
AsQsJs8h,1,0.01
AsQsJs8d,1,0.01
AsQsJs8c,1,0.01
AhQhJh8d,1,0.01
AhQhJh8c,1,0.01
AhQhJh8s,1,0.01
AdQdJd8c,1,0.01
AdQdJd8s,1,0.01
AdQdJd8h,1,0.01
AcQcJc8s,1,0.01
AcQcJc8h,1,0.01
AcQcJc8d,1,0.01
AsQsTsTh,1,0.3
AsQsTsTd,1,0.3
AsQsTsTc,1,0.3
AhQhThTd,1,0.3
AhQhThTc,1,0.3
AhQhTsTh,1,0.3
AdQdTdTc,1,0.3
AdQdTsTd,1,0.3
AdQdThTd,1,0.3
AcQcTsTc,1,0.3
AcQcThTc,1,0.3
AcQcTdTc,1,0.3
AsQsTs9h,1,0.1
AsQsTs9d,1,0.1
AsQsTs9c,1,0.1
AhQhTh9d,1,0.1
AhQhTh9c,1,0.1
AhQhTh9s,1,0.1
AdQdTd9c,1,0.1
AdQdTd9s,1,0.1
AdQdTd9h,1,0.1
AcQcTc9s,1,0.1
AcQcTc9h,1,0.1
AcQcTc9d,1,0.1
AsQsTs8h,1,0.06
AsQsTs8d,1,0.06
AsQsTs8c,1,0.06
AhQhTh8d,1,0.06
AhQhTh8c,1,0.06
AhQhTh8s,1,0.06
AdQdTd8c,1,0.06
AdQdTd8s,1,0.06
AdQdTd8h,1,0.06
AcQcTc8s,1,0.06
AcQcTc8h,1,0.06
AcQcTc8d,1,0.06
AsQs9s9h,1,0.03
AsQs9s9d,1,0.03
AsQs9s9c,1,0.03
AhQh9h9d,1,0.03
AhQh9h9c,1,0.03
AhQh9s9h,1,0.03
AdQd9d9c,1,0.03
AdQd9s9d,1,0.03
AdQd9h9d,1,0.03
AcQc9s9c,1,0.03
AcQc9h9c,1,0.03
AcQc9d9c,1,0.03
AsQsQhJs,1,0.52
AsQsQdJs,1,0.52
AsQsQcJs,1,0.52
AhQhQdJh,1,0.52
AhQhQcJh,1,0.52
AhQsQhJh,1,0.52
AdQdQcJd,1,0.52
AdQsQdJd,1,0.52
AdQhQdJd,1,0.52
AcQsQcJc,1,0.52
AcQhQcJc,1,0.52
AcQdQcJc,1,0.52
AsQsQhTs,1,0.51
AsQsQdTs,1,0.51
AsQsQcTs,1,0.51
AhQhQdTh,1,0.51
AhQhQcTh,1,0.51
AhQsQhTh,1,0.51
AdQdQcTd,1,0.51
AdQsQdTd,1,0.51
AdQhQdTd,1,0.51
AcQsQcTc,1,0.51
AcQhQcTc,1,0.51
AcQdQcTc,1,0.51
AsQsQh9s,1,0.25
AsQsQd9s,1,0.25
AsQsQc9s,1,0.25
AhQhQd9h,1,0.25
AhQhQc9h,1,0.25
AhQsQh9h,1,0.25
AdQdQc9d,1,0.25
AdQsQd9d,1,0.25
AdQhQd9d,1,0.25
AcQsQc9c,1,0.25
AcQhQc9c,1,0.25
AcQdQc9c,1,0.25
AsQsQh8s,1,0.22
AsQsQd8s,1,0.22
AsQsQc8s,1,0.22
AhQhQd8h,1,0.22
AhQhQc8h,1,0.22
AhQsQh8h,1,0.22
AdQdQc8d,1,0.22
AdQsQd8d,1,0.22
AdQhQd8d,1,0.22
AcQsQc8c,1,0.22
AcQhQc8c,1,0.22
AcQdQc8c,1,0.22
AsQsQh7s,1,0.14
AsQsQd7s,1,0.14
AsQsQc7s,1,0.14
AhQhQd7h,1,0.14
AhQhQc7h,1,0.14
AhQsQh7h,1,0.14
AdQdQc7d,1,0.14
AdQsQd7d,1,0.14
AdQhQd7d,1,0.14
AcQsQc7c,1,0.14
AcQhQc7c,1,0.14
AcQdQc7c,1,0.14
AsQsQh6s,1,0.13
AsQsQd6s,1,0.13
AsQsQc6s,1,0.13
AhQhQd6h,1,0.13
AhQhQc6h,1,0.13
AhQsQh6h,1,0.13
AdQdQc6d,1,0.13
AdQsQd6d,1,0.13
AdQhQd6d,1,0.13
AcQsQc6c,1,0.13
AcQhQc6c,1,0.13
AcQdQc6c,1,0.13
AsQsQh5s,1,0.18
AsQsQd5s,1,0.18
AsQsQc5s,1,0.18
AhQhQd5h,1,0.18
AhQhQc5h,1,0.18
AhQsQh5h,1,0.18
AdQdQc5d,1,0.18
AdQsQd5d,1,0.18
AdQhQd5d,1,0.18
AcQsQc5c,1,0.18
AcQhQc5c,1,0.18
AcQdQc5c,1,0.18
AsQsQh4s,1,0.17
AsQsQd4s,1,0.17
AsQsQc4s,1,0.17
AhQhQd4h,1,0.17
AhQhQc4h,1,0.17
AhQsQh4h,1,0.17
AdQdQc4d,1,0.17
AdQsQd4d,1,0.17
AdQhQd4d,1,0.17
AcQsQc4c,1,0.17
AcQhQc4c,1,0.17
AcQdQc4c,1,0.17
AsQsQh3s,1,0.15
AsQsQd3s,1,0.15
AsQsQc3s,1,0.15
AhQhQd3h,1,0.15
AhQhQc3h,1,0.15
AhQsQh3h,1,0.15
AdQdQc3d,1,0.15
AdQsQd3d,1,0.15
AdQhQd3d,1,0.15
AcQsQc3c,1,0.15
AcQhQc3c,1,0.15
AcQdQc3c,1,0.15
AsQsQh2s,1,0.1
AsQsQd2s,1,0.1
AsQsQc2s,1,0.1
AhQhQd2h,1,0.1
AhQhQc2h,1,0.1
AhQsQh2h,1,0.1
AdQdQc2d,1,0.1
AdQsQd2d,1,0.1
AdQhQd2d,1,0.1
AcQsQc2c,1,0.1
AcQhQc2c,1,0.1
AcQdQc2c,1,0.1
AsQsQhJh,1,1.21
AsQsQdJd,1,1.21
AsQsQcJc,1,1.21
AhQhQdJd,1,1.21
AhQhQcJc,1,1.21
AhQsQhJs,1,1.21
AdQdQcJc,1,1.21
AdQsQdJs,1,1.21
AdQhQdJh,1,1.21
AcQsQcJs,1,1.21
AcQhQcJh,1,1.21
AcQdQcJd,1,1.21
AsQsQhTh,1,1.19
AsQsQdTd,1,1.19
AsQsQcTc,1,1.19
AhQhQdTd,1,1.19
AhQhQcTc,1,1.19
AhQsQhTs,1,1.19
AdQdQcTc,1,1.19
AdQsQdTs,1,1.19
AdQhQdTh,1,1.19
AcQsQcTs,1,1.19
AcQhQcTh,1,1.19
AcQdQcTd,1,1.19
AsQsQh9h,1,0.91
AsQsQd9d,1,0.91
AsQsQc9c,1,0.91
AhQhQd9d,1,0.91
AhQhQc9c,1,0.91
AhQsQh9s,1,0.91
AdQdQc9c,1,0.91
AdQsQd9s,1,0.91
AdQhQd9h,1,0.91
AcQsQc9s,1,0.91
AcQhQc9h,1,0.91
AcQdQc9d,1,0.91
AsQsQh8h,1,0.87
AsQsQd8d,1,0.87
AsQsQc8c,1,0.87
AhQhQd8d,1,0.87
AhQhQc8c,1,0.87
AhQsQh8s,1,0.87
AdQdQc8c,1,0.87
AdQsQd8s,1,0.87
AdQhQd8h,1,0.87
AcQsQc8s,1,0.87
AcQhQc8h,1,0.87
AcQdQc8d,1,0.87
AsQsQh7h,1,0.71
AsQsQd7d,1,0.71
AsQsQc7c,1,0.71
AhQhQd7d,1,0.71
AhQhQc7c,1,0.71
AhQsQh7s,1,0.71
AdQdQc7c,1,0.71
AdQsQd7s,1,0.71
AdQhQd7h,1,0.71
AcQsQc7s,1,0.71
AcQhQc7h,1,0.71
AcQdQc7d,1,0.71
AsQsQh6h,1,0.71
AsQsQd6d,1,0.71
AsQsQc6c,1,0.71
AhQhQd6d,1,0.71
AhQhQc6c,1,0.71
AhQsQh6s,1,0.71
AdQdQc6c,1,0.71
AdQsQd6s,1,0.71
AdQhQd6h,1,0.71
AcQsQc6s,1,0.71
AcQhQc6h,1,0.71
AcQdQc6d,1,0.71
AsQsQh5h,1,0.85
AsQsQd5d,1,0.85
AsQsQc5c,1,0.85
AhQhQd5d,1,0.85
AhQhQc5c,1,0.85
AhQsQh5s,1,0.85
AdQdQc5c,1,0.85
AdQsQd5s,1,0.85
AdQhQd5h,1,0.85
AcQsQc5s,1,0.85
AcQhQc5h,1,0.85
AcQdQc5d,1,0.85
AsQsQh4h,1,0.86
AsQsQd4d,1,0.86
AsQsQc4c,1,0.86
AhQhQd4d,1,0.86
AhQhQc4c,1,0.86
AhQsQh4s,1,0.86
AdQdQc4c,1,0.86
AdQsQd4s,1,0.86
AdQhQd4h,1,0.86
AcQsQc4s,1,0.86
AcQhQc4h,1,0.86
AcQdQc4d,1,0.86
AsQsQh3h,1,0.84
AsQsQd3d,1,0.84
AsQsQc3c,1,0.84
AhQhQd3d,1,0.84
AhQhQc3c,1,0.84
AhQsQh3s,1,0.84
AdQdQc3c,1,0.84
AdQsQd3s,1,0.84
AdQhQd3h,1,0.84
AcQsQc3s,1,0.84
AcQhQc3h,1,0.84
AcQdQc3d,1,0.84
AsQsQh2h,1,0.77
AsQsQd2d,1,0.77
AsQsQc2c,1,0.77
AhQhQd2d,1,0.77
AhQhQc2c,1,0.77
AhQsQh2s,1,0.77
AdQdQc2c,1,0.77
AdQsQd2s,1,0.77
AdQhQd2h,1,0.77
AcQsQc2s,1,0.77
AcQhQc2h,1,0.77
AcQdQc2d,1,0.77
AsQsQhJd,1,0.8
AsQsQhJc,1,0.8
AsQsQdJc,1,0.8
AsQsQdJh,1,0.8
AsQsQcJh,1,0.8
AsQsQcJd,1,0.8
AhQhQdJc,1,0.8
AhQhQdJs,1,0.8
AhQhQcJd,1,0.8
AhQhQcJs,1,0.8
AhQsQhJc,1,0.8
AhQsQhJd,1,0.8
AdQdQcJh,1,0.8
AdQdQcJs,1,0.8
AdQsQdJc,1,0.8
AdQsQdJh,1,0.8
AdQhQdJc,1,0.8
AdQhQdJs,1,0.8
AcQsQcJh,1,0.8
AcQsQcJd,1,0.8
AcQhQcJd,1,0.8
AcQhQcJs,1,0.8
AcQdQcJs,1,0.8
AcQdQcJh,1,0.8
AsQsQhTd,1,0.78
AsQsQhTc,1,0.78
AsQsQdTc,1,0.78
AsQsQdTh,1,0.78
AsQsQcTh,1,0.78
AsQsQcTd,1,0.78
AhQhQdTc,1,0.78
AhQhQdTs,1,0.78
AhQhQcTd,1,0.78
AhQhQcTs,1,0.78
AhQsQhTc,1,0.78
AhQsQhTd,1,0.78
AdQdQcTh,1,0.78
AdQdQcTs,1,0.78
AdQsQdTc,1,0.78
AdQsQdTh,1,0.78
AdQhQdTc,1,0.78
AdQhQdTs,1,0.78
AcQsQcTh,1,0.78
AcQsQcTd,1,0.78
AcQhQcTd,1,0.78
AcQhQcTs,1,0.78
AcQdQcTs,1,0.78
AcQdQcTh,1,0.78
AsQsQh9d,1,0.51
AsQsQh9c,1,0.51
AsQsQd9c,1,0.51
AsQsQd9h,1,0.51
AsQsQc9h,1,0.51
AsQsQc9d,1,0.51
AhQhQd9c,1,0.51
AhQhQd9s,1,0.51
AhQhQc9d,1,0.51
AhQhQc9s,1,0.51
AhQsQh9c,1,0.51
AhQsQh9d,1,0.51
AdQdQc9h,1,0.51
AdQdQc9s,1,0.51
AdQsQd9c,1,0.51
AdQsQd9h,1,0.51
AdQhQd9c,1,0.51
AdQhQd9s,1,0.51
AcQsQc9h,1,0.51
AcQsQc9d,1,0.51
AcQhQc9d,1,0.51
AcQhQc9s,1,0.51
AcQdQc9s,1,0.51
AcQdQc9h,1,0.51
AsQsQh8d,1,0.46
AsQsQh8c,1,0.46
AsQsQd8c,1,0.46
AsQsQd8h,1,0.46
AsQsQc8h,1,0.46
AsQsQc8d,1,0.46
AhQhQd8c,1,0.46
AhQhQd8s,1,0.46
AhQhQc8d,1,0.46
AhQhQc8s,1,0.46
AhQsQh8c,1,0.46
AhQsQh8d,1,0.46
AdQdQc8h,1,0.46
AdQdQc8s,1,0.46
AdQsQd8c,1,0.46
AdQsQd8h,1,0.46
AdQhQd8c,1,0.46
AdQhQd8s,1,0.46
AcQsQc8h,1,0.46
AcQsQc8d,1,0.46
AcQhQc8d,1,0.46
AcQhQc8s,1,0.46
AcQdQc8s,1,0.46
AcQdQc8h,1,0.46
AsQsQh7d,1,0.33
AsQsQh7c,1,0.33
AsQsQd7c,1,0.33
AsQsQd7h,1,0.33
AsQsQc7h,1,0.33
AsQsQc7d,1,0.33
AhQhQd7c,1,0.33
AhQhQd7s,1,0.33
AhQhQc7d,1,0.33
AhQhQc7s,1,0.33
AhQsQh7c,1,0.33
AhQsQh7d,1,0.33
AdQdQc7h,1,0.33
AdQdQc7s,1,0.33
AdQsQd7c,1,0.33
AdQsQd7h,1,0.33
AdQhQd7c,1,0.33
AdQhQd7s,1,0.33
AcQsQc7h,1,0.33
AcQsQc7d,1,0.33
AcQhQc7d,1,0.33
AcQhQc7s,1,0.33
AcQdQc7s,1,0.33
AcQdQc7h,1,0.33
AsQsQh6d,1,0.32
AsQsQh6c,1,0.32
AsQsQd6c,1,0.32
AsQsQd6h,1,0.32
AsQsQc6h,1,0.32
AsQsQc6d,1,0.32
AhQhQd6c,1,0.32
AhQhQd6s,1,0.32
AhQhQc6d,1,0.32
AhQhQc6s,1,0.32
AhQsQh6c,1,0.32
AhQsQh6d,1,0.32
AdQdQc6h,1,0.32
AdQdQc6s,1,0.32
AdQsQd6c,1,0.32
AdQsQd6h,1,0.32
AdQhQd6c,1,0.32
AdQhQd6s,1,0.32
AcQsQc6h,1,0.32
AcQsQc6d,1,0.32
AcQhQc6d,1,0.32
AcQhQc6s,1,0.32
AcQdQc6s,1,0.32
AcQdQc6h,1,0.32
AsQsQh5d,1,0.44
AsQsQh5c,1,0.44
AsQsQd5c,1,0.44
AsQsQd5h,1,0.44
AsQsQc5h,1,0.44
AsQsQc5d,1,0.44
AhQhQd5c,1,0.44
AhQhQd5s,1,0.44
AhQhQc5d,1,0.44
AhQhQc5s,1,0.44
AhQsQh5c,1,0.44
AhQsQh5d,1,0.44
AdQdQc5h,1,0.44
AdQdQc5s,1,0.44
AdQsQd5c,1,0.44
AdQsQd5h,1,0.44
AdQhQd5c,1,0.44
AdQhQd5s,1,0.44
AcQsQc5h,1,0.44
AcQsQc5d,1,0.44
AcQhQc5d,1,0.44
AcQhQc5s,1,0.44
AcQdQc5s,1,0.44
AcQdQc5h,1,0.44
AsQsQh4d,1,0.45
AsQsQh4c,1,0.45
AsQsQd4c,1,0.45
AsQsQd4h,1,0.45
AsQsQc4h,1,0.45
AsQsQc4d,1,0.45
AhQhQd4c,1,0.45
AhQhQd4s,1,0.45
AhQhQc4d,1,0.45
AhQhQc4s,1,0.45
AhQsQh4c,1,0.45
AhQsQh4d,1,0.45
AdQdQc4h,1,0.45
AdQdQc4s,1,0.45
AdQsQd4c,1,0.45
AdQsQd4h,1,0.45
AdQhQd4c,1,0.45
AdQhQd4s,1,0.45
AcQsQc4h,1,0.45
AcQsQc4d,1,0.45
AcQhQc4d,1,0.45
AcQhQc4s,1,0.45
AcQdQc4s,1,0.45
AcQdQc4h,1,0.45
AsQsQh3d,1,0.43
AsQsQh3c,1,0.43
AsQsQd3c,1,0.43
AsQsQd3h,1,0.43
AsQsQc3h,1,0.43
AsQsQc3d,1,0.43
AhQhQd3c,1,0.43
AhQhQd3s,1,0.43
AhQhQc3d,1,0.43
AhQhQc3s,1,0.43
AhQsQh3c,1,0.43
AhQsQh3d,1,0.43
AdQdQc3h,1,0.43
AdQdQc3s,1,0.43
AdQsQd3c,1,0.43
AdQsQd3h,1,0.43
AdQhQd3c,1,0.43
AdQhQd3s,1,0.43
AcQsQc3h,1,0.43
AcQsQc3d,1,0.43
AcQhQc3d,1,0.43
AcQhQc3s,1,0.43
AcQdQc3s,1,0.43
AcQdQc3h,1,0.43
AsQsQh2d,1,0.38
AsQsQh2c,1,0.38
AsQsQd2c,1,0.38
AsQsQd2h,1,0.38
AsQsQc2h,1,0.38
AsQsQc2d,1,0.38
AhQhQd2c,1,0.38
AhQhQd2s,1,0.38
AhQhQc2d,1,0.38
AhQhQc2s,1,0.38
AhQsQh2c,1,0.38
AhQsQh2d,1,0.38
AdQdQc2h,1,0.38
AdQdQc2s,1,0.38
AdQsQd2c,1,0.38
AdQsQd2h,1,0.38
AdQhQd2c,1,0.38
AdQhQd2s,1,0.38
AcQsQc2h,1,0.38
AcQsQc2d,1,0.38
AcQhQc2d,1,0.38
AcQhQc2s,1,0.38
AcQdQc2s,1,0.38
AcQdQc2h,1,0.38
AsQsJhTs,1,0.38
AsQsJdTs,1,0.38
AsQsJcTs,1,0.38
AhQhJdTh,1,0.38
AhQhJcTh,1,0.38
AhQhJsTh,1,0.38
AdQdJcTd,1,0.38
AdQdJsTd,1,0.38
AdQdJhTd,1,0.38
AcQcJsTc,1,0.38
AcQcJhTc,1,0.38
AcQcJdTc,1,0.38
AsQsJh9s,1,0.05
AsQsJd9s,1,0.05
AsQsJc9s,1,0.05
AhQhJd9h,1,0.05
AhQhJc9h,1,0.05
AhQhJs9h,1,0.05
AdQdJc9d,1,0.05
AdQdJs9d,1,0.05
AdQdJh9d,1,0.05
AcQcJs9c,1,0.05
AcQcJh9c,1,0.05
AcQcJd9c,1,0.05
AsQsJh8s,1,0.01
AsQsJd8s,1,0.01
AsQsJc8s,1,0.01
AhQhJd8h,1,0.01
AhQhJc8h,1,0.01
AhQhJs8h,1,0.01
AdQdJc8d,1,0.01
AdQdJs8d,1,0.01
AdQdJh8d,1,0.01
AcQcJs8c,1,0.01
AcQcJh8c,1,0.01
AcQcJd8c,1,0.01
AsQsJhTh,1,1.03
AsQsJdTd,1,1.03
AsQsJcTc,1,1.03
AhQhJdTd,1,1.03
AhQhJcTc,1,1.03
AhQhJsTs,1,1.03
AdQdJcTc,1,1.03
AdQdJsTs,1,1.03
AdQdJhTh,1,1.03
AcQcJsTs,1,1.03
AcQcJhTh,1,1.03
AcQcJdTd,1,1.03
AsQsJh9h,1,0.54
AsQsJd9d,1,0.54
AsQsJc9c,1,0.54
AhQhJd9d,1,0.54
AhQhJc9c,1,0.54
AhQhJs9s,1,0.54
AdQdJc9c,1,0.54
AdQdJs9s,1,0.54
AdQdJh9h,1,0.54
AcQcJs9s,1,0.54
AcQcJh9h,1,0.54
AcQcJd9d,1,0.54
AsQsJh8h,1,0.46
AsQsJd8d,1,0.46
AsQsJc8c,1,0.46
AhQhJd8d,1,0.46
AhQhJc8c,1,0.46
AhQhJs8s,1,0.46
AdQdJc8c,1,0.46
AdQdJs8s,1,0.46
AdQdJh8h,1,0.46
AcQcJs8s,1,0.46
AcQcJh8h,1,0.46
AcQcJd8d,1,0.46
AsQsJh7h,1,0.16
AsQsJd7d,1,0.16
AsQsJc7c,1,0.16
AhQhJd7d,1,0.16
AhQhJc7c,1,0.16
AhQhJs7s,1,0.16
AdQdJc7c,1,0.16
AdQdJs7s,1,0.16
AdQdJh7h,1,0.16
AcQcJs7s,1,0.16
AcQcJh7h,1,0.16
AcQcJd7d,1,0.16
AsQsJh6h,1,0.16
AsQsJd6d,1,0.16
AsQsJc6c,1,0.16
AhQhJd6d,1,0.16
AhQhJc6c,1,0.16
AhQhJs6s,1,0.16
AdQdJc6c,1,0.16
AdQdJs6s,1,0.16
AdQdJh6h,1,0.16
AcQcJs6s,1,0.16
AcQcJh6h,1,0.16
AcQcJd6d,1,0.16
AsQsJh5h,1,0.3
AsQsJd5d,1,0.3
AsQsJc5c,1,0.3
AhQhJd5d,1,0.3
AhQhJc5c,1,0.3
AhQhJs5s,1,0.3
AdQdJc5c,1,0.3
AdQdJs5s,1,0.3
AdQdJh5h,1,0.3
AcQcJs5s,1,0.3
AcQcJh5h,1,0.3
AcQcJd5d,1,0.3
AsQsJh4h,1,0.32
AsQsJd4d,1,0.32
AsQsJc4c,1,0.32
AhQhJd4d,1,0.32
AhQhJc4c,1,0.32
AhQhJs4s,1,0.32
AdQdJc4c,1,0.32
AdQdJs4s,1,0.32
AdQdJh4h,1,0.32
AcQcJs4s,1,0.32
AcQcJh4h,1,0.32
AcQcJd4d,1,0.32
AsQsJh3h,1,0.32
AsQsJd3d,1,0.32
AsQsJc3c,1,0.32
AhQhJd3d,1,0.32
AhQhJc3c,1,0.32
AhQhJs3s,1,0.32
AdQdJc3c,1,0.32
AdQdJs3s,1,0.32
AdQdJh3h,1,0.32
AcQcJs3s,1,0.32
AcQcJh3h,1,0.32
AcQcJd3d,1,0.32
AsQsJh2h,1,0.28
AsQsJd2d,1,0.28
AsQsJc2c,1,0.28
AhQhJd2d,1,0.28
AhQhJc2c,1,0.28
AhQhJs2s,1,0.28
AdQdJc2c,1,0.28
AdQdJs2s,1,0.28
AdQdJh2h,1,0.28
AcQcJs2s,1,0.28
AcQcJh2h,1,0.28
AcQcJd2d,1,0.28
AsQsJhJd,1,0.64
AsQsJhJc,1,0.64
AsQsJdJc,1,0.64
AhQhJdJc,1,0.64
AhQhJsJd,1,0.64
AhQhJsJc,1,0.64
AdQdJhJc,1,0.64
AdQdJsJc,1,0.64
AdQdJsJh,1,0.64
AcQcJsJh,1,0.64
AcQcJsJd,1,0.64
AcQcJhJd,1,0.64
AsQsJhTd,1,0.67
AsQsJhTc,1,0.67
AsQsJdTc,1,0.67
AsQsJdTh,1,0.67
AsQsJcTh,1,0.67
AsQsJcTd,1,0.67
AhQhJdTc,1,0.67
AhQhJdTs,1,0.67
AhQhJcTd,1,0.67
AhQhJcTs,1,0.67
AhQhJsTc,1,0.67
AhQhJsTd,1,0.67
AdQdJcTh,1,0.67
AdQdJcTs,1,0.67
AdQdJsTc,1,0.67
AdQdJsTh,1,0.67
AdQdJhTc,1,0.67
AdQdJhTs,1,0.67
AcQcJsTh,1,0.67
AcQcJsTd,1,0.67
AcQcJhTd,1,0.67
AcQcJhTs,1,0.67
AcQcJdTs,1,0.67
AcQcJdTh,1,0.67
AsQsJh9d,1,0.21
AsQsJh9c,1,0.21
AsQsJd9c,1,0.21
AsQsJd9h,1,0.21
AsQsJc9h,1,0.21
AsQsJc9d,1,0.21
AhQhJd9c,1,0.21
AhQhJd9s,1,0.21
AhQhJc9d,1,0.21
AhQhJc9s,1,0.21
AhQhJs9c,1,0.21
AhQhJs9d,1,0.21
AdQdJc9h,1,0.21
AdQdJc9s,1,0.21
AdQdJs9c,1,0.21
AdQdJs9h,1,0.21
AdQdJh9c,1,0.21
AdQdJh9s,1,0.21
AcQcJs9h,1,0.21
AcQcJs9d,1,0.21
AcQcJh9d,1,0.21
AcQcJh9s,1,0.21
AcQcJd9s,1,0.21
AcQcJd9h,1,0.21
AsQsJh8d,1,0.15
AsQsJh8c,1,0.15
AsQsJd8c,1,0.15
AsQsJd8h,1,0.15
AsQsJc8h,1,0.15
AsQsJc8d,1,0.15
AhQhJd8c,1,0.15
AhQhJd8s,1,0.15
AhQhJc8d,1,0.15
AhQhJc8s,1,0.15
AhQhJs8c,1,0.15
AhQhJs8d,1,0.15
AdQdJc8h,1,0.15
AdQdJc8s,1,0.15
AdQdJs8c,1,0.15
AdQdJs8h,1,0.15
AdQdJh8c,1,0.15
AdQdJh8s,1,0.15
AcQcJs8h,1,0.15
AcQcJs8d,1,0.15
AcQcJh8d,1,0.15
AcQcJh8s,1,0.15
AcQcJd8s,1,0.15
AcQcJd8h,1,0.15
AsQsJh7d,1,0.01
AsQsJh7c,1,0.01
AsQsJd7c,1,0.01
AsQsJd7h,1,0.01
AsQsJc7h,1,0.01
AsQsJc7d,1,0.01
AhQhJd7c,1,0.01
AhQhJd7s,1,0.01
AhQhJc7d,1,0.01
AhQhJc7s,1,0.01
AhQhJs7c,1,0.01
AhQhJs7d,1,0.01
AdQdJc7h,1,0.01
AdQdJc7s,1,0.01
AdQdJs7c,1,0.01
AdQdJs7h,1,0.01
AdQdJh7c,1,0.01
AdQdJh7s,1,0.01
AcQcJs7h,1,0.01
AcQcJs7d,1,0.01
AcQcJh7d,1,0.01
AcQcJh7s,1,0.01
AcQcJd7s,1,0.01
AcQcJd7h,1,0.01
AsQsJh6d,1,0
AsQsJh6c,1,0
AsQsJd6c,1,0
AsQsJd6h,1,0
AsQsJc6h,1,0
AsQsJc6d,1,0
AhQhJd6c,1,0
AhQhJd6s,1,0
AhQhJc6d,1,0
AhQhJc6s,1,0
AhQhJs6c,1,0
AhQhJs6d,1,0
AdQdJc6h,1,0
AdQdJc6s,1,0
AdQdJs6c,1,0
AdQdJs6h,1,0
AdQdJh6c,1,0
AdQdJh6s,1,0
AcQcJs6h,1,0
AcQcJs6d,1,0
AcQcJh6d,1,0
AcQcJh6s,1,0
AcQcJd6s,1,0
AcQcJd6h,1,0
AsQsJh5d,1,0.05
AsQsJh5c,1,0.05
AsQsJd5c,1,0.05
AsQsJd5h,1,0.05
AsQsJc5h,1,0.05
AsQsJc5d,1,0.05
AhQhJd5c,1,0.05
AhQhJd5s,1,0.05
AhQhJc5d,1,0.05
AhQhJc5s,1,0.05
AhQhJs5c,1,0.05
AhQhJs5d,1,0.05
AdQdJc5h,1,0.05
AdQdJc5s,1,0.05
AdQdJs5c,1,0.05
AdQdJs5h,1,0.05
AdQdJh5c,1,0.05
AdQdJh5s,1,0.05
AcQcJs5h,1,0.05
AcQcJs5d,1,0.05
AcQcJh5d,1,0.05
AcQcJh5s,1,0.05
AcQcJd5s,1,0.05
AcQcJd5h,1,0.05
AsQsJh4d,1,0.04
AsQsJh4c,1,0.04
AsQsJd4c,1,0.04
AsQsJd4h,1,0.04
AsQsJc4h,1,0.04
AsQsJc4d,1,0.04
AhQhJd4c,1,0.04
AhQhJd4s,1,0.04
AhQhJc4d,1,0.04
AhQhJc4s,1,0.04
AhQhJs4c,1,0.04
AhQhJs4d,1,0.04
AdQdJc4h,1,0.04
AdQdJc4s,1,0.04
AdQdJs4c,1,0.04
AdQdJs4h,1,0.04
AdQdJh4c,1,0.04
AdQdJh4s,1,0.04
AcQcJs4h,1,0.04
AcQcJs4d,1,0.04
AcQcJh4d,1,0.04
AcQcJh4s,1,0.04
AcQcJd4s,1,0.04
AcQcJd4h,1,0.04
AsQsJh3d,1,0.02
AsQsJh3c,1,0.02
AsQsJd3c,1,0.02
AsQsJd3h,1,0.02
AsQsJc3h,1,0.02
AsQsJc3d,1,0.02
AhQhJd3c,1,0.02
AhQhJd3s,1,0.02
AhQhJc3d,1,0.02
AhQhJc3s,1,0.02
AhQhJs3c,1,0.02
AhQhJs3d,1,0.02
AdQdJc3h,1,0.02
AdQdJc3s,1,0.02
AdQdJs3c,1,0.02
AdQdJs3h,1,0.02
AdQdJh3c,1,0.02
AdQdJh3s,1,0.02
AcQcJs3h,1,0.02
AcQcJs3d,1,0.02
AcQcJh3d,1,0.02
AcQcJh3s,1,0.02
AcQcJd3s,1,0.02
AcQcJd3h,1,0.02
AsQsTh9s,1,0.11
AsQsTd9s,1,0.11
AsQsTc9s,1,0.11
AhQhTd9h,1,0.11
AhQhTc9h,1,0.11
AhQhTs9h,1,0.11
AdQdTc9d,1,0.11
AdQdTs9d,1,0.11
AdQdTh9d,1,0.11
AcQcTs9c,1,0.11
AcQcTh9c,1,0.11
AcQcTd9c,1,0.11
AsQsTh8s,1,0.07
AsQsTd8s,1,0.07
AsQsTc8s,1,0.07
AhQhTd8h,1,0.07
AhQhTc8h,1,0.07
AhQhTs8h,1,0.07
AdQdTc8d,1,0.07
AdQdTs8d,1,0.07
AdQdTh8d,1,0.07
AcQcTs8c,1,0.07
AcQcTh8c,1,0.07
AcQcTd8c,1,0.07
AsQsTh9h,1,0.64
AsQsTd9d,1,0.64
AsQsTc9c,1,0.64
AhQhTd9d,1,0.64
AhQhTc9c,1,0.64
AhQhTs9s,1,0.64
AdQdTc9c,1,0.64
AdQdTs9s,1,0.64
AdQdTh9h,1,0.64
AcQcTs9s,1,0.64
AcQcTh9h,1,0.64
AcQcTd9d,1,0.64
AsQsTh8h,1,0.55
AsQsTd8d,1,0.55
AsQsTc8c,1,0.55
AhQhTd8d,1,0.55
AhQhTc8c,1,0.55
AhQhTs8s,1,0.55
AdQdTc8c,1,0.55
AdQdTs8s,1,0.55
AdQdTh8h,1,0.55
AcQcTs8s,1,0.55
AcQcTh8h,1,0.55
AcQcTd8d,1,0.55
AsQsTh7h,1,0.25
AsQsTd7d,1,0.25
AsQsTc7c,1,0.25
AhQhTd7d,1,0.25
AhQhTc7c,1,0.25
AhQhTs7s,1,0.25
AdQdTc7c,1,0.25
AdQdTs7s,1,0.25
AdQdTh7h,1,0.25
AcQcTs7s,1,0.25
AcQcTh7h,1,0.25
AcQcTd7d,1,0.25
AsQsTh6h,1,0.21
AsQsTd6d,1,0.21
AsQsTc6c,1,0.21
AhQhTd6d,1,0.21
AhQhTc6c,1,0.21
AhQhTs6s,1,0.21
AdQdTc6c,1,0.21
AdQdTs6s,1,0.21
AdQdTh6h,1,0.21
AcQcTs6s,1,0.21
AcQcTh6h,1,0.21
AcQcTd6d,1,0.21
AsQsTh5h,1,0.25
AsQsTd5d,1,0.25
AsQsTc5c,1,0.25
AhQhTd5d,1,0.25
AhQhTc5c,1,0.25
AhQhTs5s,1,0.25
AdQdTc5c,1,0.25
AdQdTs5s,1,0.25
AdQdTh5h,1,0.25
AcQcTs5s,1,0.25
AcQcTh5h,1,0.25
AcQcTd5d,1,0.25
AsQsTh4h,1,0.25
AsQsTd4d,1,0.25
AsQsTc4c,1,0.25
AhQhTd4d,1,0.25
AhQhTc4c,1,0.25
AhQhTs4s,1,0.25
AdQdTc4c,1,0.25
AdQdTs4s,1,0.25
AdQdTh4h,1,0.25
AcQcTs4s,1,0.25
AcQcTh4h,1,0.25
AcQcTd4d,1,0.25
AsQsTh3h,1,0.26
AsQsTd3d,1,0.26
AsQsTc3c,1,0.26
AhQhTd3d,1,0.26
AhQhTc3c,1,0.26
AhQhTs3s,1,0.26
AdQdTc3c,1,0.26
AdQdTs3s,1,0.26
AdQdTh3h,1,0.26
AcQcTs3s,1,0.26
AcQcTh3h,1,0.26
AcQcTd3d,1,0.26
AsQsTh2h,1,0.22
AsQsTd2d,1,0.22
AsQsTc2c,1,0.22
AhQhTd2d,1,0.22
AhQhTc2c,1,0.22
AhQhTs2s,1,0.22
AdQdTc2c,1,0.22
AdQdTs2s,1,0.22
AdQdTh2h,1,0.22
AcQcTs2s,1,0.22
AcQcTh2h,1,0.22
AcQcTd2d,1,0.22
AsQsThTd,1,0.48
AsQsThTc,1,0.48
AsQsTdTc,1,0.48
AhQhTdTc,1,0.48
AhQhTsTd,1,0.48
AhQhTsTc,1,0.48
AdQdThTc,1,0.48
AdQdTsTc,1,0.48
AdQdTsTh,1,0.48
AcQcTsTh,1,0.48
AcQcTsTd,1,0.48
AcQcThTd,1,0.48
AsQsTh9d,1,0.32
AsQsTh9c,1,0.32
AsQsTd9c,1,0.32
AsQsTd9h,1,0.32
AsQsTc9h,1,0.32
AsQsTc9d,1,0.32
AhQhTd9c,1,0.32
AhQhTd9s,1,0.32
AhQhTc9d,1,0.32
AhQhTc9s,1,0.32
AhQhTs9c,1,0.32
AhQhTs9d,1,0.32
AdQdTc9h,1,0.32
AdQdTc9s,1,0.32
AdQdTs9c,1,0.32
AdQdTs9h,1,0.32
AdQdTh9c,1,0.32
AdQdTh9s,1,0.32
AcQcTs9h,1,0.32
AcQcTs9d,1,0.32
AcQcTh9d,1,0.32
AcQcTh9s,1,0.32
AcQcTd9s,1,0.32
AcQcTd9h,1,0.32
AsQsTh8d,1,0.25
AsQsTh8c,1,0.25
AsQsTd8c,1,0.25
AsQsTd8h,1,0.25
AsQsTc8h,1,0.25
AsQsTc8d,1,0.25
AhQhTd8c,1,0.25
AhQhTd8s,1,0.25
AhQhTc8d,1,0.25
AhQhTc8s,1,0.25
AhQhTs8c,1,0.25
AhQhTs8d,1,0.25
AdQdTc8h,1,0.25
AdQdTc8s,1,0.25
AdQdTs8c,1,0.25
AdQdTs8h,1,0.25
AdQdTh8c,1,0.25
AdQdTh8s,1,0.25
AcQcTs8h,1,0.25
AcQcTs8d,1,0.25
AcQcTh8d,1,0.25
AcQcTh8s,1,0.25
AcQcTd8s,1,0.25
AcQcTd8h,1,0.25
AsQsTh7d,1,0.07
AsQsTh7c,1,0.07
AsQsTd7c,1,0.07
AsQsTd7h,1,0.07
AsQsTc7h,1,0.07
AsQsTc7d,1,0.07
AhQhTd7c,1,0.07
AhQhTd7s,1,0.07
AhQhTc7d,1,0.07
AhQhTc7s,1,0.07
AhQhTs7c,1,0.07
AhQhTs7d,1,0.07
AdQdTc7h,1,0.07
AdQdTc7s,1,0.07
AdQdTs7c,1,0.07
AdQdTs7h,1,0.07
AdQdTh7c,1,0.07
AdQdTh7s,1,0.07
AcQcTs7h,1,0.07
AcQcTs7d,1,0.07
AcQcTh7d,1,0.07
AcQcTh7s,1,0.07
AcQcTd7s,1,0.07
AcQcTd7h,1,0.07
AsQsTh6d,1,0.04
AsQsTh6c,1,0.04
AsQsTd6c,1,0.04
AsQsTd6h,1,0.04
AsQsTc6h,1,0.04
AsQsTc6d,1,0.04
AhQhTd6c,1,0.04
AhQhTd6s,1,0.04
AhQhTc6d,1,0.04
AhQhTc6s,1,0.04
AhQhTs6c,1,0.04
AhQhTs6d,1,0.04
AdQdTc6h,1,0.04
AdQdTc6s,1,0.04
AdQdTs6c,1,0.04
AdQdTs6h,1,0.04
AdQdTh6c,1,0.04
AdQdTh6s,1,0.04
AcQcTs6h,1,0.04
AcQcTs6d,1,0.04
AcQcTh6d,1,0.04
AcQcTh6s,1,0.04
AcQcTd6s,1,0.04
AcQcTd6h,1,0.04
AsQsTh5d,1,0.05
AsQsTh5c,1,0.05
AsQsTd5c,1,0.05
AsQsTd5h,1,0.05
AsQsTc5h,1,0.05
AsQsTc5d,1,0.05
AhQhTd5c,1,0.05
AhQhTd5s,1,0.05
AhQhTc5d,1,0.05
AhQhTc5s,1,0.05
AhQhTs5c,1,0.05
AhQhTs5d,1,0.05
AdQdTc5h,1,0.05
AdQdTc5s,1,0.05
AdQdTs5c,1,0.05
AdQdTs5h,1,0.05
AdQdTh5c,1,0.05
AdQdTh5s,1,0.05
AcQcTs5h,1,0.05
AcQcTs5d,1,0.05
AcQcTh5d,1,0.05
AcQcTh5s,1,0.05
AcQcTd5s,1,0.05
AcQcTd5h,1,0.05
AsQsTh4d,1,0.03
AsQsTh4c,1,0.03
AsQsTd4c,1,0.03
AsQsTd4h,1,0.03
AsQsTc4h,1,0.03
AsQsTc4d,1,0.03
AhQhTd4c,1,0.03
AhQhTd4s,1,0.03
AhQhTc4d,1,0.03
AhQhTc4s,1,0.03
AhQhTs4c,1,0.03
AhQhTs4d,1,0.03
AdQdTc4h,1,0.03
AdQdTc4s,1,0.03
AdQdTs4c,1,0.03
AdQdTs4h,1,0.03
AdQdTh4c,1,0.03
AdQdTh4s,1,0.03
AcQcTs4h,1,0.03
AcQcTs4d,1,0.03
AcQcTh4d,1,0.03
AcQcTh4s,1,0.03
AcQcTd4s,1,0.03
AcQcTd4h,1,0.03
AsQsTh3d,1,0.01
AsQsTh3c,1,0.01
AsQsTd3c,1,0.01
AsQsTd3h,1,0.01
AsQsTc3h,1,0.01
AsQsTc3d,1,0.01
AhQhTd3c,1,0.01
AhQhTd3s,1,0.01
AhQhTc3d,1,0.01
AhQhTc3s,1,0.01
AhQhTs3c,1,0.01
AhQhTs3d,1,0.01
AdQdTc3h,1,0.01
AdQdTc3s,1,0.01
AdQdTs3c,1,0.01
AdQdTs3h,1,0.01
AdQdTh3c,1,0.01
AdQdTh3s,1,0.01
AcQcTs3h,1,0.01
AcQcTs3d,1,0.01
AcQcTh3d,1,0.01
AcQcTh3s,1,0.01
AcQcTd3s,1,0.01
AcQcTd3h,1,0.01
AsQs9h8h,1,0.27
AsQs9d8d,1,0.27
AsQs9c8c,1,0.27
AhQh9d8d,1,0.27
AhQh9c8c,1,0.27
AhQh9s8s,1,0.27
AdQd9c8c,1,0.27
AdQd9s8s,1,0.27
AdQd9h8h,1,0.27
AcQc9s8s,1,0.27
AcQc9h8h,1,0.27
AcQc9d8d,1,0.27
AsQs9h7h,1,0.09
AsQs9d7d,1,0.09
AsQs9c7c,1,0.09
AhQh9d7d,1,0.09
AhQh9c7c,1,0.09
AhQh9s7s,1,0.09
AdQd9c7c,1,0.09
AdQd9s7s,1,0.09
AdQd9h7h,1,0.09
AcQc9s7s,1,0.09
AcQc9h7h,1,0.09
AcQc9d7d,1,0.09
AsQs9h6h,1,0.05
AsQs9d6d,1,0.05
AsQs9c6c,1,0.05
AhQh9d6d,1,0.05
AhQh9c6c,1,0.05
AhQh9s6s,1,0.05
AdQd9c6c,1,0.05
AdQd9s6s,1,0.05
AdQd9h6h,1,0.05
AcQc9s6s,1,0.05
AcQc9h6h,1,0.05
AcQc9d6d,1,0.05
AsQs9h5h,1,0.03
AsQs9d5d,1,0.03
AsQs9c5c,1,0.03
AhQh9d5d,1,0.03
AhQh9c5c,1,0.03
AhQh9s5s,1,0.03
AdQd9c5c,1,0.03
AdQd9s5s,1,0.03
AdQd9h5h,1,0.03
AcQc9s5s,1,0.03
AcQc9h5h,1,0.03
AcQc9d5d,1,0.03
AsQs9h9d,1,0.13
AsQs9h9c,1,0.13
AsQs9d9c,1,0.13
AhQh9d9c,1,0.13
AhQh9s9d,1,0.13
AhQh9s9c,1,0.13
AdQd9h9c,1,0.13
AdQd9s9c,1,0.13
AdQd9s9h,1,0.13
AcQc9s9h,1,0.13
AcQc9s9d,1,0.13
AcQc9h9d,1,0.13
AsQs9h8d,1,0.08
AsQs9h8c,1,0.08
AsQs9d8c,1,0.08
AsQs9d8h,1,0.08
AsQs9c8h,1,0.08
AsQs9c8d,1,0.08
AhQh9d8c,1,0.08
AhQh9d8s,1,0.08
AhQh9c8d,1,0.08
AhQh9c8s,1,0.08
AhQh9s8c,1,0.08
AhQh9s8d,1,0.08
AdQd9c8h,1,0.08
AdQd9c8s,1,0.08
AdQd9s8c,1,0.08
AdQd9s8h,1,0.08
AdQd9h8c,1,0.08
AdQd9h8s,1,0.08
AcQc9s8h,1,0.08
AcQc9s8d,1,0.08
AcQc9h8d,1,0.08
AcQc9h8s,1,0.08
AcQc9d8s,1,0.08
AcQc9d8h,1,0.08
AsQs8h7h,1,0.17
AsQs8d7d,1,0.17
AsQs8c7c,1,0.17
AhQh8d7d,1,0.17
AhQh8c7c,1,0.17
AhQh8s7s,1,0.17
AdQd8c7c,1,0.17
AdQd8s7s,1,0.17
AdQd8h7h,1,0.17
AcQc8s7s,1,0.17
AcQc8h7h,1,0.17
AcQc8d7d,1,0.17
AsQs8h6h,1,0.11
AsQs8d6d,1,0.11
AsQs8c6c,1,0.11
AhQh8d6d,1,0.11
AhQh8c6c,1,0.11
AhQh8s6s,1,0.11
AdQd8c6c,1,0.11
AdQd8s6s,1,0.11
AdQd8h6h,1,0.11
AcQc8s6s,1,0.11
AcQc8h6h,1,0.11
AcQc8d6d,1,0.11
AsQs8h5h,1,0.1
AsQs8d5d,1,0.1
AsQs8c5c,1,0.1
AhQh8d5d,1,0.1
AhQh8c5c,1,0.1
AhQh8s5s,1,0.1
AdQd8c5c,1,0.1
AdQd8s5s,1,0.1
AdQd8h5h,1,0.1
AcQc8s5s,1,0.1
AcQc8h5h,1,0.1
AcQc8d5d,1,0.1
AsQs8h8d,1,0.07
AsQs8h8c,1,0.07
AsQs8d8c,1,0.07
AhQh8d8c,1,0.07
AhQh8s8d,1,0.07
AhQh8s8c,1,0.07
AdQd8h8c,1,0.07
AdQd8s8c,1,0.07
AdQd8s8h,1,0.07
AcQc8s8h,1,0.07
AcQc8s8d,1,0.07
AcQc8h8d,1,0.07
AsQs8h7d,1,0.01
AsQs8h7c,1,0.01
AsQs8d7c,1,0.01
AsQs8d7h,1,0.01
AsQs8c7h,1,0.01
AsQs8c7d,1,0.01
AhQh8d7c,1,0.01
AhQh8d7s,1,0.01
AhQh8c7d,1,0.01
AhQh8c7s,1,0.01
AhQh8s7c,1,0.01
AhQh8s7d,1,0.01
AdQd8c7h,1,0.01
AdQd8c7s,1,0.01
AdQd8s7c,1,0.01
AdQd8s7h,1,0.01
AdQd8h7c,1,0.01
AdQd8h7s,1,0.01
AcQc8s7h,1,0.01
AcQc8s7d,1,0.01
AcQc8h7d,1,0.01
AcQc8h7s,1,0.01
AcQc8d7s,1,0.01
AcQc8d7h,1,0.01
AsQs7h6h,1,0.13
AsQs7d6d,1,0.13
AsQs7c6c,1,0.13
AhQh7d6d,1,0.13
AhQh7c6c,1,0.13
AhQh7s6s,1,0.13
AdQd7c6c,1,0.13
AdQd7s6s,1,0.13
AdQd7h6h,1,0.13
AcQc7s6s,1,0.13
AcQc7h6h,1,0.13
AcQc7d6d,1,0.13
AsQs7h5h,1,0.14
AsQs7d5d,1,0.14
AsQs7c5c,1,0.14
AhQh7d5d,1,0.14
AhQh7c5c,1,0.14
AhQh7s5s,1,0.14
AdQd7c5c,1,0.14
AdQd7s5s,1,0.14
AdQd7h5h,1,0.14
AcQc7s5s,1,0.14
AcQc7h5h,1,0.14
AcQc7d5d,1,0.14
AsQs7h4h,1,0.01
AsQs7d4d,1,0.01
AsQs7c4c,1,0.01
AhQh7d4d,1,0.01
AhQh7c4c,1,0.01
AhQh7s4s,1,0.01
AdQd7c4c,1,0.01
AdQd7s4s,1,0.01
AdQd7h4h,1,0.01
AcQc7s4s,1,0.01
AcQc7h4h,1,0.01
AcQc7d4d,1,0.01
AsQs6h5h,1,0.14
AsQs6d5d,1,0.14
AsQs6c5c,1,0.14
AhQh6d5d,1,0.14
AhQh6c5c,1,0.14
AhQh6s5s,1,0.14
AdQd6c5c,1,0.14
AdQd6s5s,1,0.14
AdQd6h5h,1,0.14
AcQc6s5s,1,0.14
AcQc6h5h,1,0.14
AcQc6d5d,1,0.14
AsQs6h4h,1,0.02
AsQs6d4d,1,0.02
AsQs6c4c,1,0.02
AhQh6d4d,1,0.02
AhQh6c4c,1,0.02
AhQh6s4s,1,0.02
AdQd6c4c,1,0.02
AdQd6s4s,1,0.02
AdQd6h4h,1,0.02
AcQc6s4s,1,0.02
AcQc6h4h,1,0.02
AcQc6d4d,1,0.02
AsQs5h4h,1,0.29
AsQs5d4d,1,0.29
AsQs5c4c,1,0.29
AhQh5d4d,1,0.29
AhQh5c4c,1,0.29
AhQh5s4s,1,0.29
AdQd5c4c,1,0.29
AdQd5s4s,1,0.29
AdQd5h4h,1,0.29
AcQc5s4s,1,0.29
AcQc5h4h,1,0.29
AcQc5d4d,1,0.29
AsQs5h3h,1,0.14
AsQs5d3d,1,0.14
AsQs5c3c,1,0.14
AhQh5d3d,1,0.14
AhQh5c3c,1,0.14
AhQh5s3s,1,0.14
AdQd5c3c,1,0.14
AdQd5s3s,1,0.14
AdQd5h3h,1,0.14
AcQc5s3s,1,0.14
AcQc5h3h,1,0.14
AcQc5d3d,1,0.14
AsQs5h4d,1,0.05
AsQs5h4c,1,0.05
AsQs5d4c,1,0.05
AsQs5d4h,1,0.05
AsQs5c4h,1,0.05
AsQs5c4d,1,0.05
AhQh5d4c,1,0.05
AhQh5d4s,1,0.05
AhQh5c4d,1,0.05
AhQh5c4s,1,0.05
AhQh5s4c,1,0.05
AhQh5s4d,1,0.05
AdQd5c4h,1,0.05
AdQd5c4s,1,0.05
AdQd5s4c,1,0.05
AdQd5s4h,1,0.05
AdQd5h4c,1,0.05
AdQd5h4s,1,0.05
AcQc5s4h,1,0.05
AcQc5s4d,1,0.05
AcQc5h4d,1,0.05
AcQc5h4s,1,0.05
AcQc5d4s,1,0.05
AcQc5d4h,1,0.05
AsQs4h3h,1,0.09
AsQs4d3d,1,0.09
AsQs4c3c,1,0.09
AhQh4d3d,1,0.09
AhQh4c3c,1,0.09
AhQh4s3s,1,0.09
AdQd4c3c,1,0.09
AdQd4s3s,1,0.09
AdQd4h3h,1,0.09
AcQc4s3s,1,0.09
AcQc4h3h,1,0.09
AcQc4d3d,1,0.09
AsJsTs9s,1,0.02
AhJhTh9h,1,0.02
AdJdTd9d,1,0.02
AcJcTc9c,1,0.02
AsJsTsTh,1,0.41
AsJsTsTd,1,0.41
AsJsTsTc,1,0.41
AhJhThTd,1,0.41
AhJhThTc,1,0.41
AhJhTsTh,1,0.41
AdJdTdTc,1,0.41
AdJdTsTd,1,0.41
AdJdThTd,1,0.41
AcJcTsTc,1,0.41
AcJcThTc,1,0.41
AcJcTdTc,1,0.41
AsJsTs9h,1,0.16
AsJsTs9d,1,0.16
AsJsTs9c,1,0.16
AhJhTh9d,1,0.16
AhJhTh9c,1,0.16
AhJhTh9s,1,0.16
AdJdTd9c,1,0.16
AdJdTd9s,1,0.16
AdJdTd9h,1,0.16
AcJcTc9s,1,0.16
AcJcTc9h,1,0.16
AcJcTc9d,1,0.16
AsJsTs8h,1,0.12
AsJsTs8d,1,0.12
AsJsTs8c,1,0.12
AhJhTh8d,1,0.12
AhJhTh8c,1,0.12
AhJhTh8s,1,0.12
AdJdTd8c,1,0.12
AdJdTd8s,1,0.12
AdJdTd8h,1,0.12
AcJcTc8s,1,0.12
AcJcTc8h,1,0.12
AcJcTc8d,1,0.12
AsJsTs7h,0.099,0
AsJsTs7d,0.099,0
AsJsTs7c,0.099,0
AhJhTh7d,0.099,0
AhJhTh7c,0.099,0
AhJhTh7s,0.099,0
AdJdTd7c,0.099,0
AdJdTd7s,0.099,0
AdJdTd7h,0.099,0
AcJcTc7s,0.099,0
AcJcTc7h,0.099,0
AcJcTc7d,0.099,0
AsJs9s9h,1,0.07
AsJs9s9d,1,0.07
AsJs9s9c,1,0.07
AhJh9h9d,1,0.07
AhJh9h9c,1,0.07
AhJh9s9h,1,0.07
AdJd9d9c,1,0.07
AdJd9s9d,1,0.07
AdJd9h9d,1,0.07
AcJc9s9c,1,0.07
AcJc9h9c,1,0.07
AcJc9d9c,1,0.07
AsJs8s8h,0.211,0
AsJs8s8d,0.211,0
AsJs8s8c,0.211,0
AhJh8h8d,0.211,0
AhJh8h8c,0.211,0
AhJh8s8h,0.211,0
AdJd8d8c,0.211,0
AdJd8s8d,0.211,0
AdJd8h8d,0.211,0
AcJc8s8c,0.211,0
AcJc8h8c,0.211,0
AcJc8d8c,0.211,0
AsJsJhTs,1,0.45
AsJsJdTs,1,0.45
AsJsJcTs,1,0.45
AhJhJdTh,1,0.45
AhJhJcTh,1,0.45
AhJsJhTh,1,0.45
AdJdJcTd,1,0.45
AdJsJdTd,1,0.45
AdJhJdTd,1,0.45
AcJsJcTc,1,0.45
AcJhJcTc,1,0.45
AcJdJcTc,1,0.45
AsJsJh9s,1,0.21
AsJsJd9s,1,0.21
AsJsJc9s,1,0.21
AhJhJd9h,1,0.21
AhJhJc9h,1,0.21
AhJsJh9h,1,0.21
AdJdJc9d,1,0.21
AdJsJd9d,1,0.21
AdJhJd9d,1,0.21
AcJsJc9c,1,0.21
AcJhJc9c,1,0.21
AcJdJc9c,1,0.21
AsJsJh8s,1,0.17
AsJsJd8s,1,0.17
AsJsJc8s,1,0.17
AhJhJd8h,1,0.17
AhJhJc8h,1,0.17
AhJsJh8h,1,0.17
AdJdJc8d,1,0.17
AdJsJd8d,1,0.17
AdJhJd8d,1,0.17
AcJsJc8c,1,0.17
AcJhJc8c,1,0.17
AcJdJc8c,1,0.17
AsJsJh7s,1,0.08
AsJsJd7s,1,0.08
AsJsJc7s,1,0.08
AhJhJd7h,1,0.08
AhJhJc7h,1,0.08
AhJsJh7h,1,0.08
AdJdJc7d,1,0.08
AdJsJd7d,1,0.08
AdJhJd7d,1,0.08
AcJsJc7c,1,0.08
AcJhJc7c,1,0.08
AcJdJc7c,1,0.08
AsJsJh6s,1,0.01
AsJsJd6s,1,0.01
AsJsJc6s,1,0.01
AhJhJd6h,1,0.01
AhJhJc6h,1,0.01
AhJsJh6h,1,0.01
AdJdJc6d,1,0.01
AdJsJd6d,1,0.01
AdJhJd6d,1,0.01
AcJsJc6c,1,0.01
AcJhJc6c,1,0.01
AcJdJc6c,1,0.01
AsJsJh5s,1,0.06
AsJsJd5s,1,0.06
AsJsJc5s,1,0.06
AhJhJd5h,1,0.06
AhJhJc5h,1,0.06
AhJsJh5h,1,0.06
AdJdJc5d,1,0.06
AdJsJd5d,1,0.06
AdJhJd5d,1,0.06
AcJsJc5c,1,0.06
AcJhJc5c,1,0.06
AcJdJc5c,1,0.06
AsJsJh4s,1,0.05
AsJsJd4s,1,0.05
AsJsJc4s,1,0.05
AhJhJd4h,1,0.05
AhJhJc4h,1,0.05
AhJsJh4h,1,0.05
AdJdJc4d,1,0.05
AdJsJd4d,1,0.05
AdJhJd4d,1,0.05
AcJsJc4c,1,0.05
AcJhJc4c,1,0.05
AcJdJc4c,1,0.05
AsJsJh3s,1,0.03
AsJsJd3s,1,0.03
AsJsJc3s,1,0.03
AhJhJd3h,1,0.03
AhJhJc3h,1,0.03
AhJsJh3h,1,0.03
AdJdJc3d,1,0.03
AdJsJd3d,1,0.03
AdJhJd3d,1,0.03
AcJsJc3c,1,0.03
AcJhJc3c,1,0.03
AcJdJc3c,1,0.03
AsJsJhTh,1,1.1
AsJsJdTd,1,1.1
AsJsJcTc,1,1.1
AhJhJdTd,1,1.1
AhJhJcTc,1,1.1
AhJsJhTs,1,1.1
AdJdJcTc,1,1.1
AdJsJdTs,1,1.1
AdJhJdTh,1,1.1
AcJsJcTs,1,1.1
AcJhJcTh,1,1.1
AcJdJcTd,1,1.1
AsJsJh9h,1,0.8
AsJsJd9d,1,0.8
AsJsJc9c,1,0.8
AhJhJd9d,1,0.8
AhJhJc9c,1,0.8
AhJsJh9s,1,0.8
AdJdJc9c,1,0.8
AdJsJd9s,1,0.8
AdJhJd9h,1,0.8
AcJsJc9s,1,0.8
AcJhJc9h,1,0.8
AcJdJc9d,1,0.8
AsJsJh8h,1,0.73
AsJsJd8d,1,0.73
AsJsJc8c,1,0.73
AhJhJd8d,1,0.73
AhJhJc8c,1,0.73
AhJsJh8s,1,0.73
AdJdJc8c,1,0.73
AdJsJd8s,1,0.73
AdJhJd8h,1,0.73
AcJsJc8s,1,0.73
AcJhJc8h,1,0.73
AcJdJc8d,1,0.73
AsJsJh7h,1,0.57
AsJsJd7d,1,0.57
AsJsJc7c,1,0.57
AhJhJd7d,1,0.57
AhJhJc7c,1,0.57
AhJsJh7s,1,0.57
AdJdJc7c,1,0.57
AdJsJd7s,1,0.57
AdJhJd7h,1,0.57
AcJsJc7s,1,0.57
AcJhJc7h,1,0.57
AcJdJc7d,1,0.57
AsJsJh6h,1,0.4
AsJsJd6d,1,0.4
AsJsJc6c,1,0.4
AhJhJd6d,1,0.4
AhJhJc6c,1,0.4
AhJsJh6s,1,0.4
AdJdJc6c,1,0.4
AdJsJd6s,1,0.4
AdJhJd6h,1,0.4
AcJsJc6s,1,0.4
AcJhJc6h,1,0.4
AcJdJc6d,1,0.4
AsJsJh5h,1,0.54
AsJsJd5d,1,0.54
AsJsJc5c,1,0.54
AhJhJd5d,1,0.54
AhJhJc5c,1,0.54
AhJsJh5s,1,0.54
AdJdJc5c,1,0.54
AdJsJd5s,1,0.54
AdJhJd5h,1,0.54
AcJsJc5s,1,0.54
AcJhJc5h,1,0.54
AcJdJc5d,1,0.54
AsJsJh4h,1,0.55
AsJsJd4d,1,0.55
AsJsJc4c,1,0.55
AhJhJd4d,1,0.55
AhJhJc4c,1,0.55
AhJsJh4s,1,0.55
AdJdJc4c,1,0.55
AdJsJd4s,1,0.55
AdJhJd4h,1,0.55
AcJsJc4s,1,0.55
AcJhJc4h,1,0.55
AcJdJc4d,1,0.55
AsJsJh3h,1,0.53
AsJsJd3d,1,0.53
AsJsJc3c,1,0.53
AhJhJd3d,1,0.53
AhJhJc3c,1,0.53
AhJsJh3s,1,0.53
AdJdJc3c,1,0.53
AdJsJd3s,1,0.53
AdJhJd3h,1,0.53
AcJsJc3s,1,0.53
AcJhJc3h,1,0.53
AcJdJc3d,1,0.53
AsJsJh2h,1,0.48
AsJsJd2d,1,0.48
AsJsJc2c,1,0.48
AhJhJd2d,1,0.48
AhJhJc2c,1,0.48
AhJsJh2s,1,0.48
AdJdJc2c,1,0.48
AdJsJd2s,1,0.48
AdJhJd2h,1,0.48
AcJsJc2s,1,0.48
AcJhJc2h,1,0.48
AcJdJc2d,1,0.48
AsJsJhTd,1,0.73
AsJsJhTc,1,0.73
AsJsJdTc,1,0.73
AsJsJdTh,1,0.73
AsJsJcTh,1,0.73
AsJsJcTd,1,0.73
AhJhJdTc,1,0.73
AhJhJdTs,1,0.73
AhJhJcTd,1,0.73
AhJhJcTs,1,0.73
AhJsJhTc,1,0.73
AhJsJhTd,1,0.73
AdJdJcTh,1,0.73
AdJdJcTs,1,0.73
AdJsJdTc,1,0.73
AdJsJdTh,1,0.73
AdJhJdTc,1,0.73
AdJhJdTs,1,0.73
AcJsJcTh,1,0.73
AcJsJcTd,1,0.73
AcJhJcTd,1,0.73
AcJhJcTs,1,0.73
AcJdJcTs,1,0.73
AcJdJcTh,1,0.73
AsJsJh9d,1,0.47
AsJsJh9c,1,0.47
AsJsJd9c,1,0.47
AsJsJd9h,1,0.47
AsJsJc9h,1,0.47
AsJsJc9d,1,0.47
AhJhJd9c,1,0.47
AhJhJd9s,1,0.47
AhJhJc9d,1,0.47
AhJhJc9s,1,0.47
AhJsJh9c,1,0.47
AhJsJh9d,1,0.47
AdJdJc9h,1,0.47
AdJdJc9s,1,0.47
AdJsJd9c,1,0.47
AdJsJd9h,1,0.47
AdJhJd9c,1,0.47
AdJhJd9s,1,0.47
AcJsJc9h,1,0.47
AcJsJc9d,1,0.47
AcJhJc9d,1,0.47
AcJhJc9s,1,0.47
AcJdJc9s,1,0.47
AcJdJc9h,1,0.47
AsJsJh8d,1,0.4
AsJsJh8c,1,0.4
AsJsJd8c,1,0.4
AsJsJd8h,1,0.4
AsJsJc8h,1,0.4
AsJsJc8d,1,0.4
AhJhJd8c,1,0.4
AhJhJd8s,1,0.4
AhJhJc8d,1,0.4
AhJhJc8s,1,0.4
AhJsJh8c,1,0.4
AhJsJh8d,1,0.4
AdJdJc8h,1,0.4
AdJdJc8s,1,0.4
AdJsJd8c,1,0.4
AdJsJd8h,1,0.4
AdJhJd8c,1,0.4
AdJhJd8s,1,0.4
AcJsJc8h,1,0.4
AcJsJc8d,1,0.4
AcJhJc8d,1,0.4
AcJhJc8s,1,0.4
AcJdJc8s,1,0.4
AcJdJc8h,1,0.4
AsJsJh7d,1,0.25
AsJsJh7c,1,0.25
AsJsJd7c,1,0.25
AsJsJd7h,1,0.25
AsJsJc7h,1,0.25
AsJsJc7d,1,0.25
AhJhJd7c,1,0.25
AhJhJd7s,1,0.25
AhJhJc7d,1,0.25
AhJhJc7s,1,0.25
AhJsJh7c,1,0.25
AhJsJh7d,1,0.25
AdJdJc7h,1,0.25
AdJdJc7s,1,0.25
AdJsJd7c,1,0.25
AdJsJd7h,1,0.25
AdJhJd7c,1,0.25
AdJhJd7s,1,0.25
AcJsJc7h,1,0.25
AcJsJc7d,1,0.25
AcJhJc7d,1,0.25
AcJhJc7s,1,0.25
AcJdJc7s,1,0.25
AcJdJc7h,1,0.25
AsJsJh6d,1,0.15
AsJsJh6c,1,0.15
AsJsJd6c,1,0.15
AsJsJd6h,1,0.15
AsJsJc6h,1,0.15
AsJsJc6d,1,0.15
AhJhJd6c,1,0.15
AhJhJd6s,1,0.15
AhJhJc6d,1,0.15
AhJhJc6s,1,0.15
AhJsJh6c,1,0.15
AhJsJh6d,1,0.15
AdJdJc6h,1,0.15
AdJdJc6s,1,0.15
AdJsJd6c,1,0.15
AdJsJd6h,1,0.15
AdJhJd6c,1,0.15
AdJhJd6s,1,0.15
AcJsJc6h,1,0.15
AcJsJc6d,1,0.15
AcJhJc6d,1,0.15
AcJhJc6s,1,0.15
AcJdJc6s,1,0.15
AcJdJc6h,1,0.15
AsJsJh5d,1,0.24
AsJsJh5c,1,0.24
AsJsJd5c,1,0.24
AsJsJd5h,1,0.24
AsJsJc5h,1,0.24
AsJsJc5d,1,0.24
AhJhJd5c,1,0.24
AhJhJd5s,1,0.24
AhJhJc5d,1,0.24
AhJhJc5s,1,0.24
AhJsJh5c,1,0.24
AhJsJh5d,1,0.24
AdJdJc5h,1,0.24
AdJdJc5s,1,0.24
AdJsJd5c,1,0.24
AdJsJd5h,1,0.24
AdJhJd5c,1,0.24
AdJhJd5s,1,0.24
AcJsJc5h,1,0.24
AcJsJc5d,1,0.24
AcJhJc5d,1,0.24
AcJhJc5s,1,0.24
AcJdJc5s,1,0.24
AcJdJc5h,1,0.24
AsJsJh4d,1,0.25
AsJsJh4c,1,0.25
AsJsJd4c,1,0.25
AsJsJd4h,1,0.25
AsJsJc4h,1,0.25
AsJsJc4d,1,0.25
AhJhJd4c,1,0.25
AhJhJd4s,1,0.25
AhJhJc4d,1,0.25
AhJhJc4s,1,0.25
AhJsJh4c,1,0.25
AhJsJh4d,1,0.25
AdJdJc4h,1,0.25
AdJdJc4s,1,0.25
AdJsJd4c,1,0.25
AdJsJd4h,1,0.25
AdJhJd4c,1,0.25
AdJhJd4s,1,0.25
AcJsJc4h,1,0.25
AcJsJc4d,1,0.25
AcJhJc4d,1,0.25
AcJhJc4s,1,0.25
AcJdJc4s,1,0.25
AcJdJc4h,1,0.25
AsJsJh3d,1,0.24
AsJsJh3c,1,0.24
AsJsJd3c,1,0.24
AsJsJd3h,1,0.24
AsJsJc3h,1,0.24
AsJsJc3d,1,0.24
AhJhJd3c,1,0.24
AhJhJd3s,1,0.24
AhJhJc3d,1,0.24
AhJhJc3s,1,0.24
AhJsJh3c,1,0.24
AhJsJh3d,1,0.24
AdJdJc3h,1,0.24
AdJdJc3s,1,0.24
AdJsJd3c,1,0.24
AdJsJd3h,1,0.24
AdJhJd3c,1,0.24
AdJhJd3s,1,0.24
AcJsJc3h,1,0.24
AcJsJc3d,1,0.24
AcJhJc3d,1,0.24
AcJhJc3s,1,0.24
AcJdJc3s,1,0.24
AcJdJc3h,1,0.24
AsJsJh2d,1,0.2
AsJsJh2c,1,0.2
AsJsJd2c,1,0.2
AsJsJd2h,1,0.2
AsJsJc2h,1,0.2
AsJsJc2d,1,0.2
AhJhJd2c,1,0.2
AhJhJd2s,1,0.2
AhJhJc2d,1,0.2
AhJhJc2s,1,0.2
AhJsJh2c,1,0.2
AhJsJh2d,1,0.2
AdJdJc2h,1,0.2
AdJdJc2s,1,0.2
AdJsJd2c,1,0.2
AdJsJd2h,1,0.2
AdJhJd2c,1,0.2
AdJhJd2s,1,0.2
AcJsJc2h,1,0.2
AcJsJc2d,1,0.2
AcJhJc2d,1,0.2
AcJhJc2s,1,0.2
AcJdJc2s,1,0.2
AcJdJc2h,1,0.2
AsJsTh9s,1,0.16
AsJsTd9s,1,0.16
AsJsTc9s,1,0.16
AhJhTd9h,1,0.16
AhJhTc9h,1,0.16
AhJhTs9h,1,0.16
AdJdTc9d,1,0.16
AdJdTs9d,1,0.16
AdJdTh9d,1,0.16
AcJcTs9c,1,0.16
AcJcTh9c,1,0.16
AcJcTd9c,1,0.16
AsJsTh8s,1,0.13
AsJsTd8s,1,0.13
AsJsTc8s,1,0.13
AhJhTd8h,1,0.13
AhJhTc8h,1,0.13
AhJhTs8h,1,0.13
AdJdTc8d,1,0.13
AdJdTs8d,1,0.13
AdJdTh8d,1,0.13
AcJcTs8c,1,0.13
AcJcTh8c,1,0.13
AcJcTd8c,1,0.13
AsJsTh7s,1,0
AsJsTd7s,1,0
AsJsTc7s,1,0
AhJhTd7h,1,0
AhJhTc7h,1,0
AhJhTs7h,1,0
AdJdTc7d,1,0
AdJdTs7d,1,0
AdJdTh7d,1,0
AcJcTs7c,1,0
AcJcTh7c,1,0
AcJcTd7c,1,0
AsJsTh9h,1,0.82
AsJsTd9d,1,0.82
AsJsTc9c,1,0.82
AhJhTd9d,1,0.82
AhJhTc9c,1,0.82
AhJhTs9s,1,0.82
AdJdTc9c,1,0.82
AdJdTs9s,1,0.82
AdJdTh9h,1,0.82
AcJcTs9s,1,0.82
AcJcTh9h,1,0.82
AcJcTd9d,1,0.82
AsJsTh8h,1,0.76
AsJsTd8d,1,0.76
AsJsTc8c,1,0.76
AhJhTd8d,1,0.76
AhJhTc8c,1,0.76
AhJhTs8s,1,0.76
AdJdTc8c,1,0.76
AdJdTs8s,1,0.76
AdJdTh8h,1,0.76
AcJcTs8s,1,0.76
AcJcTh8h,1,0.76
AcJcTd8d,1,0.76
AsJsTh7h,1,0.42
AsJsTd7d,1,0.42
AsJsTc7c,1,0.42
AhJhTd7d,1,0.42
AhJhTc7c,1,0.42
AhJhTs7s,1,0.42
AdJdTc7c,1,0.42
AdJdTs7s,1,0.42
AdJdTh7h,1,0.42
AcJcTs7s,1,0.42
AcJcTh7h,1,0.42
AcJcTd7d,1,0.42
AsJsTh6h,1,0.17
AsJsTd6d,1,0.17
AsJsTc6c,1,0.17
AhJhTd6d,1,0.17
AhJhTc6c,1,0.17
AhJhTs6s,1,0.17
AdJdTc6c,1,0.17
AdJdTs6s,1,0.17
AdJdTh6h,1,0.17
AcJcTs6s,1,0.17
AcJcTh6h,1,0.17
AcJcTd6d,1,0.17
AsJsTh5h,1,0.31
AsJsTd5d,1,0.31
AsJsTc5c,1,0.31
AhJhTd5d,1,0.31
AhJhTc5c,1,0.31
AhJhTs5s,1,0.31
AdJdTc5c,1,0.31
AdJdTs5s,1,0.31
AdJdTh5h,1,0.31
AcJcTs5s,1,0.31
AcJcTh5h,1,0.31
AcJcTd5d,1,0.31
AsJsTh4h,1,0.32
AsJsTd4d,1,0.32
AsJsTc4c,1,0.32
AhJhTd4d,1,0.32
AhJhTc4c,1,0.32
AhJhTs4s,1,0.32
AdJdTc4c,1,0.32
AdJdTs4s,1,0.32
AdJdTh4h,1,0.32
AcJcTs4s,1,0.32
AcJcTh4h,1,0.32
AcJcTd4d,1,0.32
AsJsTh3h,1,0.32
AsJsTd3d,1,0.32
AsJsTc3c,1,0.32
AhJhTd3d,1,0.32
AhJhTc3c,1,0.32
AhJhTs3s,1,0.32
AdJdTc3c,1,0.32
AdJdTs3s,1,0.32
AdJdTh3h,1,0.32
AcJcTs3s,1,0.32
AcJcTh3h,1,0.32
AcJcTd3d,1,0.32
AsJsTh2h,1,0.29
AsJsTd2d,1,0.29
AsJsTc2c,1,0.29
AhJhTd2d,1,0.29
AhJhTc2c,1,0.29
AhJhTs2s,1,0.29
AdJdTc2c,1,0.29
AdJdTs2s,1,0.29
AdJdTh2h,1,0.29
AcJcTs2s,1,0.29
AcJcTh2h,1,0.29
AcJcTd2d,1,0.29
AsJsThTd,1,0.6
AsJsThTc,1,0.6
AsJsTdTc,1,0.6
AhJhTdTc,1,0.6
AhJhTsTd,1,0.6
AhJhTsTc,1,0.6
AdJdThTc,1,0.6
AdJdTsTc,1,0.6
AdJdTsTh,1,0.6
AcJcTsTh,1,0.6
AcJcTsTd,1,0.6
AcJcThTd,1,0.6
AsJsTh9d,1,0.44
AsJsTh9c,1,0.44
AsJsTd9c,1,0.44
AsJsTd9h,1,0.44
AsJsTc9h,1,0.44
AsJsTc9d,1,0.44
AhJhTd9c,1,0.44
AhJhTd9s,1,0.44
AhJhTc9d,1,0.44
AhJhTc9s,1,0.44
AhJhTs9c,1,0.44
AhJhTs9d,1,0.44
AdJdTc9h,1,0.44
AdJdTc9s,1,0.44
AdJdTs9c,1,0.44
AdJdTs9h,1,0.44
AdJdTh9c,1,0.44
AdJdTh9s,1,0.44
AcJcTs9h,1,0.44
AcJcTs9d,1,0.44
AcJcTh9d,1,0.44
AcJcTh9s,1,0.44
AcJcTd9s,1,0.44
AcJcTd9h,1,0.44
AsJsTh8d,1,0.37
AsJsTh8c,1,0.37
AsJsTd8c,1,0.37
AsJsTd8h,1,0.37
AsJsTc8h,1,0.37
AsJsTc8d,1,0.37
AhJhTd8c,1,0.37
AhJhTd8s,1,0.37
AhJhTc8d,1,0.37
AhJhTc8s,1,0.37
AhJhTs8c,1,0.37
AhJhTs8d,1,0.37
AdJdTc8h,1,0.37
AdJdTc8s,1,0.37
AdJdTs8c,1,0.37
AdJdTs8h,1,0.37
AdJdTh8c,1,0.37
AdJdTh8s,1,0.37
AcJcTs8h,1,0.37
AcJcTs8d,1,0.37
AcJcTh8d,1,0.37
AcJcTh8s,1,0.37
AcJcTd8s,1,0.37
AcJcTd8h,1,0.37
AsJsTh7d,1,0.15
AsJsTh7c,1,0.15
AsJsTd7c,1,0.15
AsJsTd7h,1,0.15
AsJsTc7h,1,0.15
AsJsTc7d,1,0.15
AhJhTd7c,1,0.15
AhJhTd7s,1,0.15
AhJhTc7d,1,0.15
AhJhTc7s,1,0.15
AhJhTs7c,1,0.15
AhJhTs7d,1,0.15
AdJdTc7h,1,0.15
AdJdTc7s,1,0.15
AdJdTs7c,1,0.15
AdJdTs7h,1,0.15
AdJdTh7c,1,0.15
AdJdTh7s,1,0.15
AcJcTs7h,1,0.15
AcJcTs7d,1,0.15
AcJcTh7d,1,0.15
AcJcTh7s,1,0.15
AcJcTd7s,1,0.15
AcJcTd7h,1,0.15
AsJsTh6d,1,0.01
AsJsTh6c,1,0.01
AsJsTd6c,1,0.01
AsJsTd6h,1,0.01
AsJsTc6h,1,0.01
AsJsTc6d,1,0.01
AhJhTd6c,1,0.01
AhJhTd6s,1,0.01
AhJhTc6d,1,0.01
AhJhTc6s,1,0.01
AhJhTs6c,1,0.01
AhJhTs6d,1,0.01
AdJdTc6h,1,0.01
AdJdTc6s,1,0.01
AdJdTs6c,1,0.01
AdJdTs6h,1,0.01
AdJdTh6c,1,0.01
AdJdTh6s,1,0.01
AcJcTs6h,1,0.01
AcJcTs6d,1,0.01
AcJcTh6d,1,0.01
AcJcTh6s,1,0.01
AcJcTd6s,1,0.01
AcJcTd6h,1,0.01
AsJsTh5d,1,0.07
AsJsTh5c,1,0.07
AsJsTd5c,1,0.07
AsJsTd5h,1,0.07
AsJsTc5h,1,0.07
AsJsTc5d,1,0.07
AhJhTd5c,1,0.07
AhJhTd5s,1,0.07
AhJhTc5d,1,0.07
AhJhTc5s,1,0.07
AhJhTs5c,1,0.07
AhJhTs5d,1,0.07
AdJdTc5h,1,0.07
AdJdTc5s,1,0.07
AdJdTs5c,1,0.07
AdJdTs5h,1,0.07
AdJdTh5c,1,0.07
AdJdTh5s,1,0.07
AcJcTs5h,1,0.07
AcJcTs5d,1,0.07
AcJcTh5d,1,0.07
AcJcTh5s,1,0.07
AcJcTd5s,1,0.07
AcJcTd5h,1,0.07
AsJsTh4d,1,0.06
AsJsTh4c,1,0.06
AsJsTd4c,1,0.06
AsJsTd4h,1,0.06
AsJsTc4h,1,0.06
AsJsTc4d,1,0.06
AhJhTd4c,1,0.06
AhJhTd4s,1,0.06
AhJhTc4d,1,0.06
AhJhTc4s,1,0.06
AhJhTs4c,1,0.06
AhJhTs4d,1,0.06
AdJdTc4h,1,0.06
AdJdTc4s,1,0.06
AdJdTs4c,1,0.06
AdJdTs4h,1,0.06
AdJdTh4c,1,0.06
AdJdTh4s,1,0.06
AcJcTs4h,1,0.06
AcJcTs4d,1,0.06
AcJcTh4d,1,0.06
AcJcTh4s,1,0.06
AcJcTd4s,1,0.06
AcJcTd4h,1,0.06
AsJsTh3d,1,0.05
AsJsTh3c,1,0.05
AsJsTd3c,1,0.05
AsJsTd3h,1,0.05
AsJsTc3h,1,0.05
AsJsTc3d,1,0.05
AhJhTd3c,1,0.05
AhJhTd3s,1,0.05
AhJhTc3d,1,0.05
AhJhTc3s,1,0.05
AhJhTs3c,1,0.05
AhJhTs3d,1,0.05
AdJdTc3h,1,0.05
AdJdTc3s,1,0.05
AdJdTs3c,1,0.05
AdJdTs3h,1,0.05
AdJdTh3c,1,0.05
AdJdTh3s,1,0.05
AcJcTs3h,1,0.05
AcJcTs3d,1,0.05
AcJcTh3d,1,0.05
AcJcTh3s,1,0.05
AcJcTd3s,1,0.05
AcJcTd3h,1,0.05
AsJsTh2d,1,0.02
AsJsTh2c,1,0.02
AsJsTd2c,1,0.02
AsJsTd2h,1,0.02
AsJsTc2h,1,0.02
AsJsTc2d,1,0.02
AhJhTd2c,1,0.02
AhJhTd2s,1,0.02
AhJhTc2d,1,0.02
AhJhTc2s,1,0.02
AhJhTs2c,1,0.02
AhJhTs2d,1,0.02
AdJdTc2h,1,0.02
AdJdTc2s,1,0.02
AdJdTs2c,1,0.02
AdJdTs2h,1,0.02
AdJdTh2c,1,0.02
AdJdTh2s,1,0.02
AcJcTs2h,1,0.02
AcJcTs2d,1,0.02
AcJcTh2d,1,0.02
AcJcTh2s,1,0.02
AcJcTd2s,1,0.02
AcJcTd2h,1,0.02
AsJs9h8s,0.064,0
AsJs9d8s,0.064,0
AsJs9c8s,0.064,0
AhJh9d8h,0.064,0
AhJh9c8h,0.064,0
AhJh9s8h,0.064,0
AdJd9c8d,0.064,0
AdJd9s8d,0.064,0
AdJd9h8d,0.064,0
AcJc9s8c,0.064,0
AcJc9h8c,0.064,0
AcJc9d8c,0.064,0
AsJs9h8h,1,0.43
AsJs9d8d,1,0.43
AsJs9c8c,1,0.43
AhJh9d8d,1,0.43
AhJh9c8c,1,0.43
AhJh9s8s,1,0.43
AdJd9c8c,1,0.43
AdJd9s8s,1,0.43
AdJd9h8h,1,0.43
AcJc9s8s,1,0.43
AcJc9h8h,1,0.43
AcJc9d8d,1,0.43
AsJs9h7h,1,0.23
AsJs9d7d,1,0.23
AsJs9c7c,1,0.23
AhJh9d7d,1,0.23
AhJh9c7c,1,0.23
AhJh9s7s,1,0.23
AdJd9c7c,1,0.23
AdJd9s7s,1,0.23
AdJd9h7h,1,0.23
AcJc9s7s,1,0.23
AcJc9h7h,1,0.23
AcJc9d7d,1,0.23
AsJs9h6h,1,0.04
AsJs9d6d,1,0.04
AsJs9c6c,1,0.04
AhJh9d6d,1,0.04
AhJh9c6c,1,0.04
AhJh9s6s,1,0.04
AdJd9c6c,1,0.04
AdJd9s6s,1,0.04
AdJd9h6h,1,0.04
AcJc9s6s,1,0.04
AcJc9h6h,1,0.04
AcJc9d6d,1,0.04
AsJs9h5h,1,0.07
AsJs9d5d,1,0.07
AsJs9c5c,1,0.07
AhJh9d5d,1,0.07
AhJh9c5c,1,0.07
AhJh9s5s,1,0.07
AdJd9c5c,1,0.07
AdJd9s5s,1,0.07
AdJd9h5h,1,0.07
AcJc9s5s,1,0.07
AcJc9h5h,1,0.07
AcJc9d5d,1,0.07
AsJs9h9d,1,0.21
AsJs9h9c,1,0.21
AsJs9d9c,1,0.21
AhJh9d9c,1,0.21
AhJh9s9d,1,0.21
AhJh9s9c,1,0.21
AdJd9h9c,1,0.21
AdJd9s9c,1,0.21
AdJd9s9h,1,0.21
AcJc9s9h,1,0.21
AcJc9s9d,1,0.21
AcJc9h9d,1,0.21
AsJs9h8d,1,0.14
AsJs9h8c,1,0.14
AsJs9d8c,1,0.14
AsJs9d8h,1,0.14
AsJs9c8h,1,0.14
AsJs9c8d,1,0.14
AhJh9d8c,1,0.14
AhJh9d8s,1,0.14
AhJh9c8d,1,0.14
AhJh9c8s,1,0.14
AhJh9s8c,1,0.14
AhJh9s8d,1,0.14
AdJd9c8h,1,0.14
AdJd9c8s,1,0.14
AdJd9s8c,1,0.14
AdJd9s8h,1,0.14
AdJd9h8c,1,0.14
AdJd9h8s,1,0.14
AcJc9s8h,1,0.14
AcJc9s8d,1,0.14
AcJc9h8d,1,0.14
AcJc9h8s,1,0.14
AcJc9d8s,1,0.14
AcJc9d8h,1,0.14
AsJs9h7d,1,0.05
AsJs9h7c,1,0.05
AsJs9d7c,1,0.05
AsJs9d7h,1,0.05
AsJs9c7h,1,0.05
AsJs9c7d,1,0.05
AhJh9d7c,1,0.05
AhJh9d7s,1,0.05
AhJh9c7d,1,0.05
AhJh9c7s,1,0.05
AhJh9s7c,1,0.05
AhJh9s7d,1,0.05
AdJd9c7h,1,0.05
AdJd9c7s,1,0.05
AdJd9s7c,1,0.05
AdJd9s7h,1,0.05
AdJd9h7c,1,0.05
AdJd9h7s,1,0.05
AcJc9s7h,1,0.05
AcJc9s7d,1,0.05
AcJc9h7d,1,0.05
AcJc9h7s,1,0.05
AcJc9d7s,1,0.05
AcJc9d7h,1,0.05
AsJs8h7h,1,0.3
AsJs8d7d,1,0.3
AsJs8c7c,1,0.3
AhJh8d7d,1,0.3
AhJh8c7c,1,0.3
AhJh8s7s,1,0.3
AdJd8c7c,1,0.3
AdJd8s7s,1,0.3
AdJd8h7h,1,0.3
AcJc8s7s,1,0.3
AcJc8h7h,1,0.3
AcJc8d7d,1,0.3
AsJs8h6h,1,0.09
AsJs8d6d,1,0.09
AsJs8c6c,1,0.09
AhJh8d6d,1,0.09
AhJh8c6c,1,0.09
AhJh8s6s,1,0.09
AdJd8c6c,1,0.09
AdJd8s6s,1,0.09
AdJd8h6h,1,0.09
AcJc8s6s,1,0.09
AcJc8h6h,1,0.09
AcJc8d6d,1,0.09
AsJs8h5h,1,0.14
AsJs8d5d,1,0.14
AsJs8c5c,1,0.14
AhJh8d5d,1,0.14
AhJh8c5c,1,0.14
AhJh8s5s,1,0.14
AdJd8c5c,1,0.14
AdJd8s5s,1,0.14
AdJd8h5h,1,0.14
AcJc8s5s,1,0.14
AcJc8h5h,1,0.14
AcJc8d5d,1,0.14
AsJs8h4h,1,0.01
AsJs8d4d,1,0.01
AsJs8c4c,1,0.01
AhJh8d4d,1,0.01
AhJh8c4c,1,0.01
AhJh8s4s,1,0.01
AdJd8c4c,1,0.01
AdJd8s4s,1,0.01
AdJd8h4h,1,0.01
AcJc8s4s,1,0.01
AcJc8h4h,1,0.01
AcJc8d4d,1,0.01
AsJs8h8d,1,0.11
AsJs8h8c,1,0.11
AsJs8d8c,1,0.11
AhJh8d8c,1,0.11
AhJh8s8d,1,0.11
AhJh8s8c,1,0.11
AdJd8h8c,1,0.11
AdJd8s8c,1,0.11
AdJd8s8h,1,0.11
AcJc8s8h,1,0.11
AcJc8s8d,1,0.11
AcJc8h8d,1,0.11
AsJs8h7d,1,0.07
AsJs8h7c,1,0.07
AsJs8d7c,1,0.07
AsJs8d7h,1,0.07
AsJs8c7h,1,0.07
AsJs8c7d,1,0.07
AhJh8d7c,1,0.07
AhJh8d7s,1,0.07
AhJh8c7d,1,0.07
AhJh8c7s,1,0.07
AhJh8s7c,1,0.07
AhJh8s7d,1,0.07
AdJd8c7h,1,0.07
AdJd8c7s,1,0.07
AdJd8s7c,1,0.07
AdJd8s7h,1,0.07
AdJd8h7c,1,0.07
AdJd8h7s,1,0.07
AcJc8s7h,1,0.07
AcJc8s7d,1,0.07
AcJc8h7d,1,0.07
AcJc8h7s,1,0.07
AcJc8d7s,1,0.07
AcJc8d7h,1,0.07
AsJs7h6h,1,0.09
AsJs7d6d,1,0.09
AsJs7c6c,1,0.09
AhJh7d6d,1,0.09
AhJh7c6c,1,0.09
AhJh7s6s,1,0.09
AdJd7c6c,1,0.09
AdJd7s6s,1,0.09
AdJd7h6h,1,0.09
AcJc7s6s,1,0.09
AcJc7h6h,1,0.09
AcJc7d6d,1,0.09
AsJs7h5h,1,0.16
AsJs7d5d,1,0.16
AsJs7c5c,1,0.16
AhJh7d5d,1,0.16
AhJh7c5c,1,0.16
AhJh7s5s,1,0.16
AdJd7c5c,1,0.16
AdJd7s5s,1,0.16
AdJd7h5h,1,0.16
AcJc7s5s,1,0.16
AcJc7h5h,1,0.16
AcJc7d5d,1,0.16
AsJs7h4h,1,0.02
AsJs7d4d,1,0.02
AsJs7c4c,1,0.02
AhJh7d4d,1,0.02
AhJh7c4c,1,0.02
AhJh7s4s,1,0.02
AdJd7c4c,1,0.02
AdJd7s4s,1,0.02
AdJd7h4h,1,0.02
AcJc7s4s,1,0.02
AcJc7h4h,1,0.02
AcJc7d4d,1,0.02
AsJs6h5h,1,0.08
AsJs6d5d,1,0.08
AsJs6c5c,1,0.08
AhJh6d5d,1,0.08
AhJh6c5c,1,0.08
AhJh6s5s,1,0.08
AdJd6c5c,1,0.08
AdJd6s5s,1,0.08
AdJd6h5h,1,0.08
AcJc6s5s,1,0.08
AcJc6h5h,1,0.08
AcJc6d5d,1,0.08
AsJs5h4h,1,0.21
AsJs5d4d,1,0.21
AsJs5c4c,1,0.21
AhJh5d4d,1,0.21
AhJh5c4c,1,0.21
AhJh5s4s,1,0.21
AdJd5c4c,1,0.21
AdJd5s4s,1,0.21
AdJd5h4h,1,0.21
AcJc5s4s,1,0.21
AcJc5h4h,1,0.21
AcJc5d4d,1,0.21
AsJs5h3h,1,0.07
AsJs5d3d,1,0.07
AsJs5c3c,1,0.07
AhJh5d3d,1,0.07
AhJh5c3c,1,0.07
AhJh5s3s,1,0.07
AdJd5c3c,1,0.07
AdJd5s3s,1,0.07
AdJd5h3h,1,0.07
AcJc5s3s,1,0.07
AcJc5h3h,1,0.07
AcJc5d3d,1,0.07
AsJs4h3h,1,0.02
AsJs4d3d,1,0.02
AsJs4c3c,1,0.02
AhJh4d3d,1,0.02
AhJh4c3c,1,0.02
AhJh4s3s,1,0.02
AdJd4c3c,1,0.02
AdJd4s3s,1,0.02
AdJd4h3h,1,0.02
AcJc4s3s,1,0.02
AcJc4h3h,1,0.02
AcJc4d3d,1,0.02
AsTs9s9h,1,0.17
AsTs9s9d,1,0.17
AsTs9s9c,1,0.17
AhTh9h9d,1,0.17
AhTh9h9c,1,0.17
AhTh9s9h,1,0.17
AdTd9d9c,1,0.17
AdTd9s9d,1,0.17
AdTd9h9d,1,0.17
AcTc9s9c,1,0.17
AcTc9h9c,1,0.17
AcTc9d9c,1,0.17
AsTs9s8h,1,0.07
AsTs9s8d,1,0.07
AsTs9s8c,1,0.07
AhTh9h8d,1,0.07
AhTh9h8c,1,0.07
AhTh9h8s,1,0.07
AdTd9d8c,1,0.07
AdTd9d8s,1,0.07
AdTd9d8h,1,0.07
AcTc9c8s,1,0.07
AcTc9c8h,1,0.07
AcTc9c8d,1,0.07
AsTs8s8h,1,0.07
AsTs8s8d,1,0.07
AsTs8s8c,1,0.07
AhTh8h8d,1,0.07
AhTh8h8c,1,0.07
AhTh8s8h,1,0.07
AdTd8d8c,1,0.07
AdTd8s8d,1,0.07
AdTd8h8d,1,0.07
AcTc8s8c,1,0.07
AcTc8h8c,1,0.07
AcTc8d8c,1,0.07
AsTs8s7h,1,0.02
AsTs8s7d,1,0.02
AsTs8s7c,1,0.02
AhTh8h7d,1,0.02
AhTh8h7c,1,0.02
AhTh8h7s,1,0.02
AdTd8d7c,1,0.02
AdTd8d7s,1,0.02
AdTd8d7h,1,0.02
AcTc8c7s,1,0.02
AcTc8c7h,1,0.02
AcTc8c7d,1,0.02
AsTsTh9s,1,0.22
AsTsTd9s,1,0.22
AsTsTc9s,1,0.22
AhThTd9h,1,0.22
AhThTc9h,1,0.22
AhTsTh9h,1,0.22
AdTdTc9d,1,0.22
AdTsTd9d,1,0.22
AdThTd9d,1,0.22
AcTsTc9c,1,0.22
AcThTc9c,1,0.22
AcTdTc9c,1,0.22
AsTsTh8s,1,0.16
AsTsTd8s,1,0.16
AsTsTc8s,1,0.16
AhThTd8h,1,0.16
AhThTc8h,1,0.16
AhTsTh8h,1,0.16
AdTdTc8d,1,0.16
AdTsTd8d,1,0.16
AdThTd8d,1,0.16
AcTsTc8c,1,0.16
AcThTc8c,1,0.16
AcTdTc8c,1,0.16
AsTsTh7s,1,0.08
AsTsTd7s,1,0.08
AsTsTc7s,1,0.08
AhThTd7h,1,0.08
AhThTc7h,1,0.08
AhTsTh7h,1,0.08
AdTdTc7d,1,0.08
AdTsTd7d,1,0.08
AdThTd7d,1,0.08
AcTsTc7c,1,0.08
AcThTc7c,1,0.08
AcTdTc7c,1,0.08
AsTsTh6s,1,0
AsTsTd6s,1,0
AsTsTc6s,1,0
AhThTd6h,1,0
AhThTc6h,1,0
AhTsTh6h,1,0
AdTdTc6d,1,0
AdTsTd6d,1,0
AdThTd6d,1,0
AcTsTc6c,1,0
AcThTc6c,1,0
AcTdTc6c,1,0
AsTsTh9h,1,0.78
AsTsTd9d,1,0.78
AsTsTc9c,1,0.78
AhThTd9d,1,0.78
AhThTc9c,1,0.78
AhTsTh9s,1,0.78
AdTdTc9c,1,0.78
AdTsTd9s,1,0.78
AdThTd9h,1,0.78
AcTsTc9s,1,0.78
AcThTc9h,1,0.78
AcTdTc9d,1,0.78
AsTsTh8h,1,0.69
AsTsTd8d,1,0.69
AsTsTc8c,1,0.69
AhThTd8d,1,0.69
AhThTc8c,1,0.69
AhTsTh8s,1,0.69
AdTdTc8c,1,0.69
AdTsTd8s,1,0.69
AdThTd8h,1,0.69
AcTsTc8s,1,0.69
AcThTc8h,1,0.69
AcTdTc8d,1,0.69
AsTsTh7h,1,0.51
AsTsTd7d,1,0.51
AsTsTc7c,1,0.51
AhThTd7d,1,0.51
AhThTc7c,1,0.51
AhTsTh7s,1,0.51
AdTdTc7c,1,0.51
AdTsTd7s,1,0.51
AdThTd7h,1,0.51
AcTsTc7s,1,0.51
AcThTc7h,1,0.51
AcTdTc7d,1,0.51
AsTsTh6h,1,0.33
AsTsTd6d,1,0.33
AsTsTc6c,1,0.33
AhThTd6d,1,0.33
AhThTc6c,1,0.33
AhTsTh6s,1,0.33
AdTdTc6c,1,0.33
AdTsTd6s,1,0.33
AdThTd6h,1,0.33
AcTsTc6s,1,0.33
AcThTc6h,1,0.33
AcTdTc6d,1,0.33
AsTsTh5h,1,0.33
AsTsTd5d,1,0.33
AsTsTc5c,1,0.33
AhThTd5d,1,0.33
AhThTc5c,1,0.33
AhTsTh5s,1,0.33
AdTdTc5c,1,0.33
AdTsTd5s,1,0.33
AdThTd5h,1,0.33
AcTsTc5s,1,0.33
AcThTc5h,1,0.33
AcTdTc5d,1,0.33
AsTsTh4h,1,0.35
AsTsTd4d,1,0.35
AsTsTc4c,1,0.35
AhThTd4d,1,0.35
AhThTc4c,1,0.35
AhTsTh4s,1,0.35
AdTdTc4c,1,0.35
AdTsTd4s,1,0.35
AdThTd4h,1,0.35
AcTsTc4s,1,0.35
AcThTc4h,1,0.35
AcTdTc4d,1,0.35
AsTsTh3h,1,0.34
AsTsTd3d,1,0.34
AsTsTc3c,1,0.34
AhThTd3d,1,0.34
AhThTc3c,1,0.34
AhTsTh3s,1,0.34
AdTdTc3c,1,0.34
AdTsTd3s,1,0.34
AdThTd3h,1,0.34
AcTsTc3s,1,0.34
AcThTc3h,1,0.34
AcTdTc3d,1,0.34
AsTsTh2h,1,0.3
AsTsTd2d,1,0.3
AsTsTc2c,1,0.3
AhThTd2d,1,0.3
AhThTc2c,1,0.3
AhTsTh2s,1,0.3
AdTdTc2c,1,0.3
AdTsTd2s,1,0.3
AdThTd2h,1,0.3
AcTsTc2s,1,0.3
AcThTc2h,1,0.3
AcTdTc2d,1,0.3
AsTsTh9d,1,0.48
AsTsTh9c,1,0.48
AsTsTd9c,1,0.48
AsTsTd9h,1,0.48
AsTsTc9h,1,0.48
AsTsTc9d,1,0.48
AhThTd9c,1,0.48
AhThTd9s,1,0.48
AhThTc9d,1,0.48
AhThTc9s,1,0.48
AhTsTh9c,1,0.48
AhTsTh9d,1,0.48
AdTdTc9h,1,0.48
AdTdTc9s,1,0.48
AdTsTd9c,1,0.48
AdTsTd9h,1,0.48
AdThTd9c,1,0.48
AdThTd9s,1,0.48
AcTsTc9h,1,0.48
AcTsTc9d,1,0.48
AcThTc9d,1,0.48
AcThTc9s,1,0.48
AcTdTc9s,1,0.48
AcTdTc9h,1,0.48
AsTsTh8d,1,0.41
AsTsTh8c,1,0.41
AsTsTd8c,1,0.41
AsTsTd8h,1,0.41
AsTsTc8h,1,0.41
AsTsTc8d,1,0.41
AhThTd8c,1,0.41
AhThTd8s,1,0.41
AhThTc8d,1,0.41
AhThTc8s,1,0.41
AhTsTh8c,1,0.41
AhTsTh8d,1,0.41
AdTdTc8h,1,0.41
AdTdTc8s,1,0.41
AdTsTd8c,1,0.41
AdTsTd8h,1,0.41
AdThTd8c,1,0.41
AdThTd8s,1,0.41
AcTsTc8h,1,0.41
AcTsTc8d,1,0.41
AcThTc8d,1,0.41
AcThTc8s,1,0.41
AcTdTc8s,1,0.41
AcTdTc8h,1,0.41
AsTsTh7d,1,0.25
AsTsTh7c,1,0.25
AsTsTd7c,1,0.25
AsTsTd7h,1,0.25
AsTsTc7h,1,0.25
AsTsTc7d,1,0.25
AhThTd7c,1,0.25
AhThTd7s,1,0.25
AhThTc7d,1,0.25
AhThTc7s,1,0.25
AhTsTh7c,1,0.25
AhTsTh7d,1,0.25
AdTdTc7h,1,0.25
AdTdTc7s,1,0.25
AdTsTd7c,1,0.25
AdTsTd7h,1,0.25
AdThTd7c,1,0.25
AdThTd7s,1,0.25
AcTsTc7h,1,0.25
AcTsTc7d,1,0.25
AcThTc7d,1,0.25
AcThTc7s,1,0.25
AcTdTc7s,1,0.25
AcTdTc7h,1,0.25
AsTsTh6d,1,0.13
AsTsTh6c,1,0.13
AsTsTd6c,1,0.13
AsTsTd6h,1,0.13
AsTsTc6h,1,0.13
AsTsTc6d,1,0.13
AhThTd6c,1,0.13
AhThTd6s,1,0.13
AhThTc6d,1,0.13
AhThTc6s,1,0.13
AhTsTh6c,1,0.13
AhTsTh6d,1,0.13
AdTdTc6h,1,0.13
AdTdTc6s,1,0.13
AdTsTd6c,1,0.13
AdTsTd6h,1,0.13
AdThTd6c,1,0.13
AdThTd6s,1,0.13
AcTsTc6h,1,0.13
AcTsTc6d,1,0.13
AcThTc6d,1,0.13
AcThTc6s,1,0.13
AcTdTc6s,1,0.13
AcTdTc6h,1,0.13
AsTsTh5d,1,0.12
AsTsTh5c,1,0.12
AsTsTd5c,1,0.12
AsTsTd5h,1,0.12
AsTsTc5h,1,0.12
AsTsTc5d,1,0.12
AhThTd5c,1,0.12
AhThTd5s,1,0.12
AhThTc5d,1,0.12
AhThTc5s,1,0.12
AhTsTh5c,1,0.12
AhTsTh5d,1,0.12
AdTdTc5h,1,0.12
AdTdTc5s,1,0.12
AdTsTd5c,1,0.12
AdTsTd5h,1,0.12
AdThTd5c,1,0.12
AdThTd5s,1,0.12
AcTsTc5h,1,0.12
AcTsTc5d,1,0.12
AcThTc5d,1,0.12
AcThTc5s,1,0.12
AcTdTc5s,1,0.12
AcTdTc5h,1,0.12
AsTsTh4d,1,0.12
AsTsTh4c,1,0.12
AsTsTd4c,1,0.12
AsTsTd4h,1,0.12
AsTsTc4h,1,0.12
AsTsTc4d,1,0.12
AhThTd4c,1,0.12
AhThTd4s,1,0.12
AhThTc4d,1,0.12
AhThTc4s,1,0.12
AhTsTh4c,1,0.12
AhTsTh4d,1,0.12
AdTdTc4h,1,0.12
AdTdTc4s,1,0.12
AdTsTd4c,1,0.12
AdTsTd4h,1,0.12
AdThTd4c,1,0.12
AdThTd4s,1,0.12
AcTsTc4h,1,0.12
AcTsTc4d,1,0.12
AcThTc4d,1,0.12
AcThTc4s,1,0.12
AcTdTc4s,1,0.12
AcTdTc4h,1,0.12
AsTsTh3d,1,0.1
AsTsTh3c,1,0.1
AsTsTd3c,1,0.1
AsTsTd3h,1,0.1
AsTsTc3h,1,0.1
AsTsTc3d,1,0.1
AhThTd3c,1,0.1
AhThTd3s,1,0.1
AhThTc3d,1,0.1
AhThTc3s,1,0.1
AhTsTh3c,1,0.1
AhTsTh3d,1,0.1
AdTdTc3h,1,0.1
AdTdTc3s,1,0.1
AdTsTd3c,1,0.1
AdTsTd3h,1,0.1
AdThTd3c,1,0.1
AdThTd3s,1,0.1
AcTsTc3h,1,0.1
AcTsTc3d,1,0.1
AcThTc3d,1,0.1
AcThTc3s,1,0.1
AcTdTc3s,1,0.1
AcTdTc3h,1,0.1
AsTsTh2d,1,0.06
AsTsTh2c,1,0.06
AsTsTd2c,1,0.06
AsTsTd2h,1,0.06
AsTsTc2h,1,0.06
AsTsTc2d,1,0.06
AhThTd2c,1,0.06
AhThTd2s,1,0.06
AhThTc2d,1,0.06
AhThTc2s,1,0.06
AhTsTh2c,1,0.06
AhTsTh2d,1,0.06
AdTdTc2h,1,0.06
AdTdTc2s,1,0.06
AdTsTd2c,1,0.06
AdTsTd2h,1,0.06
AdThTd2c,1,0.06
AdThTd2s,1,0.06
AcTsTc2h,1,0.06
AcTsTc2d,1,0.06
AcThTc2d,1,0.06
AcThTc2s,1,0.06
AcTdTc2s,1,0.06
AcTdTc2h,1,0.06
AsTs9h8s,1,0.08
AsTs9d8s,1,0.08
AsTs9c8s,1,0.08
AhTh9d8h,1,0.08
AhTh9c8h,1,0.08
AhTh9s8h,1,0.08
AdTd9c8d,1,0.08
AdTd9s8d,1,0.08
AdTd9h8d,1,0.08
AcTc9s8c,1,0.08
AcTc9h8c,1,0.08
AcTc9d8c,1,0.08
AsTs9h8h,1,0.72
AsTs9d8d,1,0.72
AsTs9c8c,1,0.72
AhTh9d8d,1,0.72
AhTh9c8c,1,0.72
AhTh9s8s,1,0.72
AdTd9c8c,1,0.72
AdTd9s8s,1,0.72
AdTd9h8h,1,0.72
AcTc9s8s,1,0.72
AcTc9h8h,1,0.72
AcTc9d8d,1,0.72
AsTs9h7h,1,0.38
AsTs9d7d,1,0.38
AsTs9c7c,1,0.38
AhTh9d7d,1,0.38
AhTh9c7c,1,0.38
AhTh9s7s,1,0.38
AdTd9c7c,1,0.38
AdTd9s7s,1,0.38
AdTd9h7h,1,0.38
AcTc9s7s,1,0.38
AcTc9h7h,1,0.38
AcTc9d7d,1,0.38
AsTs9h6h,1,0.16
AsTs9d6d,1,0.16
AsTs9c6c,1,0.16
AhTh9d6d,1,0.16
AhTh9c6c,1,0.16
AhTh9s6s,1,0.16
AdTd9c6c,1,0.16
AdTd9s6s,1,0.16
AdTd9h6h,1,0.16
AcTc9s6s,1,0.16
AcTc9h6h,1,0.16
AcTc9d6d,1,0.16
AsTs9h5h,1,0.07
AsTs9d5d,1,0.07
AsTs9c5c,1,0.07
AhTh9d5d,1,0.07
AhTh9c5c,1,0.07
AhTh9s5s,1,0.07
AdTd9c5c,1,0.07
AdTd9s5s,1,0.07
AdTd9h5h,1,0.07
AcTc9s5s,1,0.07
AcTc9h5h,1,0.07
AcTc9d5d,1,0.07
AsTs9h4h,1,0.05
AsTs9d4d,1,0.05
AsTs9c4c,1,0.05
AhTh9d4d,1,0.05
AhTh9c4c,1,0.05
AhTh9s4s,1,0.05
AdTd9c4c,1,0.05
AdTd9s4s,1,0.05
AdTd9h4h,1,0.05
AcTc9s4s,1,0.05
AcTc9h4h,1,0.05
AcTc9d4d,1,0.05
AsTs9h3h,1,0.04
AsTs9d3d,1,0.04
AsTs9c3c,1,0.04
AhTh9d3d,1,0.04
AhTh9c3c,1,0.04
AhTh9s3s,1,0.04
AdTd9c3c,1,0.04
AdTd9s3s,1,0.04
AdTd9h3h,1,0.04
AcTc9s3s,1,0.04
AcTc9h3h,1,0.04
AcTc9d3d,1,0.04
AsTs9h2h,1,0.01
AsTs9d2d,1,0.01
AsTs9c2c,1,0.01
AhTh9d2d,1,0.01
AhTh9c2c,1,0.01
AhTh9s2s,1,0.01
AdTd9c2c,1,0.01
AdTd9s2s,1,0.01
AdTd9h2h,1,0.01
AcTc9s2s,1,0.01
AcTc9h2h,1,0.01
AcTc9d2d,1,0.01
AsTs9h9d,1,0.35
AsTs9h9c,1,0.35
AsTs9d9c,1,0.35
AhTh9d9c,1,0.35
AhTh9s9d,1,0.35
AhTh9s9c,1,0.35
AdTd9h9c,1,0.35
AdTd9s9c,1,0.35
AdTd9s9h,1,0.35
AcTc9s9h,1,0.35
AcTc9s9d,1,0.35
AcTc9h9d,1,0.35
AsTs9h8d,1,0.28
AsTs9h8c,1,0.28
AsTs9d8c,1,0.28
AsTs9d8h,1,0.28
AsTs9c8h,1,0.28
AsTs9c8d,1,0.28
AhTh9d8c,1,0.28
AhTh9d8s,1,0.28
AhTh9c8d,1,0.28
AhTh9c8s,1,0.28
AhTh9s8c,1,0.28
AhTh9s8d,1,0.28
AdTd9c8h,1,0.28
AdTd9c8s,1,0.28
AdTd9s8c,1,0.28
AdTd9s8h,1,0.28
AdTd9h8c,1,0.28
AdTd9h8s,1,0.28
AcTc9s8h,1,0.28
AcTc9s8d,1,0.28
AcTc9h8d,1,0.28
AcTc9h8s,1,0.28
AcTc9d8s,1,0.28
AcTc9d8h,1,0.28
AsTs9h7d,1,0.13
AsTs9h7c,1,0.13
AsTs9d7c,1,0.13
AsTs9d7h,1,0.13
AsTs9c7h,1,0.13
AsTs9c7d,1,0.13
AhTh9d7c,1,0.13
AhTh9d7s,1,0.13
AhTh9c7d,1,0.13
AhTh9c7s,1,0.13
AhTh9s7c,1,0.13
AhTh9s7d,1,0.13
AdTd9c7h,1,0.13
AdTd9c7s,1,0.13
AdTd9s7c,1,0.13
AdTd9s7h,1,0.13
AdTd9h7c,1,0.13
AdTd9h7s,1,0.13
AcTc9s7h,1,0.13
AcTc9s7d,1,0.13
AcTc9h7d,1,0.13
AcTc9h7s,1,0.13
AcTc9d7s,1,0.13
AcTc9d7h,1,0.13
AsTs9h6d,1,0.02
AsTs9h6c,1,0.02
AsTs9d6c,1,0.02
AsTs9d6h,1,0.02
AsTs9c6h,1,0.02
AsTs9c6d,1,0.02
AhTh9d6c,1,0.02
AhTh9d6s,1,0.02
AhTh9c6d,1,0.02
AhTh9c6s,1,0.02
AhTh9s6c,1,0.02
AhTh9s6d,1,0.02
AdTd9c6h,1,0.02
AdTd9c6s,1,0.02
AdTd9s6c,1,0.02
AdTd9s6h,1,0.02
AdTd9h6c,1,0.02
AdTd9h6s,1,0.02
AcTc9s6h,1,0.02
AcTc9s6d,1,0.02
AcTc9h6d,1,0.02
AcTc9h6s,1,0.02
AcTc9d6s,1,0.02
AcTc9d6h,1,0.02
AsTs8h7s,1,0.02
AsTs8d7s,1,0.02
AsTs8c7s,1,0.02
AhTh8d7h,1,0.02
AhTh8c7h,1,0.02
AhTh8s7h,1,0.02
AdTd8c7d,1,0.02
AdTd8s7d,1,0.02
AdTd8h7d,1,0.02
AcTc8s7c,1,0.02
AcTc8h7c,1,0.02
AcTc8d7c,1,0.02
AsTs8h7h,1,0.62
AsTs8d7d,1,0.62
AsTs8c7c,1,0.62
AhTh8d7d,1,0.62
AhTh8c7c,1,0.62
AhTh8s7s,1,0.62
AdTd8c7c,1,0.62
AdTd8s7s,1,0.62
AdTd8h7h,1,0.62
AcTc8s7s,1,0.62
AcTc8h7h,1,0.62
AcTc8d7d,1,0.62
AsTs8h6h,1,0.27
AsTs8d6d,1,0.27
AsTs8c6c,1,0.27
AhTh8d6d,1,0.27
AhTh8c6c,1,0.27
AhTh8s6s,1,0.27
AdTd8c6c,1,0.27
AdTd8s6s,1,0.27
AdTd8h6h,1,0.27
AcTc8s6s,1,0.27
AcTc8h6h,1,0.27
AcTc8d6d,1,0.27
AsTs8h5h,1,0.15
AsTs8d5d,1,0.15
AsTs8c5c,1,0.15
AhTh8d5d,1,0.15
AhTh8c5c,1,0.15
AhTh8s5s,1,0.15
AdTd8c5c,1,0.15
AdTd8s5s,1,0.15
AdTd8h5h,1,0.15
AcTc8s5s,1,0.15
AcTc8h5h,1,0.15
AcTc8d5d,1,0.15
AsTs8h4h,1,0.09
AsTs8d4d,1,0.09
AsTs8c4c,1,0.09
AhTh8d4d,1,0.09
AhTh8c4c,1,0.09
AhTh8s4s,1,0.09
AdTd8c4c,1,0.09
AdTd8s4s,1,0.09
AdTd8h4h,1,0.09
AcTc8s4s,1,0.09
AcTc8h4h,1,0.09
AcTc8d4d,1,0.09
AsTs8h8d,1,0.25
AsTs8h8c,1,0.25
AsTs8d8c,1,0.25
AhTh8d8c,1,0.25
AhTh8s8d,1,0.25
AhTh8s8c,1,0.25
AdTd8h8c,1,0.25
AdTd8s8c,1,0.25
AdTd8s8h,1,0.25
AcTc8s8h,1,0.25
AcTc8s8d,1,0.25
AcTc8h8d,1,0.25
AsTs8h7d,1,0.18
AsTs8h7c,1,0.18
AsTs8d7c,1,0.18
AsTs8d7h,1,0.18
AsTs8c7h,1,0.18
AsTs8c7d,1,0.18
AhTh8d7c,1,0.18
AhTh8d7s,1,0.18
AhTh8c7d,1,0.18
AhTh8c7s,1,0.18
AhTh8s7c,1,0.18
AhTh8s7d,1,0.18
AdTd8c7h,1,0.18
AdTd8c7s,1,0.18
AdTd8s7c,1,0.18
AdTd8s7h,1,0.18
AdTd8h7c,1,0.18
AdTd8h7s,1,0.18
AcTc8s7h,1,0.18
AcTc8s7d,1,0.18
AcTc8h7d,1,0.18
AcTc8h7s,1,0.18
AcTc8d7s,1,0.18
AcTc8d7h,1,0.18
AsTs8h6d,1,0.07
AsTs8h6c,1,0.07
AsTs8d6c,1,0.07
AsTs8d6h,1,0.07
AsTs8c6h,1,0.07
AsTs8c6d,1,0.07
AhTh8d6c,1,0.07
AhTh8d6s,1,0.07
AhTh8c6d,1,0.07
AhTh8c6s,1,0.07
AhTh8s6c,1,0.07
AhTh8s6d,1,0.07
AdTd8c6h,1,0.07
AdTd8c6s,1,0.07
AdTd8s6c,1,0.07
AdTd8s6h,1,0.07
AdTd8h6c,1,0.07
AdTd8h6s,1,0.07
AcTc8s6h,1,0.07
AcTc8s6d,1,0.07
AcTc8h6d,1,0.07
AcTc8h6s,1,0.07
AcTc8d6s,1,0.07
AcTc8d6h,1,0.07
AsTs8h5d,1,0
AsTs8h5c,1,0
AsTs8d5c,1,0
AsTs8d5h,1,0
AsTs8c5h,1,0
AsTs8c5d,1,0
AhTh8d5c,1,0
AhTh8d5s,1,0
AhTh8c5d,1,0
AhTh8c5s,1,0
AhTh8s5c,1,0
AhTh8s5d,1,0
AdTd8c5h,1,0
AdTd8c5s,1,0
AdTd8s5c,1,0
AdTd8s5h,1,0
AdTd8h5c,1,0
AdTd8h5s,1,0
AcTc8s5h,1,0
AcTc8s5d,1,0
AcTc8h5d,1,0
AcTc8h5s,1,0
AcTc8d5s,1,0
AcTc8d5h,1,0
AsTs7h6h,1,0.25
AsTs7d6d,1,0.25
AsTs7c6c,1,0.25
AhTh7d6d,1,0.25
AhTh7c6c,1,0.25
AhTh7s6s,1,0.25
AdTd7c6c,1,0.25
AdTd7s6s,1,0.25
AdTd7h6h,1,0.25
AcTc7s6s,1,0.25
AcTc7h6h,1,0.25
AcTc7d6d,1,0.25
AsTs7h5h,1,0.16
AsTs7d5d,1,0.16
AsTs7c5c,1,0.16
AhTh7d5d,1,0.16
AhTh7c5c,1,0.16
AhTh7s5s,1,0.16
AdTd7c5c,1,0.16
AdTd7s5s,1,0.16
AdTd7h5h,1,0.16
AcTc7s5s,1,0.16
AcTc7h5h,1,0.16
AcTc7d5d,1,0.16
AsTs7h4h,1,0.1
AsTs7d4d,1,0.1
AsTs7c4c,1,0.1
AhTh7d4d,1,0.1
AhTh7c4c,1,0.1
AhTh7s4s,1,0.1
AdTd7c4c,1,0.1
AdTd7s4s,1,0.1
AdTd7h4h,1,0.1
AcTc7s4s,1,0.1
AcTc7h4h,1,0.1
AcTc7d4d,1,0.1
AsTs7h7d,1,0.06
AsTs7h7c,1,0.06
AsTs7d7c,1,0.06
AhTh7d7c,1,0.06
AhTh7s7d,1,0.06
AhTh7s7c,1,0.06
AdTd7h7c,1,0.06
AdTd7s7c,1,0.06
AdTd7s7h,1,0.06
AcTc7s7h,1,0.06
AcTc7s7d,1,0.06
AcTc7h7d,1,0.06
AsTs7h6d,1,0.06
AsTs7h6c,1,0.06
AsTs7d6c,1,0.06
AsTs7d6h,1,0.06
AsTs7c6h,1,0.06
AsTs7c6d,1,0.06
AhTh7d6c,1,0.06
AhTh7d6s,1,0.06
AhTh7c6d,1,0.06
AhTh7c6s,1,0.06
AhTh7s6c,1,0.06
AhTh7s6d,1,0.06
AdTd7c6h,1,0.06
AdTd7c6s,1,0.06
AdTd7s6c,1,0.06
AdTd7s6h,1,0.06
AdTd7h6c,1,0.06
AdTd7h6s,1,0.06
AcTc7s6h,1,0.06
AcTc7s6d,1,0.06
AcTc7h6d,1,0.06
AcTc7h6s,1,0.06
AcTc7d6s,1,0.06
AcTc7d6h,1,0.06
AsTs7h5d,1,0.01
AsTs7h5c,1,0.01
AsTs7d5c,1,0.01
AsTs7d5h,1,0.01
AsTs7c5h,1,0.01
AsTs7c5d,1,0.01
AhTh7d5c,1,0.01
AhTh7d5s,1,0.01
AhTh7c5d,1,0.01
AhTh7c5s,1,0.01
AhTh7s5c,1,0.01
AhTh7s5d,1,0.01
AdTd7c5h,1,0.01
AdTd7c5s,1,0.01
AdTd7s5c,1,0.01
AdTd7s5h,1,0.01
AdTd7h5c,1,0.01
AdTd7h5s,1,0.01
AcTc7s5h,1,0.01
AcTc7s5d,1,0.01
AcTc7h5d,1,0.01
AcTc7h5s,1,0.01
AcTc7d5s,1,0.01
AcTc7d5h,1,0.01
AsTs6h5h,1,0.08
AsTs6d5d,1,0.08
AsTs6c5c,1,0.08
AhTh6d5d,1,0.08
AhTh6c5c,1,0.08
AhTh6s5s,1,0.08
AdTd6c5c,1,0.08
AdTd6s5s,1,0.08
AdTd6h5h,1,0.08
AcTc6s5s,1,0.08
AcTc6h5h,1,0.08
AcTc6d5d,1,0.08
AsTs6h4h,1,0.02
AsTs6d4d,1,0.02
AsTs6c4c,1,0.02
AhTh6d4d,1,0.02
AhTh6c4c,1,0.02
AhTh6s4s,1,0.02
AdTd6c4c,1,0.02
AdTd6s4s,1,0.02
AdTd6h4h,1,0.02
AcTc6s4s,1,0.02
AcTc6h4h,1,0.02
AcTc6d4d,1,0.02
AsTs5h4h,1,0.19
AsTs5d4d,1,0.19
AsTs5c4c,1,0.19
AhTh5d4d,1,0.19
AhTh5c4c,1,0.19
AhTh5s4s,1,0.19
AdTd5c4c,1,0.19
AdTd5s4s,1,0.19
AdTd5h4h,1,0.19
AcTc5s4s,1,0.19
AcTc5h4h,1,0.19
AcTc5d4d,1,0.19
AsTs5h3h,1,0.04
AsTs5d3d,1,0.04
AsTs5c3c,1,0.04
AhTh5d3d,1,0.04
AhTh5c3c,1,0.04
AhTh5s3s,1,0.04
AdTd5c3c,1,0.04
AdTd5s3s,1,0.04
AdTd5h3h,1,0.04
AcTc5s3s,1,0.04
AcTc5h3h,1,0.04
AcTc5d3d,1,0.04
As9s8s8h,1,0.04
As9s8s8d,1,0.04
As9s8s8c,1,0.04
Ah9h8h8d,1,0.04
Ah9h8h8c,1,0.04
Ah9h8s8h,1,0.04
Ad9d8d8c,1,0.04
Ad9d8s8d,1,0.04
Ad9d8h8d,1,0.04
Ac9c8s8c,1,0.04
Ac9c8h8c,1,0.04
Ac9c8d8c,1,0.04
As9s9h8s,1,0.06
As9s9d8s,1,0.06
As9s9c8s,1,0.06
Ah9h9d8h,1,0.06
Ah9h9c8h,1,0.06
Ah9s9h8h,1,0.06
Ad9d9c8d,1,0.06
Ad9s9d8d,1,0.06
Ad9h9d8d,1,0.06
Ac9s9c8c,1,0.06
Ac9h9c8c,1,0.06
Ac9d9c8c,1,0.06
As9s9h7s,1,0
As9s9d7s,1,0
As9s9c7s,1,0
Ah9h9d7h,1,0
Ah9h9c7h,1,0
Ah9s9h7h,1,0
Ad9d9c7d,1,0
Ad9s9d7d,1,0
Ad9h9d7d,1,0
Ac9s9c7c,1,0
Ac9h9c7c,1,0
Ac9d9c7c,1,0
As9s9h8h,1,0.56
As9s9d8d,1,0.56
As9s9c8c,1,0.56
Ah9h9d8d,1,0.56
Ah9h9c8c,1,0.56
Ah9s9h8s,1,0.56
Ad9d9c8c,1,0.56
Ad9s9d8s,1,0.56
Ad9h9d8h,1,0.56
Ac9s9c8s,1,0.56
Ac9h9c8h,1,0.56
Ac9d9c8d,1,0.56
As9s9h7h,1,0.45
As9s9d7d,1,0.45
As9s9c7c,1,0.45
Ah9h9d7d,1,0.45
Ah9h9c7c,1,0.45
Ah9s9h7s,1,0.45
Ad9d9c7c,1,0.45
Ad9s9d7s,1,0.45
Ad9h9d7h,1,0.45
Ac9s9c7s,1,0.45
Ac9h9c7h,1,0.45
Ac9d9c7d,1,0.45
As9s9h6h,1,0.27
As9s9d6d,1,0.27
As9s9c6c,1,0.27
Ah9h9d6d,1,0.27
Ah9h9c6c,1,0.27
Ah9s9h6s,1,0.27
Ad9d9c6c,1,0.27
Ad9s9d6s,1,0.27
Ad9h9d6h,1,0.27
Ac9s9c6s,1,0.27
Ac9h9c6h,1,0.27
Ac9d9c6d,1,0.27
As9s9h5h,1,0.23
As9s9d5d,1,0.23
As9s9c5c,1,0.23
Ah9h9d5d,1,0.23
Ah9h9c5c,1,0.23
Ah9s9h5s,1,0.23
Ad9d9c5c,1,0.23
Ad9s9d5s,1,0.23
Ad9h9d5h,1,0.23
Ac9s9c5s,1,0.23
Ac9h9c5h,1,0.23
Ac9d9c5d,1,0.23
As9s9h4h,1,0.07
As9s9d4d,1,0.07
As9s9c4c,1,0.07
Ah9h9d4d,1,0.07
Ah9h9c4c,1,0.07
Ah9s9h4s,1,0.07
Ad9d9c4c,1,0.07
Ad9s9d4s,1,0.07
Ad9h9d4h,1,0.07
Ac9s9c4s,1,0.07
Ac9h9c4h,1,0.07
Ac9d9c4d,1,0.07
As9s9h3h,1,0.07
As9s9d3d,1,0.07
As9s9c3c,1,0.07
Ah9h9d3d,1,0.07
Ah9h9c3c,1,0.07
Ah9s9h3s,1,0.07
Ad9d9c3c,1,0.07
Ad9s9d3s,1,0.07
Ad9h9d3h,1,0.07
Ac9s9c3s,1,0.07
Ac9h9c3h,1,0.07
Ac9d9c3d,1,0.07
As9s9h2h,1,0.03
As9s9d2d,1,0.03
As9s9c2c,1,0.03
Ah9h9d2d,1,0.03
Ah9h9c2c,1,0.03
Ah9s9h2s,1,0.03
Ad9d9c2c,1,0.03
Ad9s9d2s,1,0.03
Ad9h9d2h,1,0.03
Ac9s9c2s,1,0.03
Ac9h9c2h,1,0.03
Ac9d9c2d,1,0.03
As9s9h8d,1,0.29
As9s9h8c,1,0.29
As9s9d8c,1,0.29
As9s9d8h,1,0.29
As9s9c8h,1,0.29
As9s9c8d,1,0.29
Ah9h9d8c,1,0.29
Ah9h9d8s,1,0.29
Ah9h9c8d,1,0.29
Ah9h9c8s,1,0.29
Ah9s9h8c,1,0.29
Ah9s9h8d,1,0.29
Ad9d9c8h,1,0.29
Ad9d9c8s,1,0.29
Ad9s9d8c,1,0.29
Ad9s9d8h,1,0.29
Ad9h9d8c,1,0.29
Ad9h9d8s,1,0.29
Ac9s9c8h,1,0.29
Ac9s9c8d,1,0.29
Ac9h9c8d,1,0.29
Ac9h9c8s,1,0.29
Ac9d9c8s,1,0.29
Ac9d9c8h,1,0.29
As9s9h7d,1,0.2
As9s9h7c,1,0.2
As9s9d7c,1,0.2
As9s9d7h,1,0.2
As9s9c7h,1,0.2
As9s9c7d,1,0.2
Ah9h9d7c,1,0.2
Ah9h9d7s,1,0.2
Ah9h9c7d,1,0.2
Ah9h9c7s,1,0.2
Ah9s9h7c,1,0.2
Ah9s9h7d,1,0.2
Ad9d9c7h,1,0.2
Ad9d9c7s,1,0.2
Ad9s9d7c,1,0.2
Ad9s9d7h,1,0.2
Ad9h9d7c,1,0.2
Ad9h9d7s,1,0.2
Ac9s9c7h,1,0.2
Ac9s9c7d,1,0.2
Ac9h9c7d,1,0.2
Ac9h9c7s,1,0.2
Ac9d9c7s,1,0.2
Ac9d9c7h,1,0.2
As9s9h6d,1,0.06
As9s9h6c,1,0.06
As9s9d6c,1,0.06
As9s9d6h,1,0.06
As9s9c6h,1,0.06
As9s9c6d,1,0.06
Ah9h9d6c,1,0.06
Ah9h9d6s,1,0.06
Ah9h9c6d,1,0.06
Ah9h9c6s,1,0.06
Ah9s9h6c,1,0.06
Ah9s9h6d,1,0.06
Ad9d9c6h,1,0.06
Ad9d9c6s,1,0.06
Ad9s9d6c,1,0.06
Ad9s9d6h,1,0.06
Ad9h9d6c,1,0.06
Ad9h9d6s,1,0.06
Ac9s9c6h,1,0.06
Ac9s9c6d,1,0.06
Ac9h9c6d,1,0.06
Ac9h9c6s,1,0.06
Ac9d9c6s,1,0.06
Ac9d9c6h,1,0.06
As9s9h5d,1,0.03
As9s9h5c,1,0.03
As9s9d5c,1,0.03
As9s9d5h,1,0.03
As9s9c5h,1,0.03
As9s9c5d,1,0.03
Ah9h9d5c,1,0.03
Ah9h9d5s,1,0.03
Ah9h9c5d,1,0.03
Ah9h9c5s,1,0.03
Ah9s9h5c,1,0.03
Ah9s9h5d,1,0.03
Ad9d9c5h,1,0.03
Ad9d9c5s,1,0.03
Ad9s9d5c,1,0.03
Ad9s9d5h,1,0.03
Ad9h9d5c,1,0.03
Ad9h9d5s,1,0.03
Ac9s9c5h,1,0.03
Ac9s9c5d,1,0.03
Ac9h9c5d,1,0.03
Ac9h9c5s,1,0.03
Ac9d9c5s,1,0.03
Ac9d9c5h,1,0.03
As9s8h7h,1,0.49
As9s8d7d,1,0.49
As9s8c7c,1,0.49
Ah9h8d7d,1,0.49
Ah9h8c7c,1,0.49
Ah9h8s7s,1,0.49
Ad9d8c7c,1,0.49
Ad9d8s7s,1,0.49
Ad9d8h7h,1,0.49
Ac9c8s7s,1,0.49
Ac9c8h7h,1,0.49
Ac9c8d7d,1,0.49
As9s8h6h,1,0.26
As9s8d6d,1,0.26
As9s8c6c,1,0.26
Ah9h8d6d,1,0.26
Ah9h8c6c,1,0.26
Ah9h8s6s,1,0.26
Ad9d8c6c,1,0.26
Ad9d8s6s,1,0.26
Ad9d8h6h,1,0.26
Ac9c8s6s,1,0.26
Ac9c8h6h,1,0.26
Ac9c8d6d,1,0.26
As9s8h5h,1,0.18
As9s8d5d,1,0.18
As9s8c5c,1,0.18
Ah9h8d5d,1,0.18
Ah9h8c5c,1,0.18
Ah9h8s5s,1,0.18
Ad9d8c5c,1,0.18
Ad9d8s5s,1,0.18
Ad9d8h5h,1,0.18
Ac9c8s5s,1,0.18
Ac9c8h5h,1,0.18
Ac9c8d5d,1,0.18
As9s8h8d,1,0.22
As9s8h8c,1,0.22
As9s8d8c,1,0.22
Ah9h8d8c,1,0.22
Ah9h8s8d,1,0.22
Ah9h8s8c,1,0.22
Ad9d8h8c,1,0.22
Ad9d8s8c,1,0.22
Ad9d8s8h,1,0.22
Ac9c8s8h,1,0.22
Ac9c8s8d,1,0.22
Ac9c8h8d,1,0.22
As9s8h7d,1,0.16
As9s8h7c,1,0.16
As9s8d7c,1,0.16
As9s8d7h,1,0.16
As9s8c7h,1,0.16
As9s8c7d,1,0.16
Ah9h8d7c,1,0.16
Ah9h8d7s,1,0.16
Ah9h8c7d,1,0.16
Ah9h8c7s,1,0.16
Ah9h8s7c,1,0.16
Ah9h8s7d,1,0.16
Ad9d8c7h,1,0.16
Ad9d8c7s,1,0.16
Ad9d8s7c,1,0.16
Ad9d8s7h,1,0.16
Ad9d8h7c,1,0.16
Ad9d8h7s,1,0.16
Ac9c8s7h,1,0.16
Ac9c8s7d,1,0.16
Ac9c8h7d,1,0.16
Ac9c8h7s,1,0.16
Ac9c8d7s,1,0.16
Ac9c8d7h,1,0.16
As9s8h6d,1,0.05
As9s8h6c,1,0.05
As9s8d6c,1,0.05
As9s8d6h,1,0.05
As9s8c6h,1,0.05
As9s8c6d,1,0.05
Ah9h8d6c,1,0.05
Ah9h8d6s,1,0.05
Ah9h8c6d,1,0.05
Ah9h8c6s,1,0.05
Ah9h8s6c,1,0.05
Ah9h8s6d,1,0.05
Ad9d8c6h,1,0.05
Ad9d8c6s,1,0.05
Ad9d8s6c,1,0.05
Ad9d8s6h,1,0.05
Ad9d8h6c,1,0.05
Ad9d8h6s,1,0.05
Ac9c8s6h,1,0.05
Ac9c8s6d,1,0.05
Ac9c8h6d,1,0.05
Ac9c8h6s,1,0.05
Ac9c8d6s,1,0.05
Ac9c8d6h,1,0.05
As9s7h6h,1,0.31
As9s7d6d,1,0.31
As9s7c6c,1,0.31
Ah9h7d6d,1,0.31
Ah9h7c6c,1,0.31
Ah9h7s6s,1,0.31
Ad9d7c6c,1,0.31
Ad9d7s6s,1,0.31
Ad9d7h6h,1,0.31
Ac9c7s6s,1,0.31
Ac9c7h6h,1,0.31
Ac9c7d6d,1,0.31
As9s7h5h,1,0.26
As9s7d5d,1,0.26
As9s7c5c,1,0.26
Ah9h7d5d,1,0.26
Ah9h7c5c,1,0.26
Ah9h7s5s,1,0.26
Ad9d7c5c,1,0.26
Ad9d7s5s,1,0.26
Ad9d7h5h,1,0.26
Ac9c7s5s,1,0.26
Ac9c7h5h,1,0.26
Ac9c7d5d,1,0.26
As9s7h4h,0.027,0
As9s7d4d,0.027,0
As9s7c4c,0.027,0
Ah9h7d4d,0.027,0
Ah9h7c4c,0.027,0
Ah9h7s4s,0.027,0
Ad9d7c4c,0.027,0
Ad9d7s4s,0.027,0
Ad9d7h4h,0.027,0
Ac9c7s4s,0.027,0
Ac9c7h4h,0.027,0
Ac9c7d4d,0.027,0
As9s7h7d,1,0.06
As9s7h7c,1,0.06
As9s7d7c,1,0.06
Ah9h7d7c,1,0.06
Ah9h7s7d,1,0.06
Ah9h7s7c,1,0.06
Ad9d7h7c,1,0.06
Ad9d7s7c,1,0.06
Ad9d7s7h,1,0.06
Ac9c7s7h,1,0.06
Ac9c7s7d,1,0.06
Ac9c7h7d,1,0.06
As9s7h6d,1,0.06
As9s7h6c,1,0.06
As9s7d6c,1,0.06
As9s7d6h,1,0.06
As9s7c6h,1,0.06
As9s7c6d,1,0.06
Ah9h7d6c,1,0.06
Ah9h7d6s,1,0.06
Ah9h7c6d,1,0.06
Ah9h7c6s,1,0.06
Ah9h7s6c,1,0.06
Ah9h7s6d,1,0.06
Ad9d7c6h,1,0.06
Ad9d7c6s,1,0.06
Ad9d7s6c,1,0.06
Ad9d7s6h,1,0.06
Ad9d7h6c,1,0.06
Ad9d7h6s,1,0.06
Ac9c7s6h,1,0.06
Ac9c7s6d,1,0.06
Ac9c7h6d,1,0.06
Ac9c7h6s,1,0.06
Ac9c7d6s,1,0.06
Ac9c7d6h,1,0.06
As9s7h5d,1,0.03
As9s7h5c,1,0.03
As9s7d5c,1,0.03
As9s7d5h,1,0.03
As9s7c5h,1,0.03
As9s7c5d,1,0.03
Ah9h7d5c,1,0.03
Ah9h7d5s,1,0.03
Ah9h7c5d,1,0.03
Ah9h7c5s,1,0.03
Ah9h7s5c,1,0.03
Ah9h7s5d,1,0.03
Ad9d7c5h,1,0.03
Ad9d7c5s,1,0.03
Ad9d7s5c,1,0.03
Ad9d7s5h,1,0.03
Ad9d7h5c,1,0.03
Ad9d7h5s,1,0.03
Ac9c7s5h,1,0.03
Ac9c7s5d,1,0.03
Ac9c7h5d,1,0.03
Ac9c7h5s,1,0.03
Ac9c7d5s,1,0.03
Ac9c7d5h,1,0.03
As9s6h5h,1,0.14
As9s6d5d,1,0.14
As9s6c5c,1,0.14
Ah9h6d5d,1,0.14
Ah9h6c5c,1,0.14
Ah9h6s5s,1,0.14
Ad9d6c5c,1,0.14
Ad9d6s5s,1,0.14
Ad9d6h5h,1,0.14
Ac9c6s5s,1,0.14
Ac9c6h5h,1,0.14
Ac9c6d5d,1,0.14
As9s5h4h,1,0.05
As9s5d4d,1,0.05
As9s5c4c,1,0.05
Ah9h5d4d,1,0.05
Ah9h5c4c,1,0.05
Ah9h5s4s,1,0.05
Ad9d5c4c,1,0.05
Ad9d5s4s,1,0.05
Ad9d5h4h,1,0.05
Ac9c5s4s,1,0.05
Ac9c5h4h,1,0.05
Ac9c5d4d,1,0.05
As8s7s7h,1,0.01
As8s7s7d,1,0.01
As8s7s7c,1,0.01
Ah8h7h7d,1,0.01
Ah8h7h7c,1,0.01
Ah8h7s7h,1,0.01
Ad8d7d7c,1,0.01
Ad8d7s7d,1,0.01
Ad8d7h7d,1,0.01
Ac8c7s7c,1,0.01
Ac8c7h7c,1,0.01
Ac8c7d7c,1,0.01
As8s8h7s,1,0.03
As8s8d7s,1,0.03
As8s8c7s,1,0.03
Ah8h8d7h,1,0.03
Ah8h8c7h,1,0.03
Ah8s8h7h,1,0.03
Ad8d8c7d,1,0.03
Ad8s8d7d,1,0.03
Ad8h8d7d,1,0.03
Ac8s8c7c,1,0.03
Ac8h8c7c,1,0.03
Ac8d8c7c,1,0.03
As8s8h7h,1,0.54
As8s8d7d,1,0.54
As8s8c7c,1,0.54
Ah8h8d7d,1,0.54
Ah8h8c7c,1,0.54
Ah8s8h7s,1,0.54
Ad8d8c7c,1,0.54
Ad8s8d7s,1,0.54
Ad8h8d7h,1,0.54
Ac8s8c7s,1,0.54
Ac8h8c7h,1,0.54
Ac8d8c7d,1,0.54
As8s8h6h,1,0.4
As8s8d6d,1,0.4
As8s8c6c,1,0.4
Ah8h8d6d,1,0.4
Ah8h8c6c,1,0.4
Ah8s8h6s,1,0.4
Ad8d8c6c,1,0.4
Ad8s8d6s,1,0.4
Ad8h8d6h,1,0.4
Ac8s8c6s,1,0.4
Ac8h8c6h,1,0.4
Ac8d8c6d,1,0.4
As8s8h5h,1,0.35
As8s8d5d,1,0.35
As8s8c5c,1,0.35
Ah8h8d5d,1,0.35
Ah8h8c5c,1,0.35
Ah8s8h5s,1,0.35
Ad8d8c5c,1,0.35
Ad8s8d5s,1,0.35
Ad8h8d5h,1,0.35
Ac8s8c5s,1,0.35
Ac8h8c5h,1,0.35
Ac8d8c5d,1,0.35
As8s8h4h,1,0.18
As8s8d4d,1,0.18
As8s8c4c,1,0.18
Ah8h8d4d,1,0.18
Ah8h8c4c,1,0.18
Ah8s8h4s,1,0.18
Ad8d8c4c,1,0.18
Ad8s8d4s,1,0.18
Ad8h8d4h,1,0.18
Ac8s8c4s,1,0.18
Ac8h8c4h,1,0.18
Ac8d8c4d,1,0.18
As8s8h3h,1,0
As8s8d3d,1,0
As8s8c3c,1,0
Ah8h8d3d,1,0
Ah8h8c3c,1,0
Ah8s8h3s,1,0
Ad8d8c3c,1,0
Ad8s8d3s,1,0
Ad8h8d3h,1,0
Ac8s8c3s,1,0
Ac8h8c3h,1,0
Ac8d8c3d,1,0
As8s8h7d,1,0.29
As8s8h7c,1,0.29
As8s8d7c,1,0.29
As8s8d7h,1,0.29
As8s8c7h,1,0.29
As8s8c7d,1,0.29
Ah8h8d7c,1,0.29
Ah8h8d7s,1,0.29
Ah8h8c7d,1,0.29
Ah8h8c7s,1,0.29
Ah8s8h7c,1,0.29
Ah8s8h7d,1,0.29
Ad8d8c7h,1,0.29
Ad8d8c7s,1,0.29
Ad8s8d7c,1,0.29
Ad8s8d7h,1,0.29
Ad8h8d7c,1,0.29
Ad8h8d7s,1,0.29
Ac8s8c7h,1,0.29
Ac8s8c7d,1,0.29
Ac8h8c7d,1,0.29
Ac8h8c7s,1,0.29
Ac8d8c7s,1,0.29
Ac8d8c7h,1,0.29
As8s8h6d,1,0.16
As8s8h6c,1,0.16
As8s8d6c,1,0.16
As8s8d6h,1,0.16
As8s8c6h,1,0.16
As8s8c6d,1,0.16
Ah8h8d6c,1,0.16
Ah8h8d6s,1,0.16
Ah8h8c6d,1,0.16
Ah8h8c6s,1,0.16
Ah8s8h6c,1,0.16
Ah8s8h6d,1,0.16
Ad8d8c6h,1,0.16
Ad8d8c6s,1,0.16
Ad8s8d6c,1,0.16
Ad8s8d6h,1,0.16
Ad8h8d6c,1,0.16
Ad8h8d6s,1,0.16
Ac8s8c6h,1,0.16
Ac8s8c6d,1,0.16
Ac8h8c6d,1,0.16
Ac8h8c6s,1,0.16
Ac8d8c6s,1,0.16
Ac8d8c6h,1,0.16
As8s8h5d,1,0.12
As8s8h5c,1,0.12
As8s8d5c,1,0.12
As8s8d5h,1,0.12
As8s8c5h,1,0.12
As8s8c5d,1,0.12
Ah8h8d5c,1,0.12
Ah8h8d5s,1,0.12
Ah8h8c5d,1,0.12
Ah8h8c5s,1,0.12
Ah8s8h5c,1,0.12
Ah8s8h5d,1,0.12
Ad8d8c5h,1,0.12
Ad8d8c5s,1,0.12
Ad8s8d5c,1,0.12
Ad8s8d5h,1,0.12
Ad8h8d5c,1,0.12
Ad8h8d5s,1,0.12
Ac8s8c5h,1,0.12
Ac8s8c5d,1,0.12
Ac8h8c5d,1,0.12
Ac8h8c5s,1,0.12
Ac8d8c5s,1,0.12
Ac8d8c5h,1,0.12
As8s7h6h,1,0.45
As8s7d6d,1,0.45
As8s7c6c,1,0.45
Ah8h7d6d,1,0.45
Ah8h7c6c,1,0.45
Ah8h7s6s,1,0.45
Ad8d7c6c,1,0.45
Ad8d7s6s,1,0.45
Ad8d7h6h,1,0.45
Ac8c7s6s,1,0.45
Ac8c7h6h,1,0.45
Ac8c7d6d,1,0.45
As8s7h5h,1,0.43
As8s7d5d,1,0.43
As8s7c5c,1,0.43
Ah8h7d5d,1,0.43
Ah8h7c5c,1,0.43
Ah8h7s5s,1,0.43
Ad8d7c5c,1,0.43
Ad8d7s5s,1,0.43
Ad8d7h5h,1,0.43
Ac8c7s5s,1,0.43
Ac8c7h5h,1,0.43
Ac8c7d5d,1,0.43
As8s7h4h,1,0.19
As8s7d4d,1,0.19
As8s7c4c,1,0.19
Ah8h7d4d,1,0.19
Ah8h7c4c,1,0.19
Ah8h7s4s,1,0.19
Ad8d7c4c,1,0.19
Ad8d7s4s,1,0.19
Ad8d7h4h,1,0.19
Ac8c7s4s,1,0.19
Ac8c7h4h,1,0.19
Ac8c7d4d,1,0.19
As8s7h7d,1,0.19
As8s7h7c,1,0.19
As8s7d7c,1,0.19
Ah8h7d7c,1,0.19
Ah8h7s7d,1,0.19
Ah8h7s7c,1,0.19
Ad8d7h7c,1,0.19
Ad8d7s7c,1,0.19
Ad8d7s7h,1,0.19
Ac8c7s7h,1,0.19
Ac8c7s7d,1,0.19
Ac8c7h7d,1,0.19
As8s7h6d,1,0.17
As8s7h6c,1,0.17
As8s7d6c,1,0.17
As8s7d6h,1,0.17
As8s7c6h,1,0.17
As8s7c6d,1,0.17
Ah8h7d6c,1,0.17
Ah8h7d6s,1,0.17
Ah8h7c6d,1,0.17
Ah8h7c6s,1,0.17
Ah8h7s6c,1,0.17
Ah8h7s6d,1,0.17
Ad8d7c6h,1,0.17
Ad8d7c6s,1,0.17
Ad8d7s6c,1,0.17
Ad8d7s6h,1,0.17
Ad8d7h6c,1,0.17
Ad8d7h6s,1,0.17
Ac8c7s6h,1,0.17
Ac8c7s6d,1,0.17
Ac8c7h6d,1,0.17
Ac8c7h6s,1,0.17
Ac8c7d6s,1,0.17
Ac8c7d6h,1,0.17
As8s7h5d,1,0.15
As8s7h5c,1,0.15
As8s7d5c,1,0.15
As8s7d5h,1,0.15
As8s7c5h,1,0.15
As8s7c5d,1,0.15
Ah8h7d5c,1,0.15
Ah8h7d5s,1,0.15
Ah8h7c5d,1,0.15
Ah8h7c5s,1,0.15
Ah8h7s5c,1,0.15
Ah8h7s5d,1,0.15
Ad8d7c5h,1,0.15
Ad8d7c5s,1,0.15
Ad8d7s5c,1,0.15
Ad8d7s5h,1,0.15
Ad8d7h5c,1,0.15
Ad8d7h5s,1,0.15
Ac8c7s5h,1,0.15
Ac8c7s5d,1,0.15
Ac8c7h5d,1,0.15
Ac8c7h5s,1,0.15
Ac8c7d5s,1,0.15
Ac8c7d5h,1,0.15
As8s6h5h,1,0.31
As8s6d5d,1,0.31
As8s6c5c,1,0.31
Ah8h6d5d,1,0.31
Ah8h6c5c,1,0.31
Ah8h6s5s,1,0.31
Ad8d6c5c,1,0.31
Ad8d6s5s,1,0.31
Ad8d6h5h,1,0.31
Ac8c6s5s,1,0.31
Ac8c6h5h,1,0.31
Ac8c6d5d,1,0.31
As8s6h4h,1,0.12
As8s6d4d,1,0.12
As8s6c4c,1,0.12
Ah8h6d4d,1,0.12
Ah8h6c4c,1,0.12
Ah8h6s4s,1,0.12
Ad8d6c4c,1,0.12
Ad8d6s4s,1,0.12
Ad8d6h4h,1,0.12
Ac8c6s4s,1,0.12
Ac8c6h4h,1,0.12
Ac8c6d4d,1,0.12
As8s6h6d,1,0.03
As8s6h6c,1,0.03
As8s6d6c,1,0.03
Ah8h6d6c,1,0.03
Ah8h6s6d,1,0.03
Ah8h6s6c,1,0.03
Ad8d6h6c,1,0.03
Ad8d6s6c,1,0.03
Ad8d6s6h,1,0.03
Ac8c6s6h,1,0.03
Ac8c6s6d,1,0.03
Ac8c6h6d,1,0.03
As8s6h5d,1,0.06
As8s6h5c,1,0.06
As8s6d5c,1,0.06
As8s6d5h,1,0.06
As8s6c5h,1,0.06
As8s6c5d,1,0.06
Ah8h6d5c,1,0.06
Ah8h6d5s,1,0.06
Ah8h6c5d,1,0.06
Ah8h6c5s,1,0.06
Ah8h6s5c,1,0.06
Ah8h6s5d,1,0.06
Ad8d6c5h,1,0.06
Ad8d6c5s,1,0.06
Ad8d6s5c,1,0.06
Ad8d6s5h,1,0.06
Ad8d6h5c,1,0.06
Ad8d6h5s,1,0.06
Ac8c6s5h,1,0.06
Ac8c6s5d,1,0.06
Ac8c6h5d,1,0.06
Ac8c6h5s,1,0.06
Ac8c6d5s,1,0.06
Ac8c6d5h,1,0.06
As8s5h4h,1,0.26
As8s5d4d,1,0.26
As8s5c4c,1,0.26
Ah8h5d4d,1,0.26
Ah8h5c4c,1,0.26
Ah8h5s4s,1,0.26
Ad8d5c4c,1,0.26
Ad8d5s4s,1,0.26
Ad8d5h4h,1,0.26
Ac8c5s4s,1,0.26
Ac8c5h4h,1,0.26
Ac8c5d4d,1,0.26
As8s5h4d,1,0.01
As8s5h4c,1,0.01
As8s5d4c,1,0.01
As8s5d4h,1,0.01
As8s5c4h,1,0.01
As8s5c4d,1,0.01
Ah8h5d4c,1,0.01
Ah8h5d4s,1,0.01
Ah8h5c4d,1,0.01
Ah8h5c4s,1,0.01
Ah8h5s4c,1,0.01
Ah8h5s4d,1,0.01
Ad8d5c4h,1,0.01
Ad8d5c4s,1,0.01
Ad8d5s4c,1,0.01
Ad8d5s4h,1,0.01
Ad8d5h4c,1,0.01
Ad8d5h4s,1,0.01
Ac8c5s4h,1,0.01
Ac8c5s4d,1,0.01
Ac8c5h4d,1,0.01
Ac8c5h4s,1,0.01
Ac8c5d4s,1,0.01
Ac8c5d4h,1,0.01
As7s7h6h,1,0.48
As7s7d6d,1,0.48
As7s7c6c,1,0.48
Ah7h7d6d,1,0.48
Ah7h7c6c,1,0.48
Ah7s7h6s,1,0.48
Ad7d7c6c,1,0.48
Ad7s7d6s,1,0.48
Ad7h7d6h,1,0.48
Ac7s7c6s,1,0.48
Ac7h7c6h,1,0.48
Ac7d7c6d,1,0.48
As7s7h5h,1,0.49
As7s7d5d,1,0.49
As7s7c5c,1,0.49
Ah7h7d5d,1,0.49
Ah7h7c5c,1,0.49
Ah7s7h5s,1,0.49
Ad7d7c5c,1,0.49
Ad7s7d5s,1,0.49
Ad7h7d5h,1,0.49
Ac7s7c5s,1,0.49
Ac7h7c5h,1,0.49
Ac7d7c5d,1,0.49
As7s7h4h,1,0.31
As7s7d4d,1,0.31
As7s7c4c,1,0.31
Ah7h7d4d,1,0.31
Ah7h7c4c,1,0.31
Ah7s7h4s,1,0.31
Ad7d7c4c,1,0.31
Ad7s7d4s,1,0.31
Ad7h7d4h,1,0.31
Ac7s7c4s,1,0.31
Ac7h7c4h,1,0.31
Ac7d7c4d,1,0.31
As7s7h3h,1,0.1
As7s7d3d,1,0.1
As7s7c3c,1,0.1
Ah7h7d3d,1,0.1
Ah7h7c3c,1,0.1
Ah7s7h3s,1,0.1
Ad7d7c3c,1,0.1
Ad7s7d3s,1,0.1
Ad7h7d3h,1,0.1
Ac7s7c3s,1,0.1
Ac7h7c3h,1,0.1
Ac7d7c3d,1,0.1
As7s7h6d,1,0.23
As7s7h6c,1,0.23
As7s7d6c,1,0.23
As7s7d6h,1,0.23
As7s7c6h,1,0.23
As7s7c6d,1,0.23
Ah7h7d6c,1,0.23
Ah7h7d6s,1,0.23
Ah7h7c6d,1,0.23
Ah7h7c6s,1,0.23
Ah7s7h6c,1,0.23
Ah7s7h6d,1,0.23
Ad7d7c6h,1,0.23
Ad7d7c6s,1,0.23
Ad7s7d6c,1,0.23
Ad7s7d6h,1,0.23
Ad7h7d6c,1,0.23
Ad7h7d6s,1,0.23
Ac7s7c6h,1,0.23
Ac7s7c6d,1,0.23
Ac7h7c6d,1,0.23
Ac7h7c6s,1,0.23
Ac7d7c6s,1,0.23
Ac7d7c6h,1,0.23
As7s7h5d,1,0.25
As7s7h5c,1,0.25
As7s7d5c,1,0.25
As7s7d5h,1,0.25
As7s7c5h,1,0.25
As7s7c5d,1,0.25
Ah7h7d5c,1,0.25
Ah7h7d5s,1,0.25
Ah7h7c5d,1,0.25
Ah7h7c5s,1,0.25
Ah7s7h5c,1,0.25
Ah7s7h5d,1,0.25
Ad7d7c5h,1,0.25
Ad7d7c5s,1,0.25
Ad7s7d5c,1,0.25
Ad7s7d5h,1,0.25
Ad7h7d5c,1,0.25
Ad7h7d5s,1,0.25
Ac7s7c5h,1,0.25
Ac7s7c5d,1,0.25
Ac7h7c5d,1,0.25
Ac7h7c5s,1,0.25
Ac7d7c5s,1,0.25
Ac7d7c5h,1,0.25
As7s7h4d,1,0.09
As7s7h4c,1,0.09
As7s7d4c,1,0.09
As7s7d4h,1,0.09
As7s7c4h,1,0.09
As7s7c4d,1,0.09
Ah7h7d4c,1,0.09
Ah7h7d4s,1,0.09
Ah7h7c4d,1,0.09
Ah7h7c4s,1,0.09
Ah7s7h4c,1,0.09
Ah7s7h4d,1,0.09
Ad7d7c4h,1,0.09
Ad7d7c4s,1,0.09
Ad7s7d4c,1,0.09
Ad7s7d4h,1,0.09
Ad7h7d4c,1,0.09
Ad7h7d4s,1,0.09
Ac7s7c4h,1,0.09
Ac7s7c4d,1,0.09
Ac7h7c4d,1,0.09
Ac7h7c4s,1,0.09
Ac7d7c4s,1,0.09
Ac7d7c4h,1,0.09
As7s6h5h,1,0.44
As7s6d5d,1,0.44
As7s6c5c,1,0.44
Ah7h6d5d,1,0.44
Ah7h6c5c,1,0.44
Ah7h6s5s,1,0.44
Ad7d6c5c,1,0.44
Ad7d6s5s,1,0.44
Ad7d6h5h,1,0.44
Ac7c6s5s,1,0.44
Ac7c6h5h,1,0.44
Ac7c6d5d,1,0.44
As7s6h4h,1,0.26
As7s6d4d,1,0.26
As7s6c4c,1,0.26
Ah7h6d4d,1,0.26
Ah7h6c4c,1,0.26
Ah7h6s4s,1,0.26
Ad7d6c4c,1,0.26
Ad7d6s4s,1,0.26
Ad7d6h4h,1,0.26
Ac7c6s4s,1,0.26
Ac7c6h4h,1,0.26
Ac7c6d4d,1,0.26
As7s6h3h,1,0.02
As7s6d3d,1,0.02
As7s6c3c,1,0.02
Ah7h6d3d,1,0.02
Ah7h6c3c,1,0.02
Ah7h6s3s,1,0.02
Ad7d6c3c,1,0.02
Ad7d6s3s,1,0.02
Ad7d6h3h,1,0.02
Ac7c6s3s,1,0.02
Ac7c6h3h,1,0.02
Ac7c6d3d,1,0.02
As7s6h6d,1,0.15
As7s6h6c,1,0.15
As7s6d6c,1,0.15
Ah7h6d6c,1,0.15
Ah7h6s6d,1,0.15
Ah7h6s6c,1,0.15
Ad7d6h6c,1,0.15
Ad7d6s6c,1,0.15
Ad7d6s6h,1,0.15
Ac7c6s6h,1,0.15
Ac7c6s6d,1,0.15
Ac7c6h6d,1,0.15
As7s6h5d,1,0.18
As7s6h5c,1,0.18
As7s6d5c,1,0.18
As7s6d5h,1,0.18
As7s6c5h,1,0.18
As7s6c5d,1,0.18
Ah7h6d5c,1,0.18
Ah7h6d5s,1,0.18
Ah7h6c5d,1,0.18
Ah7h6c5s,1,0.18
Ah7h6s5c,1,0.18
Ah7h6s5d,1,0.18
Ad7d6c5h,1,0.18
Ad7d6c5s,1,0.18
Ad7d6s5c,1,0.18
Ad7d6s5h,1,0.18
Ad7d6h5c,1,0.18
Ad7d6h5s,1,0.18
Ac7c6s5h,1,0.18
Ac7c6s5d,1,0.18
Ac7c6h5d,1,0.18
Ac7c6h5s,1,0.18
Ac7c6d5s,1,0.18
Ac7c6d5h,1,0.18
As7s6h4d,1,0.02
As7s6h4c,1,0.02
As7s6d4c,1,0.02
As7s6d4h,1,0.02
As7s6c4h,1,0.02
As7s6c4d,1,0.02
Ah7h6d4c,1,0.02
Ah7h6d4s,1,0.02
Ah7h6c4d,1,0.02
Ah7h6c4s,1,0.02
Ah7h6s4c,1,0.02
Ah7h6s4d,1,0.02
Ad7d6c4h,1,0.02
Ad7d6c4s,1,0.02
Ad7d6s4c,1,0.02
Ad7d6s4h,1,0.02
Ad7d6h4c,1,0.02
Ad7d6h4s,1,0.02
Ac7c6s4h,1,0.02
Ac7c6s4d,1,0.02
Ac7c6h4d,1,0.02
Ac7c6h4s,1,0.02
Ac7c6d4s,1,0.02
Ac7c6d4h,1,0.02
As7s5h4h,1,0.47
As7s5d4d,1,0.47
As7s5c4c,1,0.47
Ah7h5d4d,1,0.47
Ah7h5c4c,1,0.47
Ah7h5s4s,1,0.47
Ad7d5c4c,1,0.47
Ad7d5s4s,1,0.47
Ad7d5h4h,1,0.47
Ac7c5s4s,1,0.47
Ac7c5h4h,1,0.47
Ac7c5d4d,1,0.47
As7s5h3h,1,0.25
As7s5d3d,1,0.25
As7s5c3c,1,0.25
Ah7h5d3d,1,0.25
Ah7h5c3c,1,0.25
Ah7h5s3s,1,0.25
Ad7d5c3c,1,0.25
Ad7d5s3s,1,0.25
Ad7d5h3h,1,0.25
Ac7c5s3s,1,0.25
Ac7c5h3h,1,0.25
Ac7c5d3d,1,0.25
As7s5h5d,1,0.12
As7s5h5c,1,0.12
As7s5d5c,1,0.12
Ah7h5d5c,1,0.12
Ah7h5s5d,1,0.12
Ah7h5s5c,1,0.12
Ad7d5h5c,1,0.12
Ad7d5s5c,1,0.12
Ad7d5s5h,1,0.12
Ac7c5s5h,1,0.12
Ac7c5s5d,1,0.12
Ac7c5h5d,1,0.12
As7s5h4d,1,0.2
As7s5h4c,1,0.2
As7s5d4c,1,0.2
As7s5d4h,1,0.2
As7s5c4h,1,0.2
As7s5c4d,1,0.2
Ah7h5d4c,1,0.2
Ah7h5d4s,1,0.2
Ah7h5c4d,1,0.2
Ah7h5c4s,1,0.2
Ah7h5s4c,1,0.2
Ah7h5s4d,1,0.2
Ad7d5c4h,1,0.2
Ad7d5c4s,1,0.2
Ad7d5s4c,1,0.2
Ad7d5s4h,1,0.2
Ad7d5h4c,1,0.2
Ad7d5h4s,1,0.2
Ac7c5s4h,1,0.2
Ac7c5s4d,1,0.2
Ac7c5h4d,1,0.2
Ac7c5h4s,1,0.2
Ac7c5d4s,1,0.2
Ac7c5d4h,1,0.2
As7s5h3d,1,0
As7s5h3c,1,0
As7s5d3c,1,0
As7s5d3h,1,0
As7s5c3h,1,0
As7s5c3d,1,0
Ah7h5d3c,1,0
Ah7h5d3s,1,0
Ah7h5c3d,1,0
Ah7h5c3s,1,0
Ah7h5s3c,1,0
Ah7h5s3d,1,0
Ad7d5c3h,1,0
Ad7d5c3s,1,0
Ad7d5s3c,1,0
Ad7d5s3h,1,0
Ad7d5h3c,1,0
Ad7d5h3s,1,0
Ac7c5s3h,1,0
Ac7c5s3d,1,0
Ac7c5h3d,1,0
Ac7c5h3s,1,0
Ac7c5d3s,1,0
Ac7c5d3h,1,0
As7s4h3h,1,0.04
As7s4d3d,1,0.04
As7s4c3c,1,0.04
Ah7h4d3d,1,0.04
Ah7h4c3c,1,0.04
Ah7h4s3s,1,0.04
Ad7d4c3c,1,0.04
Ad7d4s3s,1,0.04
Ad7d4h3h,1,0.04
Ac7c4s3s,1,0.04
Ac7c4h3h,1,0.04
Ac7c4d3d,1,0.04
As6s6h5h,1,0.47
As6s6d5d,1,0.47
As6s6c5c,1,0.47
Ah6h6d5d,1,0.47
Ah6h6c5c,1,0.47
Ah6s6h5s,1,0.47
Ad6d6c5c,1,0.47
Ad6s6d5s,1,0.47
Ad6h6d5h,1,0.47
Ac6s6c5s,1,0.47
Ac6h6c5h,1,0.47
Ac6d6c5d,1,0.47
As6s6h4h,1,0.33
As6s6d4d,1,0.33
As6s6c4c,1,0.33
Ah6h6d4d,1,0.33
Ah6h6c4c,1,0.33
Ah6s6h4s,1,0.33
Ad6d6c4c,1,0.33
Ad6s6d4s,1,0.33
Ad6h6d4h,1,0.33
Ac6s6c4s,1,0.33
Ac6h6c4h,1,0.33
Ac6d6c4d,1,0.33
As6s6h3h,1,0.13
As6s6d3d,1,0.13
As6s6c3c,1,0.13
Ah6h6d3d,1,0.13
Ah6h6c3c,1,0.13
Ah6s6h3s,1,0.13
Ad6d6c3c,1,0.13
Ad6s6d3s,1,0.13
Ad6h6d3h,1,0.13
Ac6s6c3s,1,0.13
Ac6h6c3h,1,0.13
Ac6d6c3d,1,0.13
As6s6h5d,1,0.23
As6s6h5c,1,0.23
As6s6d5c,1,0.23
As6s6d5h,1,0.23
As6s6c5h,1,0.23
As6s6c5d,1,0.23
Ah6h6d5c,1,0.23
Ah6h6d5s,1,0.23
Ah6h6c5d,1,0.23
Ah6h6c5s,1,0.23
Ah6s6h5c,1,0.23
Ah6s6h5d,1,0.23
Ad6d6c5h,1,0.23
Ad6d6c5s,1,0.23
Ad6s6d5c,1,0.23
Ad6s6d5h,1,0.23
Ad6h6d5c,1,0.23
Ad6h6d5s,1,0.23
Ac6s6c5h,1,0.23
Ac6s6c5d,1,0.23
Ac6h6c5d,1,0.23
Ac6h6c5s,1,0.23
Ac6d6c5s,1,0.23
Ac6d6c5h,1,0.23
As6s6h4d,1,0.1
As6s6h4c,1,0.1
As6s6d4c,1,0.1
As6s6d4h,1,0.1
As6s6c4h,1,0.1
As6s6c4d,1,0.1
Ah6h6d4c,1,0.1
Ah6h6d4s,1,0.1
Ah6h6c4d,1,0.1
Ah6h6c4s,1,0.1
Ah6s6h4c,1,0.1
Ah6s6h4d,1,0.1
Ad6d6c4h,1,0.1
Ad6d6c4s,1,0.1
Ad6s6d4c,1,0.1
Ad6s6d4h,1,0.1
Ad6h6d4c,1,0.1
Ad6h6d4s,1,0.1
Ac6s6c4h,1,0.1
Ac6s6c4d,1,0.1
Ac6h6c4d,1,0.1
Ac6h6c4s,1,0.1
Ac6d6c4s,1,0.1
Ac6d6c4h,1,0.1
As6s5h4h,1,0.42
As6s5d4d,1,0.42
As6s5c4c,1,0.42
Ah6h5d4d,1,0.42
Ah6h5c4c,1,0.42
Ah6h5s4s,1,0.42
Ad6d5c4c,1,0.42
Ad6d5s4s,1,0.42
Ad6d5h4h,1,0.42
Ac6c5s4s,1,0.42
Ac6c5h4h,1,0.42
Ac6c5d4d,1,0.42
As6s5h3h,1,0.23
As6s5d3d,1,0.23
As6s5c3c,1,0.23
Ah6h5d3d,1,0.23
Ah6h5c3c,1,0.23
Ah6h5s3s,1,0.23
Ad6d5c3c,1,0.23
Ad6d5s3s,1,0.23
Ad6d5h3h,1,0.23
Ac6c5s3s,1,0.23
Ac6c5h3h,1,0.23
Ac6c5d3d,1,0.23
As6s5h5d,1,0.13
As6s5h5c,1,0.13
As6s5d5c,1,0.13
Ah6h5d5c,1,0.13
Ah6h5s5d,1,0.13
Ah6h5s5c,1,0.13
Ad6d5h5c,1,0.13
Ad6d5s5c,1,0.13
Ad6d5s5h,1,0.13
Ac6c5s5h,1,0.13
Ac6c5s5d,1,0.13
Ac6c5h5d,1,0.13
As6s5h4d,1,0.17
As6s5h4c,1,0.17
As6s5d4c,1,0.17
As6s5d4h,1,0.17
As6s5c4h,1,0.17
As6s5c4d,1,0.17
Ah6h5d4c,1,0.17
Ah6h5d4s,1,0.17
Ah6h5c4d,1,0.17
Ah6h5c4s,1,0.17
Ah6h5s4c,1,0.17
Ah6h5s4d,1,0.17
Ad6d5c4h,1,0.17
Ad6d5c4s,1,0.17
Ad6d5s4c,1,0.17
Ad6d5s4h,1,0.17
Ad6d5h4c,1,0.17
Ad6d5h4s,1,0.17
Ac6c5s4h,1,0.17
Ac6c5s4d,1,0.17
Ac6c5h4d,1,0.17
Ac6c5h4s,1,0.17
Ac6c5d4s,1,0.17
Ac6c5d4h,1,0.17
As6s4h3h,1,0.06
As6s4d3d,1,0.06
As6s4c3c,1,0.06
Ah6h4d3d,1,0.06
Ah6h4c3c,1,0.06
Ah6h4s3s,1,0.06
Ad6d4c3c,1,0.06
Ad6d4s3s,1,0.06
Ad6d4h3h,1,0.06
Ac6c4s3s,1,0.06
Ac6c4h3h,1,0.06
Ac6c4d3d,1,0.06
As6s4h4d,1,0.02
As6s4h4c,1,0.02
As6s4d4c,1,0.02
Ah6h4d4c,1,0.02
Ah6h4s4d,1,0.02
Ah6h4s4c,1,0.02
Ad6d4h4c,1,0.02
Ad6d4s4c,1,0.02
Ad6d4s4h,1,0.02
Ac6c4s4h,1,0.02
Ac6c4s4d,1,0.02
Ac6c4h4d,1,0.02
As5s4s4h,1,0.04
As5s4s4d,1,0.04
As5s4s4c,1,0.04
Ah5h4h4d,1,0.04
Ah5h4h4c,1,0.04
Ah5h4s4h,1,0.04
Ad5d4d4c,1,0.04
Ad5d4s4d,1,0.04
Ad5d4h4d,1,0.04
Ac5c4s4c,1,0.04
Ac5c4h4c,1,0.04
Ac5c4d4c,1,0.04
As5s5h4h,1,0.52
As5s5d4d,1,0.52
As5s5c4c,1,0.52
Ah5h5d4d,1,0.52
Ah5h5c4c,1,0.52
Ah5s5h4s,1,0.52
Ad5d5c4c,1,0.52
Ad5s5d4s,1,0.52
Ad5h5d4h,1,0.52
Ac5s5c4s,1,0.52
Ac5h5c4h,1,0.52
Ac5d5c4d,1,0.52
As5s5h3h,1,0.37
As5s5d3d,1,0.37
As5s5c3c,1,0.37
Ah5h5d3d,1,0.37
Ah5h5c3c,1,0.37
Ah5s5h3s,1,0.37
Ad5d5c3c,1,0.37
Ad5s5d3s,1,0.37
Ad5h5d3h,1,0.37
Ac5s5c3s,1,0.37
Ac5h5c3h,1,0.37
Ac5d5c3d,1,0.37
As5s5h2h,1,0.14
As5s5d2d,1,0.14
As5s5c2c,1,0.14
Ah5h5d2d,1,0.14
Ah5h5c2c,1,0.14
Ah5s5h2s,1,0.14
Ad5d5c2c,1,0.14
Ad5s5d2s,1,0.14
Ad5h5d2h,1,0.14
Ac5s5c2s,1,0.14
Ac5h5c2h,1,0.14
Ac5d5c2d,1,0.14
As5s5h4d,1,0.28
As5s5h4c,1,0.28
As5s5d4c,1,0.28
As5s5d4h,1,0.28
As5s5c4h,1,0.28
As5s5c4d,1,0.28
Ah5h5d4c,1,0.28
Ah5h5d4s,1,0.28
Ah5h5c4d,1,0.28
Ah5h5c4s,1,0.28
Ah5s5h4c,1,0.28
Ah5s5h4d,1,0.28
Ad5d5c4h,1,0.28
Ad5d5c4s,1,0.28
Ad5s5d4c,1,0.28
Ad5s5d4h,1,0.28
Ad5h5d4c,1,0.28
Ad5h5d4s,1,0.28
Ac5s5c4h,1,0.28
Ac5s5c4d,1,0.28
Ac5h5c4d,1,0.28
Ac5h5c4s,1,0.28
Ac5d5c4s,1,0.28
Ac5d5c4h,1,0.28
As5s5h3d,1,0.14
As5s5h3c,1,0.14
As5s5d3c,1,0.14
As5s5d3h,1,0.14
As5s5c3h,1,0.14
As5s5c3d,1,0.14
Ah5h5d3c,1,0.14
Ah5h5d3s,1,0.14
Ah5h5c3d,1,0.14
Ah5h5c3s,1,0.14
Ah5s5h3c,1,0.14
Ah5s5h3d,1,0.14
Ad5d5c3h,1,0.14
Ad5d5c3s,1,0.14
Ad5s5d3c,1,0.14
Ad5s5d3h,1,0.14
Ad5h5d3c,1,0.14
Ad5h5d3s,1,0.14
Ac5s5c3h,1,0.14
Ac5s5c3d,1,0.14
Ac5h5c3d,1,0.14
Ac5h5c3s,1,0.14
Ac5d5c3s,1,0.14
Ac5d5c3h,1,0.14
As5s4h3h,1,0.37
As5s4d3d,1,0.37
As5s4c3c,1,0.37
Ah5h4d3d,1,0.37
Ah5h4c3c,1,0.37
Ah5h4s3s,1,0.37
Ad5d4c3c,1,0.37
Ad5d4s3s,1,0.37
Ad5d4h3h,1,0.37
Ac5c4s3s,1,0.37
Ac5c4h3h,1,0.37
Ac5c4d3d,1,0.37
As5s4h2h,1,0.18
As5s4d2d,1,0.18
As5s4c2c,1,0.18
Ah5h4d2d,1,0.18
Ah5h4c2c,1,0.18
Ah5h4s2s,1,0.18
Ad5d4c2c,1,0.18
Ad5d4s2s,1,0.18
Ad5d4h2h,1,0.18
Ac5c4s2s,1,0.18
Ac5c4h2h,1,0.18
Ac5c4d2d,1,0.18
As5s4h4d,1,0.25
As5s4h4c,1,0.25
As5s4d4c,1,0.25
Ah5h4d4c,1,0.25
Ah5h4s4d,1,0.25
Ah5h4s4c,1,0.25
Ad5d4h4c,1,0.25
Ad5d4s4c,1,0.25
Ad5d4s4h,1,0.25
Ac5c4s4h,1,0.25
Ac5c4s4d,1,0.25
Ac5c4h4d,1,0.25
As5s4h3d,1,0.13
As5s4h3c,1,0.13
As5s4d3c,1,0.13
As5s4d3h,1,0.13
As5s4c3h,1,0.13
As5s4c3d,1,0.13
Ah5h4d3c,1,0.13
Ah5h4d3s,1,0.13
Ah5h4c3d,1,0.13
Ah5h4c3s,1,0.13
Ah5h4s3c,1,0.13
Ah5h4s3d,1,0.13
Ad5d4c3h,1,0.13
Ad5d4c3s,1,0.13
Ad5d4s3c,1,0.13
Ad5d4s3h,1,0.13
Ad5d4h3c,1,0.13
Ad5d4h3s,1,0.13
Ac5c4s3h,1,0.13
Ac5c4s3d,1,0.13
Ac5c4h3d,1,0.13
Ac5c4h3s,1,0.13
Ac5c4d3s,1,0.13
Ac5c4d3h,1,0.13
As5s3h2h,0.983,0.01
As5s3d2d,0.983,0.01
As5s3c2c,0.983,0.01
Ah5h3d2d,0.983,0.01
Ah5h3c2c,0.983,0.01
Ah5h3s2s,0.983,0.01
Ad5d3c2c,0.983,0.01
Ad5d3s2s,0.983,0.01
Ad5d3h2h,0.983,0.01
Ac5c3s2s,0.983,0.01
Ac5c3h2h,0.983,0.01
Ac5c3d2d,0.983,0.01
As5s3h3d,1,0.13
As5s3h3c,1,0.13
As5s3d3c,1,0.13
Ah5h3d3c,1,0.13
Ah5h3s3d,1,0.13
Ah5h3s3c,1,0.13
Ad5d3h3c,1,0.13
Ad5d3s3c,1,0.13
Ad5d3s3h,1,0.13
Ac5c3s3h,1,0.13
Ac5c3s3d,1,0.13
Ac5c3h3d,1,0.13
As4s4h3h,1,0.31
As4s4d3d,1,0.31
As4s4c3c,1,0.31
Ah4h4d3d,1,0.31
Ah4h4c3c,1,0.31
Ah4s4h3s,1,0.31
Ad4d4c3c,1,0.31
Ad4s4d3s,1,0.31
Ad4h4d3h,1,0.31
Ac4s4c3s,1,0.31
Ac4h4c3h,1,0.31
Ac4d4c3d,1,0.31
As4s4h2h,1,0.13
As4s4d2d,1,0.13
As4s4c2c,1,0.13
Ah4h4d2d,1,0.13
Ah4h4c2c,1,0.13
Ah4s4h2s,1,0.13
Ad4d4c2c,1,0.13
Ad4s4d2s,1,0.13
Ad4h4d2h,1,0.13
Ac4s4c2s,1,0.13
Ac4h4c2h,1,0.13
Ac4d4c2d,1,0.13
As4s4h3d,1,0.08
As4s4h3c,1,0.08
As4s4d3c,1,0.08
As4s4d3h,1,0.08
As4s4c3h,1,0.08
As4s4c3d,1,0.08
Ah4h4d3c,1,0.08
Ah4h4d3s,1,0.08
Ah4h4c3d,1,0.08
Ah4h4c3s,1,0.08
Ah4s4h3c,1,0.08
Ah4s4h3d,1,0.08
Ad4d4c3h,1,0.08
Ad4d4c3s,1,0.08
Ad4s4d3c,1,0.08
Ad4s4d3h,1,0.08
Ad4h4d3c,1,0.08
Ad4h4d3s,1,0.08
Ac4s4c3h,1,0.08
Ac4s4c3d,1,0.08
Ac4h4c3d,1,0.08
Ac4h4c3s,1,0.08
Ac4d4c3s,1,0.08
Ac4d4c3h,1,0.08
As4s3h3d,1,0.06
As4s3h3c,1,0.06
As4s3d3c,1,0.06
Ah4h3d3c,1,0.06
Ah4h3s3d,1,0.06
Ah4h3s3c,1,0.06
Ad4d3h3c,1,0.06
Ad4d3s3c,1,0.06
Ad4d3s3h,1,0.06
Ac4c3s3h,1,0.06
Ac4c3s3d,1,0.06
Ac4c3h3d,1,0.06
As3s3h2h,1,0.06
As3s3d2d,1,0.06
As3s3c2c,1,0.06
Ah3h3d2d,1,0.06
Ah3h3c2c,1,0.06
Ah3s3h2s,1,0.06
Ad3d3c2c,1,0.06
Ad3s3d2s,1,0.06
Ad3h3d2h,1,0.06
Ac3s3c2s,1,0.06
Ac3h3c2h,1,0.06
Ac3d3c2d,1,0.06
AsAhKsQs,1,2.06
AsAdKsQs,1,2.06
AsAcKsQs,1,2.06
AhAdKhQh,1,2.06
AhAcKhQh,1,2.06
AsAhKhQh,1,2.06
AdAcKdQd,1,2.06
AsAdKdQd,1,2.06
AhAdKdQd,1,2.06
AsAcKcQc,1,2.06
AhAcKcQc,1,2.06
AdAcKcQc,1,2.06
AsAhKsJs,1,2.09
AsAdKsJs,1,2.09
AsAcKsJs,1,2.09
AhAdKhJh,1,2.09
AhAcKhJh,1,2.09
AsAhKhJh,1,2.09
AdAcKdJd,1,2.09
AsAdKdJd,1,2.09
AhAdKdJd,1,2.09
AsAcKcJc,1,2.09
AhAcKcJc,1,2.09
AdAcKcJc,1,2.09
AsAhKsTs,1,2.11
AsAdKsTs,1,2.11
AsAcKsTs,1,2.11
AhAdKhTh,1,2.11
AhAcKhTh,1,2.11
AsAhKhTh,1,2.11
AdAcKdTd,1,2.11
AsAdKdTd,1,2.11
AhAdKdTd,1,2.11
AsAcKcTc,1,2.11
AhAcKcTc,1,2.11
AdAcKcTc,1,2.11
AsAhKs9s,1,1.76
AsAdKs9s,1,1.76
AsAcKs9s,1,1.76
AhAdKh9h,1,1.76
AhAcKh9h,1,1.76
AsAhKh9h,1,1.76
AdAcKd9d,1,1.76
AsAdKd9d,1,1.76
AhAdKd9d,1,1.76
AsAcKc9c,1,1.76
AhAcKc9c,1,1.76
AdAcKc9c,1,1.76
AsAhKs8s,1,1.78
AsAdKs8s,1,1.78
AsAcKs8s,1,1.78
AhAdKh8h,1,1.78
AhAcKh8h,1,1.78
AsAhKh8h,1,1.78
AdAcKd8d,1,1.78
AsAdKd8d,1,1.78
AhAdKd8d,1,1.78
AsAcKc8c,1,1.78
AhAcKc8c,1,1.78
AdAcKc8c,1,1.78
AsAhKs7s,1,1.78
AsAdKs7s,1,1.78
AsAcKs7s,1,1.78
AhAdKh7h,1,1.78
AhAcKh7h,1,1.78
AsAhKh7h,1,1.78
AdAcKd7d,1,1.78
AsAdKd7d,1,1.78
AhAdKd7d,1,1.78
AsAcKc7c,1,1.78
AhAcKc7c,1,1.78
AdAcKc7c,1,1.78
AsAhKs6s,1,1.76
AsAdKs6s,1,1.76
AsAcKs6s,1,1.76
AhAdKh6h,1,1.76
AhAcKh6h,1,1.76
AsAhKh6h,1,1.76
AdAcKd6d,1,1.76
AsAdKd6d,1,1.76
AhAdKd6d,1,1.76
AsAcKc6c,1,1.76
AhAcKc6c,1,1.76
AdAcKc6c,1,1.76
AsAhKs5s,1,1.92
AsAdKs5s,1,1.92
AsAcKs5s,1,1.92
AhAdKh5h,1,1.92
AhAcKh5h,1,1.92
AsAhKh5h,1,1.92
AdAcKd5d,1,1.92
AsAdKd5d,1,1.92
AhAdKd5d,1,1.92
AsAcKc5c,1,1.92
AhAcKc5c,1,1.92
AdAcKc5c,1,1.92
AsAhKs4s,1,1.87
AsAdKs4s,1,1.87
AsAcKs4s,1,1.87
AhAdKh4h,1,1.87
AhAcKh4h,1,1.87
AsAhKh4h,1,1.87
AdAcKd4d,1,1.87
AsAdKd4d,1,1.87
AhAdKd4d,1,1.87
AsAcKc4c,1,1.87
AhAcKc4c,1,1.87
AdAcKc4c,1,1.87
AsAhKs3s,1,1.79
AsAdKs3s,1,1.79
AsAcKs3s,1,1.79
AhAdKh3h,1,1.79
AhAcKh3h,1,1.79
AsAhKh3h,1,1.79
AdAcKd3d,1,1.79
AsAdKd3d,1,1.79
AhAdKd3d,1,1.79
AsAcKc3c,1,1.79
AhAcKc3c,1,1.79
AdAcKc3c,1,1.79
AsAhKs2s,1,1.68
AsAdKs2s,1,1.68
AsAcKs2s,1,1.68
AhAdKh2h,1,1.68
AhAcKh2h,1,1.68
AsAhKh2h,1,1.68
AdAcKd2d,1,1.68
AsAdKd2d,1,1.68
AhAdKd2d,1,1.68
AsAcKc2c,1,1.68
AhAcKc2c,1,1.68
AdAcKc2c,1,1.68
AsAhKsKh,1,4.54
AsAdKsKd,1,4.54
AsAcKsKc,1,4.54
AhAdKhKd,1,4.54
AhAcKhKc,1,4.54
AdAcKdKc,1,4.54
AsAhKsQh,1,3.57
AsAdKsQd,1,3.57
AsAcKsQc,1,3.57
AhAdKhQd,1,3.57
AhAcKhQc,1,3.57
AsAhKhQs,1,3.57
AdAcKdQc,1,3.57
AsAdKdQs,1,3.57
AhAdKdQh,1,3.57
AsAcKcQs,1,3.57
AhAcKcQh,1,3.57
AdAcKcQd,1,3.57
AsAhKsJh,1,3.59
AsAdKsJd,1,3.59
AsAcKsJc,1,3.59
AhAdKhJd,1,3.59
AhAcKhJc,1,3.59
AsAhKhJs,1,3.59
AdAcKdJc,1,3.59
AsAdKdJs,1,3.59
AhAdKdJh,1,3.59
AsAcKcJs,1,3.59
AhAcKcJh,1,3.59
AdAcKcJd,1,3.59
AsAhKsTh,1,3.6
AsAdKsTd,1,3.6
AsAcKsTc,1,3.6
AhAdKhTd,1,3.6
AhAcKhTc,1,3.6
AsAhKhTs,1,3.6
AdAcKdTc,1,3.6
AsAdKdTs,1,3.6
AhAdKdTh,1,3.6
AsAcKcTs,1,3.6
AhAcKcTh,1,3.6
AdAcKcTd,1,3.6
AsAhKs9h,1,3.26
AsAdKs9d,1,3.26
AsAcKs9c,1,3.26
AhAdKh9d,1,3.26
AhAcKh9c,1,3.26
AsAhKh9s,1,3.26
AdAcKd9c,1,3.26
AsAdKd9s,1,3.26
AhAdKd9h,1,3.26
AsAcKc9s,1,3.26
AhAcKc9h,1,3.26
AdAcKc9d,1,3.26
AsAhKs8h,1,3.28
AsAdKs8d,1,3.28
AsAcKs8c,1,3.28
AhAdKh8d,1,3.28
AhAcKh8c,1,3.28
AsAhKh8s,1,3.28
AdAcKd8c,1,3.28
AsAdKd8s,1,3.28
AhAdKd8h,1,3.28
AsAcKc8s,1,3.28
AhAcKc8h,1,3.28
AdAcKc8d,1,3.28
AsAhKs7h,1,3.28
AsAdKs7d,1,3.28
AsAcKs7c,1,3.28
AhAdKh7d,1,3.28
AhAcKh7c,1,3.28
AsAhKh7s,1,3.28
AdAcKd7c,1,3.28
AsAdKd7s,1,3.28
AhAdKd7h,1,3.28
AsAcKc7s,1,3.28
AhAcKc7h,1,3.28
AdAcKc7d,1,3.28
AsAhKs6h,1,3.27
AsAdKs6d,1,3.27
AsAcKs6c,1,3.27
AhAdKh6d,1,3.27
AhAcKh6c,1,3.27
AsAhKh6s,1,3.27
AdAcKd6c,1,3.27
AsAdKd6s,1,3.27
AhAdKd6h,1,3.27
AsAcKc6s,1,3.27
AhAcKc6h,1,3.27
AdAcKc6d,1,3.27
AsAhKs5h,1,3.45
AsAdKs5d,1,3.45
AsAcKs5c,1,3.45
AhAdKh5d,1,3.45
AhAcKh5c,1,3.45
AsAhKh5s,1,3.45
AdAcKd5c,1,3.45
AsAdKd5s,1,3.45
AhAdKd5h,1,3.45
AsAcKc5s,1,3.45
AhAcKc5h,1,3.45
AdAcKc5d,1,3.45
AsAhKs4h,1,3.43
AsAdKs4d,1,3.43
AsAcKs4c,1,3.43
AhAdKh4d,1,3.43
AhAcKh4c,1,3.43
AsAhKh4s,1,3.43
AdAcKd4c,1,3.43
AsAdKd4s,1,3.43
AhAdKd4h,1,3.43
AsAcKc4s,1,3.43
AhAcKc4h,1,3.43
AdAcKc4d,1,3.43
AsAhKs3h,1,3.37
AsAdKs3d,1,3.37
AsAcKs3c,1,3.37
AhAdKh3d,1,3.37
AhAcKh3c,1,3.37
AsAhKh3s,1,3.37
AdAcKd3c,1,3.37
AsAdKd3s,1,3.37
AhAdKd3h,1,3.37
AsAcKc3s,1,3.37
AhAcKc3h,1,3.37
AdAcKc3d,1,3.37
AsAhKs2h,1,3.28
AsAdKs2d,1,3.28
AsAcKs2c,1,3.28
AhAdKh2d,1,3.28
AhAcKh2c,1,3.28
AsAhKh2s,1,3.28
AdAcKd2c,1,3.28
AsAdKd2s,1,3.28
AhAdKd2h,1,3.28
AsAcKc2s,1,3.28
AhAcKc2h,1,3.28
AdAcKc2d,1,3.28
AsAhKsKd,1,3.4
AsAhKsKc,1,3.4
AsAdKsKc,1,3.4
AsAdKsKh,1,3.4
AsAcKsKh,1,3.4
AsAcKsKd,1,3.4
AhAdKhKc,1,3.4
AhAdKsKh,1,3.4
AhAcKhKd,1,3.4
AhAcKsKh,1,3.4
AsAhKhKc,1,3.4
AsAhKhKd,1,3.4
AdAcKhKd,1,3.4
AdAcKsKd,1,3.4
AsAdKdKc,1,3.4
AsAdKhKd,1,3.4
AhAdKdKc,1,3.4
AhAdKsKd,1,3.4
AsAcKhKc,1,3.4
AsAcKdKc,1,3.4
AhAcKdKc,1,3.4
AhAcKsKc,1,3.4
AdAcKsKc,1,3.4
AdAcKhKc,1,3.4
AsAhKsQd,1,2.47
AsAhKsQc,1,2.47
AsAdKsQc,1,2.47
AsAdKsQh,1,2.47
AsAcKsQh,1,2.47
AsAcKsQd,1,2.47
AhAdKhQc,1,2.47
AhAdKhQs,1,2.47
AhAcKhQd,1,2.47
AhAcKhQs,1,2.47
AsAhKhQc,1,2.47
AsAhKhQd,1,2.47
AdAcKdQh,1,2.47
AdAcKdQs,1,2.47
AsAdKdQc,1,2.47
AsAdKdQh,1,2.47
AhAdKdQc,1,2.47
AhAdKdQs,1,2.47
AsAcKcQh,1,2.47
AsAcKcQd,1,2.47
AhAcKcQd,1,2.47
AhAcKcQs,1,2.47
AdAcKcQs,1,2.47
AdAcKcQh,1,2.47
AsAhKsJd,1,2.48
AsAhKsJc,1,2.48
AsAdKsJc,1,2.48
AsAdKsJh,1,2.48
AsAcKsJh,1,2.48
AsAcKsJd,1,2.48
AhAdKhJc,1,2.48
AhAdKhJs,1,2.48
AhAcKhJd,1,2.48
AhAcKhJs,1,2.48
AsAhKhJc,1,2.48
AsAhKhJd,1,2.48
AdAcKdJh,1,2.48
AdAcKdJs,1,2.48
AsAdKdJc,1,2.48
AsAdKdJh,1,2.48
AhAdKdJc,1,2.48
AhAdKdJs,1,2.48
AsAcKcJh,1,2.48
AsAcKcJd,1,2.48
AhAcKcJd,1,2.48
AhAcKcJs,1,2.48
AdAcKcJs,1,2.48
AdAcKcJh,1,2.48
AsAhKsTd,1,2.5
AsAhKsTc,1,2.5
AsAdKsTc,1,2.5
AsAdKsTh,1,2.5
AsAcKsTh,1,2.5
AsAcKsTd,1,2.5
AhAdKhTc,1,2.5
AhAdKhTs,1,2.5
AhAcKhTd,1,2.5
AhAcKhTs,1,2.5
AsAhKhTc,1,2.5
AsAhKhTd,1,2.5
AdAcKdTh,1,2.5
AdAcKdTs,1,2.5
AsAdKdTc,1,2.5
AsAdKdTh,1,2.5
AhAdKdTc,1,2.5
AhAdKdTs,1,2.5
AsAcKcTh,1,2.5
AsAcKcTd,1,2.5
AhAcKcTd,1,2.5
AhAcKcTs,1,2.5
AdAcKcTs,1,2.5
AdAcKcTh,1,2.5
AsAhKs9d,1,2.14
AsAhKs9c,1,2.14
AsAdKs9c,1,2.14
AsAdKs9h,1,2.14
AsAcKs9h,1,2.14
AsAcKs9d,1,2.14
AhAdKh9c,1,2.14
AhAdKh9s,1,2.14
AhAcKh9d,1,2.14
AhAcKh9s,1,2.14
AsAhKh9c,1,2.14
AsAhKh9d,1,2.14
AdAcKd9h,1,2.14
AdAcKd9s,1,2.14
AsAdKd9c,1,2.14
AsAdKd9h,1,2.14
AhAdKd9c,1,2.14
AhAdKd9s,1,2.14
AsAcKc9h,1,2.14
AsAcKc9d,1,2.14
AhAcKc9d,1,2.14
AhAcKc9s,1,2.14
AdAcKc9s,1,2.14
AdAcKc9h,1,2.14
AsAhKs8d,1,2.16
AsAhKs8c,1,2.16
AsAdKs8c,1,2.16
AsAdKs8h,1,2.16
AsAcKs8h,1,2.16
AsAcKs8d,1,2.16
AhAdKh8c,1,2.16
AhAdKh8s,1,2.16
AhAcKh8d,1,2.16
AhAcKh8s,1,2.16
AsAhKh8c,1,2.16
AsAhKh8d,1,2.16
AdAcKd8h,1,2.16
AdAcKd8s,1,2.16
AsAdKd8c,1,2.16
AsAdKd8h,1,2.16
AhAdKd8c,1,2.16
AhAdKd8s,1,2.16
AsAcKc8h,1,2.16
AsAcKc8d,1,2.16
AhAcKc8d,1,2.16
AhAcKc8s,1,2.16
AdAcKc8s,1,2.16
AdAcKc8h,1,2.16
AsAhKs7d,1,2.16
AsAhKs7c,1,2.16
AsAdKs7c,1,2.16
AsAdKs7h,1,2.16
AsAcKs7h,1,2.16
AsAcKs7d,1,2.16
AhAdKh7c,1,2.16
AhAdKh7s,1,2.16
AhAcKh7d,1,2.16
AhAcKh7s,1,2.16
AsAhKh7c,1,2.16
AsAhKh7d,1,2.16
AdAcKd7h,1,2.16
AdAcKd7s,1,2.16
AsAdKd7c,1,2.16
AsAdKd7h,1,2.16
AhAdKd7c,1,2.16
AhAdKd7s,1,2.16
AsAcKc7h,1,2.16
AsAcKc7d,1,2.16
AhAcKc7d,1,2.16
AhAcKc7s,1,2.16
AdAcKc7s,1,2.16
AdAcKc7h,1,2.16
AsAhKs6d,1,2.15
AsAhKs6c,1,2.15
AsAdKs6c,1,2.15
AsAdKs6h,1,2.15
AsAcKs6h,1,2.15
AsAcKs6d,1,2.15
AhAdKh6c,1,2.15
AhAdKh6s,1,2.15
AhAcKh6d,1,2.15
AhAcKh6s,1,2.15
AsAhKh6c,1,2.15
AsAhKh6d,1,2.15
AdAcKd6h,1,2.15
AdAcKd6s,1,2.15
AsAdKd6c,1,2.15
AsAdKd6h,1,2.15
AhAdKd6c,1,2.15
AhAdKd6s,1,2.15
AsAcKc6h,1,2.15
AsAcKc6d,1,2.15
AhAcKc6d,1,2.15
AhAcKc6s,1,2.15
AdAcKc6s,1,2.15
AdAcKc6h,1,2.15
AsAhKs5d,1,2.3
AsAhKs5c,1,2.3
AsAdKs5c,1,2.3
AsAdKs5h,1,2.3
AsAcKs5h,1,2.3
AsAcKs5d,1,2.3
AhAdKh5c,1,2.3
AhAdKh5s,1,2.3
AhAcKh5d,1,2.3
AhAcKh5s,1,2.3
AsAhKh5c,1,2.3
AsAhKh5d,1,2.3
AdAcKd5h,1,2.3
AdAcKd5s,1,2.3
AsAdKd5c,1,2.3
AsAdKd5h,1,2.3
AhAdKd5c,1,2.3
AhAdKd5s,1,2.3
AsAcKc5h,1,2.3
AsAcKc5d,1,2.3
AhAcKc5d,1,2.3
AhAcKc5s,1,2.3
AdAcKc5s,1,2.3
AdAcKc5h,1,2.3
AsAhKs4d,1,2.26
AsAhKs4c,1,2.26
AsAdKs4c,1,2.26
AsAdKs4h,1,2.26
AsAcKs4h,1,2.26
AsAcKs4d,1,2.26
AhAdKh4c,1,2.26
AhAdKh4s,1,2.26
AhAcKh4d,1,2.26
AhAcKh4s,1,2.26
AsAhKh4c,1,2.26
AsAhKh4d,1,2.26
AdAcKd4h,1,2.26
AdAcKd4s,1,2.26
AsAdKd4c,1,2.26
AsAdKd4h,1,2.26
AhAdKd4c,1,2.26
AhAdKd4s,1,2.26
AsAcKc4h,1,2.26
AsAcKc4d,1,2.26
AhAcKc4d,1,2.26
AhAcKc4s,1,2.26
AdAcKc4s,1,2.26
AdAcKc4h,1,2.26
AsAhKs3d,1,2.18
AsAhKs3c,1,2.18
AsAdKs3c,1,2.18
AsAdKs3h,1,2.18
AsAcKs3h,1,2.18
AsAcKs3d,1,2.18
AhAdKh3c,1,2.18
AhAdKh3s,1,2.18
AhAcKh3d,1,2.18
AhAcKh3s,1,2.18
AsAhKh3c,1,2.18
AsAhKh3d,1,2.18
AdAcKd3h,1,2.18
AdAcKd3s,1,2.18
AsAdKd3c,1,2.18
AsAdKd3h,1,2.18
AhAdKd3c,1,2.18
AhAdKd3s,1,2.18
AsAcKc3h,1,2.18
AsAcKc3d,1,2.18
AhAcKc3d,1,2.18
AhAcKc3s,1,2.18
AdAcKc3s,1,2.18
AdAcKc3h,1,2.18
AsAhKs2d,1,2.08
AsAhKs2c,1,2.08
AsAdKs2c,1,2.08
AsAdKs2h,1,2.08
AsAcKs2h,1,2.08
AsAcKs2d,1,2.08
AhAdKh2c,1,2.08
AhAdKh2s,1,2.08
AhAcKh2d,1,2.08
AhAcKh2s,1,2.08
AsAhKh2c,1,2.08
AsAhKh2d,1,2.08
AdAcKd2h,1,2.08
AdAcKd2s,1,2.08
AsAdKd2c,1,2.08
AsAdKd2h,1,2.08
AhAdKd2c,1,2.08
AhAdKd2s,1,2.08
AsAcKc2h,1,2.08
AsAcKc2d,1,2.08
AhAcKc2d,1,2.08
AhAcKc2s,1,2.08
AdAcKc2s,1,2.08
AdAcKc2h,1,2.08
AsAhQsJs,1,2.46
AsAdQsJs,1,2.46
AsAcQsJs,1,2.46
AhAdQhJh,1,2.46
AhAcQhJh,1,2.46
AsAhQhJh,1,2.46
AdAcQdJd,1,2.46
AsAdQdJd,1,2.46
AhAdQdJd,1,2.46
AsAcQcJc,1,2.46
AhAcQcJc,1,2.46
AdAcQcJc,1,2.46
AsAhQsTs,1,2.45
AsAdQsTs,1,2.45
AsAcQsTs,1,2.45
AhAdQhTh,1,2.45
AhAcQhTh,1,2.45
AsAhQhTh,1,2.45
AdAcQdTd,1,2.45
AsAdQdTd,1,2.45
AhAdQdTd,1,2.45
AsAcQcTc,1,2.45
AhAcQcTc,1,2.45
AdAcQcTc,1,2.45
AsAhQs9s,1,2.1
AsAdQs9s,1,2.1
AsAcQs9s,1,2.1
AhAdQh9h,1,2.1
AhAcQh9h,1,2.1
AsAhQh9h,1,2.1
AdAcQd9d,1,2.1
AsAdQd9d,1,2.1
AhAdQd9d,1,2.1
AsAcQc9c,1,2.1
AhAcQc9c,1,2.1
AdAcQc9c,1,2.1
AsAhQs8s,1,2.08
AsAdQs8s,1,2.08
AsAcQs8s,1,2.08
AhAdQh8h,1,2.08
AhAcQh8h,1,2.08
AsAhQh8h,1,2.08
AdAcQd8d,1,2.08
AsAdQd8d,1,2.08
AhAdQd8d,1,2.08
AsAcQc8c,1,2.08
AhAcQc8c,1,2.08
AdAcQc8c,1,2.08
AsAhQs7s,1,1.88
AsAdQs7s,1,1.88
AsAcQs7s,1,1.88
AhAdQh7h,1,1.88
AhAcQh7h,1,1.88
AsAhQh7h,1,1.88
AdAcQd7d,1,1.88
AsAdQd7d,1,1.88
AhAdQd7d,1,1.88
AsAcQc7c,1,1.88
AhAcQc7c,1,1.88
AdAcQc7c,1,1.88
AsAhQs6s,1,1.86
AsAdQs6s,1,1.86
AsAcQs6s,1,1.86
AhAdQh6h,1,1.86
AhAcQh6h,1,1.86
AsAhQh6h,1,1.86
AdAcQd6d,1,1.86
AsAdQd6d,1,1.86
AhAdQd6d,1,1.86
AsAcQc6c,1,1.86
AhAcQc6c,1,1.86
AdAcQc6c,1,1.86
AsAhQs5s,1,2.02
AsAdQs5s,1,2.02
AsAcQs5s,1,2.02
AhAdQh5h,1,2.02
AhAcQh5h,1,2.02
AsAhQh5h,1,2.02
AdAcQd5d,1,2.02
AsAdQd5d,1,2.02
AhAdQd5d,1,2.02
AsAcQc5c,1,2.02
AhAcQc5c,1,2.02
AdAcQc5c,1,2.02
AsAhQs4s,1,1.97
AsAdQs4s,1,1.97
AsAcQs4s,1,1.97
AhAdQh4h,1,1.97
AhAcQh4h,1,1.97
AsAhQh4h,1,1.97
AdAcQd4d,1,1.97
AsAdQd4d,1,1.97
AhAdQd4d,1,1.97
AsAcQc4c,1,1.97
AhAcQc4c,1,1.97
AdAcQc4c,1,1.97
AsAhQs3s,1,1.89
AsAdQs3s,1,1.89
AsAcQs3s,1,1.89
AhAdQh3h,1,1.89
AhAcQh3h,1,1.89
AsAhQh3h,1,1.89
AdAcQd3d,1,1.89
AsAdQd3d,1,1.89
AhAdQd3d,1,1.89
AsAcQc3c,1,1.89
AhAcQc3c,1,1.89
AdAcQc3c,1,1.89
AsAhQs2s,1,1.78
AsAdQs2s,1,1.78
AsAcQs2s,1,1.78
AhAdQh2h,1,1.78
AhAcQh2h,1,1.78
AsAhQh2h,1,1.78
AdAcQd2d,1,1.78
AsAdQd2d,1,1.78
AhAdQd2d,1,1.78
AsAcQc2c,1,1.78
AhAcQc2c,1,1.78
AdAcQc2c,1,1.78
AsAhQsQh,1,4.69
AsAdQsQd,1,4.69
AsAcQsQc,1,4.69
AhAdQhQd,1,4.69
AhAcQhQc,1,4.69
AdAcQdQc,1,4.69
AsAhQsJh,1,3.98
AsAdQsJd,1,3.98
AsAcQsJc,1,3.98
AhAdQhJd,1,3.98
AhAcQhJc,1,3.98
AsAhQhJs,1,3.98
AdAcQdJc,1,3.98
AsAdQdJs,1,3.98
AhAdQdJh,1,3.98
AsAcQcJs,1,3.98
AhAcQcJh,1,3.98
AdAcQcJd,1,3.98
AsAhQsTh,1,3.95
AsAdQsTd,1,3.95
AsAcQsTc,1,3.95
AhAdQhTd,1,3.95
AhAcQhTc,1,3.95
AsAhQhTs,1,3.95
AdAcQdTc,1,3.95
AsAdQdTs,1,3.95
AhAdQdTh,1,3.95
AsAcQcTs,1,3.95
AhAcQcTh,1,3.95
AdAcQcTd,1,3.95
AsAhQs9h,1,3.63
AsAdQs9d,1,3.63
AsAcQs9c,1,3.63
AhAdQh9d,1,3.63
AhAcQh9c,1,3.63
AsAhQh9s,1,3.63
AdAcQd9c,1,3.63
AsAdQd9s,1,3.63
AhAdQd9h,1,3.63
AsAcQc9s,1,3.63
AhAcQc9h,1,3.63
AdAcQc9d,1,3.63
AsAhQs8h,1,3.61
AsAdQs8d,1,3.61
AsAcQs8c,1,3.61
AhAdQh8d,1,3.61
AhAcQh8c,1,3.61
AsAhQh8s,1,3.61
AdAcQd8c,1,3.61
AsAdQd8s,1,3.61
AhAdQd8h,1,3.61
AsAcQc8s,1,3.61
AhAcQc8h,1,3.61
AdAcQc8d,1,3.61
AsAhQs7h,1,3.4
AsAdQs7d,1,3.4
AsAcQs7c,1,3.4
AhAdQh7d,1,3.4
AhAcQh7c,1,3.4
AsAhQh7s,1,3.4
AdAcQd7c,1,3.4
AsAdQd7s,1,3.4
AhAdQd7h,1,3.4
AsAcQc7s,1,3.4
AhAcQc7h,1,3.4
AdAcQc7d,1,3.4
AsAhQs6h,1,3.38
AsAdQs6d,1,3.38
AsAcQs6c,1,3.38
AhAdQh6d,1,3.38
AhAcQh6c,1,3.38
AsAhQh6s,1,3.38
AdAcQd6c,1,3.38
AsAdQd6s,1,3.38
AhAdQd6h,1,3.38
AsAcQc6s,1,3.38
AhAcQc6h,1,3.38
AdAcQc6d,1,3.38
AsAhQs5h,1,3.56
AsAdQs5d,1,3.56
AsAcQs5c,1,3.56
AhAdQh5d,1,3.56
AhAcQh5c,1,3.56
AsAhQh5s,1,3.56
AdAcQd5c,1,3.56
AsAdQd5s,1,3.56
AhAdQd5h,1,3.56
AsAcQc5s,1,3.56
AhAcQc5h,1,3.56
AdAcQc5d,1,3.56
AsAhQs4h,1,3.54
AsAdQs4d,1,3.54
AsAcQs4c,1,3.54
AhAdQh4d,1,3.54
AhAcQh4c,1,3.54
AsAhQh4s,1,3.54
AdAcQd4c,1,3.54
AsAdQd4s,1,3.54
AhAdQd4h,1,3.54
AsAcQc4s,1,3.54
AhAcQc4h,1,3.54
AdAcQc4d,1,3.54
AsAhQs3h,1,3.49
AsAdQs3d,1,3.49
AsAcQs3c,1,3.49
AhAdQh3d,1,3.49
AhAcQh3c,1,3.49
AsAhQh3s,1,3.49
AdAcQd3c,1,3.49
AsAdQd3s,1,3.49
AhAdQd3h,1,3.49
AsAcQc3s,1,3.49
AhAcQc3h,1,3.49
AdAcQc3d,1,3.49
AsAhQs2h,1,3.39
AsAdQs2d,1,3.39
AsAcQs2c,1,3.39
AhAdQh2d,1,3.39
AhAcQh2c,1,3.39
AsAhQh2s,1,3.39
AdAcQd2c,1,3.39
AsAdQd2s,1,3.39
AhAdQd2h,1,3.39
AsAcQc2s,1,3.39
AhAcQc2h,1,3.39
AdAcQc2d,1,3.39
AsAhQsQd,1,3.54
AsAhQsQc,1,3.54
AsAdQsQc,1,3.54
AsAdQsQh,1,3.54
AsAcQsQh,1,3.54
AsAcQsQd,1,3.54
AhAdQhQc,1,3.54
AhAdQsQh,1,3.54
AhAcQhQd,1,3.54
AhAcQsQh,1,3.54
AsAhQhQc,1,3.54
AsAhQhQd,1,3.54
AdAcQhQd,1,3.54
AdAcQsQd,1,3.54
AsAdQdQc,1,3.54
AsAdQhQd,1,3.54
AhAdQdQc,1,3.54
AhAdQsQd,1,3.54
AsAcQhQc,1,3.54
AsAcQdQc,1,3.54
AhAcQdQc,1,3.54
AhAcQsQc,1,3.54
AdAcQsQc,1,3.54
AdAcQhQc,1,3.54
AsAhQsJd,1,2.87
AsAhQsJc,1,2.87
AsAdQsJc,1,2.87
AsAdQsJh,1,2.87
AsAcQsJh,1,2.87
AsAcQsJd,1,2.87
AhAdQhJc,1,2.87
AhAdQhJs,1,2.87
AhAcQhJd,1,2.87
AhAcQhJs,1,2.87
AsAhQhJc,1,2.87
AsAhQhJd,1,2.87
AdAcQdJh,1,2.87
AdAcQdJs,1,2.87
AsAdQdJc,1,2.87
AsAdQdJh,1,2.87
AhAdQdJc,1,2.87
AhAdQdJs,1,2.87
AsAcQcJh,1,2.87
AsAcQcJd,1,2.87
AhAcQcJd,1,2.87
AhAcQcJs,1,2.87
AdAcQcJs,1,2.87
AdAcQcJh,1,2.87
AsAhQsTd,1,2.86
AsAhQsTc,1,2.86
AsAdQsTc,1,2.86
AsAdQsTh,1,2.86
AsAcQsTh,1,2.86
AsAcQsTd,1,2.86
AhAdQhTc,1,2.86
AhAdQhTs,1,2.86
AhAcQhTd,1,2.86
AhAcQhTs,1,2.86
AsAhQhTc,1,2.86
AsAhQhTd,1,2.86
AdAcQdTh,1,2.86
AdAcQdTs,1,2.86
AsAdQdTc,1,2.86
AsAdQdTh,1,2.86
AhAdQdTc,1,2.86
AhAdQdTs,1,2.86
AsAcQcTh,1,2.86
AsAcQcTd,1,2.86
AhAcQcTd,1,2.86
AhAcQcTs,1,2.86
AdAcQcTs,1,2.86
AdAcQcTh,1,2.86
AsAhQs9d,1,2.5
AsAhQs9c,1,2.5
AsAdQs9c,1,2.5
AsAdQs9h,1,2.5
AsAcQs9h,1,2.5
AsAcQs9d,1,2.5
AhAdQh9c,1,2.5
AhAdQh9s,1,2.5
AhAcQh9d,1,2.5
AhAcQh9s,1,2.5
AsAhQh9c,1,2.5
AsAhQh9d,1,2.5
AdAcQd9h,1,2.5
AdAcQd9s,1,2.5
AsAdQd9c,1,2.5
AsAdQd9h,1,2.5
AhAdQd9c,1,2.5
AhAdQd9s,1,2.5
AsAcQc9h,1,2.5
AsAcQc9d,1,2.5
AhAcQc9d,1,2.5
AhAcQc9s,1,2.5
AdAcQc9s,1,2.5
AdAcQc9h,1,2.5
AsAhQs8d,1,2.49
AsAhQs8c,1,2.49
AsAdQs8c,1,2.49
AsAdQs8h,1,2.49
AsAcQs8h,1,2.49
AsAcQs8d,1,2.49
AhAdQh8c,1,2.49
AhAdQh8s,1,2.49
AhAcQh8d,1,2.49
AhAcQh8s,1,2.49
AsAhQh8c,1,2.49
AsAhQh8d,1,2.49
AdAcQd8h,1,2.49
AdAcQd8s,1,2.49
AsAdQd8c,1,2.49
AsAdQd8h,1,2.49
AhAdQd8c,1,2.49
AhAdQd8s,1,2.49
AsAcQc8h,1,2.49
AsAcQc8d,1,2.49
AhAcQc8d,1,2.49
AhAcQc8s,1,2.49
AdAcQc8s,1,2.49
AdAcQc8h,1,2.49
AsAhQs7d,1,2.27
AsAhQs7c,1,2.27
AsAdQs7c,1,2.27
AsAdQs7h,1,2.27
AsAcQs7h,1,2.27
AsAcQs7d,1,2.27
AhAdQh7c,1,2.27
AhAdQh7s,1,2.27
AhAcQh7d,1,2.27
AhAcQh7s,1,2.27
AsAhQh7c,1,2.27
AsAhQh7d,1,2.27
AdAcQd7h,1,2.27
AdAcQd7s,1,2.27
AsAdQd7c,1,2.27
AsAdQd7h,1,2.27
AhAdQd7c,1,2.27
AhAdQd7s,1,2.27
AsAcQc7h,1,2.27
AsAcQc7d,1,2.27
AhAcQc7d,1,2.27
AhAcQc7s,1,2.27
AdAcQc7s,1,2.27
AdAcQc7h,1,2.27
AsAhQs6d,1,2.25
AsAhQs6c,1,2.25
AsAdQs6c,1,2.25
AsAdQs6h,1,2.25
AsAcQs6h,1,2.25
AsAcQs6d,1,2.25
AhAdQh6c,1,2.25
AhAdQh6s,1,2.25
AhAcQh6d,1,2.25
AhAcQh6s,1,2.25
AsAhQh6c,1,2.25
AsAhQh6d,1,2.25
AdAcQd6h,1,2.25
AdAcQd6s,1,2.25
AsAdQd6c,1,2.25
AsAdQd6h,1,2.25
AhAdQd6c,1,2.25
AhAdQd6s,1,2.25
AsAcQc6h,1,2.25
AsAcQc6d,1,2.25
AhAcQc6d,1,2.25
AhAcQc6s,1,2.25
AdAcQc6s,1,2.25
AdAcQc6h,1,2.25
AsAhQs5d,1,2.42
AsAhQs5c,1,2.42
AsAdQs5c,1,2.42
AsAdQs5h,1,2.42
AsAcQs5h,1,2.42
AsAcQs5d,1,2.42
AhAdQh5c,1,2.42
AhAdQh5s,1,2.42
AhAcQh5d,1,2.42
AhAcQh5s,1,2.42
AsAhQh5c,1,2.42
AsAhQh5d,1,2.42
AdAcQd5h,1,2.42
AdAcQd5s,1,2.42
AsAdQd5c,1,2.42
AsAdQd5h,1,2.42
AhAdQd5c,1,2.42
AhAdQd5s,1,2.42
AsAcQc5h,1,2.42
AsAcQc5d,1,2.42
AhAcQc5d,1,2.42
AhAcQc5s,1,2.42
AdAcQc5s,1,2.42
AdAcQc5h,1,2.42
AsAhQs4d,1,2.37
AsAhQs4c,1,2.37
AsAdQs4c,1,2.37
AsAdQs4h,1,2.37
AsAcQs4h,1,2.37
AsAcQs4d,1,2.37
AhAdQh4c,1,2.37
AhAdQh4s,1,2.37
AhAcQh4d,1,2.37
AhAcQh4s,1,2.37
AsAhQh4c,1,2.37
AsAhQh4d,1,2.37
AdAcQd4h,1,2.37
AdAcQd4s,1,2.37
AsAdQd4c,1,2.37
AsAdQd4h,1,2.37
AhAdQd4c,1,2.37
AhAdQd4s,1,2.37
AsAcQc4h,1,2.37
AsAcQc4d,1,2.37
AhAcQc4d,1,2.37
AhAcQc4s,1,2.37
AdAcQc4s,1,2.37
AdAcQc4h,1,2.37
AsAhQs3d,1,2.29
AsAhQs3c,1,2.29
AsAdQs3c,1,2.29
AsAdQs3h,1,2.29
AsAcQs3h,1,2.29
AsAcQs3d,1,2.29
AhAdQh3c,1,2.29
AhAdQh3s,1,2.29
AhAcQh3d,1,2.29
AhAcQh3s,1,2.29
AsAhQh3c,1,2.29
AsAhQh3d,1,2.29
AdAcQd3h,1,2.29
AdAcQd3s,1,2.29
AsAdQd3c,1,2.29
AsAdQd3h,1,2.29
AhAdQd3c,1,2.29
AhAdQd3s,1,2.29
AsAcQc3h,1,2.29
AsAcQc3d,1,2.29
AhAcQc3d,1,2.29
AhAcQc3s,1,2.29
AdAcQc3s,1,2.29
AdAcQc3h,1,2.29
AsAhQs2d,1,2.18
AsAhQs2c,1,2.18
AsAdQs2c,1,2.18
AsAdQs2h,1,2.18
AsAcQs2h,1,2.18
AsAcQs2d,1,2.18
AhAdQh2c,1,2.18
AhAdQh2s,1,2.18
AhAcQh2d,1,2.18
AhAcQh2s,1,2.18
AsAhQh2c,1,2.18
AsAhQh2d,1,2.18
AdAcQd2h,1,2.18
AdAcQd2s,1,2.18
AsAdQd2c,1,2.18
AsAdQd2h,1,2.18
AhAdQd2c,1,2.18
AhAdQd2s,1,2.18
AsAcQc2h,1,2.18
AsAcQc2d,1,2.18
AhAcQc2d,1,2.18
AhAcQc2s,1,2.18
AdAcQc2s,1,2.18
AdAcQc2h,1,2.18
AsAhJsTs,1,2.76
AsAdJsTs,1,2.76
AsAcJsTs,1,2.76
AhAdJhTh,1,2.76
AhAcJhTh,1,2.76
AsAhJhTh,1,2.76
AdAcJdTd,1,2.76
AsAdJdTd,1,2.76
AhAdJdTd,1,2.76
AsAcJcTc,1,2.76
AhAcJcTc,1,2.76
AdAcJcTc,1,2.76
AsAhJs9s,1,2.39
AsAdJs9s,1,2.39
AsAcJs9s,1,2.39
AhAdJh9h,1,2.39
AhAcJh9h,1,2.39
AsAhJh9h,1,2.39
AdAcJd9d,1,2.39
AsAdJd9d,1,2.39
AhAdJd9d,1,2.39
AsAcJc9c,1,2.39
AhAcJc9c,1,2.39
AdAcJc9c,1,2.39
AsAhJs8s,1,2.36
AsAdJs8s,1,2.36
AsAcJs8s,1,2.36
AhAdJh8h,1,2.36
AhAcJh8h,1,2.36
AsAhJh8h,1,2.36
AdAcJd8d,1,2.36
AsAdJd8d,1,2.36
AhAdJd8d,1,2.36
AsAcJc8c,1,2.36
AhAcJc8c,1,2.36
AdAcJc8c,1,2.36
AsAhJs7s,1,2.16
AsAdJs7s,1,2.16
AsAcJs7s,1,2.16
AhAdJh7h,1,2.16
AhAcJh7h,1,2.16
AsAhJh7h,1,2.16
AdAcJd7d,1,2.16
AsAdJd7d,1,2.16
AhAdJd7d,1,2.16
AsAcJc7c,1,2.16
AhAcJc7c,1,2.16
AdAcJc7c,1,2.16
AsAhJs6s,1,1.91
AsAdJs6s,1,1.91
AsAcJs6s,1,1.91
AhAdJh6h,1,1.91
AhAcJh6h,1,1.91
AsAhJh6h,1,1.91
AdAcJd6d,1,1.91
AsAdJd6d,1,1.91
AhAdJd6d,1,1.91
AsAcJc6c,1,1.91
AhAcJc6c,1,1.91
AdAcJc6c,1,1.91
AsAhJs5s,1,2.06
AsAdJs5s,1,2.06
AsAcJs5s,1,2.06
AhAdJh5h,1,2.06
AhAcJh5h,1,2.06
AsAhJh5h,1,2.06
AdAcJd5d,1,2.06
AsAdJd5d,1,2.06
AhAdJd5d,1,2.06
AsAcJc5c,1,2.06
AhAcJc5c,1,2.06
AdAcJc5c,1,2.06
AsAhJs4s,1,2.02
AsAdJs4s,1,2.02
AsAcJs4s,1,2.02
AhAdJh4h,1,2.02
AhAcJh4h,1,2.02
AsAhJh4h,1,2.02
AdAcJd4d,1,2.02
AsAdJd4d,1,2.02
AhAdJd4d,1,2.02
AsAcJc4c,1,2.02
AhAcJc4c,1,2.02
AdAcJc4c,1,2.02
AsAhJs3s,1,1.94
AsAdJs3s,1,1.94
AsAcJs3s,1,1.94
AhAdJh3h,1,1.94
AhAcJh3h,1,1.94
AsAhJh3h,1,1.94
AdAcJd3d,1,1.94
AsAdJd3d,1,1.94
AhAdJd3d,1,1.94
AsAcJc3c,1,1.94
AhAcJc3c,1,1.94
AdAcJc3c,1,1.94
AsAhJs2s,1,1.83
AsAdJs2s,1,1.83
AsAcJs2s,1,1.83
AhAdJh2h,1,1.83
AhAcJh2h,1,1.83
AsAhJh2h,1,1.83
AdAcJd2d,1,1.83
AsAdJd2d,1,1.83
AhAdJd2d,1,1.83
AsAcJc2c,1,1.83
AhAcJc2c,1,1.83
AdAcJc2c,1,1.83
AsAhJsJh,1,4.68
AsAdJsJd,1,4.68
AsAcJsJc,1,4.68
AhAdJhJd,1,4.68
AhAcJhJc,1,4.68
AdAcJdJc,1,4.68
AsAhJsTh,1,4.26
AsAdJsTd,1,4.26
AsAcJsTc,1,4.26
AhAdJhTd,1,4.26
AhAcJhTc,1,4.26
AsAhJhTs,1,4.26
AdAcJdTc,1,4.26
AsAdJdTs,1,4.26
AhAdJdTh,1,4.26
AsAcJcTs,1,4.26
AhAcJcTh,1,4.26
AdAcJcTd,1,4.26
AsAhJs9h,1,3.92
AsAdJs9d,1,3.92
AsAcJs9c,1,3.92
AhAdJh9d,1,3.92
AhAcJh9c,1,3.92
AsAhJh9s,1,3.92
AdAcJd9c,1,3.92
AsAdJd9s,1,3.92
AhAdJd9h,1,3.92
AsAcJc9s,1,3.92
AhAcJc9h,1,3.92
AdAcJc9d,1,3.92
AsAhJs8h,1,3.88
AsAdJs8d,1,3.88
AsAcJs8c,1,3.88
AhAdJh8d,1,3.88
AhAcJh8c,1,3.88
AsAhJh8s,1,3.88
AdAcJd8c,1,3.88
AsAdJd8s,1,3.88
AhAdJd8h,1,3.88
AsAcJc8s,1,3.88
AhAcJc8h,1,3.88
AdAcJc8d,1,3.88
AsAhJs7h,1,3.69
AsAdJs7d,1,3.69
AsAcJs7c,1,3.69
AhAdJh7d,1,3.69
AhAcJh7c,1,3.69
AsAhJh7s,1,3.69
AdAcJd7c,1,3.69
AsAdJd7s,1,3.69
AhAdJd7h,1,3.69
AsAcJc7s,1,3.69
AhAcJc7h,1,3.69
AdAcJc7d,1,3.69
AsAhJs6h,1,3.42
AsAdJs6d,1,3.42
AsAcJs6c,1,3.42
AhAdJh6d,1,3.42
AhAcJh6c,1,3.42
AsAhJh6s,1,3.42
AdAcJd6c,1,3.42
AsAdJd6s,1,3.42
AhAdJd6h,1,3.42
AsAcJc6s,1,3.42
AhAcJc6h,1,3.42
AdAcJc6d,1,3.42
AsAhJs5h,1,3.61
AsAdJs5d,1,3.61
AsAcJs5c,1,3.61
AhAdJh5d,1,3.61
AhAcJh5c,1,3.61
AsAhJh5s,1,3.61
AdAcJd5c,1,3.61
AsAdJd5s,1,3.61
AhAdJd5h,1,3.61
AsAcJc5s,1,3.61
AhAcJc5h,1,3.61
AdAcJc5d,1,3.61
AsAhJs4h,1,3.58
AsAdJs4d,1,3.58
AsAcJs4c,1,3.58
AhAdJh4d,1,3.58
AhAcJh4c,1,3.58
AsAhJh4s,1,3.58
AdAcJd4c,1,3.58
AsAdJd4s,1,3.58
AhAdJd4h,1,3.58
AsAcJc4s,1,3.58
AhAcJc4h,1,3.58
AdAcJc4d,1,3.58
AsAhJs3h,1,3.53
AsAdJs3d,1,3.53
AsAcJs3c,1,3.53
AhAdJh3d,1,3.53
AhAcJh3c,1,3.53
AsAhJh3s,1,3.53
AdAcJd3c,1,3.53
AsAdJd3s,1,3.53
AhAdJd3h,1,3.53
AsAcJc3s,1,3.53
AhAcJc3h,1,3.53
AdAcJc3d,1,3.53
AsAhJs2h,1,3.43
AsAdJs2d,1,3.43
AsAcJs2c,1,3.43
AhAdJh2d,1,3.43
AhAcJh2c,1,3.43
AsAhJh2s,1,3.43
AdAcJd2c,1,3.43
AsAdJd2s,1,3.43
AhAdJd2h,1,3.43
AsAcJc2s,1,3.43
AhAcJc2h,1,3.43
AdAcJc2d,1,3.43
AsAhJsJd,1,3.54
AsAhJsJc,1,3.54
AsAdJsJc,1,3.54
AsAdJsJh,1,3.54
AsAcJsJh,1,3.54
AsAcJsJd,1,3.54
AhAdJhJc,1,3.54
AhAdJsJh,1,3.54
AhAcJhJd,1,3.54
AhAcJsJh,1,3.54
AsAhJhJc,1,3.54
AsAhJhJd,1,3.54
AdAcJhJd,1,3.54
AdAcJsJd,1,3.54
AsAdJdJc,1,3.54
AsAdJhJd,1,3.54
AhAdJdJc,1,3.54
AhAdJsJd,1,3.54
AsAcJhJc,1,3.54
AsAcJdJc,1,3.54
AhAcJdJc,1,3.54
AhAcJsJc,1,3.54
AdAcJsJc,1,3.54
AdAcJhJc,1,3.54
AsAhJsTd,1,3.17
AsAhJsTc,1,3.17
AsAdJsTc,1,3.17
AsAdJsTh,1,3.17
AsAcJsTh,1,3.17
AsAcJsTd,1,3.17
AhAdJhTc,1,3.17
AhAdJhTs,1,3.17
AhAcJhTd,1,3.17
AhAcJhTs,1,3.17
AsAhJhTc,1,3.17
AsAhJhTd,1,3.17
AdAcJdTh,1,3.17
AdAcJdTs,1,3.17
AsAdJdTc,1,3.17
AsAdJdTh,1,3.17
AhAdJdTc,1,3.17
AhAdJdTs,1,3.17
AsAcJcTh,1,3.17
AsAcJcTd,1,3.17
AhAcJcTd,1,3.17
AhAcJcTs,1,3.17
AdAcJcTs,1,3.17
AdAcJcTh,1,3.17
AsAhJs9d,1,2.81
AsAhJs9c,1,2.81
AsAdJs9c,1,2.81
AsAdJs9h,1,2.81
AsAcJs9h,1,2.81
AsAcJs9d,1,2.81
AhAdJh9c,1,2.81
AhAdJh9s,1,2.81
AhAcJh9d,1,2.81
AhAcJh9s,1,2.81
AsAhJh9c,1,2.81
AsAhJh9d,1,2.81
AdAcJd9h,1,2.81
AdAcJd9s,1,2.81
AsAdJd9c,1,2.81
AsAdJd9h,1,2.81
AhAdJd9c,1,2.81
AhAdJd9s,1,2.81
AsAcJc9h,1,2.81
AsAcJc9d,1,2.81
AhAcJc9d,1,2.81
AhAcJc9s,1,2.81
AdAcJc9s,1,2.81
AdAcJc9h,1,2.81
AsAhJs8d,1,2.77
AsAhJs8c,1,2.77
AsAdJs8c,1,2.77
AsAdJs8h,1,2.77
AsAcJs8h,1,2.77
AsAcJs8d,1,2.77
AhAdJh8c,1,2.77
AhAdJh8s,1,2.77
AhAcJh8d,1,2.77
AhAcJh8s,1,2.77
AsAhJh8c,1,2.77
AsAhJh8d,1,2.77
AdAcJd8h,1,2.77
AdAcJd8s,1,2.77
AsAdJd8c,1,2.77
AsAdJd8h,1,2.77
AhAdJd8c,1,2.77
AhAdJd8s,1,2.77
AsAcJc8h,1,2.77
AsAcJc8d,1,2.77
AhAcJc8d,1,2.77
AhAcJc8s,1,2.77
AdAcJc8s,1,2.77
AdAcJc8h,1,2.77
AsAhJs7d,1,2.57
AsAhJs7c,1,2.57
AsAdJs7c,1,2.57
AsAdJs7h,1,2.57
AsAcJs7h,1,2.57
AsAcJs7d,1,2.57
AhAdJh7c,1,2.57
AhAdJh7s,1,2.57
AhAcJh7d,1,2.57
AhAcJh7s,1,2.57
AsAhJh7c,1,2.57
AsAhJh7d,1,2.57
AdAcJd7h,1,2.57
AdAcJd7s,1,2.57
AsAdJd7c,1,2.57
AsAdJd7h,1,2.57
AhAdJd7c,1,2.57
AhAdJd7s,1,2.57
AsAcJc7h,1,2.57
AsAcJc7d,1,2.57
AhAcJc7d,1,2.57
AhAcJc7s,1,2.57
AdAcJc7s,1,2.57
AdAcJc7h,1,2.57
AsAhJs6d,1,2.3
AsAhJs6c,1,2.3
AsAdJs6c,1,2.3
AsAdJs6h,1,2.3
AsAcJs6h,1,2.3
AsAcJs6d,1,2.3
AhAdJh6c,1,2.3
AhAdJh6s,1,2.3
AhAcJh6d,1,2.3
AhAcJh6s,1,2.3
AsAhJh6c,1,2.3
AsAhJh6d,1,2.3
AdAcJd6h,1,2.3
AdAcJd6s,1,2.3
AsAdJd6c,1,2.3
AsAdJd6h,1,2.3
AhAdJd6c,1,2.3
AhAdJd6s,1,2.3
AsAcJc6h,1,2.3
AsAcJc6d,1,2.3
AhAcJc6d,1,2.3
AhAcJc6s,1,2.3
AdAcJc6s,1,2.3
AdAcJc6h,1,2.3
AsAhJs5d,1,2.46
AsAhJs5c,1,2.46
AsAdJs5c,1,2.46
AsAdJs5h,1,2.46
AsAcJs5h,1,2.46
AsAcJs5d,1,2.46
AhAdJh5c,1,2.46
AhAdJh5s,1,2.46
AhAcJh5d,1,2.46
AhAcJh5s,1,2.46
AsAhJh5c,1,2.46
AsAhJh5d,1,2.46
AdAcJd5h,1,2.46
AdAcJd5s,1,2.46
AsAdJd5c,1,2.46
AsAdJd5h,1,2.46
AhAdJd5c,1,2.46
AhAdJd5s,1,2.46
AsAcJc5h,1,2.46
AsAcJc5d,1,2.46
AhAcJc5d,1,2.46
AhAcJc5s,1,2.46
AdAcJc5s,1,2.46
AdAcJc5h,1,2.46
AsAhJs4d,1,2.41
AsAhJs4c,1,2.41
AsAdJs4c,1,2.41
AsAdJs4h,1,2.41
AsAcJs4h,1,2.41
AsAcJs4d,1,2.41
AhAdJh4c,1,2.41
AhAdJh4s,1,2.41
AhAcJh4d,1,2.41
AhAcJh4s,1,2.41
AsAhJh4c,1,2.41
AsAhJh4d,1,2.41
AdAcJd4h,1,2.41
AdAcJd4s,1,2.41
AsAdJd4c,1,2.41
AsAdJd4h,1,2.41
AhAdJd4c,1,2.41
AhAdJd4s,1,2.41
AsAcJc4h,1,2.41
AsAcJc4d,1,2.41
AhAcJc4d,1,2.41
AhAcJc4s,1,2.41
AdAcJc4s,1,2.41
AdAcJc4h,1,2.41
AsAhJs3d,1,2.34
AsAhJs3c,1,2.34
AsAdJs3c,1,2.34
AsAdJs3h,1,2.34
AsAcJs3h,1,2.34
AsAcJs3d,1,2.34
AhAdJh3c,1,2.34
AhAdJh3s,1,2.34
AhAcJh3d,1,2.34
AhAcJh3s,1,2.34
AsAhJh3c,1,2.34
AsAhJh3d,1,2.34
AdAcJd3h,1,2.34
AdAcJd3s,1,2.34
AsAdJd3c,1,2.34
AsAdJd3h,1,2.34
AhAdJd3c,1,2.34
AhAdJd3s,1,2.34
AsAcJc3h,1,2.34
AsAcJc3d,1,2.34
AhAcJc3d,1,2.34
AhAcJc3s,1,2.34
AdAcJc3s,1,2.34
AdAcJc3h,1,2.34
AsAhJs2d,1,2.23
AsAhJs2c,1,2.23
AsAdJs2c,1,2.23
AsAdJs2h,1,2.23
AsAcJs2h,1,2.23
AsAcJs2d,1,2.23
AhAdJh2c,1,2.23
AhAdJh2s,1,2.23
AhAcJh2d,1,2.23
AhAcJh2s,1,2.23
AsAhJh2c,1,2.23
AsAhJh2d,1,2.23
AdAcJd2h,1,2.23
AdAcJd2s,1,2.23
AsAdJd2c,1,2.23
AsAdJd2h,1,2.23
AhAdJd2c,1,2.23
AhAdJd2s,1,2.23
AsAcJc2h,1,2.23
AsAcJc2d,1,2.23
AhAcJc2d,1,2.23
AhAcJc2s,1,2.23
AdAcJc2s,1,2.23
AdAcJc2h,1,2.23
AsAhTs9s,1,2.66
AsAdTs9s,1,2.66
AsAcTs9s,1,2.66
AhAdTh9h,1,2.66
AhAcTh9h,1,2.66
AsAhTh9h,1,2.66
AdAcTd9d,1,2.66
AsAdTd9d,1,2.66
AhAdTd9d,1,2.66
AsAcTc9c,1,2.66
AhAcTc9c,1,2.66
AdAcTc9c,1,2.66
AsAhTs8s,1,2.61
AsAdTs8s,1,2.61
AsAcTs8s,1,2.61
AhAdTh8h,1,2.61
AhAcTh8h,1,2.61
AsAhTh8h,1,2.61
AdAcTd8d,1,2.61
AsAdTd8d,1,2.61
AhAdTd8d,1,2.61
AsAcTc8c,1,2.61
AhAcTc8c,1,2.61
AdAcTc8c,1,2.61
AsAhTs7s,1,2.4
AsAdTs7s,1,2.4
AsAcTs7s,1,2.4
AhAdTh7h,1,2.4
AhAcTh7h,1,2.4
AsAhTh7h,1,2.4
AdAcTd7d,1,2.4
AsAdTd7d,1,2.4
AhAdTd7d,1,2.4
AsAcTc7c,1,2.4
AhAcTc7c,1,2.4
AdAcTc7c,1,2.4
AsAhTs6s,1,2.15
AsAdTs6s,1,2.15
AsAcTs6s,1,2.15
AhAdTh6h,1,2.15
AhAcTh6h,1,2.15
AsAhTh6h,1,2.15
AdAcTd6d,1,2.15
AsAdTd6d,1,2.15
AhAdTd6d,1,2.15
AsAcTc6c,1,2.15
AhAcTc6c,1,2.15
AdAcTc6c,1,2.15
AsAhTs5s,1,2.09
AsAdTs5s,1,2.09
AsAcTs5s,1,2.09
AhAdTh5h,1,2.09
AhAcTh5h,1,2.09
AsAhTh5h,1,2.09
AdAcTd5d,1,2.09
AsAdTd5d,1,2.09
AhAdTd5d,1,2.09
AsAcTc5c,1,2.09
AhAcTc5c,1,2.09
AdAcTc5c,1,2.09
AsAhTs4s,1,2.04
AsAdTs4s,1,2.04
AsAcTs4s,1,2.04
AhAdTh4h,1,2.04
AhAcTh4h,1,2.04
AsAhTh4h,1,2.04
AdAcTd4d,1,2.04
AsAdTd4d,1,2.04
AhAdTd4d,1,2.04
AsAcTc4c,1,2.04
AhAcTc4c,1,2.04
AdAcTc4c,1,2.04
AsAhTs3s,1,1.97
AsAdTs3s,1,1.97
AsAcTs3s,1,1.97
AhAdTh3h,1,1.97
AhAcTh3h,1,1.97
AsAhTh3h,1,1.97
AdAcTd3d,1,1.97
AsAdTd3d,1,1.97
AhAdTd3d,1,1.97
AsAcTc3c,1,1.97
AhAcTc3c,1,1.97
AdAcTc3c,1,1.97
AsAhTs2s,1,1.86
AsAdTs2s,1,1.86
AsAcTs2s,1,1.86
AhAdTh2h,1,1.86
AhAcTh2h,1,1.86
AsAhTh2h,1,1.86
AdAcTd2d,1,1.86
AsAdTd2d,1,1.86
AhAdTd2d,1,1.86
AsAcTc2c,1,1.86
AhAcTc2c,1,1.86
AdAcTc2c,1,1.86
AsAhTsTh,1,4.6
AsAdTsTd,1,4.6
AsAcTsTc,1,4.6
AhAdThTd,1,4.6
AhAcThTc,1,4.6
AdAcTdTc,1,4.6
AsAhTs9h,1,4.17
AsAdTs9d,1,4.17
AsAcTs9c,1,4.17
AhAdTh9d,1,4.17
AhAcTh9c,1,4.17
AsAhTh9s,1,4.17
AdAcTd9c,1,4.17
AsAdTd9s,1,4.17
AhAdTd9h,1,4.17
AsAcTc9s,1,4.17
AhAcTc9h,1,4.17
AdAcTc9d,1,4.17
AsAhTs8h,1,4.11
AsAdTs8d,1,4.11
AsAcTs8c,1,4.11
AhAdTh8d,1,4.11
AhAcTh8c,1,4.11
AsAhTh8s,1,4.11
AdAcTd8c,1,4.11
AsAdTd8s,1,4.11
AhAdTd8h,1,4.11
AsAcTc8s,1,4.11
AhAcTc8h,1,4.11
AdAcTc8d,1,4.11
AsAhTs7h,1,3.91
AsAdTs7d,1,3.91
AsAcTs7c,1,3.91
AhAdTh7d,1,3.91
AhAcTh7c,1,3.91
AsAhTh7s,1,3.91
AdAcTd7c,1,3.91
AsAdTd7s,1,3.91
AhAdTd7h,1,3.91
AsAcTc7s,1,3.91
AhAcTc7h,1,3.91
AdAcTc7d,1,3.91
AsAhTs6h,1,3.67
AsAdTs6d,1,3.67
AsAcTs6c,1,3.67
AhAdTh6d,1,3.67
AhAcTh6c,1,3.67
AsAhTh6s,1,3.67
AdAcTd6c,1,3.67
AsAdTd6s,1,3.67
AhAdTd6h,1,3.67
AsAcTc6s,1,3.67
AhAcTc6h,1,3.67
AdAcTc6d,1,3.67
AsAhTs5h,1,3.61
AsAdTs5d,1,3.61
AsAcTs5c,1,3.61
AhAdTh5d,1,3.61
AhAcTh5c,1,3.61
AsAhTh5s,1,3.61
AdAcTd5c,1,3.61
AsAdTd5s,1,3.61
AhAdTd5h,1,3.61
AsAcTc5s,1,3.61
AhAcTc5h,1,3.61
AdAcTc5d,1,3.61
AsAhTs4h,1,3.6
AsAdTs4d,1,3.6
AsAcTs4c,1,3.6
AhAdTh4d,1,3.6
AhAcTh4c,1,3.6
AsAhTh4s,1,3.6
AdAcTd4c,1,3.6
AsAdTd4s,1,3.6
AhAdTd4h,1,3.6
AsAcTc4s,1,3.6
AhAcTc4h,1,3.6
AdAcTc4d,1,3.6
AsAhTs3h,1,3.54
AsAdTs3d,1,3.54
AsAcTs3c,1,3.54
AhAdTh3d,1,3.54
AhAcTh3c,1,3.54
AsAhTh3s,1,3.54
AdAcTd3c,1,3.54
AsAdTd3s,1,3.54
AhAdTd3h,1,3.54
AsAcTc3s,1,3.54
AhAcTc3h,1,3.54
AdAcTc3d,1,3.54
AsAhTs2h,1,3.44
AsAdTs2d,1,3.44
AsAcTs2c,1,3.44
AhAdTh2d,1,3.44
AhAcTh2c,1,3.44
AsAhTh2s,1,3.44
AdAcTd2c,1,3.44
AsAdTd2s,1,3.44
AhAdTd2h,1,3.44
AsAcTc2s,1,3.44
AhAcTc2h,1,3.44
AdAcTc2d,1,3.44
AsAhTsTd,1,3.49
AsAhTsTc,1,3.49
AsAdTsTc,1,3.49
AsAdTsTh,1,3.49
AsAcTsTh,1,3.49
AsAcTsTd,1,3.49
AhAdThTc,1,3.49
AhAdTsTh,1,3.49
AhAcThTd,1,3.49
AhAcTsTh,1,3.49
AsAhThTc,1,3.49
AsAhThTd,1,3.49
AdAcThTd,1,3.49
AdAcTsTd,1,3.49
AsAdTdTc,1,3.49
AsAdThTd,1,3.49
AhAdTdTc,1,3.49
AhAdTsTd,1,3.49
AsAcThTc,1,3.49
AsAcTdTc,1,3.49
AhAcTdTc,1,3.49
AhAcTsTc,1,3.49
AdAcTsTc,1,3.49
AdAcThTc,1,3.49
AsAhTs9d,1,3.08
AsAhTs9c,1,3.08
AsAdTs9c,1,3.08
AsAdTs9h,1,3.08
AsAcTs9h,1,3.08
AsAcTs9d,1,3.08
AhAdTh9c,1,3.08
AhAdTh9s,1,3.08
AhAcTh9d,1,3.08
AhAcTh9s,1,3.08
AsAhTh9c,1,3.08
AsAhTh9d,1,3.08
AdAcTd9h,1,3.08
AdAcTd9s,1,3.08
AsAdTd9c,1,3.08
AsAdTd9h,1,3.08
AhAdTd9c,1,3.08
AhAdTd9s,1,3.08
AsAcTc9h,1,3.08
AsAcTc9d,1,3.08
AhAcTc9d,1,3.08
AhAcTc9s,1,3.08
AdAcTc9s,1,3.08
AdAcTc9h,1,3.08
AsAhTs8d,1,3.02
AsAhTs8c,1,3.02
AsAdTs8c,1,3.02
AsAdTs8h,1,3.02
AsAcTs8h,1,3.02
AsAcTs8d,1,3.02
AhAdTh8c,1,3.02
AhAdTh8s,1,3.02
AhAcTh8d,1,3.02
AhAcTh8s,1,3.02
AsAhTh8c,1,3.02
AsAhTh8d,1,3.02
AdAcTd8h,1,3.02
AdAcTd8s,1,3.02
AsAdTd8c,1,3.02
AsAdTd8h,1,3.02
AhAdTd8c,1,3.02
AhAdTd8s,1,3.02
AsAcTc8h,1,3.02
AsAcTc8d,1,3.02
AhAcTc8d,1,3.02
AhAcTc8s,1,3.02
AdAcTc8s,1,3.02
AdAcTc8h,1,3.02
AsAhTs7d,1,2.81
AsAhTs7c,1,2.81
AsAdTs7c,1,2.81
AsAdTs7h,1,2.81
AsAcTs7h,1,2.81
AsAcTs7d,1,2.81
AhAdTh7c,1,2.81
AhAdTh7s,1,2.81
AhAcTh7d,1,2.81
AhAcTh7s,1,2.81
AsAhTh7c,1,2.81
AsAhTh7d,1,2.81
AdAcTd7h,1,2.81
AdAcTd7s,1,2.81
AsAdTd7c,1,2.81
AsAdTd7h,1,2.81
AhAdTd7c,1,2.81
AhAdTd7s,1,2.81
AsAcTc7h,1,2.81
AsAcTc7d,1,2.81
AhAcTc7d,1,2.81
AhAcTc7s,1,2.81
AdAcTc7s,1,2.81
AdAcTc7h,1,2.81
AsAhTs6d,1,2.57
AsAhTs6c,1,2.57
AsAdTs6c,1,2.57
AsAdTs6h,1,2.57
AsAcTs6h,1,2.57
AsAcTs6d,1,2.57
AhAdTh6c,1,2.57
AhAdTh6s,1,2.57
AhAcTh6d,1,2.57
AhAcTh6s,1,2.57
AsAhTh6c,1,2.57
AsAhTh6d,1,2.57
AdAcTd6h,1,2.57
AdAcTd6s,1,2.57
AsAdTd6c,1,2.57
AsAdTd6h,1,2.57
AhAdTd6c,1,2.57
AhAdTd6s,1,2.57
AsAcTc6h,1,2.57
AsAcTc6d,1,2.57
AhAcTc6d,1,2.57
AhAcTc6s,1,2.57
AdAcTc6s,1,2.57
AdAcTc6h,1,2.57
AsAhTs5d,1,2.48
AsAhTs5c,1,2.48
AsAdTs5c,1,2.48
AsAdTs5h,1,2.48
AsAcTs5h,1,2.48
AsAcTs5d,1,2.48
AhAdTh5c,1,2.48
AhAdTh5s,1,2.48
AhAcTh5d,1,2.48
AhAcTh5s,1,2.48
AsAhTh5c,1,2.48
AsAhTh5d,1,2.48
AdAcTd5h,1,2.48
AdAcTd5s,1,2.48
AsAdTd5c,1,2.48
AsAdTd5h,1,2.48
AhAdTd5c,1,2.48
AhAdTd5s,1,2.48
AsAcTc5h,1,2.48
AsAcTc5d,1,2.48
AhAcTc5d,1,2.48
AhAcTc5s,1,2.48
AdAcTc5s,1,2.48
AdAcTc5h,1,2.48
AsAhTs4d,1,2.44
AsAhTs4c,1,2.44
AsAdTs4c,1,2.44
AsAdTs4h,1,2.44
AsAcTs4h,1,2.44
AsAcTs4d,1,2.44
AhAdTh4c,1,2.44
AhAdTh4s,1,2.44
AhAcTh4d,1,2.44
AhAcTh4s,1,2.44
AsAhTh4c,1,2.44
AsAhTh4d,1,2.44
AdAcTd4h,1,2.44
AdAcTd4s,1,2.44
AsAdTd4c,1,2.44
AsAdTd4h,1,2.44
AhAdTd4c,1,2.44
AhAdTd4s,1,2.44
AsAcTc4h,1,2.44
AsAcTc4d,1,2.44
AhAcTc4d,1,2.44
AhAcTc4s,1,2.44
AdAcTc4s,1,2.44
AdAcTc4h,1,2.44
AsAhTs3d,1,2.36
AsAhTs3c,1,2.36
AsAdTs3c,1,2.36
AsAdTs3h,1,2.36
AsAcTs3h,1,2.36
AsAcTs3d,1,2.36
AhAdTh3c,1,2.36
AhAdTh3s,1,2.36
AhAcTh3d,1,2.36
AhAcTh3s,1,2.36
AsAhTh3c,1,2.36
AsAhTh3d,1,2.36
AdAcTd3h,1,2.36
AdAcTd3s,1,2.36
AsAdTd3c,1,2.36
AsAdTd3h,1,2.36
AhAdTd3c,1,2.36
AhAdTd3s,1,2.36
AsAcTc3h,1,2.36
AsAcTc3d,1,2.36
AhAcTc3d,1,2.36
AhAcTc3s,1,2.36
AdAcTc3s,1,2.36
AdAcTc3h,1,2.36
AsAhTs2d,1,2.26
AsAhTs2c,1,2.26
AsAdTs2c,1,2.26
AsAdTs2h,1,2.26
AsAcTs2h,1,2.26
AsAcTs2d,1,2.26
AhAdTh2c,1,2.26
AhAdTh2s,1,2.26
AhAcTh2d,1,2.26
AhAcTh2s,1,2.26
AsAhTh2c,1,2.26
AsAhTh2d,1,2.26
AdAcTd2h,1,2.26
AdAcTd2s,1,2.26
AsAdTd2c,1,2.26
AsAdTd2h,1,2.26
AhAdTd2c,1,2.26
AhAdTd2s,1,2.26
AsAcTc2h,1,2.26
AsAcTc2d,1,2.26
AhAcTc2d,1,2.26
AhAcTc2s,1,2.26
AdAcTc2s,1,2.26
AdAcTc2h,1,2.26
AsAh9s8s,1,2.55
AsAd9s8s,1,2.55
AsAc9s8s,1,2.55
AhAd9h8h,1,2.55
AhAc9h8h,1,2.55
AsAh9h8h,1,2.55
AdAc9d8d,1,2.55
AsAd9d8d,1,2.55
AhAd9d8d,1,2.55
AsAc9c8c,1,2.55
AhAc9c8c,1,2.55
AdAc9c8c,1,2.55
AsAh9s7s,1,2.36
AsAd9s7s,1,2.36
AsAc9s7s,1,2.36
AhAd9h7h,1,2.36
AhAc9h7h,1,2.36
AsAh9h7h,1,2.36
AdAc9d7d,1,2.36
AsAd9d7d,1,2.36
AhAd9d7d,1,2.36
AsAc9c7c,1,2.36
AhAc9c7c,1,2.36
AdAc9c7c,1,2.36
AsAh9s6s,1,2.11
AsAd9s6s,1,2.11
AsAc9s6s,1,2.11
AhAd9h6h,1,2.11
AhAc9h6h,1,2.11
AsAh9h6h,1,2.11
AdAc9d6d,1,2.11
AsAd9d6d,1,2.11
AhAd9d6d,1,2.11
AsAc9c6c,1,2.11
AhAc9c6c,1,2.11
AdAc9c6c,1,2.11
AsAh9s5s,1,2.05
AsAd9s5s,1,2.05
AsAc9s5s,1,2.05
AhAd9h5h,1,2.05
AhAc9h5h,1,2.05
AsAh9h5h,1,2.05
AdAc9d5d,1,2.05
AsAd9d5d,1,2.05
AhAd9d5d,1,2.05
AsAc9c5c,1,2.05
AhAc9c5c,1,2.05
AdAc9c5c,1,2.05
AsAh9s4s,1,1.78
AsAd9s4s,1,1.78
AsAc9s4s,1,1.78
AhAd9h4h,1,1.78
AhAc9h4h,1,1.78
AsAh9h4h,1,1.78
AdAc9d4d,1,1.78
AsAd9d4d,1,1.78
AhAd9d4d,1,1.78
AsAc9c4c,1,1.78
AhAc9c4c,1,1.78
AdAc9c4c,1,1.78
AsAh9s3s,1,1.7
AsAd9s3s,1,1.7
AsAc9s3s,1,1.7
AhAd9h3h,1,1.7
AhAc9h3h,1,1.7
AsAh9h3h,1,1.7
AdAc9d3d,1,1.7
AsAd9d3d,1,1.7
AhAd9d3d,1,1.7
AsAc9c3c,1,1.7
AhAc9c3c,1,1.7
AdAc9c3c,1,1.7
AsAh9s2s,1,1.59
AsAd9s2s,1,1.59
AsAc9s2s,1,1.59
AhAd9h2h,1,1.59
AhAc9h2h,1,1.59
AsAh9h2h,1,1.59
AdAc9d2d,1,1.59
AsAd9d2d,1,1.59
AhAd9d2d,1,1.59
AsAc9c2c,1,1.59
AhAc9c2c,1,1.59
AdAc9c2c,1,1.59
AsAh9s9h,1,4.43
AsAd9s9d,1,4.43
AsAc9s9c,1,4.43
AhAd9h9d,1,4.43
AhAc9h9c,1,4.43
AdAc9d9c,1,4.43
AsAh9s8h,1,4.08
AsAd9s8d,1,4.08
AsAc9s8c,1,4.08
AhAd9h8d,1,4.08
AhAc9h8c,1,4.08
AsAh9h8s,1,4.08
AdAc9d8c,1,4.08
AsAd9d8s,1,4.08
AhAd9d8h,1,4.08
AsAc9c8s,1,4.08
AhAc9c8h,1,4.08
AdAc9c8d,1,4.08
AsAh9s7h,1,3.89
AsAd9s7d,1,3.89
AsAc9s7c,1,3.89
AhAd9h7d,1,3.89
AhAc9h7c,1,3.89
AsAh9h7s,1,3.89
AdAc9d7c,1,3.89
AsAd9d7s,1,3.89
AhAd9d7h,1,3.89
AsAc9c7s,1,3.89
AhAc9c7h,1,3.89
AdAc9c7d,1,3.89
AsAh9s6h,1,3.64
AsAd9s6d,1,3.64
AsAc9s6c,1,3.64
AhAd9h6d,1,3.64
AhAc9h6c,1,3.64
AsAh9h6s,1,3.64
AdAc9d6c,1,3.64
AsAd9d6s,1,3.64
AhAd9d6h,1,3.64
AsAc9c6s,1,3.64
AhAc9c6h,1,3.64
AdAc9c6d,1,3.64
AsAh9s5h,1,3.59
AsAd9s5d,1,3.59
AsAc9s5c,1,3.59
AhAd9h5d,1,3.59
AhAc9h5c,1,3.59
AsAh9h5s,1,3.59
AdAc9d5c,1,3.59
AsAd9d5s,1,3.59
AhAd9d5h,1,3.59
AsAc9c5s,1,3.59
AhAc9c5h,1,3.59
AdAc9c5d,1,3.59
AsAh9s4h,1,3.34
AsAd9s4d,1,3.34
AsAc9s4c,1,3.34
AhAd9h4d,1,3.34
AhAc9h4c,1,3.34
AsAh9h4s,1,3.34
AdAc9d4c,1,3.34
AsAd9d4s,1,3.34
AhAd9d4h,1,3.34
AsAc9c4s,1,3.34
AhAc9c4h,1,3.34
AdAc9c4d,1,3.34
AsAh9s3h,1,3.27
AsAd9s3d,1,3.27
AsAc9s3c,1,3.27
AhAd9h3d,1,3.27
AhAc9h3c,1,3.27
AsAh9h3s,1,3.27
AdAc9d3c,1,3.27
AsAd9d3s,1,3.27
AhAd9d3h,1,3.27
AsAc9c3s,1,3.27
AhAc9c3h,1,3.27
AdAc9c3d,1,3.27
AsAh9s2h,1,3.17
AsAd9s2d,1,3.17
AsAc9s2c,1,3.17
AhAd9h2d,1,3.17
AhAc9h2c,1,3.17
AsAh9h2s,1,3.17
AdAc9d2c,1,3.17
AsAd9d2s,1,3.17
AhAd9d2h,1,3.17
AsAc9c2s,1,3.17
AhAc9c2h,1,3.17
AdAc9c2d,1,3.17
AsAh9s9d,1,3.28
AsAh9s9c,1,3.28
AsAd9s9c,1,3.28
AsAd9s9h,1,3.28
AsAc9s9h,1,3.28
AsAc9s9d,1,3.28
AhAd9h9c,1,3.28
AhAd9s9h,1,3.28
AhAc9h9d,1,3.28
AhAc9s9h,1,3.28
AsAh9h9c,1,3.28
AsAh9h9d,1,3.28
AdAc9h9d,1,3.28
AdAc9s9d,1,3.28
AsAd9d9c,1,3.28
AsAd9h9d,1,3.28
AhAd9d9c,1,3.28
AhAd9s9d,1,3.28
AsAc9h9c,1,3.28
AsAc9d9c,1,3.28
AhAc9d9c,1,3.28
AhAc9s9c,1,3.28
AdAc9s9c,1,3.28
AdAc9h9c,1,3.28
AsAh9s8d,1,2.98
AsAh9s8c,1,2.98
AsAd9s8c,1,2.98
AsAd9s8h,1,2.98
AsAc9s8h,1,2.98
AsAc9s8d,1,2.98
AhAd9h8c,1,2.98
AhAd9h8s,1,2.98
AhAc9h8d,1,2.98
AhAc9h8s,1,2.98
AsAh9h8c,1,2.98
AsAh9h8d,1,2.98
AdAc9d8h,1,2.98
AdAc9d8s,1,2.98
AsAd9d8c,1,2.98
AsAd9d8h,1,2.98
AhAd9d8c,1,2.98
AhAd9d8s,1,2.98
AsAc9c8h,1,2.98
AsAc9c8d,1,2.98
AhAc9c8d,1,2.98
AhAc9c8s,1,2.98
AdAc9c8s,1,2.98
AdAc9c8h,1,2.98
AsAh9s7d,1,2.78
AsAh9s7c,1,2.78
AsAd9s7c,1,2.78
AsAd9s7h,1,2.78
AsAc9s7h,1,2.78
AsAc9s7d,1,2.78
AhAd9h7c,1,2.78
AhAd9h7s,1,2.78
AhAc9h7d,1,2.78
AhAc9h7s,1,2.78
AsAh9h7c,1,2.78
AsAh9h7d,1,2.78
AdAc9d7h,1,2.78
AdAc9d7s,1,2.78
AsAd9d7c,1,2.78
AsAd9d7h,1,2.78
AhAd9d7c,1,2.78
AhAd9d7s,1,2.78
AsAc9c7h,1,2.78
AsAc9c7d,1,2.78
AhAc9c7d,1,2.78
AhAc9c7s,1,2.78
AdAc9c7s,1,2.78
AdAc9c7h,1,2.78
AsAh9s6d,1,2.52
AsAh9s6c,1,2.52
AsAd9s6c,1,2.52
AsAd9s6h,1,2.52
AsAc9s6h,1,2.52
AsAc9s6d,1,2.52
AhAd9h6c,1,2.52
AhAd9h6s,1,2.52
AhAc9h6d,1,2.52
AhAc9h6s,1,2.52
AsAh9h6c,1,2.52
AsAh9h6d,1,2.52
AdAc9d6h,1,2.52
AdAc9d6s,1,2.52
AsAd9d6c,1,2.52
AsAd9d6h,1,2.52
AhAd9d6c,1,2.52
AhAd9d6s,1,2.52
AsAc9c6h,1,2.52
AsAc9c6d,1,2.52
AhAc9c6d,1,2.52
AhAc9c6s,1,2.52
AdAc9c6s,1,2.52
AdAc9c6h,1,2.52
AsAh9s5d,1,2.44
AsAh9s5c,1,2.44
AsAd9s5c,1,2.44
AsAd9s5h,1,2.44
AsAc9s5h,1,2.44
AsAc9s5d,1,2.44
AhAd9h5c,1,2.44
AhAd9h5s,1,2.44
AhAc9h5d,1,2.44
AhAc9h5s,1,2.44
AsAh9h5c,1,2.44
AsAh9h5d,1,2.44
AdAc9d5h,1,2.44
AdAc9d5s,1,2.44
AsAd9d5c,1,2.44
AsAd9d5h,1,2.44
AhAd9d5c,1,2.44
AhAd9d5s,1,2.44
AsAc9c5h,1,2.44
AsAc9c5d,1,2.44
AhAc9c5d,1,2.44
AhAc9c5s,1,2.44
AdAc9c5s,1,2.44
AdAc9c5h,1,2.44
AsAh9s4d,1,2.17
AsAh9s4c,1,2.17
AsAd9s4c,1,2.17
AsAd9s4h,1,2.17
AsAc9s4h,1,2.17
AsAc9s4d,1,2.17
AhAd9h4c,1,2.17
AhAd9h4s,1,2.17
AhAc9h4d,1,2.17
AhAc9h4s,1,2.17
AsAh9h4c,1,2.17
AsAh9h4d,1,2.17
AdAc9d4h,1,2.17
AdAc9d4s,1,2.17
AsAd9d4c,1,2.17
AsAd9d4h,1,2.17
AhAd9d4c,1,2.17
AhAd9d4s,1,2.17
AsAc9c4h,1,2.17
AsAc9c4d,1,2.17
AhAc9c4d,1,2.17
AhAc9c4s,1,2.17
AdAc9c4s,1,2.17
AdAc9c4h,1,2.17
AsAh9s3d,1,2.09
AsAh9s3c,1,2.09
AsAd9s3c,1,2.09
AsAd9s3h,1,2.09
AsAc9s3h,1,2.09
AsAc9s3d,1,2.09
AhAd9h3c,1,2.09
AhAd9h3s,1,2.09
AhAc9h3d,1,2.09
AhAc9h3s,1,2.09
AsAh9h3c,1,2.09
AsAh9h3d,1,2.09
AdAc9d3h,1,2.09
AdAc9d3s,1,2.09
AsAd9d3c,1,2.09
AsAd9d3h,1,2.09
AhAd9d3c,1,2.09
AhAd9d3s,1,2.09
AsAc9c3h,1,2.09
AsAc9c3d,1,2.09
AhAc9c3d,1,2.09
AhAc9c3s,1,2.09
AdAc9c3s,1,2.09
AdAc9c3h,1,2.09
AsAh9s2d,1,1.98
AsAh9s2c,1,1.98
AsAd9s2c,1,1.98
AsAd9s2h,1,1.98
AsAc9s2h,1,1.98
AsAc9s2d,1,1.98
AhAd9h2c,1,1.98
AhAd9h2s,1,1.98
AhAc9h2d,1,1.98
AhAc9h2s,1,1.98
AsAh9h2c,1,1.98
AsAh9h2d,1,1.98
AdAc9d2h,1,1.98
AdAc9d2s,1,1.98
AsAd9d2c,1,1.98
AsAd9d2h,1,1.98
AhAd9d2c,1,1.98
AhAd9d2s,1,1.98
AsAc9c2h,1,1.98
AsAc9c2d,1,1.98
AhAc9c2d,1,1.98
AhAc9c2s,1,1.98
AdAc9c2s,1,1.98
AdAc9c2h,1,1.98
AsAh8s7s,1,2.55
AsAd8s7s,1,2.55
AsAc8s7s,1,2.55
AhAd8h7h,1,2.55
AhAc8h7h,1,2.55
AsAh8h7h,1,2.55
AdAc8d7d,1,2.55
AsAd8d7d,1,2.55
AhAd8d7d,1,2.55
AsAc8c7c,1,2.55
AhAc8c7c,1,2.55
AdAc8c7c,1,2.55
AsAh8s6s,1,2.32
AsAd8s6s,1,2.32
AsAc8s6s,1,2.32
AhAd8h6h,1,2.32
AhAc8h6h,1,2.32
AsAh8h6h,1,2.32
AdAc8d6d,1,2.32
AsAd8d6d,1,2.32
AhAd8d6d,1,2.32
AsAc8c6c,1,2.32
AhAc8c6c,1,2.32
AdAc8c6c,1,2.32
AsAh8s5s,1,2.26
AsAd8s5s,1,2.26
AsAc8s5s,1,2.26
AhAd8h5h,1,2.26
AhAc8h5h,1,2.26
AsAh8h5h,1,2.26
AdAc8d5d,1,2.26
AsAd8d5d,1,2.26
AhAd8d5d,1,2.26
AsAc8c5c,1,2.26
AhAc8c5c,1,2.26
AdAc8c5c,1,2.26
AsAh8s4s,1,1.99
AsAd8s4s,1,1.99
AsAc8s4s,1,1.99
AhAd8h4h,1,1.99
AhAc8h4h,1,1.99
AsAh8h4h,1,1.99
AdAc8d4d,1,1.99
AsAd8d4d,1,1.99
AhAd8d4d,1,1.99
AsAc8c4c,1,1.99
AhAc8c4c,1,1.99
AdAc8c4c,1,1.99
AsAh8s3s,1,1.71
AsAd8s3s,1,1.71
AsAc8s3s,1,1.71
AhAd8h3h,1,1.71
AhAc8h3h,1,1.71
AsAh8h3h,1,1.71
AdAc8d3d,1,1.71
AsAd8d3d,1,1.71
AhAd8d3d,1,1.71
AsAc8c3c,1,1.71
AhAc8c3c,1,1.71
AdAc8c3c,1,1.71
AsAh8s2s,1,1.6
AsAd8s2s,1,1.6
AsAc8s2s,1,1.6
AhAd8h2h,1,1.6
AhAc8h2h,1,1.6
AsAh8h2h,1,1.6
AdAc8d2d,1,1.6
AsAd8d2d,1,1.6
AhAd8d2d,1,1.6
AsAc8c2c,1,1.6
AhAc8c2c,1,1.6
AdAc8c2c,1,1.6
AsAh8s8h,1,4.39
AsAd8s8d,1,4.39
AsAc8s8c,1,4.39
AhAd8h8d,1,4.39
AhAc8h8c,1,4.39
AdAc8d8c,1,4.39
AsAh8s7h,1,4.06
AsAd8s7d,1,4.06
AsAc8s7c,1,4.06
AhAd8h7d,1,4.06
AhAc8h7c,1,4.06
AsAh8h7s,1,4.06
AdAc8d7c,1,4.06
AsAd8d7s,1,4.06
AhAd8d7h,1,4.06
AsAc8c7s,1,4.06
AhAc8c7h,1,4.06
AdAc8c7d,1,4.06
AsAh8s6h,1,3.85
AsAd8s6d,1,3.85
AsAc8s6c,1,3.85
AhAd8h6d,1,3.85
AhAc8h6c,1,3.85
AsAh8h6s,1,3.85
AdAc8d6c,1,3.85
AsAd8d6s,1,3.85
AhAd8d6h,1,3.85
AsAc8c6s,1,3.85
AhAc8c6h,1,3.85
AdAc8c6d,1,3.85
AsAh8s5h,1,3.8
AsAd8s5d,1,3.8
AsAc8s5c,1,3.8
AhAd8h5d,1,3.8
AhAc8h5c,1,3.8
AsAh8h5s,1,3.8
AdAc8d5c,1,3.8
AsAd8d5s,1,3.8
AhAd8d5h,1,3.8
AsAc8c5s,1,3.8
AhAc8c5h,1,3.8
AdAc8c5d,1,3.8
AsAh8s4h,1,3.56
AsAd8s4d,1,3.56
AsAc8s4c,1,3.56
AhAd8h4d,1,3.56
AhAc8h4c,1,3.56
AsAh8h4s,1,3.56
AdAc8d4c,1,3.56
AsAd8d4s,1,3.56
AhAd8d4h,1,3.56
AsAc8c4s,1,3.56
AhAc8c4h,1,3.56
AdAc8c4d,1,3.56
AsAh8s3h,1,3.28
AsAd8s3d,1,3.28
AsAc8s3c,1,3.28
AhAd8h3d,1,3.28
AhAc8h3c,1,3.28
AsAh8h3s,1,3.28
AdAc8d3c,1,3.28
AsAd8d3s,1,3.28
AhAd8d3h,1,3.28
AsAc8c3s,1,3.28
AhAc8c3h,1,3.28
AdAc8c3d,1,3.28
AsAh8s2h,1,3.18
AsAd8s2d,1,3.18
AsAc8s2c,1,3.18
AhAd8h2d,1,3.18
AhAc8h2c,1,3.18
AsAh8h2s,1,3.18
AdAc8d2c,1,3.18
AsAd8d2s,1,3.18
AhAd8d2h,1,3.18
AsAc8c2s,1,3.18
AhAc8c2h,1,3.18
AdAc8c2d,1,3.18
AsAh8s8d,1,3.25
AsAh8s8c,1,3.25
AsAd8s8c,1,3.25
AsAd8s8h,1,3.25
AsAc8s8h,1,3.25
AsAc8s8d,1,3.25
AhAd8h8c,1,3.25
AhAd8s8h,1,3.25
AhAc8h8d,1,3.25
AhAc8s8h,1,3.25
AsAh8h8c,1,3.25
AsAh8h8d,1,3.25
AdAc8h8d,1,3.25
AdAc8s8d,1,3.25
AsAd8d8c,1,3.25
AsAd8h8d,1,3.25
AhAd8d8c,1,3.25
AhAd8s8d,1,3.25
AsAc8h8c,1,3.25
AsAc8d8c,1,3.25
AhAc8d8c,1,3.25
AhAc8s8c,1,3.25
AdAc8s8c,1,3.25
AdAc8h8c,1,3.25
AsAh8s7d,1,2.96
AsAh8s7c,1,2.96
AsAd8s7c,1,2.96
AsAd8s7h,1,2.96
AsAc8s7h,1,2.96
AsAc8s7d,1,2.96
AhAd8h7c,1,2.96
AhAd8h7s,1,2.96
AhAc8h7d,1,2.96
AhAc8h7s,1,2.96
AsAh8h7c,1,2.96
AsAh8h7d,1,2.96
AdAc8d7h,1,2.96
AdAc8d7s,1,2.96
AsAd8d7c,1,2.96
AsAd8d7h,1,2.96
AhAd8d7c,1,2.96
AhAd8d7s,1,2.96
AsAc8c7h,1,2.96
AsAc8c7d,1,2.96
AhAc8c7d,1,2.96
AhAc8c7s,1,2.96
AdAc8c7s,1,2.96
AdAc8c7h,1,2.96
AsAh8s6d,1,2.74
AsAh8s6c,1,2.74
AsAd8s6c,1,2.74
AsAd8s6h,1,2.74
AsAc8s6h,1,2.74
AsAc8s6d,1,2.74
AhAd8h6c,1,2.74
AhAd8h6s,1,2.74
AhAc8h6d,1,2.74
AhAc8h6s,1,2.74
AsAh8h6c,1,2.74
AsAh8h6d,1,2.74
AdAc8d6h,1,2.74
AdAc8d6s,1,2.74
AsAd8d6c,1,2.74
AsAd8d6h,1,2.74
AhAd8d6c,1,2.74
AhAd8d6s,1,2.74
AsAc8c6h,1,2.74
AsAc8c6d,1,2.74
AhAc8c6d,1,2.74
AhAc8c6s,1,2.74
AdAc8c6s,1,2.74
AdAc8c6h,1,2.74
AsAh8s5d,1,2.66
AsAh8s5c,1,2.66
AsAd8s5c,1,2.66
AsAd8s5h,1,2.66
AsAc8s5h,1,2.66
AsAc8s5d,1,2.66
AhAd8h5c,1,2.66
AhAd8h5s,1,2.66
AhAc8h5d,1,2.66
AhAc8h5s,1,2.66
AsAh8h5c,1,2.66
AsAh8h5d,1,2.66
AdAc8d5h,1,2.66
AdAc8d5s,1,2.66
AsAd8d5c,1,2.66
AsAd8d5h,1,2.66
AhAd8d5c,1,2.66
AhAd8d5s,1,2.66
AsAc8c5h,1,2.66
AsAc8c5d,1,2.66
AhAc8c5d,1,2.66
AhAc8c5s,1,2.66
AdAc8c5s,1,2.66
AdAc8c5h,1,2.66
AsAh8s4d,1,2.39
AsAh8s4c,1,2.39
AsAd8s4c,1,2.39
AsAd8s4h,1,2.39
AsAc8s4h,1,2.39
AsAc8s4d,1,2.39
AhAd8h4c,1,2.39
AhAd8h4s,1,2.39
AhAc8h4d,1,2.39
AhAc8h4s,1,2.39
AsAh8h4c,1,2.39
AsAh8h4d,1,2.39
AdAc8d4h,1,2.39
AdAc8d4s,1,2.39
AsAd8d4c,1,2.39
AsAd8d4h,1,2.39
AhAd8d4c,1,2.39
AhAd8d4s,1,2.39
AsAc8c4h,1,2.39
AsAc8c4d,1,2.39
AhAc8c4d,1,2.39
AhAc8c4s,1,2.39
AdAc8c4s,1,2.39
AdAc8c4h,1,2.39
AsAh8s3d,1,2.1
AsAh8s3c,1,2.1
AsAd8s3c,1,2.1
AsAd8s3h,1,2.1
AsAc8s3h,1,2.1
AsAc8s3d,1,2.1
AhAd8h3c,1,2.1
AhAd8h3s,1,2.1
AhAc8h3d,1,2.1
AhAc8h3s,1,2.1
AsAh8h3c,1,2.1
AsAh8h3d,1,2.1
AdAc8d3h,1,2.1
AdAc8d3s,1,2.1
AsAd8d3c,1,2.1
AsAd8d3h,1,2.1
AhAd8d3c,1,2.1
AhAd8d3s,1,2.1
AsAc8c3h,1,2.1
AsAc8c3d,1,2.1
AhAc8c3d,1,2.1
AhAc8c3s,1,2.1
AdAc8c3s,1,2.1
AdAc8c3h,1,2.1
AsAh8s2d,1,1.99
AsAh8s2c,1,1.99
AsAd8s2c,1,1.99
AsAd8s2h,1,1.99
AsAc8s2h,1,1.99
AsAc8s2d,1,1.99
AhAd8h2c,1,1.99
AhAd8h2s,1,1.99
AhAc8h2d,1,1.99
AhAc8h2s,1,1.99
AsAh8h2c,1,1.99
AsAh8h2d,1,1.99
AdAc8d2h,1,1.99
AdAc8d2s,1,1.99
AsAd8d2c,1,1.99
AsAd8d2h,1,1.99
AhAd8d2c,1,1.99
AhAd8d2s,1,1.99
AsAc8c2h,1,1.99
AsAc8c2d,1,1.99
AhAc8c2d,1,1.99
AhAc8c2s,1,1.99
AdAc8c2s,1,1.99
AdAc8c2h,1,1.99
AsAh7s6s,1,2.49
AsAd7s6s,1,2.49
AsAc7s6s,1,2.49
AhAd7h6h,1,2.49
AhAc7h6h,1,2.49
AsAh7h6h,1,2.49
AdAc7d6d,1,2.49
AsAd7d6d,1,2.49
AhAd7d6d,1,2.49
AsAc7c6c,1,2.49
AhAc7c6c,1,2.49
AdAc7c6c,1,2.49
AsAh7s5s,1,2.43
AsAd7s5s,1,2.43
AsAc7s5s,1,2.43
AhAd7h5h,1,2.43
AhAc7h5h,1,2.43
AsAh7h5h,1,2.43
AdAc7d5d,1,2.43
AsAd7d5d,1,2.43
AhAd7d5d,1,2.43
AsAc7c5c,1,2.43
AhAc7c5c,1,2.43
AdAc7c5c,1,2.43
AsAh7s4s,1,2.17
AsAd7s4s,1,2.17
AsAc7s4s,1,2.17
AhAd7h4h,1,2.17
AhAc7h4h,1,2.17
AsAh7h4h,1,2.17
AdAc7d4d,1,2.17
AsAd7d4d,1,2.17
AhAd7d4d,1,2.17
AsAc7c4c,1,2.17
AhAc7c4c,1,2.17
AdAc7c4c,1,2.17
AsAh7s3s,1,1.88
AsAd7s3s,1,1.88
AsAc7s3s,1,1.88
AhAd7h3h,1,1.88
AhAc7h3h,1,1.88
AsAh7h3h,1,1.88
AdAc7d3d,1,1.88
AsAd7d3d,1,1.88
AhAd7d3d,1,1.88
AsAc7c3c,1,1.88
AhAc7c3c,1,1.88
AdAc7c3c,1,1.88
AsAh7s2s,1,1.62
AsAd7s2s,1,1.62
AsAc7s2s,1,1.62
AhAd7h2h,1,1.62
AhAc7h2h,1,1.62
AsAh7h2h,1,1.62
AdAc7d2d,1,1.62
AsAd7d2d,1,1.62
AhAd7d2d,1,1.62
AsAc7c2c,1,1.62
AhAc7c2c,1,1.62
AdAc7c2c,1,1.62
AsAh7s7h,1,4.35
AsAd7s7d,1,4.35
AsAc7s7c,1,4.35
AhAd7h7d,1,4.35
AhAc7h7c,1,4.35
AdAc7d7c,1,4.35
AsAh7s6h,1,4.02
AsAd7s6d,1,4.02
AsAc7s6c,1,4.02
AhAd7h6d,1,4.02
AhAc7h6c,1,4.02
AsAh7h6s,1,4.02
AdAc7d6c,1,4.02
AsAd7d6s,1,4.02
AhAd7d6h,1,4.02
AsAc7c6s,1,4.02
AhAc7c6h,1,4.02
AdAc7c6d,1,4.02
AsAh7s5h,1,3.98
AsAd7s5d,1,3.98
AsAc7s5c,1,3.98
AhAd7h5d,1,3.98
AhAc7h5c,1,3.98
AsAh7h5s,1,3.98
AdAc7d5c,1,3.98
AsAd7d5s,1,3.98
AhAd7d5h,1,3.98
AsAc7c5s,1,3.98
AhAc7c5h,1,3.98
AdAc7c5d,1,3.98
AsAh7s4h,1,3.74
AsAd7s4d,1,3.74
AsAc7s4c,1,3.74
AhAd7h4d,1,3.74
AhAc7h4c,1,3.74
AsAh7h4s,1,3.74
AdAc7d4c,1,3.74
AsAd7d4s,1,3.74
AhAd7d4h,1,3.74
AsAc7c4s,1,3.74
AhAc7c4h,1,3.74
AdAc7c4d,1,3.74
AsAh7s3h,1,3.47
AsAd7s3d,1,3.47
AsAc7s3c,1,3.47
AhAd7h3d,1,3.47
AhAc7h3c,1,3.47
AsAh7h3s,1,3.47
AdAc7d3c,1,3.47
AsAd7d3s,1,3.47
AhAd7d3h,1,3.47
AsAc7c3s,1,3.47
AhAc7c3h,1,3.47
AdAc7c3d,1,3.47
AsAh7s2h,1,3.19
AsAd7s2d,1,3.19
AsAc7s2c,1,3.19
AhAd7h2d,1,3.19
AhAc7h2c,1,3.19
AsAh7h2s,1,3.19
AdAc7d2c,1,3.19
AsAd7d2s,1,3.19
AhAd7d2h,1,3.19
AsAc7c2s,1,3.19
AhAc7c2h,1,3.19
AdAc7c2d,1,3.19
AsAh7s7d,1,3.21
AsAh7s7c,1,3.21
AsAd7s7c,1,3.21
AsAd7s7h,1,3.21
AsAc7s7h,1,3.21
AsAc7s7d,1,3.21
AhAd7h7c,1,3.21
AhAd7s7h,1,3.21
AhAc7h7d,1,3.21
AhAc7s7h,1,3.21
AsAh7h7c,1,3.21
AsAh7h7d,1,3.21
AdAc7h7d,1,3.21
AdAc7s7d,1,3.21
AsAd7d7c,1,3.21
AsAd7h7d,1,3.21
AhAd7d7c,1,3.21
AhAd7s7d,1,3.21
AsAc7h7c,1,3.21
AsAc7d7c,1,3.21
AhAc7d7c,1,3.21
AhAc7s7c,1,3.21
AdAc7s7c,1,3.21
AdAc7h7c,1,3.21
AsAh7s6d,1,2.91
AsAh7s6c,1,2.91
AsAd7s6c,1,2.91
AsAd7s6h,1,2.91
AsAc7s6h,1,2.91
AsAc7s6d,1,2.91
AhAd7h6c,1,2.91
AhAd7h6s,1,2.91
AhAc7h6d,1,2.91
AhAc7h6s,1,2.91
AsAh7h6c,1,2.91
AsAh7h6d,1,2.91
AdAc7d6h,1,2.91
AdAc7d6s,1,2.91
AsAd7d6c,1,2.91
AsAd7d6h,1,2.91
AhAd7d6c,1,2.91
AhAd7d6s,1,2.91
AsAc7c6h,1,2.91
AsAc7c6d,1,2.91
AhAc7c6d,1,2.91
AhAc7c6s,1,2.91
AdAc7c6s,1,2.91
AdAc7c6h,1,2.91
AsAh7s5d,1,2.83
AsAh7s5c,1,2.83
AsAd7s5c,1,2.83
AsAd7s5h,1,2.83
AsAc7s5h,1,2.83
AsAc7s5d,1,2.83
AhAd7h5c,1,2.83
AhAd7h5s,1,2.83
AhAc7h5d,1,2.83
AhAc7h5s,1,2.83
AsAh7h5c,1,2.83
AsAh7h5d,1,2.83
AdAc7d5h,1,2.83
AdAc7d5s,1,2.83
AsAd7d5c,1,2.83
AsAd7d5h,1,2.83
AhAd7d5c,1,2.83
AhAd7d5s,1,2.83
AsAc7c5h,1,2.83
AsAc7c5d,1,2.83
AhAc7c5d,1,2.83
AhAc7c5s,1,2.83
AdAc7c5s,1,2.83
AdAc7c5h,1,2.83
AsAh7s4d,1,2.57
AsAh7s4c,1,2.57
AsAd7s4c,1,2.57
AsAd7s4h,1,2.57
AsAc7s4h,1,2.57
AsAc7s4d,1,2.57
AhAd7h4c,1,2.57
AhAd7h4s,1,2.57
AhAc7h4d,1,2.57
AhAc7h4s,1,2.57
AsAh7h4c,1,2.57
AsAh7h4d,1,2.57
AdAc7d4h,1,2.57
AdAc7d4s,1,2.57
AsAd7d4c,1,2.57
AsAd7d4h,1,2.57
AhAd7d4c,1,2.57
AhAd7d4s,1,2.57
AsAc7c4h,1,2.57
AsAc7c4d,1,2.57
AhAc7c4d,1,2.57
AhAc7c4s,1,2.57
AdAc7c4s,1,2.57
AdAc7c4h,1,2.57
AsAh7s3d,1,2.28
AsAh7s3c,1,2.28
AsAd7s3c,1,2.28
AsAd7s3h,1,2.28
AsAc7s3h,1,2.28
AsAc7s3d,1,2.28
AhAd7h3c,1,2.28
AhAd7h3s,1,2.28
AhAc7h3d,1,2.28
AhAc7h3s,1,2.28
AsAh7h3c,1,2.28
AsAh7h3d,1,2.28
AdAc7d3h,1,2.28
AdAc7d3s,1,2.28
AsAd7d3c,1,2.28
AsAd7d3h,1,2.28
AhAd7d3c,1,2.28
AhAd7d3s,1,2.28
AsAc7c3h,1,2.28
AsAc7c3d,1,2.28
AhAc7c3d,1,2.28
AhAc7c3s,1,2.28
AdAc7c3s,1,2.28
AdAc7c3h,1,2.28
AsAh7s2d,1,2
AsAh7s2c,1,2
AsAd7s2c,1,2
AsAd7s2h,1,2
AsAc7s2h,1,2
AsAc7s2d,1,2
AhAd7h2c,1,2
AhAd7h2s,1,2
AhAc7h2d,1,2
AhAc7h2s,1,2
AsAh7h2c,1,2
AsAh7h2d,1,2
AdAc7d2h,1,2
AdAc7d2s,1,2
AsAd7d2c,1,2
AsAd7d2h,1,2
AhAd7d2c,1,2
AhAd7d2s,1,2
AsAc7c2h,1,2
AsAc7c2d,1,2
AhAc7c2d,1,2
AhAc7c2s,1,2
AdAc7c2s,1,2
AdAc7c2h,1,2
AsAh6s5s,1,2.41
AsAd6s5s,1,2.41
AsAc6s5s,1,2.41
AhAd6h5h,1,2.41
AhAc6h5h,1,2.41
AsAh6h5h,1,2.41
AdAc6d5d,1,2.41
AsAd6d5d,1,2.41
AhAd6d5d,1,2.41
AsAc6c5c,1,2.41
AhAc6c5c,1,2.41
AdAc6c5c,1,2.41
AsAh6s4s,1,2.18
AsAd6s4s,1,2.18
AsAc6s4s,1,2.18
AhAd6h4h,1,2.18
AhAc6h4h,1,2.18
AsAh6h4h,1,2.18
AdAc6d4d,1,2.18
AsAd6d4d,1,2.18
AhAd6d4d,1,2.18
AsAc6c4c,1,2.18
AhAc6c4c,1,2.18
AdAc6c4c,1,2.18
AsAh6s3s,1,1.89
AsAd6s3s,1,1.89
AsAc6s3s,1,1.89
AhAd6h3h,1,1.89
AhAc6h3h,1,1.89
AsAh6h3h,1,1.89
AdAc6d3d,1,1.89
AsAd6d3d,1,1.89
AhAd6d3d,1,1.89
AsAc6c3c,1,1.89
AhAc6c3c,1,1.89
AdAc6c3c,1,1.89
AsAh6s2s,1,1.61
AsAd6s2s,1,1.61
AsAc6s2s,1,1.61
AhAd6h2h,1,1.61
AhAc6h2h,1,1.61
AsAh6h2h,1,1.61
AdAc6d2d,1,1.61
AsAd6d2d,1,1.61
AhAd6d2d,1,1.61
AsAc6c2c,1,1.61
AhAc6c2c,1,1.61
AdAc6c2c,1,1.61
AsAh6s6h,1,4.25
AsAd6s6d,1,4.25
AsAc6s6c,1,4.25
AhAd6h6d,1,4.25
AhAc6h6c,1,4.25
AdAc6d6c,1,4.25
AsAh6s5h,1,3.96
AsAd6s5d,1,3.96
AsAc6s5c,1,3.96
AhAd6h5d,1,3.96
AhAc6h5c,1,3.96
AsAh6h5s,1,3.96
AdAc6d5c,1,3.96
AsAd6d5s,1,3.96
AhAd6d5h,1,3.96
AsAc6c5s,1,3.96
AhAc6c5h,1,3.96
AdAc6c5d,1,3.96
AsAh6s4h,1,3.74
AsAd6s4d,1,3.74
AsAc6s4c,1,3.74
AhAd6h4d,1,3.74
AhAc6h4c,1,3.74
AsAh6h4s,1,3.74
AdAc6d4c,1,3.74
AsAd6d4s,1,3.74
AhAd6d4h,1,3.74
AsAc6c4s,1,3.74
AhAc6c4h,1,3.74
AdAc6c4d,1,3.74
AsAh6s3h,1,3.48
AsAd6s3d,1,3.48
AsAc6s3c,1,3.48
AhAd6h3d,1,3.48
AhAc6h3c,1,3.48
AsAh6h3s,1,3.48
AdAc6d3c,1,3.48
AsAd6d3s,1,3.48
AhAd6d3h,1,3.48
AsAc6c3s,1,3.48
AhAc6c3h,1,3.48
AdAc6c3d,1,3.48
AsAh6s2h,1,3.2
AsAd6s2d,1,3.2
AsAc6s2c,1,3.2
AhAd6h2d,1,3.2
AhAc6h2c,1,3.2
AsAh6h2s,1,3.2
AdAc6d2c,1,3.2
AsAd6d2s,1,3.2
AhAd6d2h,1,3.2
AsAc6c2s,1,3.2
AhAc6c2h,1,3.2
AdAc6c2d,1,3.2
AsAh6s6d,1,3.12
AsAh6s6c,1,3.12
AsAd6s6c,1,3.12
AsAd6s6h,1,3.12
AsAc6s6h,1,3.12
AsAc6s6d,1,3.12
AhAd6h6c,1,3.12
AhAd6s6h,1,3.12
AhAc6h6d,1,3.12
AhAc6s6h,1,3.12
AsAh6h6c,1,3.12
AsAh6h6d,1,3.12
AdAc6h6d,1,3.12
AdAc6s6d,1,3.12
AsAd6d6c,1,3.12
AsAd6h6d,1,3.12
AhAd6d6c,1,3.12
AhAd6s6d,1,3.12
AsAc6h6c,1,3.12
AsAc6d6c,1,3.12
AhAc6d6c,1,3.12
AhAc6s6c,1,3.12
AdAc6s6c,1,3.12
AdAc6h6c,1,3.12
AsAh6s5d,1,2.81
AsAh6s5c,1,2.81
AsAd6s5c,1,2.81
AsAd6s5h,1,2.81
AsAc6s5h,1,2.81
AsAc6s5d,1,2.81
AhAd6h5c,1,2.81
AhAd6h5s,1,2.81
AhAc6h5d,1,2.81
AhAc6h5s,1,2.81
AsAh6h5c,1,2.81
AsAh6h5d,1,2.81
AdAc6d5h,1,2.81
AdAc6d5s,1,2.81
AsAd6d5c,1,2.81
AsAd6d5h,1,2.81
AhAd6d5c,1,2.81
AhAd6d5s,1,2.81
AsAc6c5h,1,2.81
AsAc6c5d,1,2.81
AhAc6c5d,1,2.81
AhAc6c5s,1,2.81
AdAc6c5s,1,2.81
AdAc6c5h,1,2.81
AsAh6s4d,1,2.57
AsAh6s4c,1,2.57
AsAd6s4c,1,2.57
AsAd6s4h,1,2.57
AsAc6s4h,1,2.57
AsAc6s4d,1,2.57
AhAd6h4c,1,2.57
AhAd6h4s,1,2.57
AhAc6h4d,1,2.57
AhAc6h4s,1,2.57
AsAh6h4c,1,2.57
AsAh6h4d,1,2.57
AdAc6d4h,1,2.57
AdAc6d4s,1,2.57
AsAd6d4c,1,2.57
AsAd6d4h,1,2.57
AhAd6d4c,1,2.57
AhAd6d4s,1,2.57
AsAc6c4h,1,2.57
AsAc6c4d,1,2.57
AhAc6c4d,1,2.57
AhAc6c4s,1,2.57
AdAc6c4s,1,2.57
AdAc6c4h,1,2.57
AsAh6s3d,1,2.29
AsAh6s3c,1,2.29
AsAd6s3c,1,2.29
AsAd6s3h,1,2.29
AsAc6s3h,1,2.29
AsAc6s3d,1,2.29
AhAd6h3c,1,2.29
AhAd6h3s,1,2.29
AhAc6h3d,1,2.29
AhAc6h3s,1,2.29
AsAh6h3c,1,2.29
AsAh6h3d,1,2.29
AdAc6d3h,1,2.29
AdAc6d3s,1,2.29
AsAd6d3c,1,2.29
AsAd6d3h,1,2.29
AhAd6d3c,1,2.29
AhAd6d3s,1,2.29
AsAc6c3h,1,2.29
AsAc6c3d,1,2.29
AhAc6c3d,1,2.29
AhAc6c3s,1,2.29
AdAc6c3s,1,2.29
AdAc6c3h,1,2.29
AsAh6s2d,1,2
AsAh6s2c,1,2
AsAd6s2c,1,2
AsAd6s2h,1,2
AsAc6s2h,1,2
AsAc6s2d,1,2
AhAd6h2c,1,2
AhAd6h2s,1,2
AhAc6h2d,1,2
AhAc6h2s,1,2
AsAh6h2c,1,2
AsAh6h2d,1,2
AdAc6d2h,1,2
AdAc6d2s,1,2
AsAd6d2c,1,2
AsAd6d2h,1,2
AhAd6d2c,1,2
AhAd6d2s,1,2
AsAc6c2h,1,2
AsAc6c2d,1,2
AhAc6c2d,1,2
AhAc6c2s,1,2
AdAc6c2s,1,2
AdAc6c2h,1,2
AsAh5s4s,1,2.34
AsAd5s4s,1,2.34
AsAc5s4s,1,2.34
AhAd5h4h,1,2.34
AhAc5h4h,1,2.34
AsAh5h4h,1,2.34
AdAc5d4d,1,2.34
AsAd5d4d,1,2.34
AhAd5d4d,1,2.34
AsAc5c4c,1,2.34
AhAc5c4c,1,2.34
AdAc5c4c,1,2.34
AsAh5s3s,1,2.1
AsAd5s3s,1,2.1
AsAc5s3s,1,2.1
AhAd5h3h,1,2.1
AhAc5h3h,1,2.1
AsAh5h3h,1,2.1
AdAc5d3d,1,2.1
AsAd5d3d,1,2.1
AhAd5d3d,1,2.1
AsAc5c3c,1,2.1
AhAc5c3c,1,2.1
AdAc5c3c,1,2.1
AsAh5s2s,1,1.8
AsAd5s2s,1,1.8
AsAc5s2s,1,1.8
AhAd5h2h,1,1.8
AhAc5h2h,1,1.8
AsAh5h2h,1,1.8
AdAc5d2d,1,1.8
AsAd5d2d,1,1.8
AhAd5d2d,1,1.8
AsAc5c2c,1,1.8
AhAc5c2c,1,1.8
AdAc5c2c,1,1.8
AsAh5s5h,1,4.45
AsAd5s5d,1,4.45
AsAc5s5c,1,4.45
AhAd5h5d,1,4.45
AhAc5h5c,1,4.45
AdAc5d5c,1,4.45
AsAh5s4h,1,3.94
AsAd5s4d,1,3.94
AsAc5s4c,1,3.94
AhAd5h4d,1,3.94
AhAc5h4c,1,3.94
AsAh5h4s,1,3.94
AdAc5d4c,1,3.94
AsAd5d4s,1,3.94
AhAd5d4h,1,3.94
AsAc5c4s,1,3.94
AhAc5c4h,1,3.94
AdAc5c4d,1,3.94
AsAh5s3h,1,3.7
AsAd5s3d,1,3.7
AsAc5s3c,1,3.7
AhAd5h3d,1,3.7
AhAc5h3c,1,3.7
AsAh5h3s,1,3.7
AdAc5d3c,1,3.7
AsAd5d3s,1,3.7
AhAd5d3h,1,3.7
AsAc5c3s,1,3.7
AhAc5c3h,1,3.7
AdAc5c3d,1,3.7
AsAh5s2h,1,3.42
AsAd5s2d,1,3.42
AsAc5s2c,1,3.42
AhAd5h2d,1,3.42
AhAc5h2c,1,3.42
AsAh5h2s,1,3.42
AdAc5d2c,1,3.42
AsAd5d2s,1,3.42
AhAd5d2h,1,3.42
AsAc5c2s,1,3.42
AhAc5c2h,1,3.42
AdAc5c2d,1,3.42
AsAh5s5d,1,3.28
AsAh5s5c,1,3.28
AsAd5s5c,1,3.28
AsAd5s5h,1,3.28
AsAc5s5h,1,3.28
AsAc5s5d,1,3.28
AhAd5h5c,1,3.28
AhAd5s5h,1,3.28
AhAc5h5d,1,3.28
AhAc5s5h,1,3.28
AsAh5h5c,1,3.28
AsAh5h5d,1,3.28
AdAc5h5d,1,3.28
AdAc5s5d,1,3.28
AsAd5d5c,1,3.28
AsAd5h5d,1,3.28
AhAd5d5c,1,3.28
AhAd5s5d,1,3.28
AsAc5h5c,1,3.28
AsAc5d5c,1,3.28
AhAc5d5c,1,3.28
AhAc5s5c,1,3.28
AdAc5s5c,1,3.28
AdAc5h5c,1,3.28
AsAh5s4d,1,2.75
AsAh5s4c,1,2.75
AsAd5s4c,1,2.75
AsAd5s4h,1,2.75
AsAc5s4h,1,2.75
AsAc5s4d,1,2.75
AhAd5h4c,1,2.75
AhAd5h4s,1,2.75
AhAc5h4d,1,2.75
AhAc5h4s,1,2.75
AsAh5h4c,1,2.75
AsAh5h4d,1,2.75
AdAc5d4h,1,2.75
AdAc5d4s,1,2.75
AsAd5d4c,1,2.75
AsAd5d4h,1,2.75
AhAd5d4c,1,2.75
AhAd5d4s,1,2.75
AsAc5c4h,1,2.75
AsAc5c4d,1,2.75
AhAc5c4d,1,2.75
AhAc5c4s,1,2.75
AdAc5c4s,1,2.75
AdAc5c4h,1,2.75
AsAh5s3d,1,2.5
AsAh5s3c,1,2.5
AsAd5s3c,1,2.5
AsAd5s3h,1,2.5
AsAc5s3h,1,2.5
AsAc5s3d,1,2.5
AhAd5h3c,1,2.5
AhAd5h3s,1,2.5
AhAc5h3d,1,2.5
AhAc5h3s,1,2.5
AsAh5h3c,1,2.5
AsAh5h3d,1,2.5
AdAc5d3h,1,2.5
AdAc5d3s,1,2.5
AsAd5d3c,1,2.5
AsAd5d3h,1,2.5
AhAd5d3c,1,2.5
AhAd5d3s,1,2.5
AsAc5c3h,1,2.5
AsAc5c3d,1,2.5
AhAc5c3d,1,2.5
AhAc5c3s,1,2.5
AdAc5c3s,1,2.5
AdAc5c3h,1,2.5
AsAh5s2d,1,2.21
AsAh5s2c,1,2.21
AsAd5s2c,1,2.21
AsAd5s2h,1,2.21
AsAc5s2h,1,2.21
AsAc5s2d,1,2.21
AhAd5h2c,1,2.21
AhAd5h2s,1,2.21
AhAc5h2d,1,2.21
AhAc5h2s,1,2.21
AsAh5h2c,1,2.21
AsAh5h2d,1,2.21
AdAc5d2h,1,2.21
AdAc5d2s,1,2.21
AsAd5d2c,1,2.21
AsAd5d2h,1,2.21
AhAd5d2c,1,2.21
AhAd5d2s,1,2.21
AsAc5c2h,1,2.21
AsAc5c2d,1,2.21
AhAc5c2d,1,2.21
AhAc5c2s,1,2.21
AdAc5c2s,1,2.21
AdAc5c2h,1,2.21
AsAh4s3s,1,2.01
AsAd4s3s,1,2.01
AsAc4s3s,1,2.01
AhAd4h3h,1,2.01
AhAc4h3h,1,2.01
AsAh4h3h,1,2.01
AdAc4d3d,1,2.01
AsAd4d3d,1,2.01
AhAd4d3d,1,2.01
AsAc4c3c,1,2.01
AhAc4c3c,1,2.01
AdAc4c3c,1,2.01
AsAh4s2s,1,1.74
AsAd4s2s,1,1.74
AsAc4s2s,1,1.74
AhAd4h2h,1,1.74
AhAc4h2h,1,1.74
AsAh4h2h,1,1.74
AdAc4d2d,1,1.74
AsAd4d2d,1,1.74
AhAd4d2d,1,1.74
AsAc4c2c,1,1.74
AhAc4c2c,1,1.74
AdAc4c2c,1,1.74
AsAh4s4h,1,4.45
AsAd4s4d,1,4.45
AsAc4s4c,1,4.45
AhAd4h4d,1,4.45
AhAc4h4c,1,4.45
AdAc4d4c,1,4.45
AsAh4s3h,1,3.64
AsAd4s3d,1,3.64
AsAc4s3c,1,3.64
AhAd4h3d,1,3.64
AhAc4h3c,1,3.64
AsAh4h3s,1,3.64
AdAc4d3c,1,3.64
AsAd4d3s,1,3.64
AhAd4d3h,1,3.64
AsAc4c3s,1,3.64
AhAc4c3h,1,3.64
AdAc4c3d,1,3.64
AsAh4s2h,1,3.38
AsAd4s2d,1,3.38
AsAc4s2c,1,3.38
AhAd4h2d,1,3.38
AhAc4h2c,1,3.38
AsAh4h2s,1,3.38
AdAc4d2c,1,3.38
AsAd4d2s,1,3.38
AhAd4d2h,1,3.38
AsAc4c2s,1,3.38
AhAc4c2h,1,3.38
AdAc4c2d,1,3.38
AsAh4s4d,1,3.21
AsAh4s4c,1,3.21
AsAd4s4c,1,3.21
AsAd4s4h,1,3.21
AsAc4s4h,1,3.21
AsAc4s4d,1,3.21
AhAd4h4c,1,3.21
AhAd4s4h,1,3.21
AhAc4h4d,1,3.21
AhAc4s4h,1,3.21
AsAh4h4c,1,3.21
AsAh4h4d,1,3.21
AdAc4h4d,1,3.21
AdAc4s4d,1,3.21
AsAd4d4c,1,3.21
AsAd4h4d,1,3.21
AhAd4d4c,1,3.21
AhAd4s4d,1,3.21
AsAc4h4c,1,3.21
AsAc4d4c,1,3.21
AhAc4d4c,1,3.21
AhAc4s4c,1,3.21
AdAc4s4c,1,3.21
AdAc4h4c,1,3.21
AsAh4s3d,1,2.41
AsAh4s3c,1,2.41
AsAd4s3c,1,2.41
AsAd4s3h,1,2.41
AsAc4s3h,1,2.41
AsAc4s3d,1,2.41
AhAd4h3c,1,2.41
AhAd4h3s,1,2.41
AhAc4h3d,1,2.41
AhAc4h3s,1,2.41
AsAh4h3c,1,2.41
AsAh4h3d,1,2.41
AdAc4d3h,1,2.41
AdAc4d3s,1,2.41
AsAd4d3c,1,2.41
AsAd4d3h,1,2.41
AhAd4d3c,1,2.41
AhAd4d3s,1,2.41
AsAc4c3h,1,2.41
AsAc4c3d,1,2.41
AhAc4c3d,1,2.41
AhAc4c3s,1,2.41
AdAc4c3s,1,2.41
AdAc4c3h,1,2.41
AsAh4s2d,1,2.15
AsAh4s2c,1,2.15
AsAd4s2c,1,2.15
AsAd4s2h,1,2.15
AsAc4s2h,1,2.15
AsAc4s2d,1,2.15
AhAd4h2c,1,2.15
AhAd4h2s,1,2.15
AhAc4h2d,1,2.15
AhAc4h2s,1,2.15
AsAh4h2c,1,2.15
AsAh4h2d,1,2.15
AdAc4d2h,1,2.15
AdAc4d2s,1,2.15
AsAd4d2c,1,2.15
AsAd4d2h,1,2.15
AhAd4d2c,1,2.15
AhAd4d2s,1,2.15
AsAc4c2h,1,2.15
AsAc4c2d,1,2.15
AhAc4c2d,1,2.15
AhAc4c2s,1,2.15
AdAc4c2s,1,2.15
AdAc4c2h,1,2.15
AsAh3s2s,1,1.64
AsAd3s2s,1,1.64
AsAc3s2s,1,1.64
AhAd3h2h,1,1.64
AhAc3h2h,1,1.64
AsAh3h2h,1,1.64
AdAc3d2d,1,1.64
AsAd3d2d,1,1.64
AhAd3d2d,1,1.64
AsAc3c2c,1,1.64
AhAc3c2c,1,1.64
AdAc3c2c,1,1.64
AsAh3s3h,1,4.38
AsAd3s3d,1,4.38
AsAc3s3c,1,4.38
AhAd3h3d,1,4.38
AhAc3h3c,1,4.38
AdAc3d3c,1,4.38
AsAh3s2h,1,3.29
AsAd3s2d,1,3.29
AsAc3s2c,1,3.29
AhAd3h2d,1,3.29
AhAc3h2c,1,3.29
AsAh3h2s,1,3.29
AdAc3d2c,1,3.29
AsAd3d2s,1,3.29
AhAd3d2h,1,3.29
AsAc3c2s,1,3.29
AhAc3c2h,1,3.29
AdAc3c2d,1,3.29
AsAh3s3d,1,3.11
AsAh3s3c,1,3.11
AsAd3s3c,1,3.11
AsAd3s3h,1,3.11
AsAc3s3h,1,3.11
AsAc3s3d,1,3.11
AhAd3h3c,1,3.11
AhAd3s3h,1,3.11
AhAc3h3d,1,3.11
AhAc3s3h,1,3.11
AsAh3h3c,1,3.11
AsAh3h3d,1,3.11
AdAc3h3d,1,3.11
AdAc3s3d,1,3.11
AsAd3d3c,1,3.11
AsAd3h3d,1,3.11
AhAd3d3c,1,3.11
AhAd3s3d,1,3.11
AsAc3h3c,1,3.11
AsAc3d3c,1,3.11
AhAc3d3c,1,3.11
AhAc3s3c,1,3.11
AdAc3s3c,1,3.11
AdAc3h3c,1,3.11
AsAh3s2d,1,2.05
AsAh3s2c,1,2.05
AsAd3s2c,1,2.05
AsAd3s2h,1,2.05
AsAc3s2h,1,2.05
AsAc3s2d,1,2.05
AhAd3h2c,1,2.05
AhAd3h2s,1,2.05
AhAc3h2d,1,2.05
AhAc3h2s,1,2.05
AsAh3h2c,1,2.05
AsAh3h2d,1,2.05
AdAc3d2h,1,2.05
AdAc3d2s,1,2.05
AsAd3d2c,1,2.05
AsAd3d2h,1,2.05
AhAd3d2c,1,2.05
AhAd3d2s,1,2.05
AsAc3c2h,1,2.05
AsAc3c2d,1,2.05
AhAc3c2d,1,2.05
AhAc3c2s,1,2.05
AdAc3c2s,1,2.05
AdAc3c2h,1,2.05
AsAh2s2h,1,4.25
AsAd2s2d,1,4.25
AsAc2s2c,1,4.25
AhAd2h2d,1,4.25
AhAc2h2c,1,4.25
AdAc2d2c,1,4.25
AsAh2s2d,1,2.96
AsAh2s2c,1,2.96
AsAd2s2c,1,2.96
AsAd2s2h,1,2.96
AsAc2s2h,1,2.96
AsAc2s2d,1,2.96
AhAd2h2c,1,2.96
AhAd2s2h,1,2.96
AhAc2h2d,1,2.96
AhAc2s2h,1,2.96
AsAh2h2c,1,2.96
AsAh2h2d,1,2.96
AdAc2h2d,1,2.96
AdAc2s2d,1,2.96
AsAd2d2c,1,2.96
AsAd2h2d,1,2.96
AhAd2d2c,1,2.96
AhAd2s2d,1,2.96
AsAc2h2c,1,2.96
AsAc2d2c,1,2.96
AhAc2d2c,1,2.96
AhAc2s2c,1,2.96
AdAc2s2c,1,2.96
AdAc2h2c,1,2.96
AsAhAdKs,1,0.92
AsAhAcKs,1,0.92
AsAdAcKs,1,0.92
AhAdAcKh,1,0.92
AsAhAdKh,1,0.92
AsAhAcKh,1,0.92
AhAdAcKd,1,0.92
AsAdAcKd,1,0.92
AsAhAdKd,1,0.92
AsAhAcKc,1,0.92
AsAdAcKc,1,0.92
AhAdAcKc,1,0.92
AsAhAdQs,1,1.01
AsAhAcQs,1,1.01
AsAdAcQs,1,1.01
AhAdAcQh,1,1.01
AsAhAdQh,1,1.01
AsAhAcQh,1,1.01
AhAdAcQd,1,1.01
AsAdAcQd,1,1.01
AsAhAdQd,1,1.01
AsAhAcQc,1,1.01
AsAdAcQc,1,1.01
AhAdAcQc,1,1.01
AsAhAdJs,1,1.07
AsAhAcJs,1,1.07
AsAdAcJs,1,1.07
AhAdAcJh,1,1.07
AsAhAdJh,1,1.07
AsAhAcJh,1,1.07
AhAdAcJd,1,1.07
AsAdAcJd,1,1.07
AsAhAdJd,1,1.07
AsAhAcJc,1,1.07
AsAdAcJc,1,1.07
AhAdAcJc,1,1.07
AsAhAdTs,1,1.12
AsAhAcTs,1,1.12
AsAdAcTs,1,1.12
AhAdAcTh,1,1.12
AsAhAdTh,1,1.12
AsAhAcTh,1,1.12
AhAdAcTd,1,1.12
AsAdAcTd,1,1.12
AsAhAdTd,1,1.12
AsAhAcTc,1,1.12
AsAdAcTc,1,1.12
AhAdAcTc,1,1.12
AsAhAd9s,1,0.93
AsAhAc9s,1,0.93
AsAdAc9s,1,0.93
AhAdAc9h,1,0.93
AsAhAd9h,1,0.93
AsAhAc9h,1,0.93
AhAdAc9d,1,0.93
AsAdAc9d,1,0.93
AsAhAd9d,1,0.93
AsAhAc9c,1,0.93
AsAdAc9c,1,0.93
AhAdAc9c,1,0.93
AsAhAd8s,1,0.93
AsAhAc8s,1,0.93
AsAdAc8s,1,0.93
AhAdAc8h,1,0.93
AsAhAd8h,1,0.93
AsAhAc8h,1,0.93
AhAdAc8d,1,0.93
AsAdAc8d,1,0.93
AsAhAd8d,1,0.93
AsAhAc8c,1,0.93
AsAdAc8c,1,0.93
AhAdAc8c,1,0.93
AsAhAd7s,1,0.93
AsAhAc7s,1,0.93
AsAdAc7s,1,0.93
AhAdAc7h,1,0.93
AsAhAd7h,1,0.93
AsAhAc7h,1,0.93
AhAdAc7d,1,0.93
AsAdAc7d,1,0.93
AsAhAd7d,1,0.93
AsAhAc7c,1,0.93
AsAdAc7c,1,0.93
AhAdAc7c,1,0.93
AsAhAd6s,1,0.92
AsAhAc6s,1,0.92
AsAdAc6s,1,0.92
AhAdAc6h,1,0.92
AsAhAd6h,1,0.92
AsAhAc6h,1,0.92
AhAdAc6d,1,0.92
AsAdAc6d,1,0.92
AsAhAd6d,1,0.92
AsAhAc6c,1,0.92
AsAdAc6c,1,0.92
AhAdAc6c,1,0.92
AsAhAd5s,1,0.98
AsAhAc5s,1,0.98
AsAdAc5s,1,0.98
AhAdAc5h,1,0.98
AsAhAd5h,1,0.98
AsAhAc5h,1,0.98
AhAdAc5d,1,0.98
AsAdAc5d,1,0.98
AsAhAd5d,1,0.98
AsAhAc5c,1,0.98
AsAdAc5c,1,0.98
AhAdAc5c,1,0.98
AsAhAd4s,1,0.92
AsAhAc4s,1,0.92
AsAdAc4s,1,0.92
AhAdAc4h,1,0.92
AsAhAd4h,1,0.92
AsAhAc4h,1,0.92
AhAdAc4d,1,0.92
AsAdAc4d,1,0.92
AsAhAd4d,1,0.92
AsAhAc4c,1,0.92
AsAdAc4c,1,0.92
AhAdAc4c,1,0.92
AsAhAd3s,1,0.83
AsAhAc3s,1,0.83
AsAdAc3s,1,0.83
AhAdAc3h,1,0.83
AsAhAd3h,1,0.83
AsAhAc3h,1,0.83
AhAdAc3d,1,0.83
AsAdAc3d,1,0.83
AsAhAd3d,1,0.83
AsAhAc3c,1,0.83
AsAdAc3c,1,0.83
AhAdAc3c,1,0.83
AsAhAd2s,1,0.73
AsAhAc2s,1,0.73
AsAdAc2s,1,0.73
AhAdAc2h,1,0.73
AsAhAd2h,1,0.73
AsAhAc2h,1,0.73
AhAdAc2d,1,0.73
AsAdAc2d,1,0.73
AsAhAd2d,1,0.73
AsAhAc2c,1,0.73
AsAdAc2c,1,0.73
AhAdAc2c,1,0.73
AsAhAdKc,1,0.22
AsAhAcKd,1,0.22
AsAdAcKh,1,0.22
AhAdAcKs,1,0.22
AsAhAdQc,1,0.22
AsAhAcQd,1,0.22
AsAdAcQh,1,0.22
AhAdAcQs,1,0.22
AsAhAdJc,1,0.25
AsAhAcJd,1,0.25
AsAdAcJh,1,0.25
AhAdAcJs,1,0.25
AsAhAdTc,1,0.28
AsAhAcTd,1,0.28
AsAdAcTh,1,0.28
AhAdAcTs,1,0.28
AsAhAd9c,1,0.21
AsAhAc9d,1,0.21
AsAdAc9h,1,0.21
AhAdAc9s,1,0.21
AsAhAd8c,1,0.21
AsAhAc8d,1,0.21
AsAdAc8h,1,0.21
AhAdAc8s,1,0.21
AsAhAd7c,1,0.2
AsAhAc7d,1,0.2
AsAdAc7h,1,0.2
AhAdAc7s,1,0.2
AsAhAd6c,1,0.18
AsAhAc6d,1,0.18
AsAdAc6h,1,0.18
AhAdAc6s,1,0.18
AsAhAd5c,1,0.22
AsAhAc5d,1,0.22
AsAdAc5h,1,0.22
AhAdAc5s,1,0.22
AsAhAd4c,1,0.17
AsAhAc4d,1,0.17
AsAdAc4h,1,0.17
AhAdAc4s,1,0.17
AsAhAd3c,1,0.12
AsAhAc3d,1,0.12
AsAdAc3h,1,0.12
AhAdAc3s,1,0.12
AsAhAd2c,1,0.06
AsAhAc2d,1,0.06
AsAdAc2h,1,0.06
AhAdAc2s,1,0.06
AsAhKdQs,1,2.48
AsAhKcQs,1,2.48
AsAdKcQs,1,2.48
AsAdKhQs,1,2.48
AsAcKhQs,1,2.48
AsAcKdQs,1,2.48
AhAdKcQh,1,2.48
AhAdKsQh,1,2.48
AhAcKdQh,1,2.48
AhAcKsQh,1,2.48
AsAhKcQh,1,2.48
AsAhKdQh,1,2.48
AdAcKhQd,1,2.48
AdAcKsQd,1,2.48
AsAdKcQd,1,2.48
AsAdKhQd,1,2.48
AhAdKcQd,1,2.48
AhAdKsQd,1,2.48
AsAcKhQc,1,2.48
AsAcKdQc,1,2.48
AhAcKdQc,1,2.48
AhAcKsQc,1,2.48
AdAcKsQc,1,2.48
AdAcKhQc,1,2.48
AsAhKdJs,1,2.5
AsAhKcJs,1,2.5
AsAdKcJs,1,2.5
AsAdKhJs,1,2.5
AsAcKhJs,1,2.5
AsAcKdJs,1,2.5
AhAdKcJh,1,2.5
AhAdKsJh,1,2.5
AhAcKdJh,1,2.5
AhAcKsJh,1,2.5
AsAhKcJh,1,2.5
AsAhKdJh,1,2.5
AdAcKhJd,1,2.5
AdAcKsJd,1,2.5
AsAdKcJd,1,2.5
AsAdKhJd,1,2.5
AhAdKcJd,1,2.5
AhAdKsJd,1,2.5
AsAcKhJc,1,2.5
AsAcKdJc,1,2.5
AhAcKdJc,1,2.5
AhAcKsJc,1,2.5
AdAcKsJc,1,2.5
AdAcKhJc,1,2.5
AsAhKdTs,1,2.52
AsAhKcTs,1,2.52
AsAdKcTs,1,2.52
AsAdKhTs,1,2.52
AsAcKhTs,1,2.52
AsAcKdTs,1,2.52
AhAdKcTh,1,2.52
AhAdKsTh,1,2.52
AhAcKdTh,1,2.52
AhAcKsTh,1,2.52
AsAhKcTh,1,2.52
AsAhKdTh,1,2.52
AdAcKhTd,1,2.52
AdAcKsTd,1,2.52
AsAdKcTd,1,2.52
AsAdKhTd,1,2.52
AhAdKcTd,1,2.52
AhAdKsTd,1,2.52
AsAcKhTc,1,2.52
AsAcKdTc,1,2.52
AhAcKdTc,1,2.52
AhAcKsTc,1,2.52
AdAcKsTc,1,2.52
AdAcKhTc,1,2.52
AsAhKd9s,1,2.16
AsAhKc9s,1,2.16
AsAdKc9s,1,2.16
AsAdKh9s,1,2.16
AsAcKh9s,1,2.16
AsAcKd9s,1,2.16
AhAdKc9h,1,2.16
AhAdKs9h,1,2.16
AhAcKd9h,1,2.16
AhAcKs9h,1,2.16
AsAhKc9h,1,2.16
AsAhKd9h,1,2.16
AdAcKh9d,1,2.16
AdAcKs9d,1,2.16
AsAdKc9d,1,2.16
AsAdKh9d,1,2.16
AhAdKc9d,1,2.16
AhAdKs9d,1,2.16
AsAcKh9c,1,2.16
AsAcKd9c,1,2.16
AhAcKd9c,1,2.16
AhAcKs9c,1,2.16
AdAcKs9c,1,2.16
AdAcKh9c,1,2.16
AsAhKd8s,1,2.19
AsAhKc8s,1,2.19
AsAdKc8s,1,2.19
AsAdKh8s,1,2.19
AsAcKh8s,1,2.19
AsAcKd8s,1,2.19
AhAdKc8h,1,2.19
AhAdKs8h,1,2.19
AhAcKd8h,1,2.19
AhAcKs8h,1,2.19
AsAhKc8h,1,2.19
AsAhKd8h,1,2.19
AdAcKh8d,1,2.19
AdAcKs8d,1,2.19
AsAdKc8d,1,2.19
AsAdKh8d,1,2.19
AhAdKc8d,1,2.19
AhAdKs8d,1,2.19
AsAcKh8c,1,2.19
AsAcKd8c,1,2.19
AhAcKd8c,1,2.19
AhAcKs8c,1,2.19
AdAcKs8c,1,2.19
AdAcKh8c,1,2.19
AsAhKd7s,1,2.19
AsAhKc7s,1,2.19
AsAdKc7s,1,2.19
AsAdKh7s,1,2.19
AsAcKh7s,1,2.19
AsAcKd7s,1,2.19
AhAdKc7h,1,2.19
AhAdKs7h,1,2.19
AhAcKd7h,1,2.19
AhAcKs7h,1,2.19
AsAhKc7h,1,2.19
AsAhKd7h,1,2.19
AdAcKh7d,1,2.19
AdAcKs7d,1,2.19
AsAdKc7d,1,2.19
AsAdKh7d,1,2.19
AhAdKc7d,1,2.19
AhAdKs7d,1,2.19
AsAcKh7c,1,2.19
AsAcKd7c,1,2.19
AhAcKd7c,1,2.19
AhAcKs7c,1,2.19
AdAcKs7c,1,2.19
AdAcKh7c,1,2.19
AsAhKd6s,1,2.17
AsAhKc6s,1,2.17
AsAdKc6s,1,2.17
AsAdKh6s,1,2.17
AsAcKh6s,1,2.17
AsAcKd6s,1,2.17
AhAdKc6h,1,2.17
AhAdKs6h,1,2.17
AhAcKd6h,1,2.17
AhAcKs6h,1,2.17
AsAhKc6h,1,2.17
AsAhKd6h,1,2.17
AdAcKh6d,1,2.17
AdAcKs6d,1,2.17
AsAdKc6d,1,2.17
AsAdKh6d,1,2.17
AhAdKc6d,1,2.17
AhAdKs6d,1,2.17
AsAcKh6c,1,2.17
AsAcKd6c,1,2.17
AhAcKd6c,1,2.17
AhAcKs6c,1,2.17
AdAcKs6c,1,2.17
AdAcKh6c,1,2.17
AsAhKd5s,1,2.34
AsAhKc5s,1,2.34
AsAdKc5s,1,2.34
AsAdKh5s,1,2.34
AsAcKh5s,1,2.34
AsAcKd5s,1,2.34
AhAdKc5h,1,2.34
AhAdKs5h,1,2.34
AhAcKd5h,1,2.34
AhAcKs5h,1,2.34
AsAhKc5h,1,2.34
AsAhKd5h,1,2.34
AdAcKh5d,1,2.34
AdAcKs5d,1,2.34
AsAdKc5d,1,2.34
AsAdKh5d,1,2.34
AhAdKc5d,1,2.34
AhAdKs5d,1,2.34
AsAcKh5c,1,2.34
AsAcKd5c,1,2.34
AhAcKd5c,1,2.34
AhAcKs5c,1,2.34
AdAcKs5c,1,2.34
AdAcKh5c,1,2.34
AsAhKd4s,1,2.3
AsAhKc4s,1,2.3
AsAdKc4s,1,2.3
AsAdKh4s,1,2.3
AsAcKh4s,1,2.3
AsAcKd4s,1,2.3
AhAdKc4h,1,2.3
AhAdKs4h,1,2.3
AhAcKd4h,1,2.3
AhAcKs4h,1,2.3
AsAhKc4h,1,2.3
AsAhKd4h,1,2.3
AdAcKh4d,1,2.3
AdAcKs4d,1,2.3
AsAdKc4d,1,2.3
AsAdKh4d,1,2.3
AhAdKc4d,1,2.3
AhAdKs4d,1,2.3
AsAcKh4c,1,2.3
AsAcKd4c,1,2.3
AhAcKd4c,1,2.3
AhAcKs4c,1,2.3
AdAcKs4c,1,2.3
AdAcKh4c,1,2.3
AsAhKd3s,1,2.22
AsAhKc3s,1,2.22
AsAdKc3s,1,2.22
AsAdKh3s,1,2.22
AsAcKh3s,1,2.22
AsAcKd3s,1,2.22
AhAdKc3h,1,2.22
AhAdKs3h,1,2.22
AhAcKd3h,1,2.22
AhAcKs3h,1,2.22
AsAhKc3h,1,2.22
AsAhKd3h,1,2.22
AdAcKh3d,1,2.22
AdAcKs3d,1,2.22
AsAdKc3d,1,2.22
AsAdKh3d,1,2.22
AhAdKc3d,1,2.22
AhAdKs3d,1,2.22
AsAcKh3c,1,2.22
AsAcKd3c,1,2.22
AhAcKd3c,1,2.22
AhAcKs3c,1,2.22
AdAcKs3c,1,2.22
AdAcKh3c,1,2.22
AsAhKd2s,1,2.12
AsAhKc2s,1,2.12
AsAdKc2s,1,2.12
AsAdKh2s,1,2.12
AsAcKh2s,1,2.12
AsAcKd2s,1,2.12
AhAdKc2h,1,2.12
AhAdKs2h,1,2.12
AhAcKd2h,1,2.12
AhAcKs2h,1,2.12
AsAhKc2h,1,2.12
AsAhKd2h,1,2.12
AdAcKh2d,1,2.12
AdAcKs2d,1,2.12
AsAdKc2d,1,2.12
AsAdKh2d,1,2.12
AhAdKc2d,1,2.12
AhAdKs2d,1,2.12
AsAcKh2c,1,2.12
AsAcKd2c,1,2.12
AhAcKd2c,1,2.12
AhAcKs2c,1,2.12
AdAcKs2c,1,2.12
AdAcKh2c,1,2.12
AsAhKdQd,1,2.11
AsAhKcQc,1,2.11
AsAdKcQc,1,2.11
AsAdKhQh,1,2.11
AsAcKhQh,1,2.11
AsAcKdQd,1,2.11
AhAdKcQc,1,2.11
AhAdKsQs,1,2.11
AhAcKdQd,1,2.11
AhAcKsQs,1,2.11
AdAcKhQh,1,2.11
AdAcKsQs,1,2.11
AsAhKdJd,1,2.13
AsAhKcJc,1,2.13
AsAdKcJc,1,2.13
AsAdKhJh,1,2.13
AsAcKhJh,1,2.13
AsAcKdJd,1,2.13
AhAdKcJc,1,2.13
AhAdKsJs,1,2.13
AhAcKdJd,1,2.13
AhAcKsJs,1,2.13
AdAcKhJh,1,2.13
AdAcKsJs,1,2.13
AsAhKdTd,1,2.16
AsAhKcTc,1,2.16
AsAdKcTc,1,2.16
AsAdKhTh,1,2.16
AsAcKhTh,1,2.16
AsAcKdTd,1,2.16
AhAdKcTc,1,2.16
AhAdKsTs,1,2.16
AhAcKdTd,1,2.16
AhAcKsTs,1,2.16
AdAcKhTh,1,2.16
AdAcKsTs,1,2.16
AsAhKd9d,1,1.8
AsAhKc9c,1,1.8
AsAdKc9c,1,1.8
AsAdKh9h,1,1.8
AsAcKh9h,1,1.8
AsAcKd9d,1,1.8
AhAdKc9c,1,1.8
AhAdKs9s,1,1.8
AhAcKd9d,1,1.8
AhAcKs9s,1,1.8
AdAcKh9h,1,1.8
AdAcKs9s,1,1.8
AsAhKd8d,1,1.81
AsAhKc8c,1,1.81
AsAdKc8c,1,1.81
AsAdKh8h,1,1.81
AsAcKh8h,1,1.81
AsAcKd8d,1,1.81
AhAdKc8c,1,1.81
AhAdKs8s,1,1.81
AhAcKd8d,1,1.81
AhAcKs8s,1,1.81
AdAcKh8h,1,1.81
AdAcKs8s,1,1.81
AsAhKd7d,1,1.82
AsAhKc7c,1,1.82
AsAdKc7c,1,1.82
AsAdKh7h,1,1.82
AsAcKh7h,1,1.82
AsAcKd7d,1,1.82
AhAdKc7c,1,1.82
AhAdKs7s,1,1.82
AhAcKd7d,1,1.82
AhAcKs7s,1,1.82
AdAcKh7h,1,1.82
AdAcKs7s,1,1.82
AsAhKd6d,1,1.81
AsAhKc6c,1,1.81
AsAdKc6c,1,1.81
AsAdKh6h,1,1.81
AsAcKh6h,1,1.81
AsAcKd6d,1,1.81
AhAdKc6c,1,1.81
AhAdKs6s,1,1.81
AhAcKd6d,1,1.81
AhAcKs6s,1,1.81
AdAcKh6h,1,1.81
AdAcKs6s,1,1.81
AsAhKd5d,1,1.97
AsAhKc5c,1,1.97
AsAdKc5c,1,1.97
AsAdKh5h,1,1.97
AsAcKh5h,1,1.97
AsAcKd5d,1,1.97
AhAdKc5c,1,1.97
AhAdKs5s,1,1.97
AhAcKd5d,1,1.97
AhAcKs5s,1,1.97
AdAcKh5h,1,1.97
AdAcKs5s,1,1.97
AsAhKd4d,1,1.92
AsAhKc4c,1,1.92
AsAdKc4c,1,1.92
AsAdKh4h,1,1.92
AsAcKh4h,1,1.92
AsAcKd4d,1,1.92
AhAdKc4c,1,1.92
AhAdKs4s,1,1.92
AhAcKd4d,1,1.92
AhAcKs4s,1,1.92
AdAcKh4h,1,1.92
AdAcKs4s,1,1.92
AsAhKd3d,1,1.85
AsAhKc3c,1,1.85
AsAdKc3c,1,1.85
AsAdKh3h,1,1.85
AsAcKh3h,1,1.85
AsAcKd3d,1,1.85
AhAdKc3c,1,1.85
AhAdKs3s,1,1.85
AhAcKd3d,1,1.85
AhAcKs3s,1,1.85
AdAcKh3h,1,1.85
AdAcKs3s,1,1.85
AsAhKd2d,1,1.75
AsAhKc2c,1,1.75
AsAdKc2c,1,1.75
AsAdKh2h,1,1.75
AsAcKh2h,1,1.75
AsAcKd2d,1,1.75
AhAdKc2c,1,1.75
AhAdKs2s,1,1.75
AhAcKd2d,1,1.75
AhAcKs2s,1,1.75
AdAcKh2h,1,1.75
AdAcKs2s,1,1.75
AsAhKdKc,1,2.27
AsAdKhKc,1,2.27
AsAcKhKd,1,2.27
AhAdKsKc,1,2.27
AhAcKsKd,1,2.27
AdAcKsKh,1,2.27
AsAhKdQc,1,1.43
AsAhKcQd,1,1.43
AsAdKcQh,1,1.43
AsAdKhQc,1,1.43
AsAcKhQd,1,1.43
AsAcKdQh,1,1.43
AhAdKcQs,1,1.43
AhAdKsQc,1,1.43
AhAcKdQs,1,1.43
AhAcKsQd,1,1.43
AdAcKhQs,1,1.43
AdAcKsQh,1,1.43
AsAhKdJc,1,1.44
AsAhKcJd,1,1.44
AsAdKcJh,1,1.44
AsAdKhJc,1,1.44
AsAcKhJd,1,1.44
AsAcKdJh,1,1.44
AhAdKcJs,1,1.44
AhAdKsJc,1,1.44
AhAcKdJs,1,1.44
AhAcKsJd,1,1.44
AdAcKhJs,1,1.44
AdAcKsJh,1,1.44
AsAhKdTc,1,1.47
AsAhKcTd,1,1.47
AsAdKcTh,1,1.47
AsAdKhTc,1,1.47
AsAcKhTd,1,1.47
AsAcKdTh,1,1.47
AhAdKcTs,1,1.47
AhAdKsTc,1,1.47
AhAcKdTs,1,1.47
AhAcKsTd,1,1.47
AdAcKhTs,1,1.47
AdAcKsTh,1,1.47
AsAhKd9c,1,1.11
AsAhKc9d,1,1.11
AsAdKc9h,1,1.11
AsAdKh9c,1,1.11
AsAcKh9d,1,1.11
AsAcKd9h,1,1.11
AhAdKc9s,1,1.11
AhAdKs9c,1,1.11
AhAcKd9s,1,1.11
AhAcKs9d,1,1.11
AdAcKh9s,1,1.11
AdAcKs9h,1,1.11
AsAhKd8c,1,1.13
AsAhKc8d,1,1.13
AsAdKc8h,1,1.13
AsAdKh8c,1,1.13
AsAcKh8d,1,1.13
AsAcKd8h,1,1.13
AhAdKc8s,1,1.13
AhAdKs8c,1,1.13
AhAcKd8s,1,1.13
AhAcKs8d,1,1.13
AdAcKh8s,1,1.13
AdAcKs8h,1,1.13
AsAhKd7c,1,1.13
AsAhKc7d,1,1.13
AsAdKc7h,1,1.13
AsAdKh7c,1,1.13
AsAcKh7d,1,1.13
AsAcKd7h,1,1.13
AhAdKc7s,1,1.13
AhAdKs7c,1,1.13
AhAcKd7s,1,1.13
AhAcKs7d,1,1.13
AdAcKh7s,1,1.13
AdAcKs7h,1,1.13
AsAhKd6c,1,1.12
AsAhKc6d,1,1.12
AsAdKc6h,1,1.12
AsAdKh6c,1,1.12
AsAcKh6d,1,1.12
AsAcKd6h,1,1.12
AhAdKc6s,1,1.12
AhAdKs6c,1,1.12
AhAcKd6s,1,1.12
AhAcKs6d,1,1.12
AdAcKh6s,1,1.12
AdAcKs6h,1,1.12
AsAhKd5c,1,1.25
AsAhKc5d,1,1.25
AsAdKc5h,1,1.25
AsAdKh5c,1,1.25
AsAcKh5d,1,1.25
AsAcKd5h,1,1.25
AhAdKc5s,1,1.25
AhAdKs5c,1,1.25
AhAcKd5s,1,1.25
AhAcKs5d,1,1.25
AdAcKh5s,1,1.25
AdAcKs5h,1,1.25
AsAhKd4c,1,1.19
AsAhKc4d,1,1.19
AsAdKc4h,1,1.19
AsAdKh4c,1,1.19
AsAcKh4d,1,1.19
AsAcKd4h,1,1.19
AhAdKc4s,1,1.19
AhAdKs4c,1,1.19
AhAcKd4s,1,1.19
AhAcKs4d,1,1.19
AdAcKh4s,1,1.19
AdAcKs4h,1,1.19
AsAhKd3c,1,1.12
AsAhKc3d,1,1.12
AsAdKc3h,1,1.12
AsAdKh3c,1,1.12
AsAcKh3d,1,1.12
AsAcKd3h,1,1.12
AhAdKc3s,1,1.12
AhAdKs3c,1,1.12
AhAcKd3s,1,1.12
AhAcKs3d,1,1.12
AdAcKh3s,1,1.12
AdAcKs3h,1,1.12
AsAhKd2c,1,1.02
AsAhKc2d,1,1.02
AsAdKc2h,1,1.02
AsAdKh2c,1,1.02
AsAcKh2d,1,1.02
AsAcKd2h,1,1.02
AhAdKc2s,1,1.02
AhAdKs2c,1,1.02
AhAcKd2s,1,1.02
AhAcKs2d,1,1.02
AdAcKh2s,1,1.02
AdAcKs2h,1,1.02
AsAhQdJs,1,2.87
AsAhQcJs,1,2.87
AsAdQcJs,1,2.87
AsAdQhJs,1,2.87
AsAcQhJs,1,2.87
AsAcQdJs,1,2.87
AhAdQcJh,1,2.87
AhAdQsJh,1,2.87
AhAcQdJh,1,2.87
AhAcQsJh,1,2.87
AsAhQcJh,1,2.87
AsAhQdJh,1,2.87
AdAcQhJd,1,2.87
AdAcQsJd,1,2.87
AsAdQcJd,1,2.87
AsAdQhJd,1,2.87
AhAdQcJd,1,2.87
AhAdQsJd,1,2.87
AsAcQhJc,1,2.87
AsAcQdJc,1,2.87
AhAcQdJc,1,2.87
AhAcQsJc,1,2.87
AdAcQsJc,1,2.87
AdAcQhJc,1,2.87
AsAhQdTs,1,2.85
AsAhQcTs,1,2.85
AsAdQcTs,1,2.85
AsAdQhTs,1,2.85
AsAcQhTs,1,2.85
AsAcQdTs,1,2.85
AhAdQcTh,1,2.85
AhAdQsTh,1,2.85
AhAcQdTh,1,2.85
AhAcQsTh,1,2.85
AsAhQcTh,1,2.85
AsAhQdTh,1,2.85
AdAcQhTd,1,2.85
AdAcQsTd,1,2.85
AsAdQcTd,1,2.85
AsAdQhTd,1,2.85
AhAdQcTd,1,2.85
AhAdQsTd,1,2.85
AsAcQhTc,1,2.85
AsAcQdTc,1,2.85
AhAcQdTc,1,2.85
AhAcQsTc,1,2.85
AdAcQsTc,1,2.85
AdAcQhTc,1,2.85
AsAhQd9s,1,2.51
AsAhQc9s,1,2.51
AsAdQc9s,1,2.51
AsAdQh9s,1,2.51
AsAcQh9s,1,2.51
AsAcQd9s,1,2.51
AhAdQc9h,1,2.51
AhAdQs9h,1,2.51
AhAcQd9h,1,2.51
AhAcQs9h,1,2.51
AsAhQc9h,1,2.51
AsAhQd9h,1,2.51
AdAcQh9d,1,2.51
AdAcQs9d,1,2.51
AsAdQc9d,1,2.51
AsAdQh9d,1,2.51
AhAdQc9d,1,2.51
AhAdQs9d,1,2.51
AsAcQh9c,1,2.51
AsAcQd9c,1,2.51
AhAcQd9c,1,2.51
AhAcQs9c,1,2.51
AdAcQs9c,1,2.51
AdAcQh9c,1,2.51
AsAhQd8s,1,2.49
AsAhQc8s,1,2.49
AsAdQc8s,1,2.49
AsAdQh8s,1,2.49
AsAcQh8s,1,2.49
AsAcQd8s,1,2.49
AhAdQc8h,1,2.49
AhAdQs8h,1,2.49
AhAcQd8h,1,2.49
AhAcQs8h,1,2.49
AsAhQc8h,1,2.49
AsAhQd8h,1,2.49
AdAcQh8d,1,2.49
AdAcQs8d,1,2.49
AsAdQc8d,1,2.49
AsAdQh8d,1,2.49
AhAdQc8d,1,2.49
AhAdQs8d,1,2.49
AsAcQh8c,1,2.49
AsAcQd8c,1,2.49
AhAcQd8c,1,2.49
AhAcQs8c,1,2.49
AdAcQs8c,1,2.49
AdAcQh8c,1,2.49
AsAhQd7s,1,2.28
AsAhQc7s,1,2.28
AsAdQc7s,1,2.28
AsAdQh7s,1,2.28
AsAcQh7s,1,2.28
AsAcQd7s,1,2.28
AhAdQc7h,1,2.28
AhAdQs7h,1,2.28
AhAcQd7h,1,2.28
AhAcQs7h,1,2.28
AsAhQc7h,1,2.28
AsAhQd7h,1,2.28
AdAcQh7d,1,2.28
AdAcQs7d,1,2.28
AsAdQc7d,1,2.28
AsAdQh7d,1,2.28
AhAdQc7d,1,2.28
AhAdQs7d,1,2.28
AsAcQh7c,1,2.28
AsAcQd7c,1,2.28
AhAcQd7c,1,2.28
AhAcQs7c,1,2.28
AdAcQs7c,1,2.28
AdAcQh7c,1,2.28
AsAhQd6s,1,2.26
AsAhQc6s,1,2.26
AsAdQc6s,1,2.26
AsAdQh6s,1,2.26
AsAcQh6s,1,2.26
AsAcQd6s,1,2.26
AhAdQc6h,1,2.26
AhAdQs6h,1,2.26
AhAcQd6h,1,2.26
AhAcQs6h,1,2.26
AsAhQc6h,1,2.26
AsAhQd6h,1,2.26
AdAcQh6d,1,2.26
AdAcQs6d,1,2.26
AsAdQc6d,1,2.26
AsAdQh6d,1,2.26
AhAdQc6d,1,2.26
AhAdQs6d,1,2.26
AsAcQh6c,1,2.26
AsAcQd6c,1,2.26
AhAcQd6c,1,2.26
AhAcQs6c,1,2.26
AdAcQs6c,1,2.26
AdAcQh6c,1,2.26
AsAhQd5s,1,2.43
AsAhQc5s,1,2.43
AsAdQc5s,1,2.43
AsAdQh5s,1,2.43
AsAcQh5s,1,2.43
AsAcQd5s,1,2.43
AhAdQc5h,1,2.43
AhAdQs5h,1,2.43
AhAcQd5h,1,2.43
AhAcQs5h,1,2.43
AsAhQc5h,1,2.43
AsAhQd5h,1,2.43
AdAcQh5d,1,2.43
AdAcQs5d,1,2.43
AsAdQc5d,1,2.43
AsAdQh5d,1,2.43
AhAdQc5d,1,2.43
AhAdQs5d,1,2.43
AsAcQh5c,1,2.43
AsAcQd5c,1,2.43
AhAcQd5c,1,2.43
AhAcQs5c,1,2.43
AdAcQs5c,1,2.43
AdAcQh5c,1,2.43
AsAhQd4s,1,2.39
AsAhQc4s,1,2.39
AsAdQc4s,1,2.39
AsAdQh4s,1,2.39
AsAcQh4s,1,2.39
AsAcQd4s,1,2.39
AhAdQc4h,1,2.39
AhAdQs4h,1,2.39
AhAcQd4h,1,2.39
AhAcQs4h,1,2.39
AsAhQc4h,1,2.39
AsAhQd4h,1,2.39
AdAcQh4d,1,2.39
AdAcQs4d,1,2.39
AsAdQc4d,1,2.39
AsAdQh4d,1,2.39
AhAdQc4d,1,2.39
AhAdQs4d,1,2.39
AsAcQh4c,1,2.39
AsAcQd4c,1,2.39
AhAcQd4c,1,2.39
AhAcQs4c,1,2.39
AdAcQs4c,1,2.39
AdAcQh4c,1,2.39
AsAhQd3s,1,2.31
AsAhQc3s,1,2.31
AsAdQc3s,1,2.31
AsAdQh3s,1,2.31
AsAcQh3s,1,2.31
AsAcQd3s,1,2.31
AhAdQc3h,1,2.31
AhAdQs3h,1,2.31
AhAcQd3h,1,2.31
AhAcQs3h,1,2.31
AsAhQc3h,1,2.31
AsAhQd3h,1,2.31
AdAcQh3d,1,2.31
AdAcQs3d,1,2.31
AsAdQc3d,1,2.31
AsAdQh3d,1,2.31
AhAdQc3d,1,2.31
AhAdQs3d,1,2.31
AsAcQh3c,1,2.31
AsAcQd3c,1,2.31
AhAcQd3c,1,2.31
AhAcQs3c,1,2.31
AdAcQs3c,1,2.31
AdAcQh3c,1,2.31
AsAhQd2s,1,2.21
AsAhQc2s,1,2.21
AsAdQc2s,1,2.21
AsAdQh2s,1,2.21
AsAcQh2s,1,2.21
AsAcQd2s,1,2.21
AhAdQc2h,1,2.21
AhAdQs2h,1,2.21
AhAcQd2h,1,2.21
AhAcQs2h,1,2.21
AsAhQc2h,1,2.21
AsAhQd2h,1,2.21
AdAcQh2d,1,2.21
AdAcQs2d,1,2.21
AsAdQc2d,1,2.21
AsAdQh2d,1,2.21
AhAdQc2d,1,2.21
AhAdQs2d,1,2.21
AsAcQh2c,1,2.21
AsAcQd2c,1,2.21
AhAcQd2c,1,2.21
AhAcQs2c,1,2.21
AdAcQs2c,1,2.21
AdAcQh2c,1,2.21
AsAhQdJd,1,2.4
AsAhQcJc,1,2.4
AsAdQcJc,1,2.4
AsAdQhJh,1,2.4
AsAcQhJh,1,2.4
AsAcQdJd,1,2.4
AhAdQcJc,1,2.4
AhAdQsJs,1,2.4
AhAcQdJd,1,2.4
AhAcQsJs,1,2.4
AdAcQhJh,1,2.4
AdAcQsJs,1,2.4
AsAhQdTd,1,2.4
AsAhQcTc,1,2.4
AsAdQcTc,1,2.4
AsAdQhTh,1,2.4
AsAcQhTh,1,2.4
AsAcQdTd,1,2.4
AhAdQcTc,1,2.4
AhAdQsTs,1,2.4
AhAcQdTd,1,2.4
AhAcQsTs,1,2.4
AdAcQhTh,1,2.4
AdAcQsTs,1,2.4
AsAhQd9d,1,2.02
AsAhQc9c,1,2.02
AsAdQc9c,1,2.02
AsAdQh9h,1,2.02
AsAcQh9h,1,2.02
AsAcQd9d,1,2.02
AhAdQc9c,1,2.02
AhAdQs9s,1,2.02
AhAcQd9d,1,2.02
AhAcQs9s,1,2.02
AdAcQh9h,1,2.02
AdAcQs9s,1,2.02
AsAhQd8d,1,2
AsAhQc8c,1,2
AsAdQc8c,1,2
AsAdQh8h,1,2
AsAcQh8h,1,2
AsAcQd8d,1,2
AhAdQc8c,1,2
AhAdQs8s,1,2
AhAcQd8d,1,2
AhAcQs8s,1,2
AdAcQh8h,1,2
AdAcQs8s,1,2
AsAhQd7d,1,1.79
AsAhQc7c,1,1.79
AsAdQc7c,1,1.79
AsAdQh7h,1,1.79
AsAcQh7h,1,1.79
AsAcQd7d,1,1.79
AhAdQc7c,1,1.79
AhAdQs7s,1,1.79
AhAcQd7d,1,1.79
AhAcQs7s,1,1.79
AdAcQh7h,1,1.79
AdAcQs7s,1,1.79
AsAhQd6d,1,1.78
AsAhQc6c,1,1.78
AsAdQc6c,1,1.78
AsAdQh6h,1,1.78
AsAcQh6h,1,1.78
AsAcQd6d,1,1.78
AhAdQc6c,1,1.78
AhAdQs6s,1,1.78
AhAcQd6d,1,1.78
AhAcQs6s,1,1.78
AdAcQh6h,1,1.78
AdAcQs6s,1,1.78
AsAhQd5d,1,1.93
AsAhQc5c,1,1.93
AsAdQc5c,1,1.93
AsAdQh5h,1,1.93
AsAcQh5h,1,1.93
AsAcQd5d,1,1.93
AhAdQc5c,1,1.93
AhAdQs5s,1,1.93
AhAcQd5d,1,1.93
AhAcQs5s,1,1.93
AdAcQh5h,1,1.93
AdAcQs5s,1,1.93
AsAhQd4d,1,1.89
AsAhQc4c,1,1.89
AsAdQc4c,1,1.89
AsAdQh4h,1,1.89
AsAcQh4h,1,1.89
AsAcQd4d,1,1.89
AhAdQc4c,1,1.89
AhAdQs4s,1,1.89
AhAcQd4d,1,1.89
AhAcQs4s,1,1.89
AdAcQh4h,1,1.89
AdAcQs4s,1,1.89
AsAhQd3d,1,1.82
AsAhQc3c,1,1.82
AsAdQc3c,1,1.82
AsAdQh3h,1,1.82
AsAcQh3h,1,1.82
AsAcQd3d,1,1.82
AhAdQc3c,1,1.82
AhAdQs3s,1,1.82
AhAcQd3d,1,1.82
AhAcQs3s,1,1.82
AdAcQh3h,1,1.82
AdAcQs3s,1,1.82
AsAhQd2d,1,1.72
AsAhQc2c,1,1.72
AsAdQc2c,1,1.72
AsAdQh2h,1,1.72
AsAcQh2h,1,1.72
AsAcQd2d,1,1.72
AhAdQc2c,1,1.72
AhAdQs2s,1,1.72
AhAcQd2d,1,1.72
AhAcQs2s,1,1.72
AdAcQh2h,1,1.72
AdAcQs2s,1,1.72
AsAhQdQc,1,2.39
AsAdQhQc,1,2.39
AsAcQhQd,1,2.39
AhAdQsQc,1,2.39
AhAcQsQd,1,2.39
AdAcQsQh,1,2.39
AsAhQdJc,1,1.79
AsAhQcJd,1,1.79
AsAdQcJh,1,1.79
AsAdQhJc,1,1.79
AsAcQhJd,1,1.79
AsAcQdJh,1,1.79
AhAdQcJs,1,1.79
AhAdQsJc,1,1.79
AhAcQdJs,1,1.79
AhAcQsJd,1,1.79
AdAcQhJs,1,1.79
AdAcQsJh,1,1.79
AsAhQdTc,1,1.78
AsAhQcTd,1,1.78
AsAdQcTh,1,1.78
AsAdQhTc,1,1.78
AsAcQhTd,1,1.78
AsAcQdTh,1,1.78
AhAdQcTs,1,1.78
AhAdQsTc,1,1.78
AhAcQdTs,1,1.78
AhAcQsTd,1,1.78
AdAcQhTs,1,1.78
AdAcQsTh,1,1.78
AsAhQd9c,1,1.43
AsAhQc9d,1,1.43
AsAdQc9h,1,1.43
AsAdQh9c,1,1.43
AsAcQh9d,1,1.43
AsAcQd9h,1,1.43
AhAdQc9s,1,1.43
AhAdQs9c,1,1.43
AhAcQd9s,1,1.43
AhAcQs9d,1,1.43
AdAcQh9s,1,1.43
AdAcQs9h,1,1.43
AsAhQd8c,1,1.42
AsAhQc8d,1,1.42
AsAdQc8h,1,1.42
AsAdQh8c,1,1.42
AsAcQh8d,1,1.42
AsAcQd8h,1,1.42
AhAdQc8s,1,1.42
AhAdQs8c,1,1.42
AhAcQd8s,1,1.42
AhAcQs8d,1,1.42
AdAcQh8s,1,1.42
AdAcQs8h,1,1.42
AsAhQd7c,1,1.22
AsAhQc7d,1,1.22
AsAdQc7h,1,1.22
AsAdQh7c,1,1.22
AsAcQh7d,1,1.22
AsAcQd7h,1,1.22
AhAdQc7s,1,1.22
AhAdQs7c,1,1.22
AhAcQd7s,1,1.22
AhAcQs7d,1,1.22
AdAcQh7s,1,1.22
AdAcQs7h,1,1.22
AsAhQd6c,1,1.2
AsAhQc6d,1,1.2
AsAdQc6h,1,1.2
AsAdQh6c,1,1.2
AsAcQh6d,1,1.2
AsAcQd6h,1,1.2
AhAdQc6s,1,1.2
AhAdQs6c,1,1.2
AhAcQd6s,1,1.2
AhAcQs6d,1,1.2
AdAcQh6s,1,1.2
AdAcQs6h,1,1.2
AsAhQd5c,1,1.34
AsAhQc5d,1,1.34
AsAdQc5h,1,1.34
AsAdQh5c,1,1.34
AsAcQh5d,1,1.34
AsAcQd5h,1,1.34
AhAdQc5s,1,1.34
AhAdQs5c,1,1.34
AhAcQd5s,1,1.34
AhAcQs5d,1,1.34
AdAcQh5s,1,1.34
AdAcQs5h,1,1.34
AsAhQd4c,1,1.28
AsAhQc4d,1,1.28
AsAdQc4h,1,1.28
AsAdQh4c,1,1.28
AsAcQh4d,1,1.28
AsAcQd4h,1,1.28
AhAdQc4s,1,1.28
AhAdQs4c,1,1.28
AhAcQd4s,1,1.28
AhAcQs4d,1,1.28
AdAcQh4s,1,1.28
AdAcQs4h,1,1.28
AsAhQd3c,1,1.19
AsAhQc3d,1,1.19
AsAdQc3h,1,1.19
AsAdQh3c,1,1.19
AsAcQh3d,1,1.19
AsAcQd3h,1,1.19
AhAdQc3s,1,1.19
AhAdQs3c,1,1.19
AhAcQd3s,1,1.19
AhAcQs3d,1,1.19
AdAcQh3s,1,1.19
AdAcQs3h,1,1.19
AsAhQd2c,1,1.09
AsAhQc2d,1,1.09
AsAdQc2h,1,1.09
AsAdQh2c,1,1.09
AsAcQh2d,1,1.09
AsAcQd2h,1,1.09
AhAdQc2s,1,1.09
AhAdQs2c,1,1.09
AhAcQd2s,1,1.09
AhAcQs2d,1,1.09
AdAcQh2s,1,1.09
AdAcQs2h,1,1.09
AsAhJdTs,1,3.16
AsAhJcTs,1,3.16
AsAdJcTs,1,3.16
AsAdJhTs,1,3.16
AsAcJhTs,1,3.16
AsAcJdTs,1,3.16
AhAdJcTh,1,3.16
AhAdJsTh,1,3.16
AhAcJdTh,1,3.16
AhAcJsTh,1,3.16
AsAhJcTh,1,3.16
AsAhJdTh,1,3.16
AdAcJhTd,1,3.16
AdAcJsTd,1,3.16
AsAdJcTd,1,3.16
AsAdJhTd,1,3.16
AhAdJcTd,1,3.16
AhAdJsTd,1,3.16
AsAcJhTc,1,3.16
AsAcJdTc,1,3.16
AhAcJdTc,1,3.16
AhAcJsTc,1,3.16
AdAcJsTc,1,3.16
AdAcJhTc,1,3.16
AsAhJd9s,1,2.81
AsAhJc9s,1,2.81
AsAdJc9s,1,2.81
AsAdJh9s,1,2.81
AsAcJh9s,1,2.81
AsAcJd9s,1,2.81
AhAdJc9h,1,2.81
AhAdJs9h,1,2.81
AhAcJd9h,1,2.81
AhAcJs9h,1,2.81
AsAhJc9h,1,2.81
AsAhJd9h,1,2.81
AdAcJh9d,1,2.81
AdAcJs9d,1,2.81
AsAdJc9d,1,2.81
AsAdJh9d,1,2.81
AhAdJc9d,1,2.81
AhAdJs9d,1,2.81
AsAcJh9c,1,2.81
AsAcJd9c,1,2.81
AhAcJd9c,1,2.81
AhAcJs9c,1,2.81
AdAcJs9c,1,2.81
AdAcJh9c,1,2.81
AsAhJd8s,1,2.77
AsAhJc8s,1,2.77
AsAdJc8s,1,2.77
AsAdJh8s,1,2.77
AsAcJh8s,1,2.77
AsAcJd8s,1,2.77
AhAdJc8h,1,2.77
AhAdJs8h,1,2.77
AhAcJd8h,1,2.77
AhAcJs8h,1,2.77
AsAhJc8h,1,2.77
AsAhJd8h,1,2.77
AdAcJh8d,1,2.77
AdAcJs8d,1,2.77
AsAdJc8d,1,2.77
AsAdJh8d,1,2.77
AhAdJc8d,1,2.77
AhAdJs8d,1,2.77
AsAcJh8c,1,2.77
AsAcJd8c,1,2.77
AhAcJd8c,1,2.77
AhAcJs8c,1,2.77
AdAcJs8c,1,2.77
AdAcJh8c,1,2.77
AsAhJd7s,1,2.58
AsAhJc7s,1,2.58
AsAdJc7s,1,2.58
AsAdJh7s,1,2.58
AsAcJh7s,1,2.58
AsAcJd7s,1,2.58
AhAdJc7h,1,2.58
AhAdJs7h,1,2.58
AhAcJd7h,1,2.58
AhAcJs7h,1,2.58
AsAhJc7h,1,2.58
AsAhJd7h,1,2.58
AdAcJh7d,1,2.58
AdAcJs7d,1,2.58
AsAdJc7d,1,2.58
AsAdJh7d,1,2.58
AhAdJc7d,1,2.58
AhAdJs7d,1,2.58
AsAcJh7c,1,2.58
AsAcJd7c,1,2.58
AhAcJd7c,1,2.58
AhAcJs7c,1,2.58
AdAcJs7c,1,2.58
AdAcJh7c,1,2.58
AsAhJd6s,1,2.31
AsAhJc6s,1,2.31
AsAdJc6s,1,2.31
AsAdJh6s,1,2.31
AsAcJh6s,1,2.31
AsAcJd6s,1,2.31
AhAdJc6h,1,2.31
AhAdJs6h,1,2.31
AhAcJd6h,1,2.31
AhAcJs6h,1,2.31
AsAhJc6h,1,2.31
AsAhJd6h,1,2.31
AdAcJh6d,1,2.31
AdAcJs6d,1,2.31
AsAdJc6d,1,2.31
AsAdJh6d,1,2.31
AhAdJc6d,1,2.31
AhAdJs6d,1,2.31
AsAcJh6c,1,2.31
AsAcJd6c,1,2.31
AhAcJd6c,1,2.31
AhAcJs6c,1,2.31
AdAcJs6c,1,2.31
AdAcJh6c,1,2.31
AsAhJd5s,1,2.47
AsAhJc5s,1,2.47
AsAdJc5s,1,2.47
AsAdJh5s,1,2.47
AsAcJh5s,1,2.47
AsAcJd5s,1,2.47
AhAdJc5h,1,2.47
AhAdJs5h,1,2.47
AhAcJd5h,1,2.47
AhAcJs5h,1,2.47
AsAhJc5h,1,2.47
AsAhJd5h,1,2.47
AdAcJh5d,1,2.47
AdAcJs5d,1,2.47
AsAdJc5d,1,2.47
AsAdJh5d,1,2.47
AhAdJc5d,1,2.47
AhAdJs5d,1,2.47
AsAcJh5c,1,2.47
AsAcJd5c,1,2.47
AhAcJd5c,1,2.47
AhAcJs5c,1,2.47
AdAcJs5c,1,2.47
AdAcJh5c,1,2.47
AsAhJd4s,1,2.43
AsAhJc4s,1,2.43
AsAdJc4s,1,2.43
AsAdJh4s,1,2.43
AsAcJh4s,1,2.43
AsAcJd4s,1,2.43
AhAdJc4h,1,2.43
AhAdJs4h,1,2.43
AhAcJd4h,1,2.43
AhAcJs4h,1,2.43
AsAhJc4h,1,2.43
AsAhJd4h,1,2.43
AdAcJh4d,1,2.43
AdAcJs4d,1,2.43
AsAdJc4d,1,2.43
AsAdJh4d,1,2.43
AhAdJc4d,1,2.43
AhAdJs4d,1,2.43
AsAcJh4c,1,2.43
AsAcJd4c,1,2.43
AhAcJd4c,1,2.43
AhAcJs4c,1,2.43
AdAcJs4c,1,2.43
AdAcJh4c,1,2.43
AsAhJd3s,1,2.35
AsAhJc3s,1,2.35
AsAdJc3s,1,2.35
AsAdJh3s,1,2.35
AsAcJh3s,1,2.35
AsAcJd3s,1,2.35
AhAdJc3h,1,2.35
AhAdJs3h,1,2.35
AhAcJd3h,1,2.35
AhAcJs3h,1,2.35
AsAhJc3h,1,2.35
AsAhJd3h,1,2.35
AdAcJh3d,1,2.35
AdAcJs3d,1,2.35
AsAdJc3d,1,2.35
AsAdJh3d,1,2.35
AhAdJc3d,1,2.35
AhAdJs3d,1,2.35
AsAcJh3c,1,2.35
AsAcJd3c,1,2.35
AhAcJd3c,1,2.35
AhAcJs3c,1,2.35
AdAcJs3c,1,2.35
AdAcJh3c,1,2.35
AsAhJd2s,1,2.25
AsAhJc2s,1,2.25
AsAdJc2s,1,2.25
AsAdJh2s,1,2.25
AsAcJh2s,1,2.25
AsAcJd2s,1,2.25
AhAdJc2h,1,2.25
AhAdJs2h,1,2.25
AhAcJd2h,1,2.25
AhAcJs2h,1,2.25
AsAhJc2h,1,2.25
AsAhJd2h,1,2.25
AdAcJh2d,1,2.25
AdAcJs2d,1,2.25
AsAdJc2d,1,2.25
AsAdJh2d,1,2.25
AhAdJc2d,1,2.25
AhAdJs2d,1,2.25
AsAcJh2c,1,2.25
AsAcJd2c,1,2.25
AhAcJd2c,1,2.25
AhAcJs2c,1,2.25
AdAcJs2c,1,2.25
AdAcJh2c,1,2.25
AsAhJdTd,1,2.65
AsAhJcTc,1,2.65
AsAdJcTc,1,2.65
AsAdJhTh,1,2.65
AsAcJhTh,1,2.65
AsAcJdTd,1,2.65
AhAdJcTc,1,2.65
AhAdJsTs,1,2.65
AhAcJdTd,1,2.65
AhAcJsTs,1,2.65
AdAcJhTh,1,2.65
AdAcJsTs,1,2.65
AsAhJd9d,1,2.27
AsAhJc9c,1,2.27
AsAdJc9c,1,2.27
AsAdJh9h,1,2.27
AsAcJh9h,1,2.27
AsAcJd9d,1,2.27
AhAdJc9c,1,2.27
AhAdJs9s,1,2.27
AhAcJd9d,1,2.27
AhAcJs9s,1,2.27
AdAcJh9h,1,2.27
AdAcJs9s,1,2.27
AsAhJd8d,1,2.21
AsAhJc8c,1,2.21
AsAdJc8c,1,2.21
AsAdJh8h,1,2.21
AsAcJh8h,1,2.21
AsAcJd8d,1,2.21
AhAdJc8c,1,2.21
AhAdJs8s,1,2.21
AhAcJd8d,1,2.21
AhAcJs8s,1,2.21
AdAcJh8h,1,2.21
AdAcJs8s,1,2.21
AsAhJd7d,1,2.02
AsAhJc7c,1,2.02
AsAdJc7c,1,2.02
AsAdJh7h,1,2.02
AsAcJh7h,1,2.02
AsAcJd7d,1,2.02
AhAdJc7c,1,2.02
AhAdJs7s,1,2.02
AhAcJd7d,1,2.02
AhAcJs7s,1,2.02
AdAcJh7h,1,2.02
AdAcJs7s,1,2.02
AsAhJd6d,1,1.75
AsAhJc6c,1,1.75
AsAdJc6c,1,1.75
AsAdJh6h,1,1.75
AsAcJh6h,1,1.75
AsAcJd6d,1,1.75
AhAdJc6c,1,1.75
AhAdJs6s,1,1.75
AhAcJd6d,1,1.75
AhAcJs6s,1,1.75
AdAcJh6h,1,1.75
AdAcJs6s,1,1.75
AsAhJd5d,1,1.9
AsAhJc5c,1,1.9
AsAdJc5c,1,1.9
AsAdJh5h,1,1.9
AsAcJh5h,1,1.9
AsAcJd5d,1,1.9
AhAdJc5c,1,1.9
AhAdJs5s,1,1.9
AhAcJd5d,1,1.9
AhAcJs5s,1,1.9
AdAcJh5h,1,1.9
AdAcJs5s,1,1.9
AsAhJd4d,1,1.86
AsAhJc4c,1,1.86
AsAdJc4c,1,1.86
AsAdJh4h,1,1.86
AsAcJh4h,1,1.86
AsAcJd4d,1,1.86
AhAdJc4c,1,1.86
AhAdJs4s,1,1.86
AhAcJd4d,1,1.86
AhAcJs4s,1,1.86
AdAcJh4h,1,1.86
AdAcJs4s,1,1.86
AsAhJd3d,1,1.78
AsAhJc3c,1,1.78
AsAdJc3c,1,1.78
AsAdJh3h,1,1.78
AsAcJh3h,1,1.78
AsAcJd3d,1,1.78
AhAdJc3c,1,1.78
AhAdJs3s,1,1.78
AhAcJd3d,1,1.78
AhAcJs3s,1,1.78
AdAcJh3h,1,1.78
AdAcJs3s,1,1.78
AsAhJd2d,1,1.68
AsAhJc2c,1,1.68
AsAdJc2c,1,1.68
AsAdJh2h,1,1.68
AsAcJh2h,1,1.68
AsAcJd2d,1,1.68
AhAdJc2c,1,1.68
AhAdJs2s,1,1.68
AhAcJd2d,1,1.68
AhAcJs2s,1,1.68
AdAcJh2h,1,1.68
AdAcJs2s,1,1.68
AsAhJdJc,1,2.41
AsAdJhJc,1,2.41
AsAcJhJd,1,2.41
AhAdJsJc,1,2.41
AhAcJsJd,1,2.41
AdAcJsJh,1,2.41
AsAhJdTc,1,2.09
AsAhJcTd,1,2.09
AsAdJcTh,1,2.09
AsAdJhTc,1,2.09
AsAcJhTd,1,2.09
AsAcJdTh,1,2.09
AhAdJcTs,1,2.09
AhAdJsTc,1,2.09
AhAcJdTs,1,2.09
AhAcJsTd,1,2.09
AdAcJhTs,1,2.09
AdAcJsTh,1,2.09
AsAhJd9c,1,1.72
AsAhJc9d,1,1.72
AsAdJc9h,1,1.72
AsAdJh9c,1,1.72
AsAcJh9d,1,1.72
AsAcJd9h,1,1.72
AhAdJc9s,1,1.72
AhAdJs9c,1,1.72
AhAcJd9s,1,1.72
AhAcJs9d,1,1.72
AdAcJh9s,1,1.72
AdAcJs9h,1,1.72
AsAhJd8c,1,1.69
AsAhJc8d,1,1.69
AsAdJc8h,1,1.69
AsAdJh8c,1,1.69
AsAcJh8d,1,1.69
AsAcJd8h,1,1.69
AhAdJc8s,1,1.69
AhAdJs8c,1,1.69
AhAcJd8s,1,1.69
AhAcJs8d,1,1.69
AdAcJh8s,1,1.69
AdAcJs8h,1,1.69
AsAhJd7c,1,1.5
AsAhJc7d,1,1.5
AsAdJc7h,1,1.5
AsAdJh7c,1,1.5
AsAcJh7d,1,1.5
AsAcJd7h,1,1.5
AhAdJc7s,1,1.5
AhAdJs7c,1,1.5
AhAcJd7s,1,1.5
AhAcJs7d,1,1.5
AdAcJh7s,1,1.5
AdAcJs7h,1,1.5
AsAhJd6c,1,1.25
AsAhJc6d,1,1.25
AsAdJc6h,1,1.25
AsAdJh6c,1,1.25
AsAcJh6d,1,1.25
AsAcJd6h,1,1.25
AhAdJc6s,1,1.25
AhAdJs6c,1,1.25
AhAcJd6s,1,1.25
AhAcJs6d,1,1.25
AdAcJh6s,1,1.25
AdAcJs6h,1,1.25
AsAhJd5c,1,1.38
AsAhJc5d,1,1.38
AsAdJc5h,1,1.38
AsAdJh5c,1,1.38
AsAcJh5d,1,1.38
AsAcJd5h,1,1.38
AhAdJc5s,1,1.38
AhAdJs5c,1,1.38
AhAcJd5s,1,1.38
AhAcJs5d,1,1.38
AdAcJh5s,1,1.38
AdAcJs5h,1,1.38
AsAhJd4c,1,1.32
AsAhJc4d,1,1.32
AsAdJc4h,1,1.32
AsAdJh4c,1,1.32
AsAcJh4d,1,1.32
AsAcJd4h,1,1.32
AhAdJc4s,1,1.32
AhAdJs4c,1,1.32
AhAcJd4s,1,1.32
AhAcJs4d,1,1.32
AdAcJh4s,1,1.32
AdAcJs4h,1,1.32
AsAhJd3c,1,1.23
AsAhJc3d,1,1.23
AsAdJc3h,1,1.23
AsAdJh3c,1,1.23
AsAcJh3d,1,1.23
AsAcJd3h,1,1.23
AhAdJc3s,1,1.23
AhAdJs3c,1,1.23
AhAcJd3s,1,1.23
AhAcJs3d,1,1.23
AdAcJh3s,1,1.23
AdAcJs3h,1,1.23
AsAhJd2c,1,1.12
AsAhJc2d,1,1.12
AsAdJc2h,1,1.12
AsAdJh2c,1,1.12
AsAcJh2d,1,1.12
AsAcJd2h,1,1.12
AhAdJc2s,1,1.12
AhAdJs2c,1,1.12
AhAcJd2s,1,1.12
AhAcJs2d,1,1.12
AdAcJh2s,1,1.12
AdAcJs2h,1,1.12
AsAhTd9s,1,3.08
AsAhTc9s,1,3.08
AsAdTc9s,1,3.08
AsAdTh9s,1,3.08
AsAcTh9s,1,3.08
AsAcTd9s,1,3.08
AhAdTc9h,1,3.08
AhAdTs9h,1,3.08
AhAcTd9h,1,3.08
AhAcTs9h,1,3.08
AsAhTc9h,1,3.08
AsAhTd9h,1,3.08
AdAcTh9d,1,3.08
AdAcTs9d,1,3.08
AsAdTc9d,1,3.08
AsAdTh9d,1,3.08
AhAdTc9d,1,3.08
AhAdTs9d,1,3.08
AsAcTh9c,1,3.08
AsAcTd9c,1,3.08
AhAcTd9c,1,3.08
AhAcTs9c,1,3.08
AdAcTs9c,1,3.08
AdAcTh9c,1,3.08
AsAhTd8s,1,3.03
AsAhTc8s,1,3.03
AsAdTc8s,1,3.03
AsAdTh8s,1,3.03
AsAcTh8s,1,3.03
AsAcTd8s,1,3.03
AhAdTc8h,1,3.03
AhAdTs8h,1,3.03
AhAcTd8h,1,3.03
AhAcTs8h,1,3.03
AsAhTc8h,1,3.03
AsAhTd8h,1,3.03
AdAcTh8d,1,3.03
AdAcTs8d,1,3.03
AsAdTc8d,1,3.03
AsAdTh8d,1,3.03
AhAdTc8d,1,3.03
AhAdTs8d,1,3.03
AsAcTh8c,1,3.03
AsAcTd8c,1,3.03
AhAcTd8c,1,3.03
AhAcTs8c,1,3.03
AdAcTs8c,1,3.03
AdAcTh8c,1,3.03
AsAhTd7s,1,2.82
AsAhTc7s,1,2.82
AsAdTc7s,1,2.82
AsAdTh7s,1,2.82
AsAcTh7s,1,2.82
AsAcTd7s,1,2.82
AhAdTc7h,1,2.82
AhAdTs7h,1,2.82
AhAcTd7h,1,2.82
AhAcTs7h,1,2.82
AsAhTc7h,1,2.82
AsAhTd7h,1,2.82
AdAcTh7d,1,2.82
AdAcTs7d,1,2.82
AsAdTc7d,1,2.82
AsAdTh7d,1,2.82
AhAdTc7d,1,2.82
AhAdTs7d,1,2.82
AsAcTh7c,1,2.82
AsAcTd7c,1,2.82
AhAcTd7c,1,2.82
AhAcTs7c,1,2.82
AdAcTs7c,1,2.82
AdAcTh7c,1,2.82
AsAhTd6s,1,2.57
AsAhTc6s,1,2.57
AsAdTc6s,1,2.57
AsAdTh6s,1,2.57
AsAcTh6s,1,2.57
AsAcTd6s,1,2.57
AhAdTc6h,1,2.57
AhAdTs6h,1,2.57
AhAcTd6h,1,2.57
AhAcTs6h,1,2.57
AsAhTc6h,1,2.57
AsAhTd6h,1,2.57
AdAcTh6d,1,2.57
AdAcTs6d,1,2.57
AsAdTc6d,1,2.57
AsAdTh6d,1,2.57
AhAdTc6d,1,2.57
AhAdTs6d,1,2.57
AsAcTh6c,1,2.57
AsAcTd6c,1,2.57
AhAcTd6c,1,2.57
AhAcTs6c,1,2.57
AdAcTs6c,1,2.57
AdAcTh6c,1,2.57
AsAhTd5s,1,2.5
AsAhTc5s,1,2.5
AsAdTc5s,1,2.5
AsAdTh5s,1,2.5
AsAcTh5s,1,2.5
AsAcTd5s,1,2.5
AhAdTc5h,1,2.5
AhAdTs5h,1,2.5
AhAcTd5h,1,2.5
AhAcTs5h,1,2.5
AsAhTc5h,1,2.5
AsAhTd5h,1,2.5
AdAcTh5d,1,2.5
AdAcTs5d,1,2.5
AsAdTc5d,1,2.5
AsAdTh5d,1,2.5
AhAdTc5d,1,2.5
AhAdTs5d,1,2.5
AsAcTh5c,1,2.5
AsAcTd5c,1,2.5
AhAcTd5c,1,2.5
AhAcTs5c,1,2.5
AdAcTs5c,1,2.5
AdAcTh5c,1,2.5
AsAhTd4s,1,2.46
AsAhTc4s,1,2.46
AsAdTc4s,1,2.46
AsAdTh4s,1,2.46
AsAcTh4s,1,2.46
AsAcTd4s,1,2.46
AhAdTc4h,1,2.46
AhAdTs4h,1,2.46
AhAcTd4h,1,2.46
AhAcTs4h,1,2.46
AsAhTc4h,1,2.46
AsAhTd4h,1,2.46
AdAcTh4d,1,2.46
AdAcTs4d,1,2.46
AsAdTc4d,1,2.46
AsAdTh4d,1,2.46
AhAdTc4d,1,2.46
AhAdTs4d,1,2.46
AsAcTh4c,1,2.46
AsAcTd4c,1,2.46
AhAcTd4c,1,2.46
AhAcTs4c,1,2.46
AdAcTs4c,1,2.46
AdAcTh4c,1,2.46
AsAhTd3s,1,2.38
AsAhTc3s,1,2.38
AsAdTc3s,1,2.38
AsAdTh3s,1,2.38
AsAcTh3s,1,2.38
AsAcTd3s,1,2.38
AhAdTc3h,1,2.38
AhAdTs3h,1,2.38
AhAcTd3h,1,2.38
AhAcTs3h,1,2.38
AsAhTc3h,1,2.38
AsAhTd3h,1,2.38
AdAcTh3d,1,2.38
AdAcTs3d,1,2.38
AsAdTc3d,1,2.38
AsAdTh3d,1,2.38
AhAdTc3d,1,2.38
AhAdTs3d,1,2.38
AsAcTh3c,1,2.38
AsAcTd3c,1,2.38
AhAcTd3c,1,2.38
AhAcTs3c,1,2.38
AdAcTs3c,1,2.38
AdAcTh3c,1,2.38
AsAhTd2s,1,2.28
AsAhTc2s,1,2.28
AsAdTc2s,1,2.28
AsAdTh2s,1,2.28
AsAcTh2s,1,2.28
AsAcTd2s,1,2.28
AhAdTc2h,1,2.28
AhAdTs2h,1,2.28
AhAcTd2h,1,2.28
AhAcTs2h,1,2.28
AsAhTc2h,1,2.28
AsAhTd2h,1,2.28
AdAcTh2d,1,2.28
AdAcTs2d,1,2.28
AsAdTc2d,1,2.28
AsAdTh2d,1,2.28
AhAdTc2d,1,2.28
AhAdTs2d,1,2.28
AsAcTh2c,1,2.28
AsAcTd2c,1,2.28
AhAcTd2c,1,2.28
AhAcTs2c,1,2.28
AdAcTs2c,1,2.28
AdAcTh2c,1,2.28
AsAhTd9d,1,2.51
AsAhTc9c,1,2.51
AsAdTc9c,1,2.51
AsAdTh9h,1,2.51
AsAcTh9h,1,2.51
AsAcTd9d,1,2.51
AhAdTc9c,1,2.51
AhAdTs9s,1,2.51
AhAcTd9d,1,2.51
AhAcTs9s,1,2.51
AdAcTh9h,1,2.51
AdAcTs9s,1,2.51
AsAhTd8d,1,2.43
AsAhTc8c,1,2.43
AsAdTc8c,1,2.43
AsAdTh8h,1,2.43
AsAcTh8h,1,2.43
AsAcTd8d,1,2.43
AhAdTc8c,1,2.43
AhAdTs8s,1,2.43
AhAcTd8d,1,2.43
AhAcTs8s,1,2.43
AdAcTh8h,1,2.43
AdAcTs8s,1,2.43
AsAhTd7d,1,2.22
AsAhTc7c,1,2.22
AsAdTc7c,1,2.22
AsAdTh7h,1,2.22
AsAcTh7h,1,2.22
AsAcTd7d,1,2.22
AhAdTc7c,1,2.22
AhAdTs7s,1,2.22
AhAcTd7d,1,2.22
AhAcTs7s,1,2.22
AdAcTh7h,1,2.22
AdAcTs7s,1,2.22
AsAhTd6d,1,1.96
AsAhTc6c,1,1.96
AsAdTc6c,1,1.96
AsAdTh6h,1,1.96
AsAcTh6h,1,1.96
AsAcTd6d,1,1.96
AhAdTc6c,1,1.96
AhAdTs6s,1,1.96
AhAcTd6d,1,1.96
AhAcTs6s,1,1.96
AdAcTh6h,1,1.96
AdAcTs6s,1,1.96
AsAhTd5d,1,1.89
AsAhTc5c,1,1.89
AsAdTc5c,1,1.89
AsAdTh5h,1,1.89
AsAcTh5h,1,1.89
AsAcTd5d,1,1.89
AhAdTc5c,1,1.89
AhAdTs5s,1,1.89
AhAcTd5d,1,1.89
AhAcTs5s,1,1.89
AdAcTh5h,1,1.89
AdAcTs5s,1,1.89
AsAhTd4d,1,1.84
AsAhTc4c,1,1.84
AsAdTc4c,1,1.84
AsAdTh4h,1,1.84
AsAcTh4h,1,1.84
AsAcTd4d,1,1.84
AhAdTc4c,1,1.84
AhAdTs4s,1,1.84
AhAcTd4d,1,1.84
AhAcTs4s,1,1.84
AdAcTh4h,1,1.84
AdAcTs4s,1,1.84
AsAhTd3d,1,1.76
AsAhTc3c,1,1.76
AsAdTc3c,1,1.76
AsAdTh3h,1,1.76
AsAcTh3h,1,1.76
AsAcTd3d,1,1.76
AhAdTc3c,1,1.76
AhAdTs3s,1,1.76
AhAcTd3d,1,1.76
AhAcTs3s,1,1.76
AdAcTh3h,1,1.76
AdAcTs3s,1,1.76
AsAhTd2d,1,1.66
AsAhTc2c,1,1.66
AsAdTc2c,1,1.66
AsAdTh2h,1,1.66
AsAcTh2h,1,1.66
AsAcTd2d,1,1.66
AhAdTc2c,1,1.66
AhAdTs2s,1,1.66
AhAcTd2d,1,1.66
AhAcTs2s,1,1.66
AdAcTh2h,1,1.66
AdAcTs2s,1,1.66
AsAhTdTc,1,2.41
AsAdThTc,1,2.41
AsAcThTd,1,2.41
AhAdTsTc,1,2.41
AhAcTsTd,1,2.41
AdAcTsTh,1,2.41
AsAhTd9c,1,2.01
AsAhTc9d,1,2.01
AsAdTc9h,1,2.01
AsAdTh9c,1,2.01
AsAcTh9d,1,2.01
AsAcTd9h,1,2.01
AhAdTc9s,1,2.01
AhAdTs9c,1,2.01
AhAcTd9s,1,2.01
AhAcTs9d,1,2.01
AdAcTh9s,1,2.01
AdAcTs9h,1,2.01
AsAhTd8c,1,1.95
AsAhTc8d,1,1.95
AsAdTc8h,1,1.95
AsAdTh8c,1,1.95
AsAcTh8d,1,1.95
AsAcTd8h,1,1.95
AhAdTc8s,1,1.95
AhAdTs8c,1,1.95
AhAcTd8s,1,1.95
AhAcTs8d,1,1.95
AdAcTh8s,1,1.95
AdAcTs8h,1,1.95
AsAhTd7c,1,1.74
AsAhTc7d,1,1.74
AsAdTc7h,1,1.74
AsAdTh7c,1,1.74
AsAcTh7d,1,1.74
AsAcTd7h,1,1.74
AhAdTc7s,1,1.74
AhAdTs7c,1,1.74
AhAcTd7s,1,1.74
AhAcTs7d,1,1.74
AdAcTh7s,1,1.74
AdAcTs7h,1,1.74
AsAhTd6c,1,1.5
AsAhTc6d,1,1.5
AsAdTc6h,1,1.5
AsAdTh6c,1,1.5
AsAcTh6d,1,1.5
AsAcTd6h,1,1.5
AhAdTc6s,1,1.5
AhAdTs6c,1,1.5
AhAcTd6s,1,1.5
AhAcTs6d,1,1.5
AdAcTh6s,1,1.5
AdAcTs6h,1,1.5
AsAhTd5c,1,1.42
AsAhTc5d,1,1.42
AsAdTc5h,1,1.42
AsAdTh5c,1,1.42
AsAcTh5d,1,1.42
AsAcTd5h,1,1.42
AhAdTc5s,1,1.42
AhAdTs5c,1,1.42
AhAcTd5s,1,1.42
AhAcTs5d,1,1.42
AdAcTh5s,1,1.42
AdAcTs5h,1,1.42
AsAhTd4c,1,1.36
AsAhTc4d,1,1.36
AsAdTc4h,1,1.36
AsAdTh4c,1,1.36
AsAcTh4d,1,1.36
AsAcTd4h,1,1.36
AhAdTc4s,1,1.36
AhAdTs4c,1,1.36
AhAcTd4s,1,1.36
AhAcTs4d,1,1.36
AdAcTh4s,1,1.36
AdAcTs4h,1,1.36
AsAhTd3c,1,1.28
AsAhTc3d,1,1.28
AsAdTc3h,1,1.28
AsAdTh3c,1,1.28
AsAcTh3d,1,1.28
AsAcTd3h,1,1.28
AhAdTc3s,1,1.28
AhAdTs3c,1,1.28
AhAcTd3s,1,1.28
AhAcTs3d,1,1.28
AdAcTh3s,1,1.28
AdAcTs3h,1,1.28
AsAhTd2c,1,1.16
AsAhTc2d,1,1.16
AsAdTc2h,1,1.16
AsAdTh2c,1,1.16
AsAcTh2d,1,1.16
AsAcTd2h,1,1.16
AhAdTc2s,1,1.16
AhAdTs2c,1,1.16
AhAcTd2s,1,1.16
AhAcTs2d,1,1.16
AdAcTh2s,1,1.16
AdAcTs2h,1,1.16
AsAh9d8s,1,2.99
AsAh9c8s,1,2.99
AsAd9c8s,1,2.99
AsAd9h8s,1,2.99
AsAc9h8s,1,2.99
AsAc9d8s,1,2.99
AhAd9c8h,1,2.99
AhAd9s8h,1,2.99
AhAc9d8h,1,2.99
AhAc9s8h,1,2.99
AsAh9c8h,1,2.99
AsAh9d8h,1,2.99
AdAc9h8d,1,2.99
AdAc9s8d,1,2.99
AsAd9c8d,1,2.99
AsAd9h8d,1,2.99
AhAd9c8d,1,2.99
AhAd9s8d,1,2.99
AsAc9h8c,1,2.99
AsAc9d8c,1,2.99
AhAc9d8c,1,2.99
AhAc9s8c,1,2.99
AdAc9s8c,1,2.99
AdAc9h8c,1,2.99
AsAh9d7s,1,2.78
AsAh9c7s,1,2.78
AsAd9c7s,1,2.78
AsAd9h7s,1,2.78
AsAc9h7s,1,2.78
AsAc9d7s,1,2.78
AhAd9c7h,1,2.78
AhAd9s7h,1,2.78
AhAc9d7h,1,2.78
AhAc9s7h,1,2.78
AsAh9c7h,1,2.78
AsAh9d7h,1,2.78
AdAc9h7d,1,2.78
AdAc9s7d,1,2.78
AsAd9c7d,1,2.78
AsAd9h7d,1,2.78
AhAd9c7d,1,2.78
AhAd9s7d,1,2.78
AsAc9h7c,1,2.78
AsAc9d7c,1,2.78
AhAc9d7c,1,2.78
AhAc9s7c,1,2.78
AdAc9s7c,1,2.78
AdAc9h7c,1,2.78
AsAh9d6s,1,2.52
AsAh9c6s,1,2.52
AsAd9c6s,1,2.52
AsAd9h6s,1,2.52
AsAc9h6s,1,2.52
AsAc9d6s,1,2.52
AhAd9c6h,1,2.52
AhAd9s6h,1,2.52
AhAc9d6h,1,2.52
AhAc9s6h,1,2.52
AsAh9c6h,1,2.52
AsAh9d6h,1,2.52
AdAc9h6d,1,2.52
AdAc9s6d,1,2.52
AsAd9c6d,1,2.52
AsAd9h6d,1,2.52
AhAd9c6d,1,2.52
AhAd9s6d,1,2.52
AsAc9h6c,1,2.52
AsAc9d6c,1,2.52
AhAc9d6c,1,2.52
AhAc9s6c,1,2.52
AdAc9s6c,1,2.52
AdAc9h6c,1,2.52
AsAh9d5s,1,2.45
AsAh9c5s,1,2.45
AsAd9c5s,1,2.45
AsAd9h5s,1,2.45
AsAc9h5s,1,2.45
AsAc9d5s,1,2.45
AhAd9c5h,1,2.45
AhAd9s5h,1,2.45
AhAc9d5h,1,2.45
AhAc9s5h,1,2.45
AsAh9c5h,1,2.45
AsAh9d5h,1,2.45
AdAc9h5d,1,2.45
AdAc9s5d,1,2.45
AsAd9c5d,1,2.45
AsAd9h5d,1,2.45
AhAd9c5d,1,2.45
AhAd9s5d,1,2.45
AsAc9h5c,1,2.45
AsAc9d5c,1,2.45
AhAc9d5c,1,2.45
AhAc9s5c,1,2.45
AdAc9s5c,1,2.45
AdAc9h5c,1,2.45
AsAh9d4s,1,2.18
AsAh9c4s,1,2.18
AsAd9c4s,1,2.18
AsAd9h4s,1,2.18
AsAc9h4s,1,2.18
AsAc9d4s,1,2.18
AhAd9c4h,1,2.18
AhAd9s4h,1,2.18
AhAc9d4h,1,2.18
AhAc9s4h,1,2.18
AsAh9c4h,1,2.18
AsAh9d4h,1,2.18
AdAc9h4d,1,2.18
AdAc9s4d,1,2.18
AsAd9c4d,1,2.18
AsAd9h4d,1,2.18
AhAd9c4d,1,2.18
AhAd9s4d,1,2.18
AsAc9h4c,1,2.18
AsAc9d4c,1,2.18
AhAc9d4c,1,2.18
AhAc9s4c,1,2.18
AdAc9s4c,1,2.18
AdAc9h4c,1,2.18
AsAh9d3s,1,2.1
AsAh9c3s,1,2.1
AsAd9c3s,1,2.1
AsAd9h3s,1,2.1
AsAc9h3s,1,2.1
AsAc9d3s,1,2.1
AhAd9c3h,1,2.1
AhAd9s3h,1,2.1
AhAc9d3h,1,2.1
AhAc9s3h,1,2.1
AsAh9c3h,1,2.1
AsAh9d3h,1,2.1
AdAc9h3d,1,2.1
AdAc9s3d,1,2.1
AsAd9c3d,1,2.1
AsAd9h3d,1,2.1
AhAd9c3d,1,2.1
AhAd9s3d,1,2.1
AsAc9h3c,1,2.1
AsAc9d3c,1,2.1
AhAc9d3c,1,2.1
AhAc9s3c,1,2.1
AdAc9s3c,1,2.1
AdAc9h3c,1,2.1
AsAh9d2s,1,1.99
AsAh9c2s,1,1.99
AsAd9c2s,1,1.99
AsAd9h2s,1,1.99
AsAc9h2s,1,1.99
AsAc9d2s,1,1.99
AhAd9c2h,1,1.99
AhAd9s2h,1,1.99
AhAc9d2h,1,1.99
AhAc9s2h,1,1.99
AsAh9c2h,1,1.99
AsAh9d2h,1,1.99
AdAc9h2d,1,1.99
AdAc9s2d,1,1.99
AsAd9c2d,1,1.99
AsAd9h2d,1,1.99
AhAd9c2d,1,1.99
AhAd9s2d,1,1.99
AsAc9h2c,1,1.99
AsAc9d2c,1,1.99
AhAc9d2c,1,1.99
AhAc9s2c,1,1.99
AdAc9s2c,1,1.99
AdAc9h2c,1,1.99
AsAh9d8d,1,2.35
AsAh9c8c,1,2.35
AsAd9c8c,1,2.35
AsAd9h8h,1,2.35
AsAc9h8h,1,2.35
AsAc9d8d,1,2.35
AhAd9c8c,1,2.35
AhAd9s8s,1,2.35
AhAc9d8d,1,2.35
AhAc9s8s,1,2.35
AdAc9h8h,1,2.35
AdAc9s8s,1,2.35
AsAh9d7d,1,2.14
AsAh9c7c,1,2.14
AsAd9c7c,1,2.14
AsAd9h7h,1,2.14
AsAc9h7h,1,2.14
AsAc9d7d,1,2.14
AhAd9c7c,1,2.14
AhAd9s7s,1,2.14
AhAc9d7d,1,2.14
AhAc9s7s,1,2.14
AdAc9h7h,1,2.14
AdAc9s7s,1,2.14
AsAh9d6d,1,1.88
AsAh9c6c,1,1.88
AsAd9c6c,1,1.88
AsAd9h6h,1,1.88
AsAc9h6h,1,1.88
AsAc9d6d,1,1.88
AhAd9c6c,1,1.88
AhAd9s6s,1,1.88
AhAc9d6d,1,1.88
AhAc9s6s,1,1.88
AdAc9h6h,1,1.88
AdAc9s6s,1,1.88
AsAh9d5d,1,1.8
AsAh9c5c,1,1.8
AsAd9c5c,1,1.8
AsAd9h5h,1,1.8
AsAc9h5h,1,1.8
AsAc9d5d,1,1.8
AhAd9c5c,1,1.8
AhAd9s5s,1,1.8
AhAc9d5d,1,1.8
AhAc9s5s,1,1.8
AdAc9h5h,1,1.8
AdAc9s5s,1,1.8
AsAh9d4d,1,1.52
AsAh9c4c,1,1.52
AsAd9c4c,1,1.52
AsAd9h4h,1,1.52
AsAc9h4h,1,1.52
AsAc9d4d,1,1.52
AhAd9c4c,1,1.52
AhAd9s4s,1,1.52
AhAc9d4d,1,1.52
AhAc9s4s,1,1.52
AdAc9h4h,1,1.52
AdAc9s4s,1,1.52
AsAh9d3d,1,1.44
AsAh9c3c,1,1.44
AsAd9c3c,1,1.44
AsAd9h3h,1,1.44
AsAc9h3h,1,1.44
AsAc9d3d,1,1.44
AhAd9c3c,1,1.44
AhAd9s3s,1,1.44
AhAc9d3d,1,1.44
AhAc9s3s,1,1.44
AdAc9h3h,1,1.44
AdAc9s3s,1,1.44
AsAh9d2d,1,1.34
AsAh9c2c,1,1.34
AsAd9c2c,1,1.34
AsAd9h2h,1,1.34
AsAc9h2h,1,1.34
AsAc9d2d,1,1.34
AhAd9c2c,1,1.34
AhAd9s2s,1,1.34
AhAc9d2d,1,1.34
AhAc9s2s,1,1.34
AdAc9h2h,1,1.34
AdAc9s2s,1,1.34
AsAh9d9c,1,2.16
AsAd9h9c,1,2.16
AsAc9h9d,1,2.16
AhAd9s9c,1,2.16
AhAc9s9d,1,2.16
AdAc9s9h,1,2.16
AsAh9d8c,1,1.89
AsAh9c8d,1,1.89
AsAd9c8h,1,1.89
AsAd9h8c,1,1.89
AsAc9h8d,1,1.89
AsAc9d8h,1,1.89
AhAd9c8s,1,1.89
AhAd9s8c,1,1.89
AhAc9d8s,1,1.89
AhAc9s8d,1,1.89
AdAc9h8s,1,1.89
AdAc9s8h,1,1.89
AsAh9d7c,1,1.7
AsAh9c7d,1,1.7
AsAd9c7h,1,1.7
AsAd9h7c,1,1.7
AsAc9h7d,1,1.7
AsAc9d7h,1,1.7
AhAd9c7s,1,1.7
AhAd9s7c,1,1.7
AhAc9d7s,1,1.7
AhAc9s7d,1,1.7
AdAc9h7s,1,1.7
AdAc9s7h,1,1.7
AsAh9d6c,1,1.45
AsAh9c6d,1,1.45
AsAd9c6h,1,1.45
AsAd9h6c,1,1.45
AsAc9h6d,1,1.45
AsAc9d6h,1,1.45
AhAd9c6s,1,1.45
AhAd9s6c,1,1.45
AhAc9d6s,1,1.45
AhAc9s6d,1,1.45
AdAc9h6s,1,1.45
AdAc9s6h,1,1.45
AsAh9d5c,1,1.36
AsAh9c5d,1,1.36
AsAd9c5h,1,1.36
AsAd9h5c,1,1.36
AsAc9h5d,1,1.36
AsAc9d5h,1,1.36
AhAd9c5s,1,1.36
AhAd9s5c,1,1.36
AhAc9d5s,1,1.36
AhAc9s5d,1,1.36
AdAc9h5s,1,1.36
AdAc9s5h,1,1.36
AsAh9d4c,1,1.13
AsAh9c4d,1,1.13
AsAd9c4h,1,1.13
AsAd9h4c,1,1.13
AsAc9h4d,1,1.13
AsAc9d4h,1,1.13
AhAd9c4s,1,1.13
AhAd9s4c,1,1.13
AhAc9d4s,1,1.13
AhAc9s4d,1,1.13
AdAc9h4s,1,1.13
AdAc9s4h,1,1.13
AsAh9d3c,1,1.05
AsAh9c3d,1,1.05
AsAd9c3h,1,1.05
AsAd9h3c,1,1.05
AsAc9h3d,1,1.05
AsAc9d3h,1,1.05
AhAd9c3s,1,1.05
AhAd9s3c,1,1.05
AhAc9d3s,1,1.05
AhAc9s3d,1,1.05
AdAc9h3s,1,1.05
AdAc9s3h,1,1.05
AsAh9d2c,1,0.94
AsAh9c2d,1,0.94
AsAd9c2h,1,0.94
AsAd9h2c,1,0.94
AsAc9h2d,1,0.94
AsAc9d2h,1,0.94
AhAd9c2s,1,0.94
AhAd9s2c,1,0.94
AhAc9d2s,1,0.94
AhAc9s2d,1,0.94
AdAc9h2s,1,0.94
AdAc9s2h,1,0.94
AsAh8d7s,1,2.96
AsAh8c7s,1,2.96
AsAd8c7s,1,2.96
AsAd8h7s,1,2.96
AsAc8h7s,1,2.96
AsAc8d7s,1,2.96
AhAd8c7h,1,2.96
AhAd8s7h,1,2.96
AhAc8d7h,1,2.96
AhAc8s7h,1,2.96
AsAh8c7h,1,2.96
AsAh8d7h,1,2.96
AdAc8h7d,1,2.96
AdAc8s7d,1,2.96
AsAd8c7d,1,2.96
AsAd8h7d,1,2.96
AhAd8c7d,1,2.96
AhAd8s7d,1,2.96
AsAc8h7c,1,2.96
AsAc8d7c,1,2.96
AhAc8d7c,1,2.96
AhAc8s7c,1,2.96
AdAc8s7c,1,2.96
AdAc8h7c,1,2.96
AsAh8d6s,1,2.73
AsAh8c6s,1,2.73
AsAd8c6s,1,2.73
AsAd8h6s,1,2.73
AsAc8h6s,1,2.73
AsAc8d6s,1,2.73
AhAd8c6h,1,2.73
AhAd8s6h,1,2.73
AhAc8d6h,1,2.73
AhAc8s6h,1,2.73
AsAh8c6h,1,2.73
AsAh8d6h,1,2.73
AdAc8h6d,1,2.73
AdAc8s6d,1,2.73
AsAd8c6d,1,2.73
AsAd8h6d,1,2.73
AhAd8c6d,1,2.73
AhAd8s6d,1,2.73
AsAc8h6c,1,2.73
AsAc8d6c,1,2.73
AhAc8d6c,1,2.73
AhAc8s6c,1,2.73
AdAc8s6c,1,2.73
AdAc8h6c,1,2.73
AsAh8d5s,1,2.67
AsAh8c5s,1,2.67
AsAd8c5s,1,2.67
AsAd8h5s,1,2.67
AsAc8h5s,1,2.67
AsAc8d5s,1,2.67
AhAd8c5h,1,2.67
AhAd8s5h,1,2.67
AhAc8d5h,1,2.67
AhAc8s5h,1,2.67
AsAh8c5h,1,2.67
AsAh8d5h,1,2.67
AdAc8h5d,1,2.67
AdAc8s5d,1,2.67
AsAd8c5d,1,2.67
AsAd8h5d,1,2.67
AhAd8c5d,1,2.67
AhAd8s5d,1,2.67
AsAc8h5c,1,2.67
AsAc8d5c,1,2.67
AhAc8d5c,1,2.67
AhAc8s5c,1,2.67
AdAc8s5c,1,2.67
AdAc8h5c,1,2.67
AsAh8d4s,1,2.39
AsAh8c4s,1,2.39
AsAd8c4s,1,2.39
AsAd8h4s,1,2.39
AsAc8h4s,1,2.39
AsAc8d4s,1,2.39
AhAd8c4h,1,2.39
AhAd8s4h,1,2.39
AhAc8d4h,1,2.39
AhAc8s4h,1,2.39
AsAh8c4h,1,2.39
AsAh8d4h,1,2.39
AdAc8h4d,1,2.39
AdAc8s4d,1,2.39
AsAd8c4d,1,2.39
AsAd8h4d,1,2.39
AhAd8c4d,1,2.39
AhAd8s4d,1,2.39
AsAc8h4c,1,2.39
AsAc8d4c,1,2.39
AhAc8d4c,1,2.39
AhAc8s4c,1,2.39
AdAc8s4c,1,2.39
AdAc8h4c,1,2.39
AsAh8d3s,1,2.1
AsAh8c3s,1,2.1
AsAd8c3s,1,2.1
AsAd8h3s,1,2.1
AsAc8h3s,1,2.1
AsAc8d3s,1,2.1
AhAd8c3h,1,2.1
AhAd8s3h,1,2.1
AhAc8d3h,1,2.1
AhAc8s3h,1,2.1
AsAh8c3h,1,2.1
AsAh8d3h,1,2.1
AdAc8h3d,1,2.1
AdAc8s3d,1,2.1
AsAd8c3d,1,2.1
AsAd8h3d,1,2.1
AhAd8c3d,1,2.1
AhAd8s3d,1,2.1
AsAc8h3c,1,2.1
AsAc8d3c,1,2.1
AhAc8d3c,1,2.1
AhAc8s3c,1,2.1
AdAc8s3c,1,2.1
AdAc8h3c,1,2.1
AsAh8d2s,1,2
AsAh8c2s,1,2
AsAd8c2s,1,2
AsAd8h2s,1,2
AsAc8h2s,1,2
AsAc8d2s,1,2
AhAd8c2h,1,2
AhAd8s2h,1,2
AhAc8d2h,1,2
AhAc8s2h,1,2
AsAh8c2h,1,2
AsAh8d2h,1,2
AdAc8h2d,1,2
AdAc8s2d,1,2
AsAd8c2d,1,2
AsAd8h2d,1,2
AhAd8c2d,1,2
AhAd8s2d,1,2
AsAc8h2c,1,2
AsAc8d2c,1,2
AhAc8d2c,1,2
AhAc8s2c,1,2
AdAc8s2c,1,2
AdAc8h2c,1,2
AsAh8d7d,1,2.31
AsAh8c7c,1,2.31
AsAd8c7c,1,2.31
AsAd8h7h,1,2.31
AsAc8h7h,1,2.31
AsAc8d7d,1,2.31
AhAd8c7c,1,2.31
AhAd8s7s,1,2.31
AhAc8d7d,1,2.31
AhAc8s7s,1,2.31
AdAc8h7h,1,2.31
AdAc8s7s,1,2.31
AsAh8d6d,1,2.07
AsAh8c6c,1,2.07
AsAd8c6c,1,2.07
AsAd8h6h,1,2.07
AsAc8h6h,1,2.07
AsAc8d6d,1,2.07
AhAd8c6c,1,2.07
AhAd8s6s,1,2.07
AhAc8d6d,1,2.07
AhAc8s6s,1,2.07
AdAc8h6h,1,2.07
AdAc8s6s,1,2.07
AsAh8d5d,1,1.98
AsAh8c5c,1,1.98
AsAd8c5c,1,1.98
AsAd8h5h,1,1.98
AsAc8h5h,1,1.98
AsAc8d5d,1,1.98
AhAd8c5c,1,1.98
AhAd8s5s,1,1.98
AhAc8d5d,1,1.98
AhAc8s5s,1,1.98
AdAc8h5h,1,1.98
AdAc8s5s,1,1.98
AsAh8d4d,1,1.71
AsAh8c4c,1,1.71
AsAd8c4c,1,1.71
AsAd8h4h,1,1.71
AsAc8h4h,1,1.71
AsAc8d4d,1,1.71
AhAd8c4c,1,1.71
AhAd8s4s,1,1.71
AhAc8d4d,1,1.71
AhAc8s4s,1,1.71
AdAc8h4h,1,1.71
AdAc8s4s,1,1.71
AsAh8d3d,1,1.42
AsAh8c3c,1,1.42
AsAd8c3c,1,1.42
AsAd8h3h,1,1.42
AsAc8h3h,1,1.42
AsAc8d3d,1,1.42
AhAd8c3c,1,1.42
AhAd8s3s,1,1.42
AhAc8d3d,1,1.42
AhAc8s3s,1,1.42
AdAc8h3h,1,1.42
AdAc8s3s,1,1.42
AsAh8d2d,1,1.31
AsAh8c2c,1,1.31
AsAd8c2c,1,1.31
AsAd8h2h,1,1.31
AsAc8h2h,1,1.31
AsAc8d2d,1,1.31
AhAd8c2c,1,1.31
AhAd8s2s,1,1.31
AhAc8d2d,1,1.31
AhAc8s2s,1,1.31
AdAc8h2h,1,1.31
AdAc8s2s,1,1.31
AsAh8d8c,1,2.12
AsAd8h8c,1,2.12
AsAc8h8d,1,2.12
AhAd8s8c,1,2.12
AhAc8s8d,1,2.12
AdAc8s8h,1,2.12
AsAh8d7c,1,1.88
AsAh8c7d,1,1.88
AsAd8c7h,1,1.88
AsAd8h7c,1,1.88
AsAc8h7d,1,1.88
AsAc8d7h,1,1.88
AhAd8c7s,1,1.88
AhAd8s7c,1,1.88
AhAc8d7s,1,1.88
AhAc8s7d,1,1.88
AdAc8h7s,1,1.88
AdAc8s7h,1,1.88
AsAh8d6c,1,1.66
AsAh8c6d,1,1.66
AsAd8c6h,1,1.66
AsAd8h6c,1,1.66
AsAc8h6d,1,1.66
AsAc8d6h,1,1.66
AhAd8c6s,1,1.66
AhAd8s6c,1,1.66
AhAc8d6s,1,1.66
AhAc8s6d,1,1.66
AdAc8h6s,1,1.66
AdAc8s6h,1,1.66
AsAh8d5c,1,1.58
AsAh8c5d,1,1.58
AsAd8c5h,1,1.58
AsAd8h5c,1,1.58
AsAc8h5d,1,1.58
AsAc8d5h,1,1.58
AhAd8c5s,1,1.58
AhAd8s5c,1,1.58
AhAc8d5s,1,1.58
AhAc8s5d,1,1.58
AdAc8h5s,1,1.58
AdAc8s5h,1,1.58
AsAh8d4c,1,1.29
AsAh8c4d,1,1.29
AsAd8c4h,1,1.29
AsAd8h4c,1,1.29
AsAc8h4d,1,1.29
AsAc8d4h,1,1.29
AhAd8c4s,1,1.29
AhAd8s4c,1,1.29
AhAc8d4s,1,1.29
AhAc8s4d,1,1.29
AdAc8h4s,1,1.29
AdAc8s4h,1,1.29
AsAh8d3c,1,1.07
AsAh8c3d,1,1.07
AsAd8c3h,1,1.07
AsAd8h3c,1,1.07
AsAc8h3d,1,1.07
AsAc8d3h,1,1.07
AhAd8c3s,1,1.07
AhAd8s3c,1,1.07
AhAc8d3s,1,1.07
AhAc8s3d,1,1.07
AdAc8h3s,1,1.07
AdAc8s3h,1,1.07
AsAh8d2c,1,0.96
AsAh8c2d,1,0.96
AsAd8c2h,1,0.96
AsAd8h2c,1,0.96
AsAc8h2d,1,0.96
AsAc8d2h,1,0.96
AhAd8c2s,1,0.96
AhAd8s2c,1,0.96
AhAc8d2s,1,0.96
AhAc8s2d,1,0.96
AdAc8h2s,1,0.96
AdAc8s2h,1,0.96
AsAh7d6s,1,2.91
AsAh7c6s,1,2.91
AsAd7c6s,1,2.91
AsAd7h6s,1,2.91
AsAc7h6s,1,2.91
AsAc7d6s,1,2.91
AhAd7c6h,1,2.91
AhAd7s6h,1,2.91
AhAc7d6h,1,2.91
AhAc7s6h,1,2.91
AsAh7c6h,1,2.91
AsAh7d6h,1,2.91
AdAc7h6d,1,2.91
AdAc7s6d,1,2.91
AsAd7c6d,1,2.91
AsAd7h6d,1,2.91
AhAd7c6d,1,2.91
AhAd7s6d,1,2.91
AsAc7h6c,1,2.91
AsAc7d6c,1,2.91
AhAc7d6c,1,2.91
AhAc7s6c,1,2.91
AdAc7s6c,1,2.91
AdAc7h6c,1,2.91
AsAh7d5s,1,2.84
AsAh7c5s,1,2.84
AsAd7c5s,1,2.84
AsAd7h5s,1,2.84
AsAc7h5s,1,2.84
AsAc7d5s,1,2.84
AhAd7c5h,1,2.84
AhAd7s5h,1,2.84
AhAc7d5h,1,2.84
AhAc7s5h,1,2.84
AsAh7c5h,1,2.84
AsAh7d5h,1,2.84
AdAc7h5d,1,2.84
AdAc7s5d,1,2.84
AsAd7c5d,1,2.84
AsAd7h5d,1,2.84
AhAd7c5d,1,2.84
AhAd7s5d,1,2.84
AsAc7h5c,1,2.84
AsAc7d5c,1,2.84
AhAc7d5c,1,2.84
AhAc7s5c,1,2.84
AdAc7s5c,1,2.84
AdAc7h5c,1,2.84
AsAh7d4s,1,2.59
AsAh7c4s,1,2.59
AsAd7c4s,1,2.59
AsAd7h4s,1,2.59
AsAc7h4s,1,2.59
AsAc7d4s,1,2.59
AhAd7c4h,1,2.59
AhAd7s4h,1,2.59
AhAc7d4h,1,2.59
AhAc7s4h,1,2.59
AsAh7c4h,1,2.59
AsAh7d4h,1,2.59
AdAc7h4d,1,2.59
AdAc7s4d,1,2.59
AsAd7c4d,1,2.59
AsAd7h4d,1,2.59
AhAd7c4d,1,2.59
AhAd7s4d,1,2.59
AsAc7h4c,1,2.59
AsAc7d4c,1,2.59
AhAc7d4c,1,2.59
AhAc7s4c,1,2.59
AdAc7s4c,1,2.59
AdAc7h4c,1,2.59
AsAh7d3s,1,2.29
AsAh7c3s,1,2.29
AsAd7c3s,1,2.29
AsAd7h3s,1,2.29
AsAc7h3s,1,2.29
AsAc7d3s,1,2.29
AhAd7c3h,1,2.29
AhAd7s3h,1,2.29
AhAc7d3h,1,2.29
AhAc7s3h,1,2.29
AsAh7c3h,1,2.29
AsAh7d3h,1,2.29
AdAc7h3d,1,2.29
AdAc7s3d,1,2.29
AsAd7c3d,1,2.29
AsAd7h3d,1,2.29
AhAd7c3d,1,2.29
AhAd7s3d,1,2.29
AsAc7h3c,1,2.29
AsAc7d3c,1,2.29
AhAc7d3c,1,2.29
AhAc7s3c,1,2.29
AdAc7s3c,1,2.29
AdAc7h3c,1,2.29
AsAh7d2s,1,2.01
AsAh7c2s,1,2.01
AsAd7c2s,1,2.01
AsAd7h2s,1,2.01
AsAc7h2s,1,2.01
AsAc7d2s,1,2.01
AhAd7c2h,1,2.01
AhAd7s2h,1,2.01
AhAc7d2h,1,2.01
AhAc7s2h,1,2.01
AsAh7c2h,1,2.01
AsAh7d2h,1,2.01
AdAc7h2d,1,2.01
AdAc7s2d,1,2.01
AsAd7c2d,1,2.01
AsAd7h2d,1,2.01
AhAd7c2d,1,2.01
AhAd7s2d,1,2.01
AsAc7h2c,1,2.01
AsAc7d2c,1,2.01
AhAc7d2c,1,2.01
AhAc7s2c,1,2.01
AdAc7s2c,1,2.01
AdAc7h2c,1,2.01
AsAh7d6d,1,2.24
AsAh7c6c,1,2.24
AsAd7c6c,1,2.24
AsAd7h6h,1,2.24
AsAc7h6h,1,2.24
AsAc7d6d,1,2.24
AhAd7c6c,1,2.24
AhAd7s6s,1,2.24
AhAc7d6d,1,2.24
AhAc7s6s,1,2.24
AdAc7h6h,1,2.24
AdAc7s6s,1,2.24
AsAh7d5d,1,2.14
AsAh7c5c,1,2.14
AsAd7c5c,1,2.14
AsAd7h5h,1,2.14
AsAc7h5h,1,2.14
AsAc7d5d,1,2.14
AhAd7c5c,1,2.14
AhAd7s5s,1,2.14
AhAc7d5d,1,2.14
AhAc7s5s,1,2.14
AdAc7h5h,1,2.14
AdAc7s5s,1,2.14
AsAh7d4d,1,1.87
AsAh7c4c,1,1.87
AsAd7c4c,1,1.87
AsAd7h4h,1,1.87
AsAc7h4h,1,1.87
AsAc7d4d,1,1.87
AhAd7c4c,1,1.87
AhAd7s4s,1,1.87
AhAc7d4d,1,1.87
AhAc7s4s,1,1.87
AdAc7h4h,1,1.87
AdAc7s4s,1,1.87
AsAh7d3d,1,1.58
AsAh7c3c,1,1.58
AsAd7c3c,1,1.58
AsAd7h3h,1,1.58
AsAc7h3h,1,1.58
AsAc7d3d,1,1.58
AhAd7c3c,1,1.58
AhAd7s3s,1,1.58
AhAc7d3d,1,1.58
AhAc7s3s,1,1.58
AdAc7h3h,1,1.58
AdAc7s3s,1,1.58
AsAh7d2d,1,1.31
AsAh7c2c,1,1.31
AsAd7c2c,1,1.31
AsAd7h2h,1,1.31
AsAc7h2h,1,1.31
AsAc7d2d,1,1.31
AhAd7c2c,1,1.31
AhAd7s2s,1,1.31
AhAc7d2d,1,1.31
AhAc7s2s,1,1.31
AdAc7h2h,1,1.31
AdAc7s2s,1,1.31
AsAh7d7c,1,2.09
AsAd7h7c,1,2.09
AsAc7h7d,1,2.09
AhAd7s7c,1,2.09
AhAc7s7d,1,2.09
AdAc7s7h,1,2.09
AsAh7d6c,1,1.83
AsAh7c6d,1,1.83
AsAd7c6h,1,1.83
AsAd7h6c,1,1.83
AsAc7h6d,1,1.83
AsAc7d6h,1,1.83
AhAd7c6s,1,1.83
AhAd7s6c,1,1.83
AhAc7d6s,1,1.83
AhAc7s6d,1,1.83
AdAc7h6s,1,1.83
AdAc7s6h,1,1.83
AsAh7d5c,1,1.74
AsAh7c5d,1,1.74
AsAd7c5h,1,1.74
AsAd7h5c,1,1.74
AsAc7h5d,1,1.74
AsAc7d5h,1,1.74
AhAd7c5s,1,1.74
AhAd7s5c,1,1.74
AhAc7d5s,1,1.74
AhAc7s5d,1,1.74
AdAc7h5s,1,1.74
AdAc7s5h,1,1.74
AsAh7d4c,1,1.48
AsAh7c4d,1,1.48
AsAd7c4h,1,1.48
AsAd7h4c,1,1.48
AsAc7h4d,1,1.48
AsAc7d4h,1,1.48
AhAd7c4s,1,1.48
AhAd7s4c,1,1.48
AhAc7d4s,1,1.48
AhAc7s4d,1,1.48
AdAc7h4s,1,1.48
AdAc7s4h,1,1.48
AsAh7d3c,1,1.19
AsAh7c3d,1,1.19
AsAd7c3h,1,1.19
AsAd7h3c,1,1.19
AsAc7h3d,1,1.19
AsAc7d3h,1,1.19
AhAd7c3s,1,1.19
AhAd7s3c,1,1.19
AhAc7d3s,1,1.19
AhAc7s3d,1,1.19
AdAc7h3s,1,1.19
AdAc7s3h,1,1.19
AsAh7d2c,1,0.98
AsAh7c2d,1,0.98
AsAd7c2h,1,0.98
AsAd7h2c,1,0.98
AsAc7h2d,1,0.98
AsAc7d2h,1,0.98
AhAd7c2s,1,0.98
AhAd7s2c,1,0.98
AhAc7d2s,1,0.98
AhAc7s2d,1,0.98
AdAc7h2s,1,0.98
AdAc7s2h,1,0.98
AsAh6d5s,1,2.82
AsAh6c5s,1,2.82
AsAd6c5s,1,2.82
AsAd6h5s,1,2.82
AsAc6h5s,1,2.82
AsAc6d5s,1,2.82
AhAd6c5h,1,2.82
AhAd6s5h,1,2.82
AhAc6d5h,1,2.82
AhAc6s5h,1,2.82
AsAh6c5h,1,2.82
AsAh6d5h,1,2.82
AdAc6h5d,1,2.82
AdAc6s5d,1,2.82
AsAd6c5d,1,2.82
AsAd6h5d,1,2.82
AhAd6c5d,1,2.82
AhAd6s5d,1,2.82
AsAc6h5c,1,2.82
AsAc6d5c,1,2.82
AhAc6d5c,1,2.82
AhAc6s5c,1,2.82
AdAc6s5c,1,2.82
AdAc6h5c,1,2.82
AsAh6d4s,1,2.6
AsAh6c4s,1,2.6
AsAd6c4s,1,2.6
AsAd6h4s,1,2.6
AsAc6h4s,1,2.6
AsAc6d4s,1,2.6
AhAd6c4h,1,2.6
AhAd6s4h,1,2.6
AhAc6d4h,1,2.6
AhAc6s4h,1,2.6
AsAh6c4h,1,2.6
AsAh6d4h,1,2.6
AdAc6h4d,1,2.6
AdAc6s4d,1,2.6
AsAd6c4d,1,2.6
AsAd6h4d,1,2.6
AhAd6c4d,1,2.6
AhAd6s4d,1,2.6
AsAc6h4c,1,2.6
AsAc6d4c,1,2.6
AhAc6d4c,1,2.6
AhAc6s4c,1,2.6
AdAc6s4c,1,2.6
AdAc6h4c,1,2.6
AsAh6d3s,1,2.32
AsAh6c3s,1,2.32
AsAd6c3s,1,2.32
AsAd6h3s,1,2.32
AsAc6h3s,1,2.32
AsAc6d3s,1,2.32
AhAd6c3h,1,2.32
AhAd6s3h,1,2.32
AhAc6d3h,1,2.32
AhAc6s3h,1,2.32
AsAh6c3h,1,2.32
AsAh6d3h,1,2.32
AdAc6h3d,1,2.32
AdAc6s3d,1,2.32
AsAd6c3d,1,2.32
AsAd6h3d,1,2.32
AhAd6c3d,1,2.32
AhAd6s3d,1,2.32
AsAc6h3c,1,2.32
AsAc6d3c,1,2.32
AhAc6d3c,1,2.32
AhAc6s3c,1,2.32
AdAc6s3c,1,2.32
AdAc6h3c,1,2.32
AsAh6d2s,1,2.02
AsAh6c2s,1,2.02
AsAd6c2s,1,2.02
AsAd6h2s,1,2.02
AsAc6h2s,1,2.02
AsAc6d2s,1,2.02
AhAd6c2h,1,2.02
AhAd6s2h,1,2.02
AhAc6d2h,1,2.02
AhAc6s2h,1,2.02
AsAh6c2h,1,2.02
AsAh6d2h,1,2.02
AdAc6h2d,1,2.02
AdAc6s2d,1,2.02
AsAd6c2d,1,2.02
AsAd6h2d,1,2.02
AhAd6c2d,1,2.02
AhAd6s2d,1,2.02
AsAc6h2c,1,2.02
AsAc6d2c,1,2.02
AhAc6d2c,1,2.02
AhAc6s2c,1,2.02
AdAc6s2c,1,2.02
AdAc6h2c,1,2.02
AsAh6d5d,1,2.12
AsAh6c5c,1,2.12
AsAd6c5c,1,2.12
AsAd6h5h,1,2.12
AsAc6h5h,1,2.12
AsAc6d5d,1,2.12
AhAd6c5c,1,2.12
AhAd6s5s,1,2.12
AhAc6d5d,1,2.12
AhAc6s5s,1,2.12
AdAc6h5h,1,2.12
AdAc6s5s,1,2.12
AsAh6d4d,1,1.87
AsAh6c4c,1,1.87
AsAd6c4c,1,1.87
AsAd6h4h,1,1.87
AsAc6h4h,1,1.87
AsAc6d4d,1,1.87
AhAd6c4c,1,1.87
AhAd6s4s,1,1.87
AhAc6d4d,1,1.87
AhAc6s4s,1,1.87
AdAc6h4h,1,1.87
AdAc6s4s,1,1.87
AsAh6d3d,1,1.59
AsAh6c3c,1,1.59
AsAd6c3c,1,1.59
AsAd6h3h,1,1.59
AsAc6h3h,1,1.59
AsAc6d3d,1,1.59
AhAd6c3c,1,1.59
AhAd6s3s,1,1.59
AhAc6d3d,1,1.59
AhAc6s3s,1,1.59
AdAc6h3h,1,1.59
AdAc6s3s,1,1.59
AsAh6d2d,1,1.29
AsAh6c2c,1,1.29
AsAd6c2c,1,1.29
AsAd6h2h,1,1.29
AsAc6h2h,1,1.29
AsAc6d2d,1,1.29
AhAd6c2c,1,1.29
AhAd6s2s,1,1.29
AhAc6d2d,1,1.29
AhAc6s2s,1,1.29
AdAc6h2h,1,1.29
AdAc6s2s,1,1.29
AsAh6d6c,1,2.01
AsAd6h6c,1,2.01
AsAc6h6d,1,2.01
AhAd6s6c,1,2.01
AhAc6s6d,1,2.01
AdAc6s6h,1,2.01
AsAh6d5c,1,1.72
AsAh6c5d,1,1.72
AsAd6c5h,1,1.72
AsAd6h5c,1,1.72
AsAc6h5d,1,1.72
AsAc6d5h,1,1.72
AhAd6c5s,1,1.72
AhAd6s5c,1,1.72
AhAc6d5s,1,1.72
AhAc6s5d,1,1.72
AdAc6h5s,1,1.72
AdAc6s5h,1,1.72
AsAh6d4c,1,1.48
AsAh6c4d,1,1.48
AsAd6c4h,1,1.48
AsAd6h4c,1,1.48
AsAc6h4d,1,1.48
AsAc6d4h,1,1.48
AhAd6c4s,1,1.48
AhAd6s4c,1,1.48
AhAc6d4s,1,1.48
AhAc6s4d,1,1.48
AdAc6h4s,1,1.48
AdAc6s4h,1,1.48
AsAh6d3c,1,1.22
AsAh6c3d,1,1.22
AsAd6c3h,1,1.22
AsAd6h3c,1,1.22
AsAc6h3d,1,1.22
AsAc6d3h,1,1.22
AhAd6c3s,1,1.22
AhAd6s3c,1,1.22
AhAc6d3s,1,1.22
AhAc6s3d,1,1.22
AdAc6h3s,1,1.22
AdAc6s3h,1,1.22
AsAh6d2c,1,0.99
AsAh6c2d,1,0.99
AsAd6c2h,1,0.99
AsAd6h2c,1,0.99
AsAc6h2d,1,0.99
AsAc6d2h,1,0.99
AhAd6c2s,1,0.99
AhAd6s2c,1,0.99
AhAc6d2s,1,0.99
AhAc6s2d,1,0.99
AdAc6h2s,1,0.99
AdAc6s2h,1,0.99
AsAh5d4s,1,2.75
AsAh5c4s,1,2.75
AsAd5c4s,1,2.75
AsAd5h4s,1,2.75
AsAc5h4s,1,2.75
AsAc5d4s,1,2.75
AhAd5c4h,1,2.75
AhAd5s4h,1,2.75
AhAc5d4h,1,2.75
AhAc5s4h,1,2.75
AsAh5c4h,1,2.75
AsAh5d4h,1,2.75
AdAc5h4d,1,2.75
AdAc5s4d,1,2.75
AsAd5c4d,1,2.75
AsAd5h4d,1,2.75
AhAd5c4d,1,2.75
AhAd5s4d,1,2.75
AsAc5h4c,1,2.75
AsAc5d4c,1,2.75
AhAc5d4c,1,2.75
AhAc5s4c,1,2.75
AdAc5s4c,1,2.75
AdAc5h4c,1,2.75
AsAh5d3s,1,2.51
AsAh5c3s,1,2.51
AsAd5c3s,1,2.51
AsAd5h3s,1,2.51
AsAc5h3s,1,2.51
AsAc5d3s,1,2.51
AhAd5c3h,1,2.51
AhAd5s3h,1,2.51
AhAc5d3h,1,2.51
AhAc5s3h,1,2.51
AsAh5c3h,1,2.51
AsAh5d3h,1,2.51
AdAc5h3d,1,2.51
AdAc5s3d,1,2.51
AsAd5c3d,1,2.51
AsAd5h3d,1,2.51
AhAd5c3d,1,2.51
AhAd5s3d,1,2.51
AsAc5h3c,1,2.51
AsAc5d3c,1,2.51
AhAc5d3c,1,2.51
AhAc5s3c,1,2.51
AdAc5s3c,1,2.51
AdAc5h3c,1,2.51
AsAh5d2s,1,2.22
AsAh5c2s,1,2.22
AsAd5c2s,1,2.22
AsAd5h2s,1,2.22
AsAc5h2s,1,2.22
AsAc5d2s,1,2.22
AhAd5c2h,1,2.22
AhAd5s2h,1,2.22
AhAc5d2h,1,2.22
AhAc5s2h,1,2.22
AsAh5c2h,1,2.22
AsAh5d2h,1,2.22
AdAc5h2d,1,2.22
AdAc5s2d,1,2.22
AsAd5c2d,1,2.22
AsAd5h2d,1,2.22
AhAd5c2d,1,2.22
AhAd5s2d,1,2.22
AsAc5h2c,1,2.22
AsAc5d2c,1,2.22
AhAc5d2c,1,2.22
AhAc5s2c,1,2.22
AdAc5s2c,1,2.22
AdAc5h2c,1,2.22
AsAh5d4d,1,2.01
AsAh5c4c,1,2.01
AsAd5c4c,1,2.01
AsAd5h4h,1,2.01
AsAc5h4h,1,2.01
AsAc5d4d,1,2.01
AhAd5c4c,1,2.01
AhAd5s4s,1,2.01
AhAc5d4d,1,2.01
AhAc5s4s,1,2.01
AdAc5h4h,1,2.01
AdAc5s4s,1,2.01
AsAh5d3d,1,1.76
AsAh5c3c,1,1.76
AsAd5c3c,1,1.76
AsAd5h3h,1,1.76
AsAc5h3h,1,1.76
AsAc5d3d,1,1.76
AhAd5c3c,1,1.76
AhAd5s3s,1,1.76
AhAc5d3d,1,1.76
AhAc5s3s,1,1.76
AdAc5h3h,1,1.76
AdAc5s3s,1,1.76
AsAh5d2d,1,1.46
AsAh5c2c,1,1.46
AsAd5c2c,1,1.46
AsAd5h2h,1,1.46
AsAc5h2h,1,1.46
AsAc5d2d,1,1.46
AhAd5c2c,1,1.46
AhAd5s2s,1,1.46
AhAc5d2d,1,1.46
AhAc5s2s,1,1.46
AdAc5h2h,1,1.46
AdAc5s2s,1,1.46
AsAh5d5c,1,2.13
AsAd5h5c,1,2.13
AsAc5h5d,1,2.13
AhAd5s5c,1,2.13
AhAc5s5d,1,2.13
AdAc5s5h,1,2.13
AsAh5d4c,1,1.62
AsAh5c4d,1,1.62
AsAd5c4h,1,1.62
AsAd5h4c,1,1.62
AsAc5h4d,1,1.62
AsAc5d4h,1,1.62
AhAd5c4s,1,1.62
AhAd5s4c,1,1.62
AhAc5d4s,1,1.62
AhAc5s4d,1,1.62
AdAc5h4s,1,1.62
AdAc5s4h,1,1.62
AsAh5d3c,1,1.39
AsAh5c3d,1,1.39
AsAd5c3h,1,1.39
AsAd5h3c,1,1.39
AsAc5h3d,1,1.39
AsAc5d3h,1,1.39
AhAd5c3s,1,1.39
AhAd5s3c,1,1.39
AhAc5d3s,1,1.39
AhAc5s3d,1,1.39
AdAc5h3s,1,1.39
AdAc5s3h,1,1.39
AsAh5d2c,1,1.15
AsAh5c2d,1,1.15
AsAd5c2h,1,1.15
AsAd5h2c,1,1.15
AsAc5h2d,1,1.15
AsAc5d2h,1,1.15
AhAd5c2s,1,1.15
AhAd5s2c,1,1.15
AhAc5d2s,1,1.15
AhAc5s2d,1,1.15
AdAc5h2s,1,1.15
AdAc5s2h,1,1.15
AsAh4d3s,1,2.42
AsAh4c3s,1,2.42
AsAd4c3s,1,2.42
AsAd4h3s,1,2.42
AsAc4h3s,1,2.42
AsAc4d3s,1,2.42
AhAd4c3h,1,2.42
AhAd4s3h,1,2.42
AhAc4d3h,1,2.42
AhAc4s3h,1,2.42
AsAh4c3h,1,2.42
AsAh4d3h,1,2.42
AdAc4h3d,1,2.42
AdAc4s3d,1,2.42
AsAd4c3d,1,2.42
AsAd4h3d,1,2.42
AhAd4c3d,1,2.42
AhAd4s3d,1,2.42
AsAc4h3c,1,2.42
AsAc4d3c,1,2.42
AhAc4d3c,1,2.42
AhAc4s3c,1,2.42
AdAc4s3c,1,2.42
AdAc4h3c,1,2.42
AsAh4d2s,1,2.16
AsAh4c2s,1,2.16
AsAd4c2s,1,2.16
AsAd4h2s,1,2.16
AsAc4h2s,1,2.16
AsAc4d2s,1,2.16
AhAd4c2h,1,2.16
AhAd4s2h,1,2.16
AhAc4d2h,1,2.16
AhAc4s2h,1,2.16
AsAh4c2h,1,2.16
AsAh4d2h,1,2.16
AdAc4h2d,1,2.16
AdAc4s2d,1,2.16
AsAd4c2d,1,2.16
AsAd4h2d,1,2.16
AhAd4c2d,1,2.16
AhAd4s2d,1,2.16
AsAc4h2c,1,2.16
AsAc4d2c,1,2.16
AhAc4d2c,1,2.16
AhAc4s2c,1,2.16
AdAc4s2c,1,2.16
AdAc4h2c,1,2.16
AsAh4d3d,1,1.65
AsAh4c3c,1,1.65
AsAd4c3c,1,1.65
AsAd4h3h,1,1.65
AsAc4h3h,1,1.65
AsAc4d3d,1,1.65
AhAd4c3c,1,1.65
AhAd4s3s,1,1.65
AhAc4d3d,1,1.65
AhAc4s3s,1,1.65
AdAc4h3h,1,1.65
AdAc4s3s,1,1.65
AsAh4d2d,1,1.38
AsAh4c2c,1,1.38
AsAd4c2c,1,1.38
AsAd4h2h,1,1.38
AsAc4h2h,1,1.38
AsAc4d2d,1,1.38
AhAd4c2c,1,1.38
AhAd4s2s,1,1.38
AhAc4d2d,1,1.38
AhAc4s2s,1,1.38
AdAc4h2h,1,1.38
AdAc4s2s,1,1.38
AsAh4d4c,1,2.02
AsAd4h4c,1,2.02
AsAc4h4d,1,2.02
AhAd4s4c,1,2.02
AhAc4s4d,1,2.02
AdAc4s4h,1,2.02
AsAh4d3c,1,1.3
AsAh4c3d,1,1.3
AsAd4c3h,1,1.3
AsAd4h3c,1,1.3
AsAc4h3d,1,1.3
AsAc4d3h,1,1.3
AhAd4c3s,1,1.3
AhAd4s3c,1,1.3
AhAc4d3s,1,1.3
AhAc4s3d,1,1.3
AdAc4h3s,1,1.3
AdAc4s3h,1,1.3
AsAh4d2c,1,1.11
AsAh4c2d,1,1.11
AsAd4c2h,1,1.11
AsAd4h2c,1,1.11
AsAc4h2d,1,1.11
AsAc4d2h,1,1.11
AhAd4c2s,1,1.11
AhAd4s2c,1,1.11
AhAc4d2s,1,1.11
AhAc4s2d,1,1.11
AdAc4h2s,1,1.11
AdAc4s2h,1,1.11
AsAh3d2s,1,2.05
AsAh3c2s,1,2.05
AsAd3c2s,1,2.05
AsAd3h2s,1,2.05
AsAc3h2s,1,2.05
AsAc3d2s,1,2.05
AhAd3c2h,1,2.05
AhAd3s2h,1,2.05
AhAc3d2h,1,2.05
AhAc3s2h,1,2.05
AsAh3c2h,1,2.05
AsAh3d2h,1,2.05
AdAc3h2d,1,2.05
AdAc3s2d,1,2.05
AsAd3c2d,1,2.05
AsAd3h2d,1,2.05
AhAd3c2d,1,2.05
AhAd3s2d,1,2.05
AsAc3h2c,1,2.05
AsAc3d2c,1,2.05
AhAc3d2c,1,2.05
AhAc3s2c,1,2.05
AdAc3s2c,1,2.05
AdAc3h2c,1,2.05
AsAh3d2d,1,1.27
AsAh3c2c,1,1.27
AsAd3c2c,1,1.27
AsAd3h2h,1,1.27
AsAc3h2h,1,1.27
AsAc3d2d,1,1.27
AhAd3c2c,1,1.27
AhAd3s2s,1,1.27
AhAc3d2d,1,1.27
AhAc3s2s,1,1.27
AdAc3h2h,1,1.27
AdAc3s2s,1,1.27
AsAh3d3c,1,1.87
AsAd3h3c,1,1.87
AsAc3h3d,1,1.87
AhAd3s3c,1,1.87
AhAc3s3d,1,1.87
AdAc3s3h,1,1.87
AsAh3d2c,1,1
AsAh3c2d,1,1
AsAd3c2h,1,1
AsAd3h2c,1,1
AsAc3h2d,1,1
AsAc3d2h,1,1
AhAd3c2s,1,1
AhAd3s2c,1,1
AhAc3d2s,1,1
AhAc3s2d,1,1
AdAc3h2s,1,1
AdAc3s2h,1,1
AsAh2d2c,1,1.7
AsAd2h2c,1,1.7
AsAc2h2d,1,1.7
AhAd2s2c,1,1.7
AhAc2s2d,1,1.7
AdAc2s2h,1,1.7
AsKhQsJs,1,0.22
AsKdQsJs,1,0.22
AsKcQsJs,1,0.22
AhKdQhJh,1,0.22
AhKcQhJh,1,0.22
AhKsQhJh,1,0.22
AdKcQdJd,1,0.22
AdKsQdJd,1,0.22
AdKhQdJd,1,0.22
AcKsQcJc,1,0.22
AcKhQcJc,1,0.22
AcKdQcJc,1,0.22
AsKhQsTs,1,0.21
AsKdQsTs,1,0.21
AsKcQsTs,1,0.21
AhKdQhTh,1,0.21
AhKcQhTh,1,0.21
AhKsQhTh,1,0.21
AdKcQdTd,1,0.21
AdKsQdTd,1,0.21
AdKhQdTd,1,0.21
AcKsQcTc,1,0.21
AcKhQcTc,1,0.21
AcKdQcTc,1,0.21
AsKhQs9s,1,0.02
AsKdQs9s,1,0.02
AsKcQs9s,1,0.02
AhKdQh9h,1,0.02
AhKcQh9h,1,0.02
AhKsQh9h,1,0.02
AdKcQd9d,1,0.02
AdKsQd9d,1,0.02
AdKhQd9d,1,0.02
AcKsQc9c,1,0.02
AcKhQc9c,1,0.02
AcKdQc9c,1,0.02
AsKhQsQh,1,1.4
AsKdQsQd,1,1.4
AsKcQsQc,1,1.4
AhKdQhQd,1,1.4
AhKcQhQc,1,1.4
AhKsQsQh,1,1.4
AdKcQdQc,1,1.4
AdKsQsQd,1,1.4
AdKhQhQd,1,1.4
AcKsQsQc,1,1.4
AcKhQhQc,1,1.4
AcKdQdQc,1,1.4
AsKhQsJh,1,0.93
AsKdQsJd,1,0.93
AsKcQsJc,1,0.93
AhKdQhJd,1,0.93
AhKcQhJc,1,0.93
AhKsQhJs,1,0.93
AdKcQdJc,1,0.93
AdKsQdJs,1,0.93
AdKhQdJh,1,0.93
AcKsQcJs,1,0.93
AcKhQcJh,1,0.93
AcKdQcJd,1,0.93
AsKhQsTh,1,0.9
AsKdQsTd,1,0.9
AsKcQsTc,1,0.9
AhKdQhTd,1,0.9
AhKcQhTc,1,0.9
AhKsQhTs,1,0.9
AdKcQdTc,1,0.9
AdKsQdTs,1,0.9
AdKhQdTh,1,0.9
AcKsQcTs,1,0.9
AcKhQcTh,1,0.9
AcKdQcTd,1,0.9
AsKhQs9h,1,0.46
AsKdQs9d,1,0.46
AsKcQs9c,1,0.46
AhKdQh9d,1,0.46
AhKcQh9c,1,0.46
AhKsQh9s,1,0.46
AdKcQd9c,1,0.46
AdKsQd9s,1,0.46
AdKhQd9h,1,0.46
AcKsQc9s,1,0.46
AcKhQc9h,1,0.46
AcKdQc9d,1,0.46
AsKhQs8h,1,0.37
AsKdQs8d,1,0.37
AsKcQs8c,1,0.37
AhKdQh8d,1,0.37
AhKcQh8c,1,0.37
AhKsQh8s,1,0.37
AdKcQd8c,1,0.37
AdKsQd8s,1,0.37
AdKhQd8h,1,0.37
AcKsQc8s,1,0.37
AcKhQc8h,1,0.37
AcKdQc8d,1,0.37
AsKhQs7h,1,0.35
AsKdQs7d,1,0.35
AsKcQs7c,1,0.35
AhKdQh7d,1,0.35
AhKcQh7c,1,0.35
AhKsQh7s,1,0.35
AdKcQd7c,1,0.35
AdKsQd7s,1,0.35
AdKhQd7h,1,0.35
AcKsQc7s,1,0.35
AcKhQc7h,1,0.35
AcKdQc7d,1,0.35
AsKhQs6h,1,0.35
AsKdQs6d,1,0.35
AsKcQs6c,1,0.35
AhKdQh6d,1,0.35
AhKcQh6c,1,0.35
AhKsQh6s,1,0.35
AdKcQd6c,1,0.35
AdKsQd6s,1,0.35
AdKhQd6h,1,0.35
AcKsQc6s,1,0.35
AcKhQc6h,1,0.35
AcKdQc6d,1,0.35
AsKhQs5h,1,0.51
AsKdQs5d,1,0.51
AsKcQs5c,1,0.51
AhKdQh5d,1,0.51
AhKcQh5c,1,0.51
AhKsQh5s,1,0.51
AdKcQd5c,1,0.51
AdKsQd5s,1,0.51
AdKhQd5h,1,0.51
AcKsQc5s,1,0.51
AcKhQc5h,1,0.51
AcKdQc5d,1,0.51
AsKhQs4h,1,0.52
AsKdQs4d,1,0.52
AsKcQs4c,1,0.52
AhKdQh4d,1,0.52
AhKcQh4c,1,0.52
AhKsQh4s,1,0.52
AdKcQd4c,1,0.52
AdKsQd4s,1,0.52
AdKhQd4h,1,0.52
AcKsQc4s,1,0.52
AcKhQc4h,1,0.52
AcKdQc4d,1,0.52
AsKhQs3h,1,0.51
AsKdQs3d,1,0.51
AsKcQs3c,1,0.51
AhKdQh3d,1,0.51
AhKcQh3c,1,0.51
AhKsQh3s,1,0.51
AdKcQd3c,1,0.51
AdKsQd3s,1,0.51
AdKhQd3h,1,0.51
AcKsQc3s,1,0.51
AcKhQc3h,1,0.51
AcKdQc3d,1,0.51
AsKhQs2h,1,0.47
AsKdQs2d,1,0.47
AsKcQs2c,1,0.47
AhKdQh2d,1,0.47
AhKcQh2c,1,0.47
AhKsQh2s,1,0.47
AdKcQd2c,1,0.47
AdKsQd2s,1,0.47
AdKhQd2h,1,0.47
AcKsQc2s,1,0.47
AcKhQc2h,1,0.47
AcKdQc2d,1,0.47
AsKhQsQd,1,0.89
AsKhQsQc,1,0.89
AsKdQsQc,1,0.89
AsKdQsQh,1,0.89
AsKcQsQh,1,0.89
AsKcQsQd,1,0.89
AhKdQhQc,1,0.89
AhKdQsQh,1,0.89
AhKcQhQd,1,0.89
AhKcQsQh,1,0.89
AhKsQhQc,1,0.89
AhKsQhQd,1,0.89
AdKcQhQd,1,0.89
AdKcQsQd,1,0.89
AdKsQdQc,1,0.89
AdKsQhQd,1,0.89
AdKhQdQc,1,0.89
AdKhQsQd,1,0.89
AcKsQhQc,1,0.89
AcKsQdQc,1,0.89
AcKhQdQc,1,0.89
AcKhQsQc,1,0.89
AcKdQsQc,1,0.89
AcKdQhQc,1,0.89
AsKhQsJd,1,0.49
AsKhQsJc,1,0.49
AsKdQsJc,1,0.49
AsKdQsJh,1,0.49
AsKcQsJh,1,0.49
AsKcQsJd,1,0.49
AhKdQhJc,1,0.49
AhKdQhJs,1,0.49
AhKcQhJd,1,0.49
AhKcQhJs,1,0.49
AhKsQhJc,1,0.49
AhKsQhJd,1,0.49
AdKcQdJh,1,0.49
AdKcQdJs,1,0.49
AdKsQdJc,1,0.49
AdKsQdJh,1,0.49
AdKhQdJc,1,0.49
AdKhQdJs,1,0.49
AcKsQcJh,1,0.49
AcKsQcJd,1,0.49
AcKhQcJd,1,0.49
AcKhQcJs,1,0.49
AcKdQcJs,1,0.49
AcKdQcJh,1,0.49
AsKhQsTd,1,0.47
AsKhQsTc,1,0.47
AsKdQsTc,1,0.47
AsKdQsTh,1,0.47
AsKcQsTh,1,0.47
AsKcQsTd,1,0.47
AhKdQhTc,1,0.47
AhKdQhTs,1,0.47
AhKcQhTd,1,0.47
AhKcQhTs,1,0.47
AhKsQhTc,1,0.47
AhKsQhTd,1,0.47
AdKcQdTh,1,0.47
AdKcQdTs,1,0.47
AdKsQdTc,1,0.47
AdKsQdTh,1,0.47
AdKhQdTc,1,0.47
AdKhQdTs,1,0.47
AcKsQcTh,1,0.47
AcKsQcTd,1,0.47
AcKhQcTd,1,0.47
AcKhQcTs,1,0.47
AcKdQcTs,1,0.47
AcKdQcTh,1,0.47
AsKhQs9d,1,0.12
AsKhQs9c,1,0.12
AsKdQs9c,1,0.12
AsKdQs9h,1,0.12
AsKcQs9h,1,0.12
AsKcQs9d,1,0.12
AhKdQh9c,1,0.12
AhKdQh9s,1,0.12
AhKcQh9d,1,0.12
AhKcQh9s,1,0.12
AhKsQh9c,1,0.12
AhKsQh9d,1,0.12
AdKcQd9h,1,0.12
AdKcQd9s,1,0.12
AdKsQd9c,1,0.12
AdKsQd9h,1,0.12
AdKhQd9c,1,0.12
AdKhQd9s,1,0.12
AcKsQc9h,1,0.12
AcKsQc9d,1,0.12
AcKhQc9d,1,0.12
AcKhQc9s,1,0.12
AcKdQc9s,1,0.12
AcKdQc9h,1,0.12
AsKhQs8d,1,0.08
AsKhQs8c,1,0.08
AsKdQs8c,1,0.08
AsKdQs8h,1,0.08
AsKcQs8h,1,0.08
AsKcQs8d,1,0.08
AhKdQh8c,1,0.08
AhKdQh8s,1,0.08
AhKcQh8d,1,0.08
AhKcQh8s,1,0.08
AhKsQh8c,1,0.08
AhKsQh8d,1,0.08
AdKcQd8h,1,0.08
AdKcQd8s,1,0.08
AdKsQd8c,1,0.08
AdKsQd8h,1,0.08
AdKhQd8c,1,0.08
AdKhQd8s,1,0.08
AcKsQc8h,1,0.08
AcKsQc8d,1,0.08
AcKhQc8d,1,0.08
AcKhQc8s,1,0.08
AcKdQc8s,1,0.08
AcKdQc8h,1,0.08
AsKhQs7d,1,0.07
AsKhQs7c,1,0.07
AsKdQs7c,1,0.07
AsKdQs7h,1,0.07
AsKcQs7h,1,0.07
AsKcQs7d,1,0.07
AhKdQh7c,1,0.07
AhKdQh7s,1,0.07
AhKcQh7d,1,0.07
AhKcQh7s,1,0.07
AhKsQh7c,1,0.07
AhKsQh7d,1,0.07
AdKcQd7h,1,0.07
AdKcQd7s,1,0.07
AdKsQd7c,1,0.07
AdKsQd7h,1,0.07
AdKhQd7c,1,0.07
AdKhQd7s,1,0.07
AcKsQc7h,1,0.07
AcKsQc7d,1,0.07
AcKhQc7d,1,0.07
AcKhQc7s,1,0.07
AcKdQc7s,1,0.07
AcKdQc7h,1,0.07
AsKhQs6d,1,0.05
AsKhQs6c,1,0.05
AsKdQs6c,1,0.05
AsKdQs6h,1,0.05
AsKcQs6h,1,0.05
AsKcQs6d,1,0.05
AhKdQh6c,1,0.05
AhKdQh6s,1,0.05
AhKcQh6d,1,0.05
AhKcQh6s,1,0.05
AhKsQh6c,1,0.05
AhKsQh6d,1,0.05
AdKcQd6h,1,0.05
AdKcQd6s,1,0.05
AdKsQd6c,1,0.05
AdKsQd6h,1,0.05
AdKhQd6c,1,0.05
AdKhQd6s,1,0.05
AcKsQc6h,1,0.05
AcKsQc6d,1,0.05
AcKhQc6d,1,0.05
AcKhQc6s,1,0.05
AcKdQc6s,1,0.05
AcKdQc6h,1,0.05
AsKhQs5d,1,0.1
AsKhQs5c,1,0.1
AsKdQs5c,1,0.1
AsKdQs5h,1,0.1
AsKcQs5h,1,0.1
AsKcQs5d,1,0.1
AhKdQh5c,1,0.1
AhKdQh5s,1,0.1
AhKcQh5d,1,0.1
AhKcQh5s,1,0.1
AhKsQh5c,1,0.1
AhKsQh5d,1,0.1
AdKcQd5h,1,0.1
AdKcQd5s,1,0.1
AdKsQd5c,1,0.1
AdKsQd5h,1,0.1
AdKhQd5c,1,0.1
AdKhQd5s,1,0.1
AcKsQc5h,1,0.1
AcKsQc5d,1,0.1
AcKhQc5d,1,0.1
AcKhQc5s,1,0.1
AcKdQc5s,1,0.1
AcKdQc5h,1,0.1
AsKhQs4d,1,0.08
AsKhQs4c,1,0.08
AsKdQs4c,1,0.08
AsKdQs4h,1,0.08
AsKcQs4h,1,0.08
AsKcQs4d,1,0.08
AhKdQh4c,1,0.08
AhKdQh4s,1,0.08
AhKcQh4d,1,0.08
AhKcQh4s,1,0.08
AhKsQh4c,1,0.08
AhKsQh4d,1,0.08
AdKcQd4h,1,0.08
AdKcQd4s,1,0.08
AdKsQd4c,1,0.08
AdKsQd4h,1,0.08
AdKhQd4c,1,0.08
AdKhQd4s,1,0.08
AcKsQc4h,1,0.08
AcKsQc4d,1,0.08
AcKhQc4d,1,0.08
AcKhQc4s,1,0.08
AcKdQc4s,1,0.08
AcKdQc4h,1,0.08
AsKhQs3d,1,0.06
AsKhQs3c,1,0.06
AsKdQs3c,1,0.06
AsKdQs3h,1,0.06
AsKcQs3h,1,0.06
AsKcQs3d,1,0.06
AhKdQh3c,1,0.06
AhKdQh3s,1,0.06
AhKcQh3d,1,0.06
AhKcQh3s,1,0.06
AhKsQh3c,1,0.06
AhKsQh3d,1,0.06
AdKcQd3h,1,0.06
AdKcQd3s,1,0.06
AdKsQd3c,1,0.06
AdKsQd3h,1,0.06
AdKhQd3c,1,0.06
AdKhQd3s,1,0.06
AcKsQc3h,1,0.06
AcKsQc3d,1,0.06
AcKhQc3d,1,0.06
AcKhQc3s,1,0.06
AcKdQc3s,1,0.06
AcKdQc3h,1,0.06
AsKhQs2d,1,0.02
AsKhQs2c,1,0.02
AsKdQs2c,1,0.02
AsKdQs2h,1,0.02
AsKcQs2h,1,0.02
AsKcQs2d,1,0.02
AhKdQh2c,1,0.02
AhKdQh2s,1,0.02
AhKcQh2d,1,0.02
AhKcQh2s,1,0.02
AhKsQh2c,1,0.02
AhKsQh2d,1,0.02
AdKcQd2h,1,0.02
AdKcQd2s,1,0.02
AdKsQd2c,1,0.02
AdKsQd2h,1,0.02
AdKhQd2c,1,0.02
AdKhQd2s,1,0.02
AcKsQc2h,1,0.02
AcKsQc2d,1,0.02
AcKhQc2d,1,0.02
AcKhQc2s,1,0.02
AcKdQc2s,1,0.02
AcKdQc2h,1,0.02
AsKhJsTs,1,0.28
AsKdJsTs,1,0.28
AsKcJsTs,1,0.28
AhKdJhTh,1,0.28
AhKcJhTh,1,0.28
AhKsJhTh,1,0.28
AdKcJdTd,1,0.28
AdKsJdTd,1,0.28
AdKhJdTd,1,0.28
AcKsJcTc,1,0.28
AcKhJcTc,1,0.28
AcKdJcTc,1,0.28
AsKhJs9s,1,0.04
AsKdJs9s,1,0.04
AsKcJs9s,1,0.04
AhKdJh9h,1,0.04
AhKcJh9h,1,0.04
AhKsJh9h,1,0.04
AdKcJd9d,1,0.04
AdKsJd9d,1,0.04
AdKhJd9d,1,0.04
AcKsJc9c,1,0.04
AcKhJc9c,1,0.04
AcKdJc9c,1,0.04
AsKhJs8s,0.983,0
AsKdJs8s,0.983,0
AsKcJs8s,0.983,0
AhKdJh8h,0.983,0
AhKcJh8h,0.983,0
AhKsJh8h,0.983,0
AdKcJd8d,0.983,0
AdKsJd8d,0.983,0
AdKhJd8d,0.983,0
AcKsJc8c,0.983,0
AcKhJc8c,0.983,0
AcKdJc8c,0.983,0
AsKhJsJh,1,1.19
AsKdJsJd,1,1.19
AsKcJsJc,1,1.19
AhKdJhJd,1,1.19
AhKcJhJc,1,1.19
AhKsJsJh,1,1.19
AdKcJdJc,1,1.19
AdKsJsJd,1,1.19
AdKhJhJd,1,1.19
AcKsJsJc,1,1.19
AcKhJhJc,1,1.19
AcKdJdJc,1,1.19
AsKhJsTh,1,1.01
AsKdJsTd,1,1.01
AsKcJsTc,1,1.01
AhKdJhTd,1,1.01
AhKcJhTc,1,1.01
AhKsJhTs,1,1.01
AdKcJdTc,1,1.01
AdKsJdTs,1,1.01
AdKhJdTh,1,1.01
AcKsJcTs,1,1.01
AcKhJcTh,1,1.01
AcKdJcTd,1,1.01
AsKhJs9h,1,0.56
AsKdJs9d,1,0.56
AsKcJs9c,1,0.56
AhKdJh9d,1,0.56
AhKcJh9c,1,0.56
AhKsJh9s,1,0.56
AdKcJd9c,1,0.56
AdKsJd9s,1,0.56
AdKhJd9h,1,0.56
AcKsJc9s,1,0.56
AcKhJc9h,1,0.56
AcKdJc9d,1,0.56
AsKhJs8h,1,0.45
AsKdJs8d,1,0.45
AsKcJs8c,1,0.45
AhKdJh8d,1,0.45
AhKcJh8c,1,0.45
AhKsJh8s,1,0.45
AdKcJd8c,1,0.45
AdKsJd8s,1,0.45
AdKhJd8h,1,0.45
AcKsJc8s,1,0.45
AcKhJc8h,1,0.45
AcKdJc8d,1,0.45
AsKhJs7h,1,0.4
AsKdJs7d,1,0.4
AsKcJs7c,1,0.4
AhKdJh7d,1,0.4
AhKcJh7c,1,0.4
AhKsJh7s,1,0.4
AdKcJd7c,1,0.4
AdKsJd7s,1,0.4
AdKhJd7h,1,0.4
AcKsJc7s,1,0.4
AcKhJc7h,1,0.4
AcKdJc7d,1,0.4
AsKhJs6h,1,0.3
AsKdJs6d,1,0.3
AsKcJs6c,1,0.3
AhKdJh6d,1,0.3
AhKcJh6c,1,0.3
AhKsJh6s,1,0.3
AdKcJd6c,1,0.3
AdKsJd6s,1,0.3
AdKhJd6h,1,0.3
AcKsJc6s,1,0.3
AcKhJc6h,1,0.3
AcKdJc6d,1,0.3
AsKhJs5h,1,0.44
AsKdJs5d,1,0.44
AsKcJs5c,1,0.44
AhKdJh5d,1,0.44
AhKcJh5c,1,0.44
AhKsJh5s,1,0.44
AdKcJd5c,1,0.44
AdKsJd5s,1,0.44
AdKhJd5h,1,0.44
AcKsJc5s,1,0.44
AcKhJc5h,1,0.44
AcKdJc5d,1,0.44
AsKhJs4h,1,0.46
AsKdJs4d,1,0.46
AsKcJs4c,1,0.46
AhKdJh4d,1,0.46
AhKcJh4c,1,0.46
AhKsJh4s,1,0.46
AdKcJd4c,1,0.46
AdKsJd4s,1,0.46
AdKhJd4h,1,0.46
AcKsJc4s,1,0.46
AcKhJc4h,1,0.46
AcKdJc4d,1,0.46
AsKhJs3h,1,0.46
AsKdJs3d,1,0.46
AsKcJs3c,1,0.46
AhKdJh3d,1,0.46
AhKcJh3c,1,0.46
AhKsJh3s,1,0.46
AdKcJd3c,1,0.46
AdKsJd3s,1,0.46
AdKhJd3h,1,0.46
AcKsJc3s,1,0.46
AcKhJc3h,1,0.46
AcKdJc3d,1,0.46
AsKhJs2h,1,0.42
AsKdJs2d,1,0.42
AsKcJs2c,1,0.42
AhKdJh2d,1,0.42
AhKcJh2c,1,0.42
AhKsJh2s,1,0.42
AdKcJd2c,1,0.42
AdKsJd2s,1,0.42
AdKhJd2h,1,0.42
AcKsJc2s,1,0.42
AcKhJc2h,1,0.42
AcKdJc2d,1,0.42
AsKhJsJd,1,0.71
AsKhJsJc,1,0.71
AsKdJsJc,1,0.71
AsKdJsJh,1,0.71
AsKcJsJh,1,0.71
AsKcJsJd,1,0.71
AhKdJhJc,1,0.71
AhKdJsJh,1,0.71
AhKcJhJd,1,0.71
AhKcJsJh,1,0.71
AhKsJhJc,1,0.71
AhKsJhJd,1,0.71
AdKcJhJd,1,0.71
AdKcJsJd,1,0.71
AdKsJdJc,1,0.71
AdKsJhJd,1,0.71
AdKhJdJc,1,0.71
AdKhJsJd,1,0.71
AcKsJhJc,1,0.71
AcKsJdJc,1,0.71
AcKhJdJc,1,0.71
AcKhJsJc,1,0.71
AcKdJsJc,1,0.71
AcKdJhJc,1,0.71
AsKhJsTd,1,0.55
AsKhJsTc,1,0.55
AsKdJsTc,1,0.55
AsKdJsTh,1,0.55
AsKcJsTh,1,0.55
AsKcJsTd,1,0.55
AhKdJhTc,1,0.55
AhKdJhTs,1,0.55
AhKcJhTd,1,0.55
AhKcJhTs,1,0.55
AhKsJhTc,1,0.55
AhKsJhTd,1,0.55
AdKcJdTh,1,0.55
AdKcJdTs,1,0.55
AdKsJdTc,1,0.55
AdKsJdTh,1,0.55
AdKhJdTc,1,0.55
AdKhJdTs,1,0.55
AcKsJcTh,1,0.55
AcKsJcTd,1,0.55
AcKhJcTd,1,0.55
AcKhJcTs,1,0.55
AcKdJcTs,1,0.55
AcKdJcTh,1,0.55
AsKhJs9d,1,0.16
AsKhJs9c,1,0.16
AsKdJs9c,1,0.16
AsKdJs9h,1,0.16
AsKcJs9h,1,0.16
AsKcJs9d,1,0.16
AhKdJh9c,1,0.16
AhKdJh9s,1,0.16
AhKcJh9d,1,0.16
AhKcJh9s,1,0.16
AhKsJh9c,1,0.16
AhKsJh9d,1,0.16
AdKcJd9h,1,0.16
AdKcJd9s,1,0.16
AdKsJd9c,1,0.16
AdKsJd9h,1,0.16
AdKhJd9c,1,0.16
AdKhJd9s,1,0.16
AcKsJc9h,1,0.16
AcKsJc9d,1,0.16
AcKhJc9d,1,0.16
AcKhJc9s,1,0.16
AcKdJc9s,1,0.16
AcKdJc9h,1,0.16
AsKhJs8d,1,0.11
AsKhJs8c,1,0.11
AsKdJs8c,1,0.11
AsKdJs8h,1,0.11
AsKcJs8h,1,0.11
AsKcJs8d,1,0.11
AhKdJh8c,1,0.11
AhKdJh8s,1,0.11
AhKcJh8d,1,0.11
AhKcJh8s,1,0.11
AhKsJh8c,1,0.11
AhKsJh8d,1,0.11
AdKcJd8h,1,0.11
AdKcJd8s,1,0.11
AdKsJd8c,1,0.11
AdKsJd8h,1,0.11
AdKhJd8c,1,0.11
AdKhJd8s,1,0.11
AcKsJc8h,1,0.11
AcKsJc8d,1,0.11
AcKhJc8d,1,0.11
AcKhJc8s,1,0.11
AcKdJc8s,1,0.11
AcKdJc8h,1,0.11
AsKhJs7d,1,0.07
AsKhJs7c,1,0.07
AsKdJs7c,1,0.07
AsKdJs7h,1,0.07
AsKcJs7h,1,0.07
AsKcJs7d,1,0.07
AhKdJh7c,1,0.07
AhKdJh7s,1,0.07
AhKcJh7d,1,0.07
AhKcJh7s,1,0.07
AhKsJh7c,1,0.07
AhKsJh7d,1,0.07
AdKcJd7h,1,0.07
AdKcJd7s,1,0.07
AdKsJd7c,1,0.07
AdKsJd7h,1,0.07
AdKhJd7c,1,0.07
AdKhJd7s,1,0.07
AcKsJc7h,1,0.07
AcKsJc7d,1,0.07
AcKhJc7d,1,0.07
AcKhJc7s,1,0.07
AcKdJc7s,1,0.07
AcKdJc7h,1,0.07
AsKhJs6d,1,0.03
AsKhJs6c,1,0.03
AsKdJs6c,1,0.03
AsKdJs6h,1,0.03
AsKcJs6h,1,0.03
AsKcJs6d,1,0.03
AhKdJh6c,1,0.03
AhKdJh6s,1,0.03
AhKcJh6d,1,0.03
AhKcJh6s,1,0.03
AhKsJh6c,1,0.03
AhKsJh6d,1,0.03
AdKcJd6h,1,0.03
AdKcJd6s,1,0.03
AdKsJd6c,1,0.03
AdKsJd6h,1,0.03
AdKhJd6c,1,0.03
AdKhJd6s,1,0.03
AcKsJc6h,1,0.03
AcKsJc6d,1,0.03
AcKhJc6d,1,0.03
AcKhJc6s,1,0.03
AcKdJc6s,1,0.03
AcKdJc6h,1,0.03
AsKhJs5d,1,0.07
AsKhJs5c,1,0.07
AsKdJs5c,1,0.07
AsKdJs5h,1,0.07
AsKcJs5h,1,0.07
AsKcJs5d,1,0.07
AhKdJh5c,1,0.07
AhKdJh5s,1,0.07
AhKcJh5d,1,0.07
AhKcJh5s,1,0.07
AhKsJh5c,1,0.07
AhKsJh5d,1,0.07
AdKcJd5h,1,0.07
AdKcJd5s,1,0.07
AdKsJd5c,1,0.07
AdKsJd5h,1,0.07
AdKhJd5c,1,0.07
AdKhJd5s,1,0.07
AcKsJc5h,1,0.07
AcKsJc5d,1,0.07
AcKhJc5d,1,0.07
AcKhJc5s,1,0.07
AcKdJc5s,1,0.07
AcKdJc5h,1,0.07
AsKhJs4d,1,0.05
AsKhJs4c,1,0.05
AsKdJs4c,1,0.05
AsKdJs4h,1,0.05
AsKcJs4h,1,0.05
AsKcJs4d,1,0.05
AhKdJh4c,1,0.05
AhKdJh4s,1,0.05
AhKcJh4d,1,0.05
AhKcJh4s,1,0.05
AhKsJh4c,1,0.05
AhKsJh4d,1,0.05
AdKcJd4h,1,0.05
AdKcJd4s,1,0.05
AdKsJd4c,1,0.05
AdKsJd4h,1,0.05
AdKhJd4c,1,0.05
AdKhJd4s,1,0.05
AcKsJc4h,1,0.05
AcKsJc4d,1,0.05
AcKhJc4d,1,0.05
AcKhJc4s,1,0.05
AcKdJc4s,1,0.05
AcKdJc4h,1,0.05
AsKhJs3d,1,0.03
AsKhJs3c,1,0.03
AsKdJs3c,1,0.03
AsKdJs3h,1,0.03
AsKcJs3h,1,0.03
AsKcJs3d,1,0.03
AhKdJh3c,1,0.03
AhKdJh3s,1,0.03
AhKcJh3d,1,0.03
AhKcJh3s,1,0.03
AhKsJh3c,1,0.03
AhKsJh3d,1,0.03
AdKcJd3h,1,0.03
AdKcJd3s,1,0.03
AdKsJd3c,1,0.03
AdKsJd3h,1,0.03
AdKhJd3c,1,0.03
AdKhJd3s,1,0.03
AcKsJc3h,1,0.03
AcKsJc3d,1,0.03
AcKhJc3d,1,0.03
AcKhJc3s,1,0.03
AcKdJc3s,1,0.03
AcKdJc3h,1,0.03
AsKhTs9s,1,0.09
AsKdTs9s,1,0.09
AsKcTs9s,1,0.09
AhKdTh9h,1,0.09
AhKcTh9h,1,0.09
AhKsTh9h,1,0.09
AdKcTd9d,1,0.09
AdKsTd9d,1,0.09
AdKhTd9d,1,0.09
AcKsTc9c,1,0.09
AcKhTc9c,1,0.09
AcKdTc9c,1,0.09
AsKhTs8s,1,0.05
AsKdTs8s,1,0.05
AsKcTs8s,1,0.05
AhKdTh8h,1,0.05
AhKcTh8h,1,0.05
AhKsTh8h,1,0.05
AdKcTd8d,1,0.05
AdKsTd8d,1,0.05
AdKhTd8d,1,0.05
AcKsTc8c,1,0.05
AcKhTc8c,1,0.05
AcKdTc8c,1,0.05
AsKhTs7s,1,0.01
AsKdTs7s,1,0.01
AsKcTs7s,1,0.01
AhKdTh7h,1,0.01
AhKcTh7h,1,0.01
AhKsTh7h,1,0.01
AdKcTd7d,1,0.01
AdKsTd7d,1,0.01
AdKhTd7d,1,0.01
AcKsTc7c,1,0.01
AcKhTc7c,1,0.01
AcKdTc7c,1,0.01
AsKhTsTh,1,1
AsKdTsTd,1,1
AsKcTsTc,1,1
AhKdThTd,1,1
AhKcThTc,1,1
AhKsTsTh,1,1
AdKcTdTc,1,1
AdKsTsTd,1,1
AdKhThTd,1,1
AcKsTsTc,1,1
AcKhThTc,1,1
AcKdTdTc,1,1
AsKhTs9h,1,0.69
AsKdTs9d,1,0.69
AsKcTs9c,1,0.69
AhKdTh9d,1,0.69
AhKcTh9c,1,0.69
AhKsTh9s,1,0.69
AdKcTd9c,1,0.69
AdKsTd9s,1,0.69
AdKhTd9h,1,0.69
AcKsTc9s,1,0.69
AcKhTc9h,1,0.69
AcKdTc9d,1,0.69
AsKhTs8h,1,0.56
AsKdTs8d,1,0.56
AsKcTs8c,1,0.56
AhKdTh8d,1,0.56
AhKcTh8c,1,0.56
AhKsTh8s,1,0.56
AdKcTd8c,1,0.56
AdKsTd8s,1,0.56
AdKhTd8h,1,0.56
AcKsTc8s,1,0.56
AcKhTc8h,1,0.56
AcKdTc8d,1,0.56
AsKhTs7h,1,0.5
AsKdTs7d,1,0.5
AsKcTs7c,1,0.5
AhKdTh7d,1,0.5
AhKcTh7c,1,0.5
AhKsTh7s,1,0.5
AdKcTd7c,1,0.5
AdKsTd7s,1,0.5
AdKhTd7h,1,0.5
AcKsTc7s,1,0.5
AcKhTc7h,1,0.5
AcKdTc7d,1,0.5
AsKhTs6h,1,0.36
AsKdTs6d,1,0.36
AsKcTs6c,1,0.36
AhKdTh6d,1,0.36
AhKcTh6c,1,0.36
AhKsTh6s,1,0.36
AdKcTd6c,1,0.36
AdKsTd6s,1,0.36
AdKhTd6h,1,0.36
AcKsTc6s,1,0.36
AcKhTc6h,1,0.36
AcKdTc6d,1,0.36
AsKhTs5h,1,0.41
AsKdTs5d,1,0.41
AsKcTs5c,1,0.41
AhKdTh5d,1,0.41
AhKcTh5c,1,0.41
AhKsTh5s,1,0.41
AdKcTd5c,1,0.41
AdKsTd5s,1,0.41
AdKhTd5h,1,0.41
AcKsTc5s,1,0.41
AcKhTc5h,1,0.41
AcKdTc5d,1,0.41
AsKhTs4h,1,0.43
AsKdTs4d,1,0.43
AsKcTs4c,1,0.43
AhKdTh4d,1,0.43
AhKcTh4c,1,0.43
AhKsTh4s,1,0.43
AdKcTd4c,1,0.43
AdKsTd4s,1,0.43
AdKhTd4h,1,0.43
AcKsTc4s,1,0.43
AcKhTc4h,1,0.43
AcKdTc4d,1,0.43
AsKhTs3h,1,0.43
AsKdTs3d,1,0.43
AsKcTs3c,1,0.43
AhKdTh3d,1,0.43
AhKcTh3c,1,0.43
AhKsTh3s,1,0.43
AdKcTd3c,1,0.43
AdKsTd3s,1,0.43
AdKhTd3h,1,0.43
AcKsTc3s,1,0.43
AcKhTc3h,1,0.43
AcKdTc3d,1,0.43
AsKhTs2h,1,0.38
AsKdTs2d,1,0.38
AsKcTs2c,1,0.38
AhKdTh2d,1,0.38
AhKcTh2c,1,0.38
AhKsTh2s,1,0.38
AdKcTd2c,1,0.38
AdKsTd2s,1,0.38
AdKhTd2h,1,0.38
AcKsTc2s,1,0.38
AcKhTc2h,1,0.38
AcKdTc2d,1,0.38
AsKhTsTd,1,0.56
AsKhTsTc,1,0.56
AsKdTsTc,1,0.56
AsKdTsTh,1,0.56
AsKcTsTh,1,0.56
AsKcTsTd,1,0.56
AhKdThTc,1,0.56
AhKdTsTh,1,0.56
AhKcThTd,1,0.56
AhKcTsTh,1,0.56
AhKsThTc,1,0.56
AhKsThTd,1,0.56
AdKcThTd,1,0.56
AdKcTsTd,1,0.56
AdKsTdTc,1,0.56
AdKsThTd,1,0.56
AdKhTdTc,1,0.56
AdKhTsTd,1,0.56
AcKsThTc,1,0.56
AcKsTdTc,1,0.56
AcKhTdTc,1,0.56
AcKhTsTc,1,0.56
AcKdTsTc,1,0.56
AcKdThTc,1,0.56
AsKhTs9d,1,0.24
AsKhTs9c,1,0.24
AsKdTs9c,1,0.24
AsKdTs9h,1,0.24
AsKcTs9h,1,0.24
AsKcTs9d,1,0.24
AhKdTh9c,1,0.24
AhKdTh9s,1,0.24
AhKcTh9d,1,0.24
AhKcTh9s,1,0.24
AhKsTh9c,1,0.24
AhKsTh9d,1,0.24
AdKcTd9h,1,0.24
AdKcTd9s,1,0.24
AdKsTd9c,1,0.24
AdKsTd9h,1,0.24
AdKhTd9c,1,0.24
AdKhTd9s,1,0.24
AcKsTc9h,1,0.24
AcKsTc9d,1,0.24
AcKhTc9d,1,0.24
AcKhTc9s,1,0.24
AcKdTc9s,1,0.24
AcKdTc9h,1,0.24
AsKhTs8d,1,0.16
AsKhTs8c,1,0.16
AsKdTs8c,1,0.16
AsKdTs8h,1,0.16
AsKcTs8h,1,0.16
AsKcTs8d,1,0.16
AhKdTh8c,1,0.16
AhKdTh8s,1,0.16
AhKcTh8d,1,0.16
AhKcTh8s,1,0.16
AhKsTh8c,1,0.16
AhKsTh8d,1,0.16
AdKcTd8h,1,0.16
AdKcTd8s,1,0.16
AdKsTd8c,1,0.16
AdKsTd8h,1,0.16
AdKhTd8c,1,0.16
AdKhTd8s,1,0.16
AcKsTc8h,1,0.16
AcKsTc8d,1,0.16
AcKhTc8d,1,0.16
AcKhTc8s,1,0.16
AcKdTc8s,1,0.16
AcKdTc8h,1,0.16
AsKhTs7d,1,0.12
AsKhTs7c,1,0.12
AsKdTs7c,1,0.12
AsKdTs7h,1,0.12
AsKcTs7h,1,0.12
AsKcTs7d,1,0.12
AhKdTh7c,1,0.12
AhKdTh7s,1,0.12
AhKcTh7d,1,0.12
AhKcTh7s,1,0.12
AhKsTh7c,1,0.12
AhKsTh7d,1,0.12
AdKcTd7h,1,0.12
AdKcTd7s,1,0.12
AdKsTd7c,1,0.12
AdKsTd7h,1,0.12
AdKhTd7c,1,0.12
AdKhTd7s,1,0.12
AcKsTc7h,1,0.12
AcKsTc7d,1,0.12
AcKhTc7d,1,0.12
AcKhTc7s,1,0.12
AcKdTc7s,1,0.12
AcKdTc7h,1,0.12
AsKhTs6d,1,0.06
AsKhTs6c,1,0.06
AsKdTs6c,1,0.06
AsKdTs6h,1,0.06
AsKcTs6h,1,0.06
AsKcTs6d,1,0.06
AhKdTh6c,1,0.06
AhKdTh6s,1,0.06
AhKcTh6d,1,0.06
AhKcTh6s,1,0.06
AhKsTh6c,1,0.06
AhKsTh6d,1,0.06
AdKcTd6h,1,0.06
AdKcTd6s,1,0.06
AdKsTd6c,1,0.06
AdKsTd6h,1,0.06
AdKhTd6c,1,0.06
AdKhTd6s,1,0.06
AcKsTc6h,1,0.06
AcKsTc6d,1,0.06
AcKhTc6d,1,0.06
AcKhTc6s,1,0.06
AcKdTc6s,1,0.06
AcKdTc6h,1,0.06
AsKhTs5d,1,0.06
AsKhTs5c,1,0.06
AsKdTs5c,1,0.06
AsKdTs5h,1,0.06
AsKcTs5h,1,0.06
AsKcTs5d,1,0.06
AhKdTh5c,1,0.06
AhKdTh5s,1,0.06
AhKcTh5d,1,0.06
AhKcTh5s,1,0.06
AhKsTh5c,1,0.06
AhKsTh5d,1,0.06
AdKcTd5h,1,0.06
AdKcTd5s,1,0.06
AdKsTd5c,1,0.06
AdKsTd5h,1,0.06
AdKhTd5c,1,0.06
AdKhTd5s,1,0.06
AcKsTc5h,1,0.06
AcKsTc5d,1,0.06
AcKhTc5d,1,0.06
AcKhTc5s,1,0.06
AcKdTc5s,1,0.06
AcKdTc5h,1,0.06
AsKhTs4d,1,0.04
AsKhTs4c,1,0.04
AsKdTs4c,1,0.04
AsKdTs4h,1,0.04
AsKcTs4h,1,0.04
AsKcTs4d,1,0.04
AhKdTh4c,1,0.04
AhKdTh4s,1,0.04
AhKcTh4d,1,0.04
AhKcTh4s,1,0.04
AhKsTh4c,1,0.04
AhKsTh4d,1,0.04
AdKcTd4h,1,0.04
AdKcTd4s,1,0.04
AdKsTd4c,1,0.04
AdKsTd4h,1,0.04
AdKhTd4c,1,0.04
AdKhTd4s,1,0.04
AcKsTc4h,1,0.04
AcKsTc4d,1,0.04
AcKhTc4d,1,0.04
AcKhTc4s,1,0.04
AcKdTc4s,1,0.04
AcKdTc4h,1,0.04
AsKhTs3d,1,0.02
AsKhTs3c,1,0.02
AsKdTs3c,1,0.02
AsKdTs3h,1,0.02
AsKcTs3h,1,0.02
AsKcTs3d,1,0.02
AhKdTh3c,1,0.02
AhKdTh3s,1,0.02
AhKcTh3d,1,0.02
AhKcTh3s,1,0.02
AhKsTh3c,1,0.02
AhKsTh3d,1,0.02
AdKcTd3h,1,0.02
AdKcTd3s,1,0.02
AdKsTd3c,1,0.02
AdKsTd3h,1,0.02
AdKhTd3c,1,0.02
AdKhTd3s,1,0.02
AcKsTc3h,1,0.02
AcKsTc3d,1,0.02
AcKhTc3d,1,0.02
AcKhTc3s,1,0.02
AcKdTc3s,1,0.02
AcKdTc3h,1,0.02
AsKh9s9h,1,0.61
AsKd9s9d,1,0.61
AsKc9s9c,1,0.61
AhKd9h9d,1,0.61
AhKc9h9c,1,0.61
AhKs9s9h,1,0.61
AdKc9d9c,1,0.61
AdKs9s9d,1,0.61
AdKh9h9d,1,0.61
AcKs9s9c,1,0.61
AcKh9h9c,1,0.61
AcKd9d9c,1,0.61
AsKh9s8h,1,0.36
AsKd9s8d,1,0.36
AsKc9s8c,1,0.36
AhKd9h8d,1,0.36
AhKc9h8c,1,0.36
AhKs9h8s,1,0.36
AdKc9d8c,1,0.36
AdKs9d8s,1,0.36
AdKh9d8h,1,0.36
AcKs9c8s,1,0.36
AcKh9c8h,1,0.36
AcKd9c8d,1,0.36
AsKh9s7h,1,0.31
AsKd9s7d,1,0.31
AsKc9s7c,1,0.31
AhKd9h7d,1,0.31
AhKc9h7c,1,0.31
AhKs9h7s,1,0.31
AdKc9d7c,1,0.31
AdKs9d7s,1,0.31
AdKh9d7h,1,0.31
AcKs9c7s,1,0.31
AcKh9c7h,1,0.31
AcKd9c7d,1,0.31
AsKh9s6h,1,0.18
AsKd9s6d,1,0.18
AsKc9s6c,1,0.18
AhKd9h6d,1,0.18
AhKc9h6c,1,0.18
AhKs9h6s,1,0.18
AdKc9d6c,1,0.18
AdKs9d6s,1,0.18
AdKh9d6h,1,0.18
AcKs9c6s,1,0.18
AcKh9c6h,1,0.18
AcKd9c6d,1,0.18
AsKh9s5h,1,0.17
AsKd9s5d,1,0.17
AsKc9s5c,1,0.17
AhKd9h5d,1,0.17
AhKc9h5c,1,0.17
AhKs9h5s,1,0.17
AdKc9d5c,1,0.17
AdKs9d5s,1,0.17
AdKh9d5h,1,0.17
AcKs9c5s,1,0.17
AcKh9c5h,1,0.17
AcKd9c5d,1,0.17
AsKh9s4h,1,0.06
AsKd9s4d,1,0.06
AsKc9s4c,1,0.06
AhKd9h4d,1,0.06
AhKc9h4c,1,0.06
AhKs9h4s,1,0.06
AdKc9d4c,1,0.06
AdKs9d4s,1,0.06
AdKh9d4h,1,0.06
AcKs9c4s,1,0.06
AcKh9c4h,1,0.06
AcKd9c4d,1,0.06
AsKh9s3h,1,0.05
AsKd9s3d,1,0.05
AsKc9s3c,1,0.05
AhKd9h3d,1,0.05
AhKc9h3c,1,0.05
AhKs9h3s,1,0.05
AdKc9d3c,1,0.05
AdKs9d3s,1,0.05
AdKh9d3h,1,0.05
AcKs9c3s,1,0.05
AcKh9c3h,1,0.05
AcKd9c3d,1,0.05
AsKh9s2h,1,0.01
AsKd9s2d,1,0.01
AsKc9s2c,1,0.01
AhKd9h2d,1,0.01
AhKc9h2c,1,0.01
AhKs9h2s,1,0.01
AdKc9d2c,1,0.01
AdKs9d2s,1,0.01
AdKh9d2h,1,0.01
AcKs9c2s,1,0.01
AcKh9c2h,1,0.01
AcKd9c2d,1,0.01
AsKh9s9d,1,0.2
AsKh9s9c,1,0.2
AsKd9s9c,1,0.2
AsKd9s9h,1,0.2
AsKc9s9h,1,0.2
AsKc9s9d,1,0.2
AhKd9h9c,1,0.2
AhKd9s9h,1,0.2
AhKc9h9d,1,0.2
AhKc9s9h,1,0.2
AhKs9h9c,1,0.2
AhKs9h9d,1,0.2
AdKc9h9d,1,0.2
AdKc9s9d,1,0.2
AdKs9d9c,1,0.2
AdKs9h9d,1,0.2
AdKh9d9c,1,0.2
AdKh9s9d,1,0.2
AcKs9h9c,1,0.2
AcKs9d9c,1,0.2
AcKh9d9c,1,0.2
AcKh9s9c,1,0.2
AcKd9s9c,1,0.2
AcKd9h9c,1,0.2
AsKh9s8d,1,0.05
AsKh9s8c,1,0.05
AsKd9s8c,1,0.05
AsKd9s8h,1,0.05
AsKc9s8h,1,0.05
AsKc9s8d,1,0.05
AhKd9h8c,1,0.05
AhKd9h8s,1,0.05
AhKc9h8d,1,0.05
AhKc9h8s,1,0.05
AhKs9h8c,1,0.05
AhKs9h8d,1,0.05
AdKc9d8h,1,0.05
AdKc9d8s,1,0.05
AdKs9d8c,1,0.05
AdKs9d8h,1,0.05
AdKh9d8c,1,0.05
AdKh9d8s,1,0.05
AcKs9c8h,1,0.05
AcKs9c8d,1,0.05
AcKh9c8d,1,0.05
AcKh9c8s,1,0.05
AcKd9c8s,1,0.05
AcKd9c8h,1,0.05
AsKh9s7d,1,0.02
AsKh9s7c,1,0.02
AsKd9s7c,1,0.02
AsKd9s7h,1,0.02
AsKc9s7h,1,0.02
AsKc9s7d,1,0.02
AhKd9h7c,1,0.02
AhKd9h7s,1,0.02
AhKc9h7d,1,0.02
AhKc9h7s,1,0.02
AhKs9h7c,1,0.02
AhKs9h7d,1,0.02
AdKc9d7h,1,0.02
AdKc9d7s,1,0.02
AdKs9d7c,1,0.02
AdKs9d7h,1,0.02
AdKh9d7c,1,0.02
AdKh9d7s,1,0.02
AcKs9c7h,1,0.02
AcKs9c7d,1,0.02
AcKh9c7d,1,0.02
AcKh9c7s,1,0.02
AcKd9c7s,1,0.02
AcKd9c7h,1,0.02
AsKh8s8h,1,0.55
AsKd8s8d,1,0.55
AsKc8s8c,1,0.55
AhKd8h8d,1,0.55
AhKc8h8c,1,0.55
AhKs8s8h,1,0.55
AdKc8d8c,1,0.55
AdKs8s8d,1,0.55
AdKh8h8d,1,0.55
AcKs8s8c,1,0.55
AcKh8h8c,1,0.55
AcKd8d8c,1,0.55
AsKh8s7h,1,0.44
AsKd8s7d,1,0.44
AsKc8s7c,1,0.44
AhKd8h7d,1,0.44
AhKc8h7c,1,0.44
AhKs8h7s,1,0.44
AdKc8d7c,1,0.44
AdKs8d7s,1,0.44
AdKh8d7h,1,0.44
AcKs8c7s,1,0.44
AcKh8c7h,1,0.44
AcKd8c7d,1,0.44
AsKh8s6h,1,0.33
AsKd8s6d,1,0.33
AsKc8s6c,1,0.33
AhKd8h6d,1,0.33
AhKc8h6c,1,0.33
AhKs8h6s,1,0.33
AdKc8d6c,1,0.33
AdKs8d6s,1,0.33
AdKh8d6h,1,0.33
AcKs8c6s,1,0.33
AcKh8c6h,1,0.33
AcKd8c6d,1,0.33
AsKh8s5h,1,0.33
AsKd8s5d,1,0.33
AsKc8s5c,1,0.33
AhKd8h5d,1,0.33
AhKc8h5c,1,0.33
AhKs8h5s,1,0.33
AdKc8d5c,1,0.33
AdKs8d5s,1,0.33
AdKh8d5h,1,0.33
AcKs8c5s,1,0.33
AcKh8c5h,1,0.33
AcKd8c5d,1,0.33
AsKh8s4h,1,0.18
AsKd8s4d,1,0.18
AsKc8s4c,1,0.18
AhKd8h4d,1,0.18
AhKc8h4c,1,0.18
AhKs8h4s,1,0.18
AdKc8d4c,1,0.18
AdKs8d4s,1,0.18
AdKh8d4h,1,0.18
AcKs8c4s,1,0.18
AcKh8c4h,1,0.18
AcKd8c4d,1,0.18
AsKh8s3h,1,0.04
AsKd8s3d,1,0.04
AsKc8s3c,1,0.04
AhKd8h3d,1,0.04
AhKc8h3c,1,0.04
AhKs8h3s,1,0.04
AdKc8d3c,1,0.04
AdKs8d3s,1,0.04
AdKh8d3h,1,0.04
AcKs8c3s,1,0.04
AcKh8c3h,1,0.04
AcKd8c3d,1,0.04
AsKh8s2h,1,0.01
AsKd8s2d,1,0.01
AsKc8s2c,1,0.01
AhKd8h2d,1,0.01
AhKc8h2c,1,0.01
AhKs8h2s,1,0.01
AdKc8d2c,1,0.01
AdKs8d2s,1,0.01
AdKh8d2h,1,0.01
AcKs8c2s,1,0.01
AcKh8c2h,1,0.01
AcKd8c2d,1,0.01
AsKh8s8d,1,0.16
AsKh8s8c,1,0.16
AsKd8s8c,1,0.16
AsKd8s8h,1,0.16
AsKc8s8h,1,0.16
AsKc8s8d,1,0.16
AhKd8h8c,1,0.16
AhKd8s8h,1,0.16
AhKc8h8d,1,0.16
AhKc8s8h,1,0.16
AhKs8h8c,1,0.16
AhKs8h8d,1,0.16
AdKc8h8d,1,0.16
AdKc8s8d,1,0.16
AdKs8d8c,1,0.16
AdKs8h8d,1,0.16
AdKh8d8c,1,0.16
AdKh8s8d,1,0.16
AcKs8h8c,1,0.16
AcKs8d8c,1,0.16
AcKh8d8c,1,0.16
AcKh8s8c,1,0.16
AcKd8s8c,1,0.16
AcKd8h8c,1,0.16
AsKh8s7d,1,0.07
AsKh8s7c,1,0.07
AsKd8s7c,1,0.07
AsKd8s7h,1,0.07
AsKc8s7h,1,0.07
AsKc8s7d,1,0.07
AhKd8h7c,1,0.07
AhKd8h7s,1,0.07
AhKc8h7d,1,0.07
AhKc8h7s,1,0.07
AhKs8h7c,1,0.07
AhKs8h7d,1,0.07
AdKc8d7h,1,0.07
AdKc8d7s,1,0.07
AdKs8d7c,1,0.07
AdKs8d7h,1,0.07
AdKh8d7c,1,0.07
AdKh8d7s,1,0.07
AcKs8c7h,1,0.07
AcKs8c7d,1,0.07
AcKh8c7d,1,0.07
AcKh8c7s,1,0.07
AcKd8c7s,1,0.07
AcKd8c7h,1,0.07
AsKh8s6d,1,0.02
AsKh8s6c,1,0.02
AsKd8s6c,1,0.02
AsKd8s6h,1,0.02
AsKc8s6h,1,0.02
AsKc8s6d,1,0.02
AhKd8h6c,1,0.02
AhKd8h6s,1,0.02
AhKc8h6d,1,0.02
AhKc8h6s,1,0.02
AhKs8h6c,1,0.02
AhKs8h6d,1,0.02
AdKc8d6h,1,0.02
AdKc8d6s,1,0.02
AdKs8d6c,1,0.02
AdKs8d6h,1,0.02
AdKh8d6c,1,0.02
AdKh8d6s,1,0.02
AcKs8c6h,1,0.02
AcKs8c6d,1,0.02
AcKh8c6d,1,0.02
AcKh8c6s,1,0.02
AcKd8c6s,1,0.02
AcKd8c6h,1,0.02
AsKh8s5d,0.007,0
AsKh8s5c,0.007,0
AsKd8s5c,0.007,0
AsKd8s5h,0.007,0
AsKc8s5h,0.007,0
AsKc8s5d,0.007,0
AhKd8h5c,0.007,0
AhKd8h5s,0.007,0
AhKc8h5d,0.007,0
AhKc8h5s,0.007,0
AhKs8h5c,0.007,0
AhKs8h5d,0.007,0
AdKc8d5h,0.007,0
AdKc8d5s,0.007,0
AdKs8d5c,0.007,0
AdKs8d5h,0.007,0
AdKh8d5c,0.007,0
AdKh8d5s,0.007,0
AcKs8c5h,0.007,0
AcKs8c5d,0.007,0
AcKh8c5d,0.007,0
AcKh8c5s,0.007,0
AcKd8c5s,0.007,0
AcKd8c5h,0.007,0
AsKh7s7h,1,0.51
AsKd7s7d,1,0.51
AsKc7s7c,1,0.51
AhKd7h7d,1,0.51
AhKc7h7c,1,0.51
AhKs7s7h,1,0.51
AdKc7d7c,1,0.51
AdKs7s7d,1,0.51
AdKh7h7d,1,0.51
AcKs7s7c,1,0.51
AcKh7h7c,1,0.51
AcKd7d7c,1,0.51
AsKh7s6h,1,0.44
AsKd7s6d,1,0.44
AsKc7s6c,1,0.44
AhKd7h6d,1,0.44
AhKc7h6c,1,0.44
AhKs7h6s,1,0.44
AdKc7d6c,1,0.44
AdKs7d6s,1,0.44
AdKh7d6h,1,0.44
AcKs7c6s,1,0.44
AcKh7c6h,1,0.44
AcKd7c6d,1,0.44
AsKh7s5h,1,0.49
AsKd7s5d,1,0.49
AsKc7s5c,1,0.49
AhKd7h5d,1,0.49
AhKc7h5c,1,0.49
AhKs7h5s,1,0.49
AdKc7d5c,1,0.49
AdKs7d5s,1,0.49
AdKh7d5h,1,0.49
AcKs7c5s,1,0.49
AcKh7c5h,1,0.49
AcKd7c5d,1,0.49
AsKh7s4h,1,0.33
AsKd7s4d,1,0.33
AsKc7s4c,1,0.33
AhKd7h4d,1,0.33
AhKc7h4c,1,0.33
AhKs7h4s,1,0.33
AdKc7d4c,1,0.33
AdKs7d4s,1,0.33
AdKh7d4h,1,0.33
AcKs7c4s,1,0.33
AcKh7c4h,1,0.33
AcKd7c4d,1,0.33
AsKh7s3h,1,0.15
AsKd7s3d,1,0.15
AsKc7s3c,1,0.15
AhKd7h3d,1,0.15
AhKc7h3c,1,0.15
AhKs7h3s,1,0.15
AdKc7d3c,1,0.15
AdKs7d3s,1,0.15
AdKh7d3h,1,0.15
AcKs7c3s,1,0.15
AcKh7c3h,1,0.15
AcKd7c3d,1,0.15
AsKh7s2h,0.351,0
AsKd7s2d,0.351,0
AsKc7s2c,0.351,0
AhKd7h2d,0.351,0
AhKc7h2c,0.351,0
AhKs7h2s,0.351,0
AdKc7d2c,0.351,0
AdKs7d2s,0.351,0
AdKh7d2h,0.351,0
AcKs7c2s,0.351,0
AcKh7c2h,0.351,0
AcKd7c2d,0.351,0
AsKh7s7d,1,0.11
AsKh7s7c,1,0.11
AsKd7s7c,1,0.11
AsKd7s7h,1,0.11
AsKc7s7h,1,0.11
AsKc7s7d,1,0.11
AhKd7h7c,1,0.11
AhKd7s7h,1,0.11
AhKc7h7d,1,0.11
AhKc7s7h,1,0.11
AhKs7h7c,1,0.11
AhKs7h7d,1,0.11
AdKc7h7d,1,0.11
AdKc7s7d,1,0.11
AdKs7d7c,1,0.11
AdKs7h7d,1,0.11
AdKh7d7c,1,0.11
AdKh7s7d,1,0.11
AcKs7h7c,1,0.11
AcKs7d7c,1,0.11
AcKh7d7c,1,0.11
AcKh7s7c,1,0.11
AcKd7s7c,1,0.11
AcKd7h7c,1,0.11
AsKh7s6d,1,0.06
AsKh7s6c,1,0.06
AsKd7s6c,1,0.06
AsKd7s6h,1,0.06
AsKc7s6h,1,0.06
AsKc7s6d,1,0.06
AhKd7h6c,1,0.06
AhKd7h6s,1,0.06
AhKc7h6d,1,0.06
AhKc7h6s,1,0.06
AhKs7h6c,1,0.06
AhKs7h6d,1,0.06
AdKc7d6h,1,0.06
AdKc7d6s,1,0.06
AdKs7d6c,1,0.06
AdKs7d6h,1,0.06
AdKh7d6c,1,0.06
AdKh7d6s,1,0.06
AcKs7c6h,1,0.06
AcKs7c6d,1,0.06
AcKh7c6d,1,0.06
AcKh7c6s,1,0.06
AcKd7c6s,1,0.06
AcKd7c6h,1,0.06
AsKh7s5d,1,0.06
AsKh7s5c,1,0.06
AsKd7s5c,1,0.06
AsKd7s5h,1,0.06
AsKc7s5h,1,0.06
AsKc7s5d,1,0.06
AhKd7h5c,1,0.06
AhKd7h5s,1,0.06
AhKc7h5d,1,0.06
AhKc7h5s,1,0.06
AhKs7h5c,1,0.06
AhKs7h5d,1,0.06
AdKc7d5h,1,0.06
AdKc7d5s,1,0.06
AdKs7d5c,1,0.06
AdKs7d5h,1,0.06
AdKh7d5c,1,0.06
AdKh7d5s,1,0.06
AcKs7c5h,1,0.06
AcKs7c5d,1,0.06
AcKh7c5d,1,0.06
AcKh7c5s,1,0.06
AcKd7c5s,1,0.06
AcKd7c5h,1,0.06
AsKh6s6h,1,0.46
AsKd6s6d,1,0.46
AsKc6s6c,1,0.46
AhKd6h6d,1,0.46
AhKc6h6c,1,0.46
AhKs6s6h,1,0.46
AdKc6d6c,1,0.46
AdKs6s6d,1,0.46
AdKh6h6d,1,0.46
AcKs6s6c,1,0.46
AcKh6h6c,1,0.46
AcKd6d6c,1,0.46
AsKh6s5h,1,0.48
AsKd6s5d,1,0.48
AsKc6s5c,1,0.48
AhKd6h5d,1,0.48
AhKc6h5c,1,0.48
AhKs6h5s,1,0.48
AdKc6d5c,1,0.48
AdKs6d5s,1,0.48
AdKh6d5h,1,0.48
AcKs6c5s,1,0.48
AcKh6c5h,1,0.48
AcKd6c5d,1,0.48
AsKh6s4h,1,0.36
AsKd6s4d,1,0.36
AsKc6s4c,1,0.36
AhKd6h4d,1,0.36
AhKc6h4c,1,0.36
AhKs6h4s,1,0.36
AdKc6d4c,1,0.36
AdKs6d4s,1,0.36
AdKh6d4h,1,0.36
AcKs6c4s,1,0.36
AcKh6c4h,1,0.36
AcKd6c4d,1,0.36
AsKh6s3h,1,0.18
AsKd6s3d,1,0.18
AsKc6s3c,1,0.18
AhKd6h3d,1,0.18
AhKc6h3c,1,0.18
AhKs6h3s,1,0.18
AdKc6d3c,1,0.18
AdKs6d3s,1,0.18
AdKh6d3h,1,0.18
AcKs6c3s,1,0.18
AcKh6c3h,1,0.18
AcKd6c3d,1,0.18
AsKh6s2h,1,0.01
AsKd6s2d,1,0.01
AsKc6s2c,1,0.01
AhKd6h2d,1,0.01
AhKc6h2c,1,0.01
AhKs6h2s,1,0.01
AdKc6d2c,1,0.01
AdKs6d2s,1,0.01
AdKh6d2h,1,0.01
AcKs6c2s,1,0.01
AcKh6c2h,1,0.01
AcKd6c2d,1,0.01
AsKh6s6d,1,0.06
AsKh6s6c,1,0.06
AsKd6s6c,1,0.06
AsKd6s6h,1,0.06
AsKc6s6h,1,0.06
AsKc6s6d,1,0.06
AhKd6h6c,1,0.06
AhKd6s6h,1,0.06
AhKc6h6d,1,0.06
AhKc6s6h,1,0.06
AhKs6h6c,1,0.06
AhKs6h6d,1,0.06
AdKc6h6d,1,0.06
AdKc6s6d,1,0.06
AdKs6d6c,1,0.06
AdKs6h6d,1,0.06
AdKh6d6c,1,0.06
AdKh6s6d,1,0.06
AcKs6h6c,1,0.06
AcKs6d6c,1,0.06
AcKh6d6c,1,0.06
AcKh6s6c,1,0.06
AcKd6s6c,1,0.06
AcKd6h6c,1,0.06
AsKh6s5d,1,0.05
AsKh6s5c,1,0.05
AsKd6s5c,1,0.05
AsKd6s5h,1,0.05
AsKc6s5h,1,0.05
AsKc6s5d,1,0.05
AhKd6h5c,1,0.05
AhKd6h5s,1,0.05
AhKc6h5d,1,0.05
AhKc6h5s,1,0.05
AhKs6h5c,1,0.05
AhKs6h5d,1,0.05
AdKc6d5h,1,0.05
AdKc6d5s,1,0.05
AdKs6d5c,1,0.05
AdKs6d5h,1,0.05
AdKh6d5c,1,0.05
AdKh6d5s,1,0.05
AcKs6c5h,1,0.05
AcKs6c5d,1,0.05
AcKh6c5d,1,0.05
AcKh6c5s,1,0.05
AcKd6c5s,1,0.05
AcKd6c5h,1,0.05
AsKh5s5h,1,0.59
AsKd5s5d,1,0.59
AsKc5s5c,1,0.59
AhKd5h5d,1,0.59
AhKc5h5c,1,0.59
AhKs5s5h,1,0.59
AdKc5d5c,1,0.59
AdKs5s5d,1,0.59
AdKh5h5d,1,0.59
AcKs5s5c,1,0.59
AcKh5h5c,1,0.59
AcKd5d5c,1,0.59
AsKh5s4h,1,0.67
AsKd5s4d,1,0.67
AsKc5s4c,1,0.67
AhKd5h4d,1,0.67
AhKc5h4c,1,0.67
AhKs5h4s,1,0.67
AdKc5d4c,1,0.67
AdKs5d4s,1,0.67
AdKh5d4h,1,0.67
AcKs5c4s,1,0.67
AcKh5c4h,1,0.67
AcKd5c4d,1,0.67
AsKh5s3h,1,0.52
AsKd5s3d,1,0.52
AsKc5s3c,1,0.52
AhKd5h3d,1,0.52
AhKc5h3c,1,0.52
AhKs5h3s,1,0.52
AdKc5d3c,1,0.52
AdKs5d3s,1,0.52
AdKh5d3h,1,0.52
AcKs5c3s,1,0.52
AcKh5c3h,1,0.52
AcKd5c3d,1,0.52
AsKh5s2h,1,0.29
AsKd5s2d,1,0.29
AsKc5s2c,1,0.29
AhKd5h2d,1,0.29
AhKc5h2c,1,0.29
AhKs5h2s,1,0.29
AdKc5d2c,1,0.29
AdKs5d2s,1,0.29
AdKh5d2h,1,0.29
AcKs5c2s,1,0.29
AcKh5c2h,1,0.29
AcKd5c2d,1,0.29
AsKh5s5d,1,0.14
AsKh5s5c,1,0.14
AsKd5s5c,1,0.14
AsKd5s5h,1,0.14
AsKc5s5h,1,0.14
AsKc5s5d,1,0.14
AhKd5h5c,1,0.14
AhKd5s5h,1,0.14
AhKc5h5d,1,0.14
AhKc5s5h,1,0.14
AhKs5h5c,1,0.14
AhKs5h5d,1,0.14
AdKc5h5d,1,0.14
AdKc5s5d,1,0.14
AdKs5d5c,1,0.14
AdKs5h5d,1,0.14
AdKh5d5c,1,0.14
AdKh5s5d,1,0.14
AcKs5h5c,1,0.14
AcKs5d5c,1,0.14
AcKh5d5c,1,0.14
AcKh5s5c,1,0.14
AcKd5s5c,1,0.14
AcKd5h5c,1,0.14
AsKh5s4d,1,0.18
AsKh5s4c,1,0.18
AsKd5s4c,1,0.18
AsKd5s4h,1,0.18
AsKc5s4h,1,0.18
AsKc5s4d,1,0.18
AhKd5h4c,1,0.18
AhKd5h4s,1,0.18
AhKc5h4d,1,0.18
AhKc5h4s,1,0.18
AhKs5h4c,1,0.18
AhKs5h4d,1,0.18
AdKc5d4h,1,0.18
AdKc5d4s,1,0.18
AdKs5d4c,1,0.18
AdKs5d4h,1,0.18
AdKh5d4c,1,0.18
AdKh5d4s,1,0.18
AcKs5c4h,1,0.18
AcKs5c4d,1,0.18
AcKh5c4d,1,0.18
AcKh5c4s,1,0.18
AcKd5c4s,1,0.18
AcKd5c4h,1,0.18
AsKh5s3d,1,0.05
AsKh5s3c,1,0.05
AsKd5s3c,1,0.05
AsKd5s3h,1,0.05
AsKc5s3h,1,0.05
AsKc5s3d,1,0.05
AhKd5h3c,1,0.05
AhKd5h3s,1,0.05
AhKc5h3d,1,0.05
AhKc5h3s,1,0.05
AhKs5h3c,1,0.05
AhKs5h3d,1,0.05
AdKc5d3h,1,0.05
AdKc5d3s,1,0.05
AdKs5d3c,1,0.05
AdKs5d3h,1,0.05
AdKh5d3c,1,0.05
AdKh5d3s,1,0.05
AcKs5c3h,1,0.05
AcKs5c3d,1,0.05
AcKh5c3d,1,0.05
AcKh5c3s,1,0.05
AcKd5c3s,1,0.05
AcKd5c3h,1,0.05
AsKh4s4h,1,0.63
AsKd4s4d,1,0.63
AsKc4s4c,1,0.63
AhKd4h4d,1,0.63
AhKc4h4c,1,0.63
AhKs4s4h,1,0.63
AdKc4d4c,1,0.63
AdKs4s4d,1,0.63
AdKh4h4d,1,0.63
AcKs4s4c,1,0.63
AcKh4h4c,1,0.63
AcKd4d4c,1,0.63
AsKh4s3h,1,0.47
AsKd4s3d,1,0.47
AsKc4s3c,1,0.47
AhKd4h3d,1,0.47
AhKc4h3c,1,0.47
AhKs4h3s,1,0.47
AdKc4d3c,1,0.47
AdKs4d3s,1,0.47
AdKh4d3h,1,0.47
AcKs4c3s,1,0.47
AcKh4c3h,1,0.47
AcKd4c3d,1,0.47
AsKh4s2h,1,0.3
AsKd4s2d,1,0.3
AsKc4s2c,1,0.3
AhKd4h2d,1,0.3
AhKc4h2c,1,0.3
AhKs4h2s,1,0.3
AdKc4d2c,1,0.3
AdKs4d2s,1,0.3
AdKh4d2h,1,0.3
AcKs4c2s,1,0.3
AcKh4c2h,1,0.3
AcKd4c2d,1,0.3
AsKh4s4d,1,0.16
AsKh4s4c,1,0.16
AsKd4s4c,1,0.16
AsKd4s4h,1,0.16
AsKc4s4h,1,0.16
AsKc4s4d,1,0.16
AhKd4h4c,1,0.16
AhKd4s4h,1,0.16
AhKc4h4d,1,0.16
AhKc4s4h,1,0.16
AhKs4h4c,1,0.16
AhKs4h4d,1,0.16
AdKc4h4d,1,0.16
AdKc4s4d,1,0.16
AdKs4d4c,1,0.16
AdKs4h4d,1,0.16
AdKh4d4c,1,0.16
AdKh4s4d,1,0.16
AcKs4h4c,1,0.16
AcKs4d4c,1,0.16
AcKh4d4c,1,0.16
AcKh4s4c,1,0.16
AcKd4s4c,1,0.16
AcKd4h4c,1,0.16
AsKh4s3d,0.589,0
AsKh4s3c,0.589,0
AsKd4s3c,0.589,0
AsKd4s3h,0.589,0
AsKc4s3h,0.589,0
AsKc4s3d,0.589,0
AhKd4h3c,0.589,0
AhKd4h3s,0.589,0
AhKc4h3d,0.589,0
AhKc4h3s,0.589,0
AhKs4h3c,0.589,0
AhKs4h3d,0.589,0
AdKc4d3h,0.589,0
AdKc4d3s,0.589,0
AdKs4d3c,0.589,0
AdKs4d3h,0.589,0
AdKh4d3c,0.589,0
AdKh4d3s,0.589,0
AcKs4c3h,0.589,0
AcKs4c3d,0.589,0
AcKh4c3d,0.589,0
AcKh4c3s,0.589,0
AcKd4c3s,0.589,0
AcKd4c3h,0.589,0
AsKh3s3h,1,0.64
AsKd3s3d,1,0.64
AsKc3s3c,1,0.64
AhKd3h3d,1,0.64
AhKc3h3c,1,0.64
AhKs3s3h,1,0.64
AdKc3d3c,1,0.64
AdKs3s3d,1,0.64
AdKh3h3d,1,0.64
AcKs3s3c,1,0.64
AcKh3h3c,1,0.64
AcKd3d3c,1,0.64
AsKh3s2h,1,0.25
AsKd3s2d,1,0.25
AsKc3s2c,1,0.25
AhKd3h2d,1,0.25
AhKc3h2c,1,0.25
AhKs3h2s,1,0.25
AdKc3d2c,1,0.25
AdKs3d2s,1,0.25
AdKh3d2h,1,0.25
AcKs3c2s,1,0.25
AcKh3c2h,1,0.25
AcKd3c2d,1,0.25
AsKh3s3d,1,0.17
AsKh3s3c,1,0.17
AsKd3s3c,1,0.17
AsKd3s3h,1,0.17
AsKc3s3h,1,0.17
AsKc3s3d,1,0.17
AhKd3h3c,1,0.17
AhKd3s3h,1,0.17
AhKc3h3d,1,0.17
AhKc3s3h,1,0.17
AhKs3h3c,1,0.17
AhKs3h3d,1,0.17
AdKc3h3d,1,0.17
AdKc3s3d,1,0.17
AdKs3d3c,1,0.17
AdKs3h3d,1,0.17
AdKh3d3c,1,0.17
AdKh3s3d,1,0.17
AcKs3h3c,1,0.17
AcKs3d3c,1,0.17
AcKh3d3c,1,0.17
AcKh3s3c,1,0.17
AcKd3s3c,1,0.17
AcKd3h3c,1,0.17
AsKh2s2h,1,0.62
AsKd2s2d,1,0.62
AsKc2s2c,1,0.62
AhKd2h2d,1,0.62
AhKc2h2c,1,0.62
AhKs2s2h,1,0.62
AdKc2d2c,1,0.62
AdKs2s2d,1,0.62
AdKh2h2d,1,0.62
AcKs2s2c,1,0.62
AcKh2h2c,1,0.62
AcKd2d2c,1,0.62
AsKh2s2d,1,0.16
AsKh2s2c,1,0.16
AsKd2s2c,1,0.16
AsKd2s2h,1,0.16
AsKc2s2h,1,0.16
AsKc2s2d,1,0.16
AhKd2h2c,1,0.16
AhKd2s2h,1,0.16
AhKc2h2d,1,0.16
AhKc2s2h,1,0.16
AhKs2h2c,1,0.16
AhKs2h2d,1,0.16
AdKc2h2d,1,0.16
AdKc2s2d,1,0.16
AdKs2d2c,1,0.16
AdKs2h2d,1,0.16
AdKh2d2c,1,0.16
AdKh2s2d,1,0.16
AcKs2h2c,1,0.16
AcKs2d2c,1,0.16
AcKh2d2c,1,0.16
AcKh2s2c,1,0.16
AcKd2s2c,1,0.16
AcKd2h2c,1,0.16
AsKhQhJs,1,0.94
AsKdQdJs,1,0.94
AsKcQcJs,1,0.94
AhKdQdJh,1,0.94
AhKcQcJh,1,0.94
AhKsQsJh,1,0.94
AdKcQcJd,1,0.94
AdKsQsJd,1,0.94
AdKhQhJd,1,0.94
AcKsQsJc,1,0.94
AcKhQhJc,1,0.94
AcKdQdJc,1,0.94
AsKhQhTs,1,0.91
AsKdQdTs,1,0.91
AsKcQcTs,1,0.91
AhKdQdTh,1,0.91
AhKcQcTh,1,0.91
AhKsQsTh,1,0.91
AdKcQcTd,1,0.91
AdKsQsTd,1,0.91
AdKhQhTd,1,0.91
AcKsQsTc,1,0.91
AcKhQhTc,1,0.91
AcKdQdTc,1,0.91
AsKhQh9s,1,0.47
AsKdQd9s,1,0.47
AsKcQc9s,1,0.47
AhKdQd9h,1,0.47
AhKcQc9h,1,0.47
AhKsQs9h,1,0.47
AdKcQc9d,1,0.47
AdKsQs9d,1,0.47
AdKhQh9d,1,0.47
AcKsQs9c,1,0.47
AcKhQh9c,1,0.47
AcKdQd9c,1,0.47
AsKhQh8s,1,0.38
AsKdQd8s,1,0.38
AsKcQc8s,1,0.38
AhKdQd8h,1,0.38
AhKcQc8h,1,0.38
AhKsQs8h,1,0.38
AdKcQc8d,1,0.38
AdKsQs8d,1,0.38
AdKhQh8d,1,0.38
AcKsQs8c,1,0.38
AcKhQh8c,1,0.38
AcKdQd8c,1,0.38
AsKhQh7s,1,0.37
AsKdQd7s,1,0.37
AsKcQc7s,1,0.37
AhKdQd7h,1,0.37
AhKcQc7h,1,0.37
AhKsQs7h,1,0.37
AdKcQc7d,1,0.37
AdKsQs7d,1,0.37
AdKhQh7d,1,0.37
AcKsQs7c,1,0.37
AcKhQh7c,1,0.37
AcKdQd7c,1,0.37
AsKhQh6s,1,0.37
AsKdQd6s,1,0.37
AsKcQc6s,1,0.37
AhKdQd6h,1,0.37
AhKcQc6h,1,0.37
AhKsQs6h,1,0.37
AdKcQc6d,1,0.37
AdKsQs6d,1,0.37
AdKhQh6d,1,0.37
AcKsQs6c,1,0.37
AcKhQh6c,1,0.37
AcKdQd6c,1,0.37
AsKhQh5s,1,0.52
AsKdQd5s,1,0.52
AsKcQc5s,1,0.52
AhKdQd5h,1,0.52
AhKcQc5h,1,0.52
AhKsQs5h,1,0.52
AdKcQc5d,1,0.52
AdKsQs5d,1,0.52
AdKhQh5d,1,0.52
AcKsQs5c,1,0.52
AcKhQh5c,1,0.52
AcKdQd5c,1,0.52
AsKhQh4s,1,0.53
AsKdQd4s,1,0.53
AsKcQc4s,1,0.53
AhKdQd4h,1,0.53
AhKcQc4h,1,0.53
AhKsQs4h,1,0.53
AdKcQc4d,1,0.53
AdKsQs4d,1,0.53
AdKhQh4d,1,0.53
AcKsQs4c,1,0.53
AcKhQh4c,1,0.53
AcKdQd4c,1,0.53
AsKhQh3s,1,0.53
AsKdQd3s,1,0.53
AsKcQc3s,1,0.53
AhKdQd3h,1,0.53
AhKcQc3h,1,0.53
AhKsQs3h,1,0.53
AdKcQc3d,1,0.53
AdKsQs3d,1,0.53
AdKhQh3d,1,0.53
AcKsQs3c,1,0.53
AcKhQh3c,1,0.53
AcKdQd3c,1,0.53
AsKhQh2s,1,0.48
AsKdQd2s,1,0.48
AsKcQc2s,1,0.48
AhKdQd2h,1,0.48
AhKcQc2h,1,0.48
AhKsQs2h,1,0.48
AdKcQc2d,1,0.48
AdKsQs2d,1,0.48
AdKhQh2d,1,0.48
AcKsQs2c,1,0.48
AcKhQh2c,1,0.48
AcKdQd2c,1,0.48
AsKhQhJh,1,0.16
AsKdQdJd,1,0.16
AsKcQcJc,1,0.16
AhKdQdJd,1,0.16
AhKcQcJc,1,0.16
AhKsQsJs,1,0.16
AdKcQcJc,1,0.16
AdKsQsJs,1,0.16
AdKhQhJh,1,0.16
AcKsQsJs,1,0.16
AcKhQhJh,1,0.16
AcKdQdJd,1,0.16
AsKhQhTh,1,0.15
AsKdQdTd,1,0.15
AsKcQcTc,1,0.15
AhKdQdTd,1,0.15
AhKcQcTc,1,0.15
AhKsQsTs,1,0.15
AdKcQcTc,1,0.15
AdKsQsTs,1,0.15
AdKhQhTh,1,0.15
AcKsQsTs,1,0.15
AcKhQhTh,1,0.15
AcKdQdTd,1,0.15
AsKhQhQd,1,0.54
AsKhQhQc,1,0.54
AsKdQdQc,1,0.54
AsKdQhQd,1,0.54
AsKcQhQc,1,0.54
AsKcQdQc,1,0.54
AhKdQdQc,1,0.54
AhKdQsQd,1,0.54
AhKcQdQc,1,0.54
AhKcQsQc,1,0.54
AhKsQsQc,1,0.54
AhKsQsQd,1,0.54
AdKcQhQc,1,0.54
AdKcQsQc,1,0.54
AdKsQsQc,1,0.54
AdKsQsQh,1,0.54
AdKhQhQc,1,0.54
AdKhQsQh,1,0.54
AcKsQsQh,1,0.54
AcKsQsQd,1,0.54
AcKhQhQd,1,0.54
AcKhQsQh,1,0.54
AcKdQsQd,1,0.54
AcKdQhQd,1,0.54
AsKhQhJd,1,0.25
AsKhQhJc,1,0.25
AsKdQdJc,1,0.25
AsKdQdJh,1,0.25
AsKcQcJh,1,0.25
AsKcQcJd,1,0.25
AhKdQdJc,1,0.25
AhKdQdJs,1,0.25
AhKcQcJd,1,0.25
AhKcQcJs,1,0.25
AhKsQsJc,1,0.25
AhKsQsJd,1,0.25
AdKcQcJh,1,0.25
AdKcQcJs,1,0.25
AdKsQsJc,1,0.25
AdKsQsJh,1,0.25
AdKhQhJc,1,0.25
AdKhQhJs,1,0.25
AcKsQsJh,1,0.25
AcKsQsJd,1,0.25
AcKhQhJd,1,0.25
AcKhQhJs,1,0.25
AcKdQdJs,1,0.25
AcKdQdJh,1,0.25
AsKhQhTd,1,0.23
AsKhQhTc,1,0.23
AsKdQdTc,1,0.23
AsKdQdTh,1,0.23
AsKcQcTh,1,0.23
AsKcQcTd,1,0.23
AhKdQdTc,1,0.23
AhKdQdTs,1,0.23
AhKcQcTd,1,0.23
AhKcQcTs,1,0.23
AhKsQsTc,1,0.23
AhKsQsTd,1,0.23
AdKcQcTh,1,0.23
AdKcQcTs,1,0.23
AdKsQsTc,1,0.23
AdKsQsTh,1,0.23
AdKhQhTc,1,0.23
AdKhQhTs,1,0.23
AcKsQsTh,1,0.23
AcKsQsTd,1,0.23
AcKhQhTd,1,0.23
AcKhQhTs,1,0.23
AcKdQdTs,1,0.23
AcKdQdTh,1,0.23
AsKhQh9d,1,0.04
AsKhQh9c,1,0.04
AsKdQd9c,1,0.04
AsKdQd9h,1,0.04
AsKcQc9h,1,0.04
AsKcQc9d,1,0.04
AhKdQd9c,1,0.04
AhKdQd9s,1,0.04
AhKcQc9d,1,0.04
AhKcQc9s,1,0.04
AhKsQs9c,1,0.04
AhKsQs9d,1,0.04
AdKcQc9h,1,0.04
AdKcQc9s,1,0.04
AdKsQs9c,1,0.04
AdKsQs9h,1,0.04
AdKhQh9c,1,0.04
AdKhQh9s,1,0.04
AcKsQs9h,1,0.04
AcKsQs9d,1,0.04
AcKhQh9d,1,0.04
AcKhQh9s,1,0.04
AcKdQd9s,1,0.04
AcKdQd9h,1,0.04
AsKhQh8d,0.986,0
AsKhQh8c,0.986,0
AsKdQd8c,0.986,0
AsKdQd8h,0.986,0
AsKcQc8h,0.986,0
AsKcQc8d,0.986,0
AhKdQd8c,0.986,0
AhKdQd8s,0.986,0
AhKcQc8d,0.986,0
AhKcQc8s,0.986,0
AhKsQs8c,0.986,0
AhKsQs8d,0.986,0
AdKcQc8h,0.986,0
AdKcQc8s,0.986,0
AdKsQs8c,0.986,0
AdKsQs8h,0.986,0
AdKhQh8c,0.986,0
AdKhQh8s,0.986,0
AcKsQs8h,0.986,0
AcKsQs8d,0.986,0
AcKhQh8d,0.986,0
AcKhQh8s,0.986,0
AcKdQd8s,0.986,0
AcKdQd8h,0.986,0
AsKhQh5d,1,0.01
AsKhQh5c,1,0.01
AsKdQd5c,1,0.01
AsKdQd5h,1,0.01
AsKcQc5h,1,0.01
AsKcQc5d,1,0.01
AhKdQd5c,1,0.01
AhKdQd5s,1,0.01
AhKcQc5d,1,0.01
AhKcQc5s,1,0.01
AhKsQs5c,1,0.01
AhKsQs5d,1,0.01
AdKcQc5h,1,0.01
AdKcQc5s,1,0.01
AdKsQs5c,1,0.01
AdKsQs5h,1,0.01
AdKhQh5c,1,0.01
AdKhQh5s,1,0.01
AcKsQs5h,1,0.01
AcKsQs5d,1,0.01
AcKhQh5d,1,0.01
AcKhQh5s,1,0.01
AcKdQd5s,1,0.01
AcKdQd5h,1,0.01
AsKhJhTs,1,1.01
AsKdJdTs,1,1.01
AsKcJcTs,1,1.01
AhKdJdTh,1,1.01
AhKcJcTh,1,1.01
AhKsJsTh,1,1.01
AdKcJcTd,1,1.01
AdKsJsTd,1,1.01
AdKhJhTd,1,1.01
AcKsJsTc,1,1.01
AcKhJhTc,1,1.01
AcKdJdTc,1,1.01
AsKhJh9s,1,0.57
AsKdJd9s,1,0.57
AsKcJc9s,1,0.57
AhKdJd9h,1,0.57
AhKcJc9h,1,0.57
AhKsJs9h,1,0.57
AdKcJc9d,1,0.57
AdKsJs9d,1,0.57
AdKhJh9d,1,0.57
AcKsJs9c,1,0.57
AcKhJh9c,1,0.57
AcKdJd9c,1,0.57
AsKhJh8s,1,0.46
AsKdJd8s,1,0.46
AsKcJc8s,1,0.46
AhKdJd8h,1,0.46
AhKcJc8h,1,0.46
AhKsJs8h,1,0.46
AdKcJc8d,1,0.46
AdKsJs8d,1,0.46
AdKhJh8d,1,0.46
AcKsJs8c,1,0.46
AcKhJh8c,1,0.46
AcKdJd8c,1,0.46
AsKhJh7s,1,0.41
AsKdJd7s,1,0.41
AsKcJc7s,1,0.41
AhKdJd7h,1,0.41
AhKcJc7h,1,0.41
AhKsJs7h,1,0.41
AdKcJc7d,1,0.41
AdKsJs7d,1,0.41
AdKhJh7d,1,0.41
AcKsJs7c,1,0.41
AcKhJh7c,1,0.41
AcKdJd7c,1,0.41
AsKhJh6s,1,0.32
AsKdJd6s,1,0.32
AsKcJc6s,1,0.32
AhKdJd6h,1,0.32
AhKcJc6h,1,0.32
AhKsJs6h,1,0.32
AdKcJc6d,1,0.32
AdKsJs6d,1,0.32
AdKhJh6d,1,0.32
AcKsJs6c,1,0.32
AcKhJh6c,1,0.32
AcKdJd6c,1,0.32
AsKhJh5s,1,0.46
AsKdJd5s,1,0.46
AsKcJc5s,1,0.46
AhKdJd5h,1,0.46
AhKcJc5h,1,0.46
AhKsJs5h,1,0.46
AdKcJc5d,1,0.46
AdKsJs5d,1,0.46
AdKhJh5d,1,0.46
AcKsJs5c,1,0.46
AcKhJh5c,1,0.46
AcKdJd5c,1,0.46
AsKhJh4s,1,0.47
AsKdJd4s,1,0.47
AsKcJc4s,1,0.47
AhKdJd4h,1,0.47
AhKcJc4h,1,0.47
AhKsJs4h,1,0.47
AdKcJc4d,1,0.47
AdKsJs4d,1,0.47
AdKhJh4d,1,0.47
AcKsJs4c,1,0.47
AcKhJh4c,1,0.47
AcKdJd4c,1,0.47
AsKhJh3s,1,0.47
AsKdJd3s,1,0.47
AsKcJc3s,1,0.47
AhKdJd3h,1,0.47
AhKcJc3h,1,0.47
AhKsJs3h,1,0.47
AdKcJc3d,1,0.47
AdKsJs3d,1,0.47
AdKhJh3d,1,0.47
AcKsJs3c,1,0.47
AcKhJh3c,1,0.47
AcKdJd3c,1,0.47
AsKhJh2s,1,0.42
AsKdJd2s,1,0.42
AsKcJc2s,1,0.42
AhKdJd2h,1,0.42
AhKcJc2h,1,0.42
AhKsJs2h,1,0.42
AdKcJc2d,1,0.42
AdKsJs2d,1,0.42
AdKhJh2d,1,0.42
AcKsJs2c,1,0.42
AcKhJh2c,1,0.42
AcKdJd2c,1,0.42
AsKhJhTh,1,0.18
AsKdJdTd,1,0.18
AsKcJcTc,1,0.18
AhKdJdTd,1,0.18
AhKcJcTc,1,0.18
AhKsJsTs,1,0.18
AdKcJcTc,1,0.18
AdKsJsTs,1,0.18
AdKhJhTh,1,0.18
AcKsJsTs,1,0.18
AcKhJhTh,1,0.18
AcKdJdTd,1,0.18
AsKhJh9h,0.044,0
AsKdJd9d,0.044,0
AsKcJc9c,0.044,0
AhKdJd9d,0.044,0
AhKcJc9c,0.044,0
AhKsJs9s,0.044,0
AdKcJc9c,0.044,0
AdKsJs9s,0.044,0
AdKhJh9h,0.044,0
AcKsJs9s,0.044,0
AcKhJh9h,0.044,0
AcKdJd9d,0.044,0
AsKhJhJd,1,0.37
AsKhJhJc,1,0.37
AsKdJdJc,1,0.37
AsKdJhJd,1,0.37
AsKcJhJc,1,0.37
AsKcJdJc,1,0.37
AhKdJdJc,1,0.37
AhKdJsJd,1,0.37
AhKcJdJc,1,0.37
AhKcJsJc,1,0.37
AhKsJsJc,1,0.37
AhKsJsJd,1,0.37
AdKcJhJc,1,0.37
AdKcJsJc,1,0.37
AdKsJsJc,1,0.37
AdKsJsJh,1,0.37
AdKhJhJc,1,0.37
AdKhJsJh,1,0.37
AcKsJsJh,1,0.37
AcKsJsJd,1,0.37
AcKhJhJd,1,0.37
AcKhJsJh,1,0.37
AcKdJsJd,1,0.37
AcKdJhJd,1,0.37
AsKhJhTd,1,0.3
AsKhJhTc,1,0.3
AsKdJdTc,1,0.3
AsKdJdTh,1,0.3
AsKcJcTh,1,0.3
AsKcJcTd,1,0.3
AhKdJdTc,1,0.3
AhKdJdTs,1,0.3
AhKcJcTd,1,0.3
AhKcJcTs,1,0.3
AhKsJsTc,1,0.3
AhKsJsTd,1,0.3
AdKcJcTh,1,0.3
AdKcJcTs,1,0.3
AdKsJsTc,1,0.3
AdKsJsTh,1,0.3
AdKhJhTc,1,0.3
AdKhJhTs,1,0.3
AcKsJsTh,1,0.3
AcKsJsTd,1,0.3
AcKhJhTd,1,0.3
AcKhJhTs,1,0.3
AcKdJdTs,1,0.3
AcKdJdTh,1,0.3
AsKhJh9d,1,0.07
AsKhJh9c,1,0.07
AsKdJd9c,1,0.07
AsKdJd9h,1,0.07
AsKcJc9h,1,0.07
AsKcJc9d,1,0.07
AhKdJd9c,1,0.07
AhKdJd9s,1,0.07
AhKcJc9d,1,0.07
AhKcJc9s,1,0.07
AhKsJs9c,1,0.07
AhKsJs9d,1,0.07
AdKcJc9h,1,0.07
AdKcJc9s,1,0.07
AdKsJs9c,1,0.07
AdKsJs9h,1,0.07
AdKhJh9c,1,0.07
AdKhJh9s,1,0.07
AcKsJs9h,1,0.07
AcKsJs9d,1,0.07
AcKhJh9d,1,0.07
AcKhJh9s,1,0.07
AcKdJd9s,1,0.07
AcKdJd9h,1,0.07
AsKhJh8d,1,0.02
AsKhJh8c,1,0.02
AsKdJd8c,1,0.02
AsKdJd8h,1,0.02
AsKcJc8h,1,0.02
AsKcJc8d,1,0.02
AhKdJd8c,1,0.02
AhKdJd8s,1,0.02
AhKcJc8d,1,0.02
AhKcJc8s,1,0.02
AhKsJs8c,1,0.02
AhKsJs8d,1,0.02
AdKcJc8h,1,0.02
AdKcJc8s,1,0.02
AdKsJs8c,1,0.02
AdKsJs8h,1,0.02
AdKhJh8c,1,0.02
AdKhJh8s,1,0.02
AcKsJs8h,1,0.02
AcKsJs8d,1,0.02
AcKhJh8d,1,0.02
AcKhJh8s,1,0.02
AcKdJd8s,1,0.02
AcKdJd8h,1,0.02
AsKhTh9s,1,0.7
AsKdTd9s,1,0.7
AsKcTc9s,1,0.7
AhKdTd9h,1,0.7
AhKcTc9h,1,0.7
AhKsTs9h,1,0.7
AdKcTc9d,1,0.7
AdKsTs9d,1,0.7
AdKhTh9d,1,0.7
AcKsTs9c,1,0.7
AcKhTh9c,1,0.7
AcKdTd9c,1,0.7
AsKhTh8s,1,0.58
AsKdTd8s,1,0.58
AsKcTc8s,1,0.58
AhKdTd8h,1,0.58
AhKcTc8h,1,0.58
AhKsTs8h,1,0.58
AdKcTc8d,1,0.58
AdKsTs8d,1,0.58
AdKhTh8d,1,0.58
AcKsTs8c,1,0.58
AcKhTh8c,1,0.58
AcKdTd8c,1,0.58
AsKhTh7s,1,0.51
AsKdTd7s,1,0.51
AsKcTc7s,1,0.51
AhKdTd7h,1,0.51
AhKcTc7h,1,0.51
AhKsTs7h,1,0.51
AdKcTc7d,1,0.51
AdKsTs7d,1,0.51
AdKhTh7d,1,0.51
AcKsTs7c,1,0.51
AcKhTh7c,1,0.51
AcKdTd7c,1,0.51
AsKhTh6s,1,0.38
AsKdTd6s,1,0.38
AsKcTc6s,1,0.38
AhKdTd6h,1,0.38
AhKcTc6h,1,0.38
AhKsTs6h,1,0.38
AdKcTc6d,1,0.38
AdKsTs6d,1,0.38
AdKhTh6d,1,0.38
AcKsTs6c,1,0.38
AcKhTh6c,1,0.38
AcKdTd6c,1,0.38
AsKhTh5s,1,0.43
AsKdTd5s,1,0.43
AsKcTc5s,1,0.43
AhKdTd5h,1,0.43
AhKcTc5h,1,0.43
AhKsTs5h,1,0.43
AdKcTc5d,1,0.43
AdKsTs5d,1,0.43
AdKhTh5d,1,0.43
AcKsTs5c,1,0.43
AcKhTh5c,1,0.43
AcKdTd5c,1,0.43
AsKhTh4s,1,0.43
AsKdTd4s,1,0.43
AsKcTc4s,1,0.43
AhKdTd4h,1,0.43
AhKcTc4h,1,0.43
AhKsTs4h,1,0.43
AdKcTc4d,1,0.43
AdKsTs4d,1,0.43
AdKhTh4d,1,0.43
AcKsTs4c,1,0.43
AcKhTh4c,1,0.43
AcKdTd4c,1,0.43
AsKhTh3s,1,0.44
AsKdTd3s,1,0.44
AsKcTc3s,1,0.44
AhKdTd3h,1,0.44
AhKcTc3h,1,0.44
AhKsTs3h,1,0.44
AdKcTc3d,1,0.44
AdKsTs3d,1,0.44
AdKhTh3d,1,0.44
AcKsTs3c,1,0.44
AcKhTh3c,1,0.44
AcKdTd3c,1,0.44
AsKhTh2s,1,0.39
AsKdTd2s,1,0.39
AsKcTc2s,1,0.39
AhKdTd2h,1,0.39
AhKcTc2h,1,0.39
AhKsTs2h,1,0.39
AdKcTc2d,1,0.39
AdKsTs2d,1,0.39
AdKhTh2d,1,0.39
AcKsTs2c,1,0.39
AcKhTh2c,1,0.39
AcKdTd2c,1,0.39
AsKhTh9h,1,0.05
AsKdTd9d,1,0.05
AsKcTc9c,1,0.05
AhKdTd9d,1,0.05
AhKcTc9c,1,0.05
AhKsTs9s,1,0.05
AdKcTc9c,1,0.05
AdKsTs9s,1,0.05
AdKhTh9h,1,0.05
AcKsTs9s,1,0.05
AcKhTh9h,1,0.05
AcKdTd9d,1,0.05
AsKhTh8h,1,0.01
AsKdTd8d,1,0.01
AsKcTc8c,1,0.01
AhKdTd8d,1,0.01
AhKcTc8c,1,0.01
AhKsTs8s,1,0.01
AdKcTc8c,1,0.01
AdKsTs8s,1,0.01
AdKhTh8h,1,0.01
AcKsTs8s,1,0.01
AcKhTh8h,1,0.01
AcKdTd8d,1,0.01
AsKhThTd,1,0.28
AsKhThTc,1,0.28
AsKdTdTc,1,0.28
AsKdThTd,1,0.28
AsKcThTc,1,0.28
AsKcTdTc,1,0.28
AhKdTdTc,1,0.28
AhKdTsTd,1,0.28
AhKcTdTc,1,0.28
AhKcTsTc,1,0.28
AhKsTsTc,1,0.28
AhKsTsTd,1,0.28
AdKcThTc,1,0.28
AdKcTsTc,1,0.28
AdKsTsTc,1,0.28
AdKsTsTh,1,0.28
AdKhThTc,1,0.28
AdKhTsTh,1,0.28
AcKsTsTh,1,0.28
AcKsTsTd,1,0.28
AcKhThTd,1,0.28
AcKhTsTh,1,0.28
AcKdTsTd,1,0.28
AcKdThTd,1,0.28
AsKhTh9d,1,0.12
AsKhTh9c,1,0.12
AsKdTd9c,1,0.12
AsKdTd9h,1,0.12
AsKcTc9h,1,0.12
AsKcTc9d,1,0.12
AhKdTd9c,1,0.12
AhKdTd9s,1,0.12
AhKcTc9d,1,0.12
AhKcTc9s,1,0.12
AhKsTs9c,1,0.12
AhKsTs9d,1,0.12
AdKcTc9h,1,0.12
AdKcTc9s,1,0.12
AdKsTs9c,1,0.12
AdKsTs9h,1,0.12
AdKhTh9c,1,0.12
AdKhTh9s,1,0.12
AcKsTs9h,1,0.12
AcKsTs9d,1,0.12
AcKhTh9d,1,0.12
AcKhTh9s,1,0.12
AcKdTd9s,1,0.12
AcKdTd9h,1,0.12
AsKhTh8d,1,0.07
AsKhTh8c,1,0.07
AsKdTd8c,1,0.07
AsKdTd8h,1,0.07
AsKcTc8h,1,0.07
AsKcTc8d,1,0.07
AhKdTd8c,1,0.07
AhKdTd8s,1,0.07
AhKcTc8d,1,0.07
AhKcTc8s,1,0.07
AhKsTs8c,1,0.07
AhKsTs8d,1,0.07
AdKcTc8h,1,0.07
AdKcTc8s,1,0.07
AdKsTs8c,1,0.07
AdKsTs8h,1,0.07
AdKhTh8c,1,0.07
AdKhTh8s,1,0.07
AcKsTs8h,1,0.07
AcKsTs8d,1,0.07
AcKhTh8d,1,0.07
AcKhTh8s,1,0.07
AcKdTd8s,1,0.07
AcKdTd8h,1,0.07
AsKhTh7d,1,0.03
AsKhTh7c,1,0.03
AsKdTd7c,1,0.03
AsKdTd7h,1,0.03
AsKcTc7h,1,0.03
AsKcTc7d,1,0.03
AhKdTd7c,1,0.03
AhKdTd7s,1,0.03
AhKcTc7d,1,0.03
AhKcTc7s,1,0.03
AhKsTs7c,1,0.03
AhKsTs7d,1,0.03
AdKcTc7h,1,0.03
AdKcTc7s,1,0.03
AdKsTs7c,1,0.03
AdKsTs7h,1,0.03
AdKhTh7c,1,0.03
AdKhTh7s,1,0.03
AcKsTs7h,1,0.03
AcKsTs7d,1,0.03
AcKhTh7d,1,0.03
AcKhTh7s,1,0.03
AcKdTd7s,1,0.03
AcKdTd7h,1,0.03
AsKh9h8s,1,0.37
AsKd9d8s,1,0.37
AsKc9c8s,1,0.37
AhKd9d8h,1,0.37
AhKc9c8h,1,0.37
AhKs9s8h,1,0.37
AdKc9c8d,1,0.37
AdKs9s8d,1,0.37
AdKh9h8d,1,0.37
AcKs9s8c,1,0.37
AcKh9h8c,1,0.37
AcKd9d8c,1,0.37
AsKh9h7s,1,0.31
AsKd9d7s,1,0.31
AsKc9c7s,1,0.31
AhKd9d7h,1,0.31
AhKc9c7h,1,0.31
AhKs9s7h,1,0.31
AdKc9c7d,1,0.31
AdKs9s7d,1,0.31
AdKh9h7d,1,0.31
AcKs9s7c,1,0.31
AcKh9h7c,1,0.31
AcKd9d7c,1,0.31
AsKh9h6s,1,0.19
AsKd9d6s,1,0.19
AsKc9c6s,1,0.19
AhKd9d6h,1,0.19
AhKc9c6h,1,0.19
AhKs9s6h,1,0.19
AdKc9c6d,1,0.19
AdKs9s6d,1,0.19
AdKh9h6d,1,0.19
AcKs9s6c,1,0.19
AcKh9h6c,1,0.19
AcKd9d6c,1,0.19
AsKh9h5s,1,0.18
AsKd9d5s,1,0.18
AsKc9c5s,1,0.18
AhKd9d5h,1,0.18
AhKc9c5h,1,0.18
AhKs9s5h,1,0.18
AdKc9c5d,1,0.18
AdKs9s5d,1,0.18
AdKh9h5d,1,0.18
AcKs9s5c,1,0.18
AcKh9h5c,1,0.18
AcKd9d5c,1,0.18
AsKh9h4s,1,0.07
AsKd9d4s,1,0.07
AsKc9c4s,1,0.07
AhKd9d4h,1,0.07
AhKc9c4h,1,0.07
AhKs9s4h,1,0.07
AdKc9c4d,1,0.07
AdKs9s4d,1,0.07
AdKh9h4d,1,0.07
AcKs9s4c,1,0.07
AcKh9h4c,1,0.07
AcKd9d4c,1,0.07
AsKh9h3s,1,0.05
AsKd9d3s,1,0.05
AsKc9c3s,1,0.05
AhKd9d3h,1,0.05
AhKc9c3h,1,0.05
AhKs9s3h,1,0.05
AdKc9c3d,1,0.05
AdKs9s3d,1,0.05
AdKh9h3d,1,0.05
AcKs9s3c,1,0.05
AcKh9h3c,1,0.05
AcKd9d3c,1,0.05
AsKh9h2s,1,0.02
AsKd9d2s,1,0.02
AsKc9c2s,1,0.02
AhKd9d2h,1,0.02
AhKc9c2h,1,0.02
AhKs9s2h,1,0.02
AdKc9c2d,1,0.02
AdKs9s2d,1,0.02
AdKh9h2d,1,0.02
AcKs9s2c,1,0.02
AcKh9h2c,1,0.02
AcKd9d2c,1,0.02
AsKh9h9d,1,0.09
AsKh9h9c,1,0.09
AsKd9d9c,1,0.09
AsKd9h9d,1,0.09
AsKc9h9c,1,0.09
AsKc9d9c,1,0.09
AhKd9d9c,1,0.09
AhKd9s9d,1,0.09
AhKc9d9c,1,0.09
AhKc9s9c,1,0.09
AhKs9s9c,1,0.09
AhKs9s9d,1,0.09
AdKc9h9c,1,0.09
AdKc9s9c,1,0.09
AdKs9s9c,1,0.09
AdKs9s9h,1,0.09
AdKh9h9c,1,0.09
AdKh9s9h,1,0.09
AcKs9s9h,1,0.09
AcKs9s9d,1,0.09
AcKh9h9d,1,0.09
AcKh9s9h,1,0.09
AcKd9s9d,1,0.09
AcKd9h9d,1,0.09
AsKh8h7s,1,0.44
AsKd8d7s,1,0.44
AsKc8c7s,1,0.44
AhKd8d7h,1,0.44
AhKc8c7h,1,0.44
AhKs8s7h,1,0.44
AdKc8c7d,1,0.44
AdKs8s7d,1,0.44
AdKh8h7d,1,0.44
AcKs8s7c,1,0.44
AcKh8h7c,1,0.44
AcKd8d7c,1,0.44
AsKh8h6s,1,0.33
AsKd8d6s,1,0.33
AsKc8c6s,1,0.33
AhKd8d6h,1,0.33
AhKc8c6h,1,0.33
AhKs8s6h,1,0.33
AdKc8c6d,1,0.33
AdKs8s6d,1,0.33
AdKh8h6d,1,0.33
AcKs8s6c,1,0.33
AcKh8h6c,1,0.33
AcKd8d6c,1,0.33
AsKh8h5s,1,0.33
AsKd8d5s,1,0.33
AsKc8c5s,1,0.33
AhKd8d5h,1,0.33
AhKc8c5h,1,0.33
AhKs8s5h,1,0.33
AdKc8c5d,1,0.33
AdKs8s5d,1,0.33
AdKh8h5d,1,0.33
AcKs8s5c,1,0.33
AcKh8h5c,1,0.33
AcKd8d5c,1,0.33
AsKh8h4s,1,0.18
AsKd8d4s,1,0.18
AsKc8c4s,1,0.18
AhKd8d4h,1,0.18
AhKc8c4h,1,0.18
AhKs8s4h,1,0.18
AdKc8c4d,1,0.18
AdKs8s4d,1,0.18
AdKh8h4d,1,0.18
AcKs8s4c,1,0.18
AcKh8h4c,1,0.18
AcKd8d4c,1,0.18
AsKh8h3s,1,0.04
AsKd8d3s,1,0.04
AsKc8c3s,1,0.04
AhKd8d3h,1,0.04
AhKc8c3h,1,0.04
AhKs8s3h,1,0.04
AdKc8c3d,1,0.04
AdKs8s3d,1,0.04
AdKh8h3d,1,0.04
AcKs8s3c,1,0.04
AcKh8h3c,1,0.04
AcKd8d3c,1,0.04
AsKh8h2s,1,0.01
AsKd8d2s,1,0.01
AsKc8c2s,1,0.01
AhKd8d2h,1,0.01
AhKc8c2h,1,0.01
AhKs8s2h,1,0.01
AdKc8c2d,1,0.01
AdKs8s2d,1,0.01
AdKh8h2d,1,0.01
AcKs8s2c,1,0.01
AcKh8h2c,1,0.01
AcKd8d2c,1,0.01
AsKh8h8d,1,0.05
AsKh8h8c,1,0.05
AsKd8d8c,1,0.05
AsKd8h8d,1,0.05
AsKc8h8c,1,0.05
AsKc8d8c,1,0.05
AhKd8d8c,1,0.05
AhKd8s8d,1,0.05
AhKc8d8c,1,0.05
AhKc8s8c,1,0.05
AhKs8s8c,1,0.05
AhKs8s8d,1,0.05
AdKc8h8c,1,0.05
AdKc8s8c,1,0.05
AdKs8s8c,1,0.05
AdKs8s8h,1,0.05
AdKh8h8c,1,0.05
AdKh8s8h,1,0.05
AcKs8s8h,1,0.05
AcKs8s8d,1,0.05
AcKh8h8d,1,0.05
AcKh8s8h,1,0.05
AcKd8s8d,1,0.05
AcKd8h8d,1,0.05
AsKh7h6s,1,0.44
AsKd7d6s,1,0.44
AsKc7c6s,1,0.44
AhKd7d6h,1,0.44
AhKc7c6h,1,0.44
AhKs7s6h,1,0.44
AdKc7c6d,1,0.44
AdKs7s6d,1,0.44
AdKh7h6d,1,0.44
AcKs7s6c,1,0.44
AcKh7h6c,1,0.44
AcKd7d6c,1,0.44
AsKh7h5s,1,0.49
AsKd7d5s,1,0.49
AsKc7c5s,1,0.49
AhKd7d5h,1,0.49
AhKc7c5h,1,0.49
AhKs7s5h,1,0.49
AdKc7c5d,1,0.49
AdKs7s5d,1,0.49
AdKh7h5d,1,0.49
AcKs7s5c,1,0.49
AcKh7h5c,1,0.49
AcKd7d5c,1,0.49
AsKh7h4s,1,0.32
AsKd7d4s,1,0.32
AsKc7c4s,1,0.32
AhKd7d4h,1,0.32
AhKc7c4h,1,0.32
AhKs7s4h,1,0.32
AdKc7c4d,1,0.32
AdKs7s4d,1,0.32
AdKh7h4d,1,0.32
AcKs7s4c,1,0.32
AcKh7h4c,1,0.32
AcKd7d4c,1,0.32
AsKh7h3s,1,0.15
AsKd7d3s,1,0.15
AsKc7c3s,1,0.15
AhKd7d3h,1,0.15
AhKc7c3h,1,0.15
AhKs7s3h,1,0.15
AdKc7c3d,1,0.15
AdKs7s3d,1,0.15
AdKh7h3d,1,0.15
AcKs7s3c,1,0.15
AcKh7h3c,1,0.15
AcKd7d3c,1,0.15
AsKh7h7d,1,0
AsKh7h7c,1,0
AsKd7d7c,1,0
AsKd7h7d,1,0
AsKc7h7c,1,0
AsKc7d7c,1,0
AhKd7d7c,1,0
AhKd7s7d,1,0
AhKc7d7c,1,0
AhKc7s7c,1,0
AhKs7s7c,1,0
AhKs7s7d,1,0
AdKc7h7c,1,0
AdKc7s7c,1,0
AdKs7s7c,1,0
AdKs7s7h,1,0
AdKh7h7c,1,0
AdKh7s7h,1,0
AcKs7s7h,1,0
AcKs7s7d,1,0
AcKh7h7d,1,0
AcKh7s7h,1,0
AcKd7s7d,1,0
AcKd7h7d,1,0
AsKh6h5s,1,0.48
AsKd6d5s,1,0.48
AsKc6c5s,1,0.48
AhKd6d5h,1,0.48
AhKc6c5h,1,0.48
AhKs6s5h,1,0.48
AdKc6c5d,1,0.48
AdKs6s5d,1,0.48
AdKh6h5d,1,0.48
AcKs6s5c,1,0.48
AcKh6h5c,1,0.48
AcKd6d5c,1,0.48
AsKh6h4s,1,0.36
AsKd6d4s,1,0.36
AsKc6c4s,1,0.36
AhKd6d4h,1,0.36
AhKc6c4h,1,0.36
AhKs6s4h,1,0.36
AdKc6c4d,1,0.36
AdKs6s4d,1,0.36
AdKh6h4d,1,0.36
AcKs6s4c,1,0.36
AcKh6h4c,1,0.36
AcKd6d4c,1,0.36
AsKh6h3s,1,0.18
AsKd6d3s,1,0.18
AsKc6c3s,1,0.18
AhKd6d3h,1,0.18
AhKc6c3h,1,0.18
AhKs6s3h,1,0.18
AdKc6c3d,1,0.18
AdKs6s3d,1,0.18
AdKh6h3d,1,0.18
AcKs6s3c,1,0.18
AcKh6h3c,1,0.18
AcKd6d3c,1,0.18
AsKh6h2s,1,0.01
AsKd6d2s,1,0.01
AsKc6c2s,1,0.01
AhKd6d2h,1,0.01
AhKc6c2h,1,0.01
AhKs6s2h,1,0.01
AdKc6c2d,1,0.01
AdKs6s2d,1,0.01
AdKh6h2d,1,0.01
AcKs6s2c,1,0.01
AcKh6h2c,1,0.01
AcKd6d2c,1,0.01
AsKh5h4s,1,0.67
AsKd5d4s,1,0.67
AsKc5c4s,1,0.67
AhKd5d4h,1,0.67
AhKc5c4h,1,0.67
AhKs5s4h,1,0.67
AdKc5c4d,1,0.67
AdKs5s4d,1,0.67
AdKh5h4d,1,0.67
AcKs5s4c,1,0.67
AcKh5h4c,1,0.67
AcKd5d4c,1,0.67
AsKh5h3s,1,0.52
AsKd5d3s,1,0.52
AsKc5c3s,1,0.52
AhKd5d3h,1,0.52
AhKc5c3h,1,0.52
AhKs5s3h,1,0.52
AdKc5c3d,1,0.52
AdKs5s3d,1,0.52
AdKh5h3d,1,0.52
AcKs5s3c,1,0.52
AcKh5h3c,1,0.52
AcKd5d3c,1,0.52
AsKh5h2s,1,0.29
AsKd5d2s,1,0.29
AsKc5c2s,1,0.29
AhKd5d2h,1,0.29
AhKc5c2h,1,0.29
AhKs5s2h,1,0.29
AdKc5c2d,1,0.29
AdKs5s2d,1,0.29
AdKh5h2d,1,0.29
AcKs5s2c,1,0.29
AcKh5h2c,1,0.29
AcKd5d2c,1,0.29
AsKh4h3s,1,0.47
AsKd4d3s,1,0.47
AsKc4c3s,1,0.47
AhKd4d3h,1,0.47
AhKc4c3h,1,0.47
AhKs4s3h,1,0.47
AdKc4c3d,1,0.47
AdKs4s3d,1,0.47
AdKh4h3d,1,0.47
AcKs4s3c,1,0.47
AcKh4h3c,1,0.47
AcKd4d3c,1,0.47
AsKh4h2s,1,0.3
AsKd4d2s,1,0.3
AsKc4c2s,1,0.3
AhKd4d2h,1,0.3
AhKc4c2h,1,0.3
AhKs4s2h,1,0.3
AdKc4c2d,1,0.3
AdKs4s2d,1,0.3
AdKh4h2d,1,0.3
AcKs4s2c,1,0.3
AcKh4h2c,1,0.3
AcKd4d2c,1,0.3
AsKh3h2s,1,0.25
AsKd3d2s,1,0.25
AsKc3c2s,1,0.25
AhKd3d2h,1,0.25
AhKc3c2h,1,0.25
AhKs3s2h,1,0.25
AdKc3c2d,1,0.25
AdKs3s2d,1,0.25
AdKh3h2d,1,0.25
AcKs3s2c,1,0.25
AcKh3h2c,1,0.25
AcKd3d2c,1,0.25
AsKhKdQs,1,0.96
AsKhKcQs,1,0.96
AsKdKcQs,1,0.96
AhKdKcQh,1,0.96
AhKsKdQh,1,0.96
AhKsKcQh,1,0.96
AdKhKcQd,1,0.96
AdKsKcQd,1,0.96
AdKsKhQd,1,0.96
AcKsKhQc,1,0.96
AcKsKdQc,1,0.96
AcKhKdQc,1,0.96
AsKhKdJs,1,0.95
AsKhKcJs,1,0.95
AsKdKcJs,1,0.95
AhKdKcJh,1,0.95
AhKsKdJh,1,0.95
AhKsKcJh,1,0.95
AdKhKcJd,1,0.95
AdKsKcJd,1,0.95
AdKsKhJd,1,0.95
AcKsKhJc,1,0.95
AcKsKdJc,1,0.95
AcKhKdJc,1,0.95
AsKhKdTs,1,0.96
AsKhKcTs,1,0.96
AsKdKcTs,1,0.96
AhKdKcTh,1,0.96
AhKsKdTh,1,0.96
AhKsKcTh,1,0.96
AdKhKcTd,1,0.96
AdKsKcTd,1,0.96
AdKsKhTd,1,0.96
AcKsKhTc,1,0.96
AcKsKdTc,1,0.96
AcKhKdTc,1,0.96
AsKhKd9s,1,0.68
AsKhKc9s,1,0.68
AsKdKc9s,1,0.68
AhKdKc9h,1,0.68
AhKsKd9h,1,0.68
AhKsKc9h,1,0.68
AdKhKc9d,1,0.68
AdKsKc9d,1,0.68
AdKsKh9d,1,0.68
AcKsKh9c,1,0.68
AcKsKd9c,1,0.68
AcKhKd9c,1,0.68
AsKhKd8s,1,0.68
AsKhKc8s,1,0.68
AsKdKc8s,1,0.68
AhKdKc8h,1,0.68
AhKsKd8h,1,0.68
AhKsKc8h,1,0.68
AdKhKc8d,1,0.68
AdKsKc8d,1,0.68
AdKsKh8d,1,0.68
AcKsKh8c,1,0.68
AcKsKd8c,1,0.68
AcKhKd8c,1,0.68
AsKhKd7s,1,0.67
AsKhKc7s,1,0.67
AsKdKc7s,1,0.67
AhKdKc7h,1,0.67
AhKsKd7h,1,0.67
AhKsKc7h,1,0.67
AdKhKc7d,1,0.67
AdKsKc7d,1,0.67
AdKsKh7d,1,0.67
AcKsKh7c,1,0.67
AcKsKd7c,1,0.67
AcKhKd7c,1,0.67
AsKhKd6s,1,0.65
AsKhKc6s,1,0.65
AsKdKc6s,1,0.65
AhKdKc6h,1,0.65
AhKsKd6h,1,0.65
AhKsKc6h,1,0.65
AdKhKc6d,1,0.65
AdKsKc6d,1,0.65
AdKsKh6d,1,0.65
AcKsKh6c,1,0.65
AcKsKd6c,1,0.65
AcKhKd6c,1,0.65
AsKhKd5s,1,0.8
AsKhKc5s,1,0.8
AsKdKc5s,1,0.8
AhKdKc5h,1,0.8
AhKsKd5h,1,0.8
AhKsKc5h,1,0.8
AdKhKc5d,1,0.8
AdKsKc5d,1,0.8
AdKsKh5d,1,0.8
AcKsKh5c,1,0.8
AcKsKd5c,1,0.8
AcKhKd5c,1,0.8
AsKhKd4s,1,0.79
AsKhKc4s,1,0.79
AsKdKc4s,1,0.79
AhKdKc4h,1,0.79
AhKsKd4h,1,0.79
AhKsKc4h,1,0.79
AdKhKc4d,1,0.79
AdKsKc4d,1,0.79
AdKsKh4d,1,0.79
AcKsKh4c,1,0.79
AcKsKd4c,1,0.79
AcKhKd4c,1,0.79
AsKhKd3s,1,0.76
AsKhKc3s,1,0.76
AsKdKc3s,1,0.76
AhKdKc3h,1,0.76
AhKsKd3h,1,0.76
AhKsKc3h,1,0.76
AdKhKc3d,1,0.76
AdKsKc3d,1,0.76
AdKsKh3d,1,0.76
AcKsKh3c,1,0.76
AcKsKd3c,1,0.76
AcKhKd3c,1,0.76
AsKhKd2s,1,0.7
AsKhKc2s,1,0.7
AsKdKc2s,1,0.7
AhKdKc2h,1,0.7
AhKsKd2h,1,0.7
AhKsKc2h,1,0.7
AdKhKc2d,1,0.7
AdKsKc2d,1,0.7
AdKsKh2d,1,0.7
AcKsKh2c,1,0.7
AcKsKd2c,1,0.7
AcKhKd2c,1,0.7
AsKhKdQh,1,0.69
AsKhKcQh,1,0.69
AsKdKcQd,1,0.69
AsKhKdQd,1,0.69
AsKhKcQc,1,0.69
AsKdKcQc,1,0.69
AhKdKcQd,1,0.69
AhKsKdQd,1,0.69
AhKdKcQc,1,0.69
AhKsKcQc,1,0.69
AhKsKcQs,1,0.69
AhKsKdQs,1,0.69
AdKhKcQc,1,0.69
AdKsKcQc,1,0.69
AdKsKcQs,1,0.69
AdKsKhQs,1,0.69
AdKhKcQh,1,0.69
AdKsKhQh,1,0.69
AcKsKhQs,1,0.69
AcKsKdQs,1,0.69
AcKhKdQh,1,0.69
AcKsKhQh,1,0.69
AcKsKdQd,1,0.69
AcKhKdQd,1,0.69
AsKhKdJh,1,0.68
AsKhKcJh,1,0.68
AsKdKcJd,1,0.68
AsKhKdJd,1,0.68
AsKhKcJc,1,0.68
AsKdKcJc,1,0.68
AhKdKcJd,1,0.68
AhKsKdJd,1,0.68
AhKdKcJc,1,0.68
AhKsKcJc,1,0.68
AhKsKcJs,1,0.68
AhKsKdJs,1,0.68
AdKhKcJc,1,0.68
AdKsKcJc,1,0.68
AdKsKcJs,1,0.68
AdKsKhJs,1,0.68
AdKhKcJh,1,0.68
AdKsKhJh,1,0.68
AcKsKhJs,1,0.68
AcKsKdJs,1,0.68
AcKhKdJh,1,0.68
AcKsKhJh,1,0.68
AcKsKdJd,1,0.68
AcKhKdJd,1,0.68
AsKhKdTh,1,0.68
AsKhKcTh,1,0.68
AsKdKcTd,1,0.68
AsKhKdTd,1,0.68
AsKhKcTc,1,0.68
AsKdKcTc,1,0.68
AhKdKcTd,1,0.68
AhKsKdTd,1,0.68
AhKdKcTc,1,0.68
AhKsKcTc,1,0.68
AhKsKcTs,1,0.68
AhKsKdTs,1,0.68
AdKhKcTc,1,0.68
AdKsKcTc,1,0.68
AdKsKcTs,1,0.68
AdKsKhTs,1,0.68
AdKhKcTh,1,0.68
AdKsKhTh,1,0.68
AcKsKhTs,1,0.68
AcKsKdTs,1,0.68
AcKhKdTh,1,0.68
AcKsKhTh,1,0.68
AcKsKdTd,1,0.68
AcKhKdTd,1,0.68
AsKhKd9h,1,0.41
AsKhKc9h,1,0.41
AsKdKc9d,1,0.41
AsKhKd9d,1,0.41
AsKhKc9c,1,0.41
AsKdKc9c,1,0.41
AhKdKc9d,1,0.41
AhKsKd9d,1,0.41
AhKdKc9c,1,0.41
AhKsKc9c,1,0.41
AhKsKc9s,1,0.41
AhKsKd9s,1,0.41
AdKhKc9c,1,0.41
AdKsKc9c,1,0.41
AdKsKc9s,1,0.41
AdKsKh9s,1,0.41
AdKhKc9h,1,0.41
AdKsKh9h,1,0.41
AcKsKh9s,1,0.41
AcKsKd9s,1,0.41
AcKhKd9h,1,0.41
AcKsKh9h,1,0.41
AcKsKd9d,1,0.41
AcKhKd9d,1,0.41
AsKhKd8h,1,0.41
AsKhKc8h,1,0.41
AsKdKc8d,1,0.41
AsKhKd8d,1,0.41
AsKhKc8c,1,0.41
AsKdKc8c,1,0.41
AhKdKc8d,1,0.41
AhKsKd8d,1,0.41
AhKdKc8c,1,0.41
AhKsKc8c,1,0.41
AhKsKc8s,1,0.41
AhKsKd8s,1,0.41
AdKhKc8c,1,0.41
AdKsKc8c,1,0.41
AdKsKc8s,1,0.41
AdKsKh8s,1,0.41
AdKhKc8h,1,0.41
AdKsKh8h,1,0.41
AcKsKh8s,1,0.41
AcKsKd8s,1,0.41
AcKhKd8h,1,0.41
AcKsKh8h,1,0.41
AcKsKd8d,1,0.41
AcKhKd8d,1,0.41
AsKhKd7h,1,0.42
AsKhKc7h,1,0.42
AsKdKc7d,1,0.42
AsKhKd7d,1,0.42
AsKhKc7c,1,0.42
AsKdKc7c,1,0.42
AhKdKc7d,1,0.42
AhKsKd7d,1,0.42
AhKdKc7c,1,0.42
AhKsKc7c,1,0.42
AhKsKc7s,1,0.42
AhKsKd7s,1,0.42
AdKhKc7c,1,0.42
AdKsKc7c,1,0.42
AdKsKc7s,1,0.42
AdKsKh7s,1,0.42
AdKhKc7h,1,0.42
AdKsKh7h,1,0.42
AcKsKh7s,1,0.42
AcKsKd7s,1,0.42
AcKhKd7h,1,0.42
AcKsKh7h,1,0.42
AcKsKd7d,1,0.42
AcKhKd7d,1,0.42
AsKhKd6h,1,0.4
AsKhKc6h,1,0.4
AsKdKc6d,1,0.4
AsKhKd6d,1,0.4
AsKhKc6c,1,0.4
AsKdKc6c,1,0.4
AhKdKc6d,1,0.4
AhKsKd6d,1,0.4
AhKdKc6c,1,0.4
AhKsKc6c,1,0.4
AhKsKc6s,1,0.4
AhKsKd6s,1,0.4
AdKhKc6c,1,0.4
AdKsKc6c,1,0.4
AdKsKc6s,1,0.4
AdKsKh6s,1,0.4
AdKhKc6h,1,0.4
AdKsKh6h,1,0.4
AcKsKh6s,1,0.4
AcKsKd6s,1,0.4
AcKhKd6h,1,0.4
AcKsKh6h,1,0.4
AcKsKd6d,1,0.4
AcKhKd6d,1,0.4
AsKhKd5h,1,0.5
AsKhKc5h,1,0.5
AsKdKc5d,1,0.5
AsKhKd5d,1,0.5
AsKhKc5c,1,0.5
AsKdKc5c,1,0.5
AhKdKc5d,1,0.5
AhKsKd5d,1,0.5
AhKdKc5c,1,0.5
AhKsKc5c,1,0.5
AhKsKc5s,1,0.5
AhKsKd5s,1,0.5
AdKhKc5c,1,0.5
AdKsKc5c,1,0.5
AdKsKc5s,1,0.5
AdKsKh5s,1,0.5
AdKhKc5h,1,0.5
AdKsKh5h,1,0.5
AcKsKh5s,1,0.5
AcKsKd5s,1,0.5
AcKhKd5h,1,0.5
AcKsKh5h,1,0.5
AcKsKd5d,1,0.5
AcKhKd5d,1,0.5
AsKhKd4h,1,0.49
AsKhKc4h,1,0.49
AsKdKc4d,1,0.49
AsKhKd4d,1,0.49
AsKhKc4c,1,0.49
AsKdKc4c,1,0.49
AhKdKc4d,1,0.49
AhKsKd4d,1,0.49
AhKdKc4c,1,0.49
AhKsKc4c,1,0.49
AhKsKc4s,1,0.49
AhKsKd4s,1,0.49
AdKhKc4c,1,0.49
AdKsKc4c,1,0.49
AdKsKc4s,1,0.49
AdKsKh4s,1,0.49
AdKhKc4h,1,0.49
AdKsKh4h,1,0.49
AcKsKh4s,1,0.49
AcKsKd4s,1,0.49
AcKhKd4h,1,0.49
AcKsKh4h,1,0.49
AcKsKd4d,1,0.49
AcKhKd4d,1,0.49
AsKhKd3h,1,0.46
AsKhKc3h,1,0.46
AsKdKc3d,1,0.46
AsKhKd3d,1,0.46
AsKhKc3c,1,0.46
AsKdKc3c,1,0.46
AhKdKc3d,1,0.46
AhKsKd3d,1,0.46
AhKdKc3c,1,0.46
AhKsKc3c,1,0.46
AhKsKc3s,1,0.46
AhKsKd3s,1,0.46
AdKhKc3c,1,0.46
AdKsKc3c,1,0.46
AdKsKc3s,1,0.46
AdKsKh3s,1,0.46
AdKhKc3h,1,0.46
AdKsKh3h,1,0.46
AcKsKh3s,1,0.46
AcKsKd3s,1,0.46
AcKhKd3h,1,0.46
AcKsKh3h,1,0.46
AcKsKd3d,1,0.46
AcKhKd3d,1,0.46
AsKhKd2h,1,0.4
AsKhKc2h,1,0.4
AsKdKc2d,1,0.4
AsKhKd2d,1,0.4
AsKhKc2c,1,0.4
AsKdKc2c,1,0.4
AhKdKc2d,1,0.4
AhKsKd2d,1,0.4
AhKdKc2c,1,0.4
AhKsKc2c,1,0.4
AhKsKc2s,1,0.4
AhKsKd2s,1,0.4
AdKhKc2c,1,0.4
AdKsKc2c,1,0.4
AdKsKc2s,1,0.4
AdKsKh2s,1,0.4
AdKhKc2h,1,0.4
AdKsKh2h,1,0.4
AcKsKh2s,1,0.4
AcKsKd2s,1,0.4
AcKhKd2h,1,0.4
AcKsKh2h,1,0.4
AcKsKd2d,1,0.4
AcKhKd2d,1,0.4
AsKhKdQc,1,0.33
AsKhKcQd,1,0.33
AsKdKcQh,1,0.33
AhKdKcQs,1,0.33
AhKsKdQc,1,0.33
AhKsKcQd,1,0.33
AdKhKcQs,1,0.33
AdKsKcQh,1,0.33
AdKsKhQc,1,0.33
AcKsKhQd,1,0.33
AcKsKdQh,1,0.33
AcKhKdQs,1,0.33
AsKhKdJc,1,0.33
AsKhKcJd,1,0.33
AsKdKcJh,1,0.33
AhKdKcJs,1,0.33
AhKsKdJc,1,0.33
AhKsKcJd,1,0.33
AdKhKcJs,1,0.33
AdKsKcJh,1,0.33
AdKsKhJc,1,0.33
AcKsKhJd,1,0.33
AcKsKdJh,1,0.33
AcKhKdJs,1,0.33
AsKhKdTc,1,0.33
AsKhKcTd,1,0.33
AsKdKcTh,1,0.33
AhKdKcTs,1,0.33
AhKsKdTc,1,0.33
AhKsKcTd,1,0.33
AdKhKcTs,1,0.33
AdKsKcTh,1,0.33
AdKsKhTc,1,0.33
AcKsKhTd,1,0.33
AcKsKdTh,1,0.33
AcKhKdTs,1,0.33
AsKhKd9c,1,0.2
AsKhKc9d,1,0.2
AsKdKc9h,1,0.2
AhKdKc9s,1,0.2
AhKsKd9c,1,0.2
AhKsKc9d,1,0.2
AdKhKc9s,1,0.2
AdKsKc9h,1,0.2
AdKsKh9c,1,0.2
AcKsKh9d,1,0.2
AcKsKd9h,1,0.2
AcKhKd9s,1,0.2
AsKhKd8c,1,0.2
AsKhKc8d,1,0.2
AsKdKc8h,1,0.2
AhKdKc8s,1,0.2
AhKsKd8c,1,0.2
AhKsKc8d,1,0.2
AdKhKc8s,1,0.2
AdKsKc8h,1,0.2
AdKsKh8c,1,0.2
AcKsKh8d,1,0.2
AcKsKd8h,1,0.2
AcKhKd8s,1,0.2
AsKhKd7c,1,0.19
AsKhKc7d,1,0.19
AsKdKc7h,1,0.19
AhKdKc7s,1,0.19
AhKsKd7c,1,0.19
AhKsKc7d,1,0.19
AdKhKc7s,1,0.19
AdKsKc7h,1,0.19
AdKsKh7c,1,0.19
AcKsKh7d,1,0.19
AcKsKd7h,1,0.19
AcKhKd7s,1,0.19
AsKhKd6c,1,0.17
AsKhKc6d,1,0.17
AsKdKc6h,1,0.17
AhKdKc6s,1,0.17
AhKsKd6c,1,0.17
AhKsKc6d,1,0.17
AdKhKc6s,1,0.17
AdKsKc6h,1,0.17
AdKsKh6c,1,0.17
AcKsKh6d,1,0.17
AcKsKd6h,1,0.17
AcKhKd6s,1,0.17
AsKhKd5c,1,0.21
AsKhKc5d,1,0.21
AsKdKc5h,1,0.21
AhKdKc5s,1,0.21
AhKsKd5c,1,0.21
AhKsKc5d,1,0.21
AdKhKc5s,1,0.21
AdKsKc5h,1,0.21
AdKsKh5c,1,0.21
AcKsKh5d,1,0.21
AcKsKd5h,1,0.21
AcKhKd5s,1,0.21
AsKhKd4c,1,0.18
AsKhKc4d,1,0.18
AsKdKc4h,1,0.18
AhKdKc4s,1,0.18
AhKsKd4c,1,0.18
AhKsKc4d,1,0.18
AdKhKc4s,1,0.18
AdKsKc4h,1,0.18
AdKsKh4c,1,0.18
AcKsKh4d,1,0.18
AcKsKd4h,1,0.18
AcKhKd4s,1,0.18
AsKhKd3c,1,0.15
AsKhKc3d,1,0.15
AsKdKc3h,1,0.15
AhKdKc3s,1,0.15
AhKsKd3c,1,0.15
AhKsKc3d,1,0.15
AdKhKc3s,1,0.15
AdKsKc3h,1,0.15
AdKsKh3c,1,0.15
AcKsKh3d,1,0.15
AcKsKd3h,1,0.15
AcKhKd3s,1,0.15
AsKhKd2c,1,0.11
AsKhKc2d,1,0.11
AsKdKc2h,1,0.11
AhKdKc2s,1,0.11
AhKsKd2c,1,0.11
AhKsKc2d,1,0.11
AdKhKc2s,1,0.11
AdKsKc2h,1,0.11
AdKsKh2c,1,0.11
AcKsKh2d,1,0.11
AcKsKd2h,1,0.11
AcKhKd2s,1,0.11
AsKhQdJs,1,0.49
AsKhQcJs,1,0.49
AsKdQcJs,1,0.49
AsKdQhJs,1,0.49
AsKcQhJs,1,0.49
AsKcQdJs,1,0.49
AhKdQcJh,1,0.49
AhKdQsJh,1,0.49
AhKcQdJh,1,0.49
AhKcQsJh,1,0.49
AhKsQcJh,1,0.49
AhKsQdJh,1,0.49
AdKcQhJd,1,0.49
AdKcQsJd,1,0.49
AdKsQcJd,1,0.49
AdKsQhJd,1,0.49
AdKhQcJd,1,0.49
AdKhQsJd,1,0.49
AcKsQhJc,1,0.49
AcKsQdJc,1,0.49
AcKhQdJc,1,0.49
AcKhQsJc,1,0.49
AcKdQsJc,1,0.49
AcKdQhJc,1,0.49
AsKhQdTs,1,0.48
AsKhQcTs,1,0.48
AsKdQcTs,1,0.48
AsKdQhTs,1,0.48
AsKcQhTs,1,0.48
AsKcQdTs,1,0.48
AhKdQcTh,1,0.48
AhKdQsTh,1,0.48
AhKcQdTh,1,0.48
AhKcQsTh,1,0.48
AhKsQcTh,1,0.48
AhKsQdTh,1,0.48
AdKcQhTd,1,0.48
AdKcQsTd,1,0.48
AdKsQcTd,1,0.48
AdKsQhTd,1,0.48
AdKhQcTd,1,0.48
AdKhQsTd,1,0.48
AcKsQhTc,1,0.48
AcKsQdTc,1,0.48
AcKhQdTc,1,0.48
AcKhQsTc,1,0.48
AcKdQsTc,1,0.48
AcKdQhTc,1,0.48
AsKhQd9s,1,0.13
AsKhQc9s,1,0.13
AsKdQc9s,1,0.13
AsKdQh9s,1,0.13
AsKcQh9s,1,0.13
AsKcQd9s,1,0.13
AhKdQc9h,1,0.13
AhKdQs9h,1,0.13
AhKcQd9h,1,0.13
AhKcQs9h,1,0.13
AhKsQc9h,1,0.13
AhKsQd9h,1,0.13
AdKcQh9d,1,0.13
AdKcQs9d,1,0.13
AdKsQc9d,1,0.13
AdKsQh9d,1,0.13
AdKhQc9d,1,0.13
AdKhQs9d,1,0.13
AcKsQh9c,1,0.13
AcKsQd9c,1,0.13
AcKhQd9c,1,0.13
AcKhQs9c,1,0.13
AcKdQs9c,1,0.13
AcKdQh9c,1,0.13
AsKhQd8s,1,0.09
AsKhQc8s,1,0.09
AsKdQc8s,1,0.09
AsKdQh8s,1,0.09
AsKcQh8s,1,0.09
AsKcQd8s,1,0.09
AhKdQc8h,1,0.09
AhKdQs8h,1,0.09
AhKcQd8h,1,0.09
AhKcQs8h,1,0.09
AhKsQc8h,1,0.09
AhKsQd8h,1,0.09
AdKcQh8d,1,0.09
AdKcQs8d,1,0.09
AdKsQc8d,1,0.09
AdKsQh8d,1,0.09
AdKhQc8d,1,0.09
AdKhQs8d,1,0.09
AcKsQh8c,1,0.09
AcKsQd8c,1,0.09
AcKhQd8c,1,0.09
AcKhQs8c,1,0.09
AcKdQs8c,1,0.09
AcKdQh8c,1,0.09
AsKhQd7s,1,0.08
AsKhQc7s,1,0.08
AsKdQc7s,1,0.08
AsKdQh7s,1,0.08
AsKcQh7s,1,0.08
AsKcQd7s,1,0.08
AhKdQc7h,1,0.08
AhKdQs7h,1,0.08
AhKcQd7h,1,0.08
AhKcQs7h,1,0.08
AhKsQc7h,1,0.08
AhKsQd7h,1,0.08
AdKcQh7d,1,0.08
AdKcQs7d,1,0.08
AdKsQc7d,1,0.08
AdKsQh7d,1,0.08
AdKhQc7d,1,0.08
AdKhQs7d,1,0.08
AcKsQh7c,1,0.08
AcKsQd7c,1,0.08
AcKhQd7c,1,0.08
AcKhQs7c,1,0.08
AcKdQs7c,1,0.08
AcKdQh7c,1,0.08
AsKhQd6s,1,0.07
AsKhQc6s,1,0.07
AsKdQc6s,1,0.07
AsKdQh6s,1,0.07
AsKcQh6s,1,0.07
AsKcQd6s,1,0.07
AhKdQc6h,1,0.07
AhKdQs6h,1,0.07
AhKcQd6h,1,0.07
AhKcQs6h,1,0.07
AhKsQc6h,1,0.07
AhKsQd6h,1,0.07
AdKcQh6d,1,0.07
AdKcQs6d,1,0.07
AdKsQc6d,1,0.07
AdKsQh6d,1,0.07
AdKhQc6d,1,0.07
AdKhQs6d,1,0.07
AcKsQh6c,1,0.07
AcKsQd6c,1,0.07
AcKhQd6c,1,0.07
AcKhQs6c,1,0.07
AcKdQs6c,1,0.07
AcKdQh6c,1,0.07
AsKhQd5s,1,0.11
AsKhQc5s,1,0.11
AsKdQc5s,1,0.11
AsKdQh5s,1,0.11
AsKcQh5s,1,0.11
AsKcQd5s,1,0.11
AhKdQc5h,1,0.11
AhKdQs5h,1,0.11
AhKcQd5h,1,0.11
AhKcQs5h,1,0.11
AhKsQc5h,1,0.11
AhKsQd5h,1,0.11
AdKcQh5d,1,0.11
AdKcQs5d,1,0.11
AdKsQc5d,1,0.11
AdKsQh5d,1,0.11
AdKhQc5d,1,0.11
AdKhQs5d,1,0.11
AcKsQh5c,1,0.11
AcKsQd5c,1,0.11
AcKhQd5c,1,0.11
AcKhQs5c,1,0.11
AcKdQs5c,1,0.11
AcKdQh5c,1,0.11
AsKhQd4s,1,0.11
AsKhQc4s,1,0.11
AsKdQc4s,1,0.11
AsKdQh4s,1,0.11
AsKcQh4s,1,0.11
AsKcQd4s,1,0.11
AhKdQc4h,1,0.11
AhKdQs4h,1,0.11
AhKcQd4h,1,0.11
AhKcQs4h,1,0.11
AhKsQc4h,1,0.11
AhKsQd4h,1,0.11
AdKcQh4d,1,0.11
AdKcQs4d,1,0.11
AdKsQc4d,1,0.11
AdKsQh4d,1,0.11
AdKhQc4d,1,0.11
AdKhQs4d,1,0.11
AcKsQh4c,1,0.11
AcKsQd4c,1,0.11
AcKhQd4c,1,0.11
AcKhQs4c,1,0.11
AcKdQs4c,1,0.11
AcKdQh4c,1,0.11
AsKhQd3s,1,0.1
AsKhQc3s,1,0.1
AsKdQc3s,1,0.1
AsKdQh3s,1,0.1
AsKcQh3s,1,0.1
AsKcQd3s,1,0.1
AhKdQc3h,1,0.1
AhKdQs3h,1,0.1
AhKcQd3h,1,0.1
AhKcQs3h,1,0.1
AhKsQc3h,1,0.1
AhKsQd3h,1,0.1
AdKcQh3d,1,0.1
AdKcQs3d,1,0.1
AdKsQc3d,1,0.1
AdKsQh3d,1,0.1
AdKhQc3d,1,0.1
AdKhQs3d,1,0.1
AcKsQh3c,1,0.1
AcKsQd3c,1,0.1
AcKhQd3c,1,0.1
AcKhQs3c,1,0.1
AcKdQs3c,1,0.1
AcKdQh3c,1,0.1
AsKhQd2s,1,0.05
AsKhQc2s,1,0.05
AsKdQc2s,1,0.05
AsKdQh2s,1,0.05
AsKcQh2s,1,0.05
AsKcQd2s,1,0.05
AhKdQc2h,1,0.05
AhKdQs2h,1,0.05
AhKcQd2h,1,0.05
AhKcQs2h,1,0.05
AhKsQc2h,1,0.05
AhKsQd2h,1,0.05
AdKcQh2d,1,0.05
AdKcQs2d,1,0.05
AdKsQc2d,1,0.05
AdKsQh2d,1,0.05
AdKhQc2d,1,0.05
AdKhQs2d,1,0.05
AcKsQh2c,1,0.05
AcKsQd2c,1,0.05
AcKhQd2c,1,0.05
AcKhQs2c,1,0.05
AcKdQs2c,1,0.05
AcKdQh2c,1,0.05
AsKhQdJh,1,0.26
AsKhQcJh,1,0.26
AsKdQcJd,1,0.26
AsKdQhJd,1,0.26
AsKcQhJc,1,0.26
AsKcQdJc,1,0.26
AhKdQcJd,1,0.26
AhKdQsJd,1,0.26
AhKcQdJc,1,0.26
AhKcQsJc,1,0.26
AhKsQcJs,1,0.26
AhKsQdJs,1,0.26
AdKcQhJc,1,0.26
AdKcQsJc,1,0.26
AdKsQcJs,1,0.26
AdKsQhJs,1,0.26
AdKhQcJh,1,0.26
AdKhQsJh,1,0.26
AcKsQhJs,1,0.26
AcKsQdJs,1,0.26
AcKhQdJh,1,0.26
AcKhQsJh,1,0.26
AcKdQsJd,1,0.26
AcKdQhJd,1,0.26
AsKhQdTh,1,0.24
AsKhQcTh,1,0.24
AsKdQcTd,1,0.24
AsKdQhTd,1,0.24
AsKcQhTc,1,0.24
AsKcQdTc,1,0.24
AhKdQcTd,1,0.24
AhKdQsTd,1,0.24
AhKcQdTc,1,0.24
AhKcQsTc,1,0.24
AhKsQcTs,1,0.24
AhKsQdTs,1,0.24
AdKcQhTc,1,0.24
AdKcQsTc,1,0.24
AdKsQcTs,1,0.24
AdKsQhTs,1,0.24
AdKhQcTh,1,0.24
AdKhQsTh,1,0.24
AcKsQhTs,1,0.24
AcKsQdTs,1,0.24
AcKhQdTh,1,0.24
AcKhQsTh,1,0.24
AcKdQsTd,1,0.24
AcKdQhTd,1,0.24
AsKhQd9h,1,0.05
AsKhQc9h,1,0.05
AsKdQc9d,1,0.05
AsKdQh9d,1,0.05
AsKcQh9c,1,0.05
AsKcQd9c,1,0.05
AhKdQc9d,1,0.05
AhKdQs9d,1,0.05
AhKcQd9c,1,0.05
AhKcQs9c,1,0.05
AhKsQc9s,1,0.05
AhKsQd9s,1,0.05
AdKcQh9c,1,0.05
AdKcQs9c,1,0.05
AdKsQc9s,1,0.05
AdKsQh9s,1,0.05
AdKhQc9h,1,0.05
AdKhQs9h,1,0.05
AcKsQh9s,1,0.05
AcKsQd9s,1,0.05
AcKhQd9h,1,0.05
AcKhQs9h,1,0.05
AcKdQs9d,1,0.05
AcKdQh9d,1,0.05
AsKhQd8h,1,0.01
AsKhQc8h,1,0.01
AsKdQc8d,1,0.01
AsKdQh8d,1,0.01
AsKcQh8c,1,0.01
AsKcQd8c,1,0.01
AhKdQc8d,1,0.01
AhKdQs8d,1,0.01
AhKcQd8c,1,0.01
AhKcQs8c,1,0.01
AhKsQc8s,1,0.01
AhKsQd8s,1,0.01
AdKcQh8c,1,0.01
AdKcQs8c,1,0.01
AdKsQc8s,1,0.01
AdKsQh8s,1,0.01
AdKhQc8h,1,0.01
AdKhQs8h,1,0.01
AcKsQh8s,1,0.01
AcKsQd8s,1,0.01
AcKhQd8h,1,0.01
AcKhQs8h,1,0.01
AcKdQs8d,1,0.01
AcKdQh8d,1,0.01
AsKhQd5h,1,0.02
AsKhQc5h,1,0.02
AsKdQc5d,1,0.02
AsKdQh5d,1,0.02
AsKcQh5c,1,0.02
AsKcQd5c,1,0.02
AhKdQc5d,1,0.02
AhKdQs5d,1,0.02
AhKcQd5c,1,0.02
AhKcQs5c,1,0.02
AhKsQc5s,1,0.02
AhKsQd5s,1,0.02
AdKcQh5c,1,0.02
AdKcQs5c,1,0.02
AdKsQc5s,1,0.02
AdKsQh5s,1,0.02
AdKhQc5h,1,0.02
AdKhQs5h,1,0.02
AcKsQh5s,1,0.02
AcKsQd5s,1,0.02
AcKhQd5h,1,0.02
AcKhQs5h,1,0.02
AcKdQs5d,1,0.02
AcKdQh5d,1,0.02
AsKhQdJd,1,0.2
AsKhQcJc,1,0.2
AsKdQcJc,1,0.2
AsKdQhJh,1,0.2
AsKcQhJh,1,0.2
AsKcQdJd,1,0.2
AhKdQcJc,1,0.2
AhKdQsJs,1,0.2
AhKcQdJd,1,0.2
AhKcQsJs,1,0.2
AhKsQcJc,1,0.2
AhKsQdJd,1,0.2
AdKcQhJh,1,0.2
AdKcQsJs,1,0.2
AdKsQcJc,1,0.2
AdKsQhJh,1,0.2
AdKhQcJc,1,0.2
AdKhQsJs,1,0.2
AcKsQhJh,1,0.2
AcKsQdJd,1,0.2
AcKhQdJd,1,0.2
AcKhQsJs,1,0.2
AcKdQsJs,1,0.2
AcKdQhJh,1,0.2
AsKhQdTd,1,0.19
AsKhQcTc,1,0.19
AsKdQcTc,1,0.19
AsKdQhTh,1,0.19
AsKcQhTh,1,0.19
AsKcQdTd,1,0.19
AhKdQcTc,1,0.19
AhKdQsTs,1,0.19
AhKcQdTd,1,0.19
AhKcQsTs,1,0.19
AhKsQcTc,1,0.19
AhKsQdTd,1,0.19
AdKcQhTh,1,0.19
AdKcQsTs,1,0.19
AdKsQcTc,1,0.19
AdKsQhTh,1,0.19
AdKhQcTc,1,0.19
AdKhQsTs,1,0.19
AcKsQhTh,1,0.19
AcKsQdTd,1,0.19
AcKhQdTd,1,0.19
AcKhQsTs,1,0.19
AcKdQsTs,1,0.19
AcKdQhTh,1,0.19
AsKhQd9d,1,0.01
AsKhQc9c,1,0.01
AsKdQc9c,1,0.01
AsKdQh9h,1,0.01
AsKcQh9h,1,0.01
AsKcQd9d,1,0.01
AhKdQc9c,1,0.01
AhKdQs9s,1,0.01
AhKcQd9d,1,0.01
AhKcQs9s,1,0.01
AhKsQc9c,1,0.01
AhKsQd9d,1,0.01
AdKcQh9h,1,0.01
AdKcQs9s,1,0.01
AdKsQc9c,1,0.01
AdKsQh9h,1,0.01
AdKhQc9c,1,0.01
AdKhQs9s,1,0.01
AcKsQh9h,1,0.01
AcKsQd9d,1,0.01
AcKhQd9d,1,0.01
AcKhQs9s,1,0.01
AcKdQs9s,1,0.01
AcKdQh9h,1,0.01
AsKhQdQc,1,0.24
AsKdQhQc,1,0.24
AsKcQhQd,1,0.24
AhKdQsQc,1,0.24
AhKcQsQd,1,0.24
AhKsQdQc,1,0.24
AdKcQsQh,1,0.24
AdKsQhQc,1,0.24
AdKhQsQc,1,0.24
AcKsQhQd,1,0.24
AcKhQsQd,1,0.24
AcKdQsQh,1,0.24
AsKhQdJc,1,0.06
AsKhQcJd,1,0.06
AsKdQcJh,1,0.06
AsKdQhJc,1,0.06
AsKcQhJd,1,0.06
AsKcQdJh,1,0.06
AhKdQcJs,1,0.06
AhKdQsJc,1,0.06
AhKcQdJs,1,0.06
AhKcQsJd,1,0.06
AhKsQcJd,1,0.06
AhKsQdJc,1,0.06
AdKcQhJs,1,0.06
AdKcQsJh,1,0.06
AdKsQcJh,1,0.06
AdKsQhJc,1,0.06
AdKhQcJs,1,0.06
AdKhQsJc,1,0.06
AcKsQhJd,1,0.06
AcKsQdJh,1,0.06
AcKhQdJs,1,0.06
AcKhQsJd,1,0.06
AcKdQsJh,1,0.06
AcKdQhJs,1,0.06
AsKhQdTc,1,0.05
AsKhQcTd,1,0.05
AsKdQcTh,1,0.05
AsKdQhTc,1,0.05
AsKcQhTd,1,0.05
AsKcQdTh,1,0.05
AhKdQcTs,1,0.05
AhKdQsTc,1,0.05
AhKcQdTs,1,0.05
AhKcQsTd,1,0.05
AhKsQcTd,1,0.05
AhKsQdTc,1,0.05
AdKcQhTs,1,0.05
AdKcQsTh,1,0.05
AdKsQcTh,1,0.05
AdKsQhTc,1,0.05
AdKhQcTs,1,0.05
AdKhQsTc,1,0.05
AcKsQhTd,1,0.05
AcKsQdTh,1,0.05
AcKhQdTs,1,0.05
AcKhQsTd,1,0.05
AcKdQsTh,1,0.05
AcKdQhTs,1,0.05
AsKhJdTs,1,0.55
AsKhJcTs,1,0.55
AsKdJcTs,1,0.55
AsKdJhTs,1,0.55
AsKcJhTs,1,0.55
AsKcJdTs,1,0.55
AhKdJcTh,1,0.55
AhKdJsTh,1,0.55
AhKcJdTh,1,0.55
AhKcJsTh,1,0.55
AhKsJcTh,1,0.55
AhKsJdTh,1,0.55
AdKcJhTd,1,0.55
AdKcJsTd,1,0.55
AdKsJcTd,1,0.55
AdKsJhTd,1,0.55
AdKhJcTd,1,0.55
AdKhJsTd,1,0.55
AcKsJhTc,1,0.55
AcKsJdTc,1,0.55
AcKhJdTc,1,0.55
AcKhJsTc,1,0.55
AcKdJsTc,1,0.55
AcKdJhTc,1,0.55
AsKhJd9s,1,0.17
AsKhJc9s,1,0.17
AsKdJc9s,1,0.17
AsKdJh9s,1,0.17
AsKcJh9s,1,0.17
AsKcJd9s,1,0.17
AhKdJc9h,1,0.17
AhKdJs9h,1,0.17
AhKcJd9h,1,0.17
AhKcJs9h,1,0.17
AhKsJc9h,1,0.17
AhKsJd9h,1,0.17
AdKcJh9d,1,0.17
AdKcJs9d,1,0.17
AdKsJc9d,1,0.17
AdKsJh9d,1,0.17
AdKhJc9d,1,0.17
AdKhJs9d,1,0.17
AcKsJh9c,1,0.17
AcKsJd9c,1,0.17
AcKhJd9c,1,0.17
AcKhJs9c,1,0.17
AcKdJs9c,1,0.17
AcKdJh9c,1,0.17
AsKhJd8s,1,0.11
AsKhJc8s,1,0.11
AsKdJc8s,1,0.11
AsKdJh8s,1,0.11
AsKcJh8s,1,0.11
AsKcJd8s,1,0.11
AhKdJc8h,1,0.11
AhKdJs8h,1,0.11
AhKcJd8h,1,0.11
AhKcJs8h,1,0.11
AhKsJc8h,1,0.11
AhKsJd8h,1,0.11
AdKcJh8d,1,0.11
AdKcJs8d,1,0.11
AdKsJc8d,1,0.11
AdKsJh8d,1,0.11
AdKhJc8d,1,0.11
AdKhJs8d,1,0.11
AcKsJh8c,1,0.11
AcKsJd8c,1,0.11
AcKhJd8c,1,0.11
AcKhJs8c,1,0.11
AcKdJs8c,1,0.11
AcKdJh8c,1,0.11
AsKhJd7s,1,0.08
AsKhJc7s,1,0.08
AsKdJc7s,1,0.08
AsKdJh7s,1,0.08
AsKcJh7s,1,0.08
AsKcJd7s,1,0.08
AhKdJc7h,1,0.08
AhKdJs7h,1,0.08
AhKcJd7h,1,0.08
AhKcJs7h,1,0.08
AhKsJc7h,1,0.08
AhKsJd7h,1,0.08
AdKcJh7d,1,0.08
AdKcJs7d,1,0.08
AdKsJc7d,1,0.08
AdKsJh7d,1,0.08
AdKhJc7d,1,0.08
AdKhJs7d,1,0.08
AcKsJh7c,1,0.08
AcKsJd7c,1,0.08
AcKhJd7c,1,0.08
AcKhJs7c,1,0.08
AcKdJs7c,1,0.08
AcKdJh7c,1,0.08
AsKhJd6s,1,0.04
AsKhJc6s,1,0.04
AsKdJc6s,1,0.04
AsKdJh6s,1,0.04
AsKcJh6s,1,0.04
AsKcJd6s,1,0.04
AhKdJc6h,1,0.04
AhKdJs6h,1,0.04
AhKcJd6h,1,0.04
AhKcJs6h,1,0.04
AhKsJc6h,1,0.04
AhKsJd6h,1,0.04
AdKcJh6d,1,0.04
AdKcJs6d,1,0.04
AdKsJc6d,1,0.04
AdKsJh6d,1,0.04
AdKhJc6d,1,0.04
AdKhJs6d,1,0.04
AcKsJh6c,1,0.04
AcKsJd6c,1,0.04
AcKhJd6c,1,0.04
AcKhJs6c,1,0.04
AcKdJs6c,1,0.04
AcKdJh6c,1,0.04
AsKhJd5s,1,0.08
AsKhJc5s,1,0.08
AsKdJc5s,1,0.08
AsKdJh5s,1,0.08
AsKcJh5s,1,0.08
AsKcJd5s,1,0.08
AhKdJc5h,1,0.08
AhKdJs5h,1,0.08
AhKcJd5h,1,0.08
AhKcJs5h,1,0.08
AhKsJc5h,1,0.08
AhKsJd5h,1,0.08
AdKcJh5d,1,0.08
AdKcJs5d,1,0.08
AdKsJc5d,1,0.08
AdKsJh5d,1,0.08
AdKhJc5d,1,0.08
AdKhJs5d,1,0.08
AcKsJh5c,1,0.08
AcKsJd5c,1,0.08
AcKhJd5c,1,0.08
AcKhJs5c,1,0.08
AcKdJs5c,1,0.08
AcKdJh5c,1,0.08
AsKhJd4s,1,0.06
AsKhJc4s,1,0.06
AsKdJc4s,1,0.06
AsKdJh4s,1,0.06
AsKcJh4s,1,0.06
AsKcJd4s,1,0.06
AhKdJc4h,1,0.06
AhKdJs4h,1,0.06
AhKcJd4h,1,0.06
AhKcJs4h,1,0.06
AhKsJc4h,1,0.06
AhKsJd4h,1,0.06
AdKcJh4d,1,0.06
AdKcJs4d,1,0.06
AdKsJc4d,1,0.06
AdKsJh4d,1,0.06
AdKhJc4d,1,0.06
AdKhJs4d,1,0.06
AcKsJh4c,1,0.06
AcKsJd4c,1,0.06
AcKhJd4c,1,0.06
AcKhJs4c,1,0.06
AcKdJs4c,1,0.06
AcKdJh4c,1,0.06
AsKhJd3s,1,0.04
AsKhJc3s,1,0.04
AsKdJc3s,1,0.04
AsKdJh3s,1,0.04
AsKcJh3s,1,0.04
AsKcJd3s,1,0.04
AhKdJc3h,1,0.04
AhKdJs3h,1,0.04
AhKcJd3h,1,0.04
AhKcJs3h,1,0.04
AhKsJc3h,1,0.04
AhKsJd3h,1,0.04
AdKcJh3d,1,0.04
AdKcJs3d,1,0.04
AdKsJc3d,1,0.04
AdKsJh3d,1,0.04
AdKhJc3d,1,0.04
AdKhJs3d,1,0.04
AcKsJh3c,1,0.04
AcKsJd3c,1,0.04
AcKhJd3c,1,0.04
AcKhJs3c,1,0.04
AcKdJs3c,1,0.04
AcKdJh3c,1,0.04
AsKhJd2s,1,0.01
AsKhJc2s,1,0.01
AsKdJc2s,1,0.01
AsKdJh2s,1,0.01
AsKcJh2s,1,0.01
AsKcJd2s,1,0.01
AhKdJc2h,1,0.01
AhKdJs2h,1,0.01
AhKcJd2h,1,0.01
AhKcJs2h,1,0.01
AhKsJc2h,1,0.01
AhKsJd2h,1,0.01
AdKcJh2d,1,0.01
AdKcJs2d,1,0.01
AdKsJc2d,1,0.01
AdKsJh2d,1,0.01
AdKhJc2d,1,0.01
AdKhJs2d,1,0.01
AcKsJh2c,1,0.01
AcKsJd2c,1,0.01
AcKhJd2c,1,0.01
AcKhJs2c,1,0.01
AcKdJs2c,1,0.01
AcKdJh2c,1,0.01
AsKhJdTh,1,0.3
AsKhJcTh,1,0.3
AsKdJcTd,1,0.3
AsKdJhTd,1,0.3
AsKcJhTc,1,0.3
AsKcJdTc,1,0.3
AhKdJcTd,1,0.3
AhKdJsTd,1,0.3
AhKcJdTc,1,0.3
AhKcJsTc,1,0.3
AhKsJcTs,1,0.3
AhKsJdTs,1,0.3
AdKcJhTc,1,0.3
AdKcJsTc,1,0.3
AdKsJcTs,1,0.3
AdKsJhTs,1,0.3
AdKhJcTh,1,0.3
AdKhJsTh,1,0.3
AcKsJhTs,1,0.3
AcKsJdTs,1,0.3
AcKhJdTh,1,0.3
AcKhJsTh,1,0.3
AcKdJsTd,1,0.3
AcKdJhTd,1,0.3
AsKhJd9h,1,0.07
AsKhJc9h,1,0.07
AsKdJc9d,1,0.07
AsKdJh9d,1,0.07
AsKcJh9c,1,0.07
AsKcJd9c,1,0.07
AhKdJc9d,1,0.07
AhKdJs9d,1,0.07
AhKcJd9c,1,0.07
AhKcJs9c,1,0.07
AhKsJc9s,1,0.07
AhKsJd9s,1,0.07
AdKcJh9c,1,0.07
AdKcJs9c,1,0.07
AdKsJc9s,1,0.07
AdKsJh9s,1,0.07
AdKhJc9h,1,0.07
AdKhJs9h,1,0.07
AcKsJh9s,1,0.07
AcKsJd9s,1,0.07
AcKhJd9h,1,0.07
AcKhJs9h,1,0.07
AcKdJs9d,1,0.07
AcKdJh9d,1,0.07
AsKhJd8h,1,0.03
AsKhJc8h,1,0.03
AsKdJc8d,1,0.03
AsKdJh8d,1,0.03
AsKcJh8c,1,0.03
AsKcJd8c,1,0.03
AhKdJc8d,1,0.03
AhKdJs8d,1,0.03
AhKcJd8c,1,0.03
AhKcJs8c,1,0.03
AhKsJc8s,1,0.03
AhKsJd8s,1,0.03
AdKcJh8c,1,0.03
AdKcJs8c,1,0.03
AdKsJc8s,1,0.03
AdKsJh8s,1,0.03
AdKhJc8h,1,0.03
AdKhJs8h,1,0.03
AcKsJh8s,1,0.03
AcKsJd8s,1,0.03
AcKhJd8h,1,0.03
AcKhJs8h,1,0.03
AcKdJs8d,1,0.03
AcKdJh8d,1,0.03
AsKhJdTd,1,0.2
AsKhJcTc,1,0.2
AsKdJcTc,1,0.2
AsKdJhTh,1,0.2
AsKcJhTh,1,0.2
AsKcJdTd,1,0.2
AhKdJcTc,1,0.2
AhKdJsTs,1,0.2
AhKcJdTd,1,0.2
AhKcJsTs,1,0.2
AhKsJcTc,1,0.2
AhKsJdTd,1,0.2
AdKcJhTh,1,0.2
AdKcJsTs,1,0.2
AdKsJcTc,1,0.2
AdKsJhTh,1,0.2
AdKhJcTc,1,0.2
AdKhJsTs,1,0.2
AcKsJhTh,1,0.2
AcKsJdTd,1,0.2
AcKhJdTd,1,0.2
AcKhJsTs,1,0.2
AcKdJsTs,1,0.2
AcKdJhTh,1,0.2
AsKhJd9d,1,0.01
AsKhJc9c,1,0.01
AsKdJc9c,1,0.01
AsKdJh9h,1,0.01
AsKcJh9h,1,0.01
AsKcJd9d,1,0.01
AhKdJc9c,1,0.01
AhKdJs9s,1,0.01
AhKcJd9d,1,0.01
AhKcJs9s,1,0.01
AhKsJc9c,1,0.01
AhKsJd9d,1,0.01
AdKcJh9h,1,0.01
AdKcJs9s,1,0.01
AdKsJc9c,1,0.01
AdKsJh9h,1,0.01
AdKhJc9c,1,0.01
AdKhJs9s,1,0.01
AcKsJh9h,1,0.01
AcKsJd9d,1,0.01
AcKhJd9d,1,0.01
AcKhJs9s,1,0.01
AcKdJs9s,1,0.01
AcKdJh9h,1,0.01
AsKhJdJc,1,0.15
AsKdJhJc,1,0.15
AsKcJhJd,1,0.15
AhKdJsJc,1,0.15
AhKcJsJd,1,0.15
AhKsJdJc,1,0.15
AdKcJsJh,1,0.15
AdKsJhJc,1,0.15
AdKhJsJc,1,0.15
AcKsJhJd,1,0.15
AcKhJsJd,1,0.15
AcKdJsJh,1,0.15
AsKhJdTc,1,0.07
AsKhJcTd,1,0.07
AsKdJcTh,1,0.07
AsKdJhTc,1,0.07
AsKcJhTd,1,0.07
AsKcJdTh,1,0.07
AhKdJcTs,1,0.07
AhKdJsTc,1,0.07
AhKcJdTs,1,0.07
AhKcJsTd,1,0.07
AhKsJcTd,1,0.07
AhKsJdTc,1,0.07
AdKcJhTs,1,0.07
AdKcJsTh,1,0.07
AdKsJcTh,1,0.07
AdKsJhTc,1,0.07
AdKhJcTs,1,0.07
AdKhJsTc,1,0.07
AcKsJhTd,1,0.07
AcKsJdTh,1,0.07
AcKhJdTs,1,0.07
AcKhJsTd,1,0.07
AcKdJsTh,1,0.07
AcKdJhTs,1,0.07
AsKhTd9s,1,0.25
AsKhTc9s,1,0.25
AsKdTc9s,1,0.25
AsKdTh9s,1,0.25
AsKcTh9s,1,0.25
AsKcTd9s,1,0.25
AhKdTc9h,1,0.25
AhKdTs9h,1,0.25
AhKcTd9h,1,0.25
AhKcTs9h,1,0.25
AhKsTc9h,1,0.25
AhKsTd9h,1,0.25
AdKcTh9d,1,0.25
AdKcTs9d,1,0.25
AdKsTc9d,1,0.25
AdKsTh9d,1,0.25
AdKhTc9d,1,0.25
AdKhTs9d,1,0.25
AcKsTh9c,1,0.25
AcKsTd9c,1,0.25
AcKhTd9c,1,0.25
AcKhTs9c,1,0.25
AcKdTs9c,1,0.25
AcKdTh9c,1,0.25
AsKhTd8s,1,0.17
AsKhTc8s,1,0.17
AsKdTc8s,1,0.17
AsKdTh8s,1,0.17
AsKcTh8s,1,0.17
AsKcTd8s,1,0.17
AhKdTc8h,1,0.17
AhKdTs8h,1,0.17
AhKcTd8h,1,0.17
AhKcTs8h,1,0.17
AhKsTc8h,1,0.17
AhKsTd8h,1,0.17
AdKcTh8d,1,0.17
AdKcTs8d,1,0.17
AdKsTc8d,1,0.17
AdKsTh8d,1,0.17
AdKhTc8d,1,0.17
AdKhTs8d,1,0.17
AcKsTh8c,1,0.17
AcKsTd8c,1,0.17
AcKhTd8c,1,0.17
AcKhTs8c,1,0.17
AcKdTs8c,1,0.17
AcKdTh8c,1,0.17
AsKhTd7s,1,0.13
AsKhTc7s,1,0.13
AsKdTc7s,1,0.13
AsKdTh7s,1,0.13
AsKcTh7s,1,0.13
AsKcTd7s,1,0.13
AhKdTc7h,1,0.13
AhKdTs7h,1,0.13
AhKcTd7h,1,0.13
AhKcTs7h,1,0.13
AhKsTc7h,1,0.13
AhKsTd7h,1,0.13
AdKcTh7d,1,0.13
AdKcTs7d,1,0.13
AdKsTc7d,1,0.13
AdKsTh7d,1,0.13
AdKhTc7d,1,0.13
AdKhTs7d,1,0.13
AcKsTh7c,1,0.13
AcKsTd7c,1,0.13
AcKhTd7c,1,0.13
AcKhTs7c,1,0.13
AcKdTs7c,1,0.13
AcKdTh7c,1,0.13
AsKhTd6s,1,0.06
AsKhTc6s,1,0.06
AsKdTc6s,1,0.06
AsKdTh6s,1,0.06
AsKcTh6s,1,0.06
AsKcTd6s,1,0.06
AhKdTc6h,1,0.06
AhKdTs6h,1,0.06
AhKcTd6h,1,0.06
AhKcTs6h,1,0.06
AhKsTc6h,1,0.06
AhKsTd6h,1,0.06
AdKcTh6d,1,0.06
AdKcTs6d,1,0.06
AdKsTc6d,1,0.06
AdKsTh6d,1,0.06
AdKhTc6d,1,0.06
AdKhTs6d,1,0.06
AcKsTh6c,1,0.06
AcKsTd6c,1,0.06
AcKhTd6c,1,0.06
AcKhTs6c,1,0.06
AcKdTs6c,1,0.06
AcKdTh6c,1,0.06
AsKhTd5s,1,0.07
AsKhTc5s,1,0.07
AsKdTc5s,1,0.07
AsKdTh5s,1,0.07
AsKcTh5s,1,0.07
AsKcTd5s,1,0.07
AhKdTc5h,1,0.07
AhKdTs5h,1,0.07
AhKcTd5h,1,0.07
AhKcTs5h,1,0.07
AhKsTc5h,1,0.07
AhKsTd5h,1,0.07
AdKcTh5d,1,0.07
AdKcTs5d,1,0.07
AdKsTc5d,1,0.07
AdKsTh5d,1,0.07
AdKhTc5d,1,0.07
AdKhTs5d,1,0.07
AcKsTh5c,1,0.07
AcKsTd5c,1,0.07
AcKhTd5c,1,0.07
AcKhTs5c,1,0.07
AcKdTs5c,1,0.07
AcKdTh5c,1,0.07
AsKhTd4s,1,0.05
AsKhTc4s,1,0.05
AsKdTc4s,1,0.05
AsKdTh4s,1,0.05
AsKcTh4s,1,0.05
AsKcTd4s,1,0.05
AhKdTc4h,1,0.05
AhKdTs4h,1,0.05
AhKcTd4h,1,0.05
AhKcTs4h,1,0.05
AhKsTc4h,1,0.05
AhKsTd4h,1,0.05
AdKcTh4d,1,0.05
AdKcTs4d,1,0.05
AdKsTc4d,1,0.05
AdKsTh4d,1,0.05
AdKhTc4d,1,0.05
AdKhTs4d,1,0.05
AcKsTh4c,1,0.05
AcKsTd4c,1,0.05
AcKhTd4c,1,0.05
AcKhTs4c,1,0.05
AcKdTs4c,1,0.05
AcKdTh4c,1,0.05
AsKhTd3s,1,0.04
AsKhTc3s,1,0.04
AsKdTc3s,1,0.04
AsKdTh3s,1,0.04
AsKcTh3s,1,0.04
AsKcTd3s,1,0.04
AhKdTc3h,1,0.04
AhKdTs3h,1,0.04
AhKcTd3h,1,0.04
AhKcTs3h,1,0.04
AhKsTc3h,1,0.04
AhKsTd3h,1,0.04
AdKcTh3d,1,0.04
AdKcTs3d,1,0.04
AdKsTc3d,1,0.04
AdKsTh3d,1,0.04
AdKhTc3d,1,0.04
AdKhTs3d,1,0.04
AcKsTh3c,1,0.04
AcKsTd3c,1,0.04
AcKhTd3c,1,0.04
AcKhTs3c,1,0.04
AcKdTs3c,1,0.04
AcKdTh3c,1,0.04
AsKhTd2s,1,0
AsKhTc2s,1,0
AsKdTc2s,1,0
AsKdTh2s,1,0
AsKcTh2s,1,0
AsKcTd2s,1,0
AhKdTc2h,1,0
AhKdTs2h,1,0
AhKcTd2h,1,0
AhKcTs2h,1,0
AhKsTc2h,1,0
AhKsTd2h,1,0
AdKcTh2d,1,0
AdKcTs2d,1,0
AdKsTc2d,1,0
AdKsTh2d,1,0
AdKhTc2d,1,0
AdKhTs2d,1,0
AcKsTh2c,1,0
AcKsTd2c,1,0
AcKhTd2c,1,0
AcKhTs2c,1,0
AcKdTs2c,1,0
AcKdTh2c,1,0
AsKhTd9h,1,0.12
AsKhTc9h,1,0.12
AsKdTc9d,1,0.12
AsKdTh9d,1,0.12
AsKcTh9c,1,0.12
AsKcTd9c,1,0.12
AhKdTc9d,1,0.12
AhKdTs9d,1,0.12
AhKcTd9c,1,0.12
AhKcTs9c,1,0.12
AhKsTc9s,1,0.12
AhKsTd9s,1,0.12
AdKcTh9c,1,0.12
AdKcTs9c,1,0.12
AdKsTc9s,1,0.12
AdKsTh9s,1,0.12
AdKhTc9h,1,0.12
AdKhTs9h,1,0.12
AcKsTh9s,1,0.12
AcKsTd9s,1,0.12
AcKhTd9h,1,0.12
AcKhTs9h,1,0.12
AcKdTs9d,1,0.12
AcKdTh9d,1,0.12
AsKhTd8h,1,0.07
AsKhTc8h,1,0.07
AsKdTc8d,1,0.07
AsKdTh8d,1,0.07
AsKcTh8c,1,0.07
AsKcTd8c,1,0.07
AhKdTc8d,1,0.07
AhKdTs8d,1,0.07
AhKcTd8c,1,0.07
AhKcTs8c,1,0.07
AhKsTc8s,1,0.07
AhKsTd8s,1,0.07
AdKcTh8c,1,0.07
AdKcTs8c,1,0.07
AdKsTc8s,1,0.07
AdKsTh8s,1,0.07
AdKhTc8h,1,0.07
AdKhTs8h,1,0.07
AcKsTh8s,1,0.07
AcKsTd8s,1,0.07
AcKhTd8h,1,0.07
AcKhTs8h,1,0.07
AcKdTs8d,1,0.07
AcKdTh8d,1,0.07
AsKhTd7h,1,0.03
AsKhTc7h,1,0.03
AsKdTc7d,1,0.03
AsKdTh7d,1,0.03
AsKcTh7c,1,0.03
AsKcTd7c,1,0.03
AhKdTc7d,1,0.03
AhKdTs7d,1,0.03
AhKcTd7c,1,0.03
AhKcTs7c,1,0.03
AhKsTc7s,1,0.03
AhKsTd7s,1,0.03
AdKcTh7c,1,0.03
AdKcTs7c,1,0.03
AdKsTc7s,1,0.03
AdKsTh7s,1,0.03
AdKhTc7h,1,0.03
AdKhTs7h,1,0.03
AcKsTh7s,1,0.03
AcKsTd7s,1,0.03
AcKhTd7h,1,0.03
AcKhTs7h,1,0.03
AcKdTs7d,1,0.03
AcKdTh7d,1,0.03
AsKhTd9d,1,0.05
AsKhTc9c,1,0.05
AsKdTc9c,1,0.05
AsKdTh9h,1,0.05
AsKcTh9h,1,0.05
AsKcTd9d,1,0.05
AhKdTc9c,1,0.05
AhKdTs9s,1,0.05
AhKcTd9d,1,0.05
AhKcTs9s,1,0.05
AhKsTc9c,1,0.05
AhKsTd9d,1,0.05
AdKcTh9h,1,0.05
AdKcTs9s,1,0.05
AdKsTc9c,1,0.05
AdKsTh9h,1,0.05
AdKhTc9c,1,0.05
AdKhTs9s,1,0.05
AcKsTh9h,1,0.05
AcKsTd9d,1,0.05
AcKhTd9d,1,0.05
AcKhTs9s,1,0.05
AcKdTs9s,1,0.05
AcKdTh9h,1,0.05
AsKhTd8d,0.218,0
AsKhTc8c,0.218,0
AsKdTc8c,0.218,0
AsKdTh8h,0.218,0
AsKcTh8h,0.218,0
AsKcTd8d,0.218,0
AhKdTc8c,0.218,0
AhKdTs8s,0.218,0
AhKcTd8d,0.218,0
AhKcTs8s,0.218,0
AhKsTc8c,0.218,0
AhKsTd8d,0.218,0
AdKcTh8h,0.218,0
AdKcTs8s,0.218,0
AdKsTc8c,0.218,0
AdKsTh8h,0.218,0
AdKhTc8c,0.218,0
AdKhTs8s,0.218,0
AcKsTh8h,0.218,0
AcKsTd8d,0.218,0
AcKhTd8d,0.218,0
AcKhTs8s,0.218,0
AcKdTs8s,0.218,0
AcKdTh8h,0.218,0
AsKhTdTc,1,0.09
AsKdThTc,1,0.09
AsKcThTd,1,0.09
AhKdTsTc,1,0.09
AhKcTsTd,1,0.09
AhKsTdTc,1,0.09
AdKcTsTh,1,0.09
AdKsThTc,1,0.09
AdKhTsTc,1,0.09
AcKsThTd,1,0.09
AcKhTsTd,1,0.09
AcKdTsTh,1,0.09
AsKh9d8s,1,0.06
AsKh9c8s,1,0.06
AsKd9c8s,1,0.06
AsKd9h8s,1,0.06
AsKc9h8s,1,0.06
AsKc9d8s,1,0.06
AhKd9c8h,1,0.06
AhKd9s8h,1,0.06
AhKc9d8h,1,0.06
AhKc9s8h,1,0.06
AhKs9c8h,1,0.06
AhKs9d8h,1,0.06
AdKc9h8d,1,0.06
AdKc9s8d,1,0.06
AdKs9c8d,1,0.06
AdKs9h8d,1,0.06
AdKh9c8d,1,0.06
AdKh9s8d,1,0.06
AcKs9h8c,1,0.06
AcKs9d8c,1,0.06
AcKh9d8c,1,0.06
AcKh9s8c,1,0.06
AcKd9s8c,1,0.06
AcKd9h8c,1,0.06
AsKh9d7s,1,0.02
AsKh9c7s,1,0.02
AsKd9c7s,1,0.02
AsKd9h7s,1,0.02
AsKc9h7s,1,0.02
AsKc9d7s,1,0.02
AhKd9c7h,1,0.02
AhKd9s7h,1,0.02
AhKc9d7h,1,0.02
AhKc9s7h,1,0.02
AhKs9c7h,1,0.02
AhKs9d7h,1,0.02
AdKc9h7d,1,0.02
AdKc9s7d,1,0.02
AdKs9c7d,1,0.02
AdKs9h7d,1,0.02
AdKh9c7d,1,0.02
AdKh9s7d,1,0.02
AcKs9h7c,1,0.02
AcKs9d7c,1,0.02
AcKh9d7c,1,0.02
AcKh9s7c,1,0.02
AcKd9s7c,1,0.02
AcKd9h7c,1,0.02
AsKh8d7s,1,0.07
AsKh8c7s,1,0.07
AsKd8c7s,1,0.07
AsKd8h7s,1,0.07
AsKc8h7s,1,0.07
AsKc8d7s,1,0.07
AhKd8c7h,1,0.07
AhKd8s7h,1,0.07
AhKc8d7h,1,0.07
AhKc8s7h,1,0.07
AhKs8c7h,1,0.07
AhKs8d7h,1,0.07
AdKc8h7d,1,0.07
AdKc8s7d,1,0.07
AdKs8c7d,1,0.07
AdKs8h7d,1,0.07
AdKh8c7d,1,0.07
AdKh8s7d,1,0.07
AcKs8h7c,1,0.07
AcKs8d7c,1,0.07
AcKh8d7c,1,0.07
AcKh8s7c,1,0.07
AcKd8s7c,1,0.07
AcKd8h7c,1,0.07
AsKh8d6s,1,0.02
AsKh8c6s,1,0.02
AsKd8c6s,1,0.02
AsKd8h6s,1,0.02
AsKc8h6s,1,0.02
AsKc8d6s,1,0.02
AhKd8c6h,1,0.02
AhKd8s6h,1,0.02
AhKc8d6h,1,0.02
AhKc8s6h,1,0.02
AhKs8c6h,1,0.02
AhKs8d6h,1,0.02
AdKc8h6d,1,0.02
AdKc8s6d,1,0.02
AdKs8c6d,1,0.02
AdKs8h6d,1,0.02
AdKh8c6d,1,0.02
AdKh8s6d,1,0.02
AcKs8h6c,1,0.02
AcKs8d6c,1,0.02
AcKh8d6c,1,0.02
AcKh8s6c,1,0.02
AcKd8s6c,1,0.02
AcKd8h6c,1,0.02
AsKh8d5s,1,0
AsKh8c5s,1,0
AsKd8c5s,1,0
AsKd8h5s,1,0
AsKc8h5s,1,0
AsKc8d5s,1,0
AhKd8c5h,1,0
AhKd8s5h,1,0
AhKc8d5h,1,0
AhKc8s5h,1,0
AhKs8c5h,1,0
AhKs8d5h,1,0
AdKc8h5d,1,0
AdKc8s5d,1,0
AdKs8c5d,1,0
AdKs8h5d,1,0
AdKh8c5d,1,0
AdKh8s5d,1,0
AcKs8h5c,1,0
AcKs8d5c,1,0
AcKh8d5c,1,0
AcKh8s5c,1,0
AcKd8s5c,1,0
AcKd8h5c,1,0
AsKh7d6s,1,0.06
AsKh7c6s,1,0.06
AsKd7c6s,1,0.06
AsKd7h6s,1,0.06
AsKc7h6s,1,0.06
AsKc7d6s,1,0.06
AhKd7c6h,1,0.06
AhKd7s6h,1,0.06
AhKc7d6h,1,0.06
AhKc7s6h,1,0.06
AhKs7c6h,1,0.06
AhKs7d6h,1,0.06
AdKc7h6d,1,0.06
AdKc7s6d,1,0.06
AdKs7c6d,1,0.06
AdKs7h6d,1,0.06
AdKh7c6d,1,0.06
AdKh7s6d,1,0.06
AcKs7h6c,1,0.06
AcKs7d6c,1,0.06
AcKh7d6c,1,0.06
AcKh7s6c,1,0.06
AcKd7s6c,1,0.06
AcKd7h6c,1,0.06
AsKh7d5s,1,0.06
AsKh7c5s,1,0.06
AsKd7c5s,1,0.06
AsKd7h5s,1,0.06
AsKc7h5s,1,0.06
AsKc7d5s,1,0.06
AhKd7c5h,1,0.06
AhKd7s5h,1,0.06
AhKc7d5h,1,0.06
AhKc7s5h,1,0.06
AhKs7c5h,1,0.06
AhKs7d5h,1,0.06
AdKc7h5d,1,0.06
AdKc7s5d,1,0.06
AdKs7c5d,1,0.06
AdKs7h5d,1,0.06
AdKh7c5d,1,0.06
AdKh7s5d,1,0.06
AcKs7h5c,1,0.06
AcKs7d5c,1,0.06
AcKh7d5c,1,0.06
AcKh7s5c,1,0.06
AcKd7s5c,1,0.06
AcKd7h5c,1,0.06
AsKh6d5s,1,0.05
AsKh6c5s,1,0.05
AsKd6c5s,1,0.05
AsKd6h5s,1,0.05
AsKc6h5s,1,0.05
AsKc6d5s,1,0.05
AhKd6c5h,1,0.05
AhKd6s5h,1,0.05
AhKc6d5h,1,0.05
AhKc6s5h,1,0.05
AhKs6c5h,1,0.05
AhKs6d5h,1,0.05
AdKc6h5d,1,0.05
AdKc6s5d,1,0.05
AdKs6c5d,1,0.05
AdKs6h5d,1,0.05
AdKh6c5d,1,0.05
AdKh6s5d,1,0.05
AcKs6h5c,1,0.05
AcKs6d5c,1,0.05
AcKh6d5c,1,0.05
AcKh6s5c,1,0.05
AcKd6s5c,1,0.05
AcKd6h5c,1,0.05
AsKh5d4s,1,0.18
AsKh5c4s,1,0.18
AsKd5c4s,1,0.18
AsKd5h4s,1,0.18
AsKc5h4s,1,0.18
AsKc5d4s,1,0.18
AhKd5c4h,1,0.18
AhKd5s4h,1,0.18
AhKc5d4h,1,0.18
AhKc5s4h,1,0.18
AhKs5c4h,1,0.18
AhKs5d4h,1,0.18
AdKc5h4d,1,0.18
AdKc5s4d,1,0.18
AdKs5c4d,1,0.18
AdKs5h4d,1,0.18
AdKh5c4d,1,0.18
AdKh5s4d,1,0.18
AcKs5h4c,1,0.18
AcKs5d4c,1,0.18
AcKh5d4c,1,0.18
AcKh5s4c,1,0.18
AcKd5s4c,1,0.18
AcKd5h4c,1,0.18
AsKh5d3s,1,0.05
AsKh5c3s,1,0.05
AsKd5c3s,1,0.05
AsKd5h3s,1,0.05
AsKc5h3s,1,0.05
AsKc5d3s,1,0.05
AhKd5c3h,1,0.05
AhKd5s3h,1,0.05
AhKc5d3h,1,0.05
AhKc5s3h,1,0.05
AhKs5c3h,1,0.05
AhKs5d3h,1,0.05
AdKc5h3d,1,0.05
AdKc5s3d,1,0.05
AdKs5c3d,1,0.05
AdKs5h3d,1,0.05
AdKh5c3d,1,0.05
AdKh5s3d,1,0.05
AcKs5h3c,1,0.05
AcKs5d3c,1,0.05
AcKh5d3c,1,0.05
AcKh5s3c,1,0.05
AcKd5s3c,1,0.05
AcKd5h3c,1,0.05
AsKh4d3s,0.373,0
AsKh4c3s,0.373,0
AsKd4c3s,0.373,0
AsKd4h3s,0.373,0
AsKc4h3s,0.373,0
AsKc4d3s,0.373,0
AhKd4c3h,0.373,0
AhKd4s3h,0.373,0
AhKc4d3h,0.373,0
AhKc4s3h,0.373,0
AhKs4c3h,0.373,0
AhKs4d3h,0.373,0
AdKc4h3d,0.373,0
AdKc4s3d,0.373,0
AdKs4c3d,0.373,0
AdKs4h3d,0.373,0
AdKh4c3d,0.373,0
AdKh4s3d,0.373,0
AcKs4h3c,0.373,0
AcKs4d3c,0.373,0
AcKh4d3c,0.373,0
AcKh4s3c,0.373,0
AcKd4s3c,0.373,0
AcKd4h3c,0.373,0
AsQhJsTs,1,0.38
AsQdJsTs,1,0.38
AsQcJsTs,1,0.38
AhQdJhTh,1,0.38
AhQcJhTh,1,0.38
AhQsJhTh,1,0.38
AdQcJdTd,1,0.38
AdQsJdTd,1,0.38
AdQhJdTd,1,0.38
AcQsJcTc,1,0.38
AcQhJcTc,1,0.38
AcQdJcTc,1,0.38
AsQhJs9s,1,0.05
AsQdJs9s,1,0.05
AsQcJs9s,1,0.05
AhQdJh9h,1,0.05
AhQcJh9h,1,0.05
AhQsJh9h,1,0.05
AdQcJd9d,1,0.05
AdQsJd9d,1,0.05
AdQhJd9d,1,0.05
AcQsJc9c,1,0.05
AcQhJc9c,1,0.05
AcQdJc9c,1,0.05
AsQhJs8s,1,0.02
AsQdJs8s,1,0.02
AsQcJs8s,1,0.02
AhQdJh8h,1,0.02
AhQcJh8h,1,0.02
AhQsJh8h,1,0.02
AdQcJd8d,1,0.02
AdQsJd8d,1,0.02
AdQhJd8d,1,0.02
AcQsJc8c,1,0.02
AcQhJc8c,1,0.02
AcQdJc8c,1,0.02
AsQhJsJh,1,1.13
AsQdJsJd,1,1.13
AsQcJsJc,1,1.13
AhQdJhJd,1,1.13
AhQcJhJc,1,1.13
AhQsJsJh,1,1.13
AdQcJdJc,1,1.13
AdQsJsJd,1,1.13
AdQhJhJd,1,1.13
AcQsJsJc,1,1.13
AcQhJhJc,1,1.13
AcQdJdJc,1,1.13
AsQhJsTh,1,1.07
AsQdJsTd,1,1.07
AsQcJsTc,1,1.07
AhQdJhTd,1,1.07
AhQcJhTc,1,1.07
AhQsJhTs,1,1.07
AdQcJdTc,1,1.07
AdQsJdTs,1,1.07
AdQhJdTh,1,1.07
AcQsJcTs,1,1.07
AcQhJcTh,1,1.07
AcQdJcTd,1,1.07
AsQhJs9h,1,0.58
AsQdJs9d,1,0.58
AsQcJs9c,1,0.58
AhQdJh9d,1,0.58
AhQcJh9c,1,0.58
AhQsJh9s,1,0.58
AdQcJd9c,1,0.58
AdQsJd9s,1,0.58
AdQhJd9h,1,0.58
AcQsJc9s,1,0.58
AcQhJc9h,1,0.58
AcQdJc9d,1,0.58
AsQhJs8h,1,0.51
AsQdJs8d,1,0.51
AsQcJs8c,1,0.51
AhQdJh8d,1,0.51
AhQcJh8c,1,0.51
AhQsJh8s,1,0.51
AdQcJd8c,1,0.51
AdQsJd8s,1,0.51
AdQhJd8h,1,0.51
AcQsJc8s,1,0.51
AcQhJc8h,1,0.51
AcQdJc8d,1,0.51
AsQhJs7h,1,0.21
AsQdJs7d,1,0.21
AsQcJs7c,1,0.21
AhQdJh7d,1,0.21
AhQcJh7c,1,0.21
AhQsJh7s,1,0.21
AdQcJd7c,1,0.21
AdQsJd7s,1,0.21
AdQhJd7h,1,0.21
AcQsJc7s,1,0.21
AcQhJc7h,1,0.21
AcQdJc7d,1,0.21
AsQhJs6h,1,0.21
AsQdJs6d,1,0.21
AsQcJs6c,1,0.21
AhQdJh6d,1,0.21
AhQcJh6c,1,0.21
AhQsJh6s,1,0.21
AdQcJd6c,1,0.21
AdQsJd6s,1,0.21
AdQhJd6h,1,0.21
AcQsJc6s,1,0.21
AcQhJc6h,1,0.21
AcQdJc6d,1,0.21
AsQhJs5h,1,0.36
AsQdJs5d,1,0.36
AsQcJs5c,1,0.36
AhQdJh5d,1,0.36
AhQcJh5c,1,0.36
AhQsJh5s,1,0.36
AdQcJd5c,1,0.36
AdQsJd5s,1,0.36
AdQhJd5h,1,0.36
AcQsJc5s,1,0.36
AcQhJc5h,1,0.36
AcQdJc5d,1,0.36
AsQhJs4h,1,0.38
AsQdJs4d,1,0.38
AsQcJs4c,1,0.38
AhQdJh4d,1,0.38
AhQcJh4c,1,0.38
AhQsJh4s,1,0.38
AdQcJd4c,1,0.38
AdQsJd4s,1,0.38
AdQhJd4h,1,0.38
AcQsJc4s,1,0.38
AcQhJc4h,1,0.38
AcQdJc4d,1,0.38
AsQhJs3h,1,0.38
AsQdJs3d,1,0.38
AsQcJs3c,1,0.38
AhQdJh3d,1,0.38
AhQcJh3c,1,0.38
AhQsJh3s,1,0.38
AdQcJd3c,1,0.38
AdQsJd3s,1,0.38
AdQhJd3h,1,0.38
AcQsJc3s,1,0.38
AcQhJc3h,1,0.38
AcQdJc3d,1,0.38
AsQhJs2h,1,0.34
AsQdJs2d,1,0.34
AsQcJs2c,1,0.34
AhQdJh2d,1,0.34
AhQcJh2c,1,0.34
AhQsJh2s,1,0.34
AdQcJd2c,1,0.34
AdQsJd2s,1,0.34
AdQhJd2h,1,0.34
AcQsJc2s,1,0.34
AcQhJc2h,1,0.34
AcQdJc2d,1,0.34
AsQhJsJd,1,0.74
AsQhJsJc,1,0.74
AsQdJsJc,1,0.74
AsQdJsJh,1,0.74
AsQcJsJh,1,0.74
AsQcJsJd,1,0.74
AhQdJhJc,1,0.74
AhQdJsJh,1,0.74
AhQcJhJd,1,0.74
AhQcJsJh,1,0.74
AhQsJhJc,1,0.74
AhQsJhJd,1,0.74
AdQcJhJd,1,0.74
AdQcJsJd,1,0.74
AdQsJdJc,1,0.74
AdQsJhJd,1,0.74
AdQhJdJc,1,0.74
AdQhJsJd,1,0.74
AcQsJhJc,1,0.74
AcQsJdJc,1,0.74
AcQhJdJc,1,0.74
AcQhJsJc,1,0.74
AcQdJsJc,1,0.74
AcQdJhJc,1,0.74
AsQhJsTd,1,0.68
AsQhJsTc,1,0.68
AsQdJsTc,1,0.68
AsQdJsTh,1,0.68
AsQcJsTh,1,0.68
AsQcJsTd,1,0.68
AhQdJhTc,1,0.68
AhQdJhTs,1,0.68
AhQcJhTd,1,0.68
AhQcJhTs,1,0.68
AhQsJhTc,1,0.68
AhQsJhTd,1,0.68
AdQcJdTh,1,0.68
AdQcJdTs,1,0.68
AdQsJdTc,1,0.68
AdQsJdTh,1,0.68
AdQhJdTc,1,0.68
AdQhJdTs,1,0.68
AcQsJcTh,1,0.68
AcQsJcTd,1,0.68
AcQhJcTd,1,0.68
AcQhJcTs,1,0.68
AcQdJcTs,1,0.68
AcQdJcTh,1,0.68
AsQhJs9d,1,0.22
AsQhJs9c,1,0.22
AsQdJs9c,1,0.22
AsQdJs9h,1,0.22
AsQcJs9h,1,0.22
AsQcJs9d,1,0.22
AhQdJh9c,1,0.22
AhQdJh9s,1,0.22
AhQcJh9d,1,0.22
AhQcJh9s,1,0.22
AhQsJh9c,1,0.22
AhQsJh9d,1,0.22
AdQcJd9h,1,0.22
AdQcJd9s,1,0.22
AdQsJd9c,1,0.22
AdQsJd9h,1,0.22
AdQhJd9c,1,0.22
AdQhJd9s,1,0.22
AcQsJc9h,1,0.22
AcQsJc9d,1,0.22
AcQhJc9d,1,0.22
AcQhJc9s,1,0.22
AcQdJc9s,1,0.22
AcQdJc9h,1,0.22
AsQhJs8d,1,0.16
AsQhJs8c,1,0.16
AsQdJs8c,1,0.16
AsQdJs8h,1,0.16
AsQcJs8h,1,0.16
AsQcJs8d,1,0.16
AhQdJh8c,1,0.16
AhQdJh8s,1,0.16
AhQcJh8d,1,0.16
AhQcJh8s,1,0.16
AhQsJh8c,1,0.16
AhQsJh8d,1,0.16
AdQcJd8h,1,0.16
AdQcJd8s,1,0.16
AdQsJd8c,1,0.16
AdQsJd8h,1,0.16
AdQhJd8c,1,0.16
AdQhJd8s,1,0.16
AcQsJc8h,1,0.16
AcQsJc8d,1,0.16
AcQhJc8d,1,0.16
AcQhJc8s,1,0.16
AcQdJc8s,1,0.16
AcQdJc8h,1,0.16
AsQhJs7d,1,0.02
AsQhJs7c,1,0.02
AsQdJs7c,1,0.02
AsQdJs7h,1,0.02
AsQcJs7h,1,0.02
AsQcJs7d,1,0.02
AhQdJh7c,1,0.02
AhQdJh7s,1,0.02
AhQcJh7d,1,0.02
AhQcJh7s,1,0.02
AhQsJh7c,1,0.02
AhQsJh7d,1,0.02
AdQcJd7h,1,0.02
AdQcJd7s,1,0.02
AdQsJd7c,1,0.02
AdQsJd7h,1,0.02
AdQhJd7c,1,0.02
AdQhJd7s,1,0.02
AcQsJc7h,1,0.02
AcQsJc7d,1,0.02
AcQhJc7d,1,0.02
AcQhJc7s,1,0.02
AcQdJc7s,1,0.02
AcQdJc7h,1,0.02
AsQhJs6d,1,0
AsQhJs6c,1,0
AsQdJs6c,1,0
AsQdJs6h,1,0
AsQcJs6h,1,0
AsQcJs6d,1,0
AhQdJh6c,1,0
AhQdJh6s,1,0
AhQcJh6d,1,0
AhQcJh6s,1,0
AhQsJh6c,1,0
AhQsJh6d,1,0
AdQcJd6h,1,0
AdQcJd6s,1,0
AdQsJd6c,1,0
AdQsJd6h,1,0
AdQhJd6c,1,0
AdQhJd6s,1,0
AcQsJc6h,1,0
AcQsJc6d,1,0
AcQhJc6d,1,0
AcQhJc6s,1,0
AcQdJc6s,1,0
AcQdJc6h,1,0
AsQhJs5d,1,0.06
AsQhJs5c,1,0.06
AsQdJs5c,1,0.06
AsQdJs5h,1,0.06
AsQcJs5h,1,0.06
AsQcJs5d,1,0.06
AhQdJh5c,1,0.06
AhQdJh5s,1,0.06
AhQcJh5d,1,0.06
AhQcJh5s,1,0.06
AhQsJh5c,1,0.06
AhQsJh5d,1,0.06
AdQcJd5h,1,0.06
AdQcJd5s,1,0.06
AdQsJd5c,1,0.06
AdQsJd5h,1,0.06
AdQhJd5c,1,0.06
AdQhJd5s,1,0.06
AcQsJc5h,1,0.06
AcQsJc5d,1,0.06
AcQhJc5d,1,0.06
AcQhJc5s,1,0.06
AcQdJc5s,1,0.06
AcQdJc5h,1,0.06
AsQhJs4d,1,0.04
AsQhJs4c,1,0.04
AsQdJs4c,1,0.04
AsQdJs4h,1,0.04
AsQcJs4h,1,0.04
AsQcJs4d,1,0.04
AhQdJh4c,1,0.04
AhQdJh4s,1,0.04
AhQcJh4d,1,0.04
AhQcJh4s,1,0.04
AhQsJh4c,1,0.04
AhQsJh4d,1,0.04
AdQcJd4h,1,0.04
AdQcJd4s,1,0.04
AdQsJd4c,1,0.04
AdQsJd4h,1,0.04
AdQhJd4c,1,0.04
AdQhJd4s,1,0.04
AcQsJc4h,1,0.04
AcQsJc4d,1,0.04
AcQhJc4d,1,0.04
AcQhJc4s,1,0.04
AcQdJc4s,1,0.04
AcQdJc4h,1,0.04
AsQhJs3d,1,0.02
AsQhJs3c,1,0.02
AsQdJs3c,1,0.02
AsQdJs3h,1,0.02
AsQcJs3h,1,0.02
AsQcJs3d,1,0.02
AhQdJh3c,1,0.02
AhQdJh3s,1,0.02
AhQcJh3d,1,0.02
AhQcJh3s,1,0.02
AhQsJh3c,1,0.02
AhQsJh3d,1,0.02
AdQcJd3h,1,0.02
AdQcJd3s,1,0.02
AdQsJd3c,1,0.02
AdQsJd3h,1,0.02
AdQhJd3c,1,0.02
AdQhJd3s,1,0.02
AcQsJc3h,1,0.02
AcQsJc3d,1,0.02
AcQhJc3d,1,0.02
AcQhJc3s,1,0.02
AcQdJc3s,1,0.02
AcQdJc3h,1,0.02
AsQhTs9s,1,0.11
AsQdTs9s,1,0.11
AsQcTs9s,1,0.11
AhQdTh9h,1,0.11
AhQcTh9h,1,0.11
AhQsTh9h,1,0.11
AdQcTd9d,1,0.11
AdQsTd9d,1,0.11
AdQhTd9d,1,0.11
AcQsTc9c,1,0.11
AcQhTc9c,1,0.11
AcQdTc9c,1,0.11
AsQhTs8s,1,0.07
AsQdTs8s,1,0.07
AsQcTs8s,1,0.07
AhQdTh8h,1,0.07
AhQcTh8h,1,0.07
AhQsTh8h,1,0.07
AdQcTd8d,1,0.07
AdQsTd8d,1,0.07
AdQhTd8d,1,0.07
AcQsTc8c,1,0.07
AcQhTc8c,1,0.07
AcQdTc8c,1,0.07
AsQhTsTh,1,0.93
AsQdTsTd,1,0.93
AsQcTsTc,1,0.93
AhQdThTd,1,0.93
AhQcThTc,1,0.93
AhQsTsTh,1,0.93
AdQcTdTc,1,0.93
AdQsTsTd,1,0.93
AdQhThTd,1,0.93
AcQsTsTc,1,0.93
AcQhThTc,1,0.93
AcQdTdTc,1,0.93
AsQhTs9h,1,0.71
AsQdTs9d,1,0.71
AsQcTs9c,1,0.71
AhQdTh9d,1,0.71
AhQcTh9c,1,0.71
AhQsTh9s,1,0.71
AdQcTd9c,1,0.71
AdQsTd9s,1,0.71
AdQhTd9h,1,0.71
AcQsTc9s,1,0.71
AcQhTc9h,1,0.71
AcQdTc9d,1,0.71
AsQhTs8h,1,0.62
AsQdTs8d,1,0.62
AsQcTs8c,1,0.62
AhQdTh8d,1,0.62
AhQcTh8c,1,0.62
AhQsTh8s,1,0.62
AdQcTd8c,1,0.62
AdQsTd8s,1,0.62
AdQhTd8h,1,0.62
AcQsTc8s,1,0.62
AcQhTc8h,1,0.62
AcQdTc8d,1,0.62
AsQhTs7h,1,0.32
AsQdTs7d,1,0.32
AsQcTs7c,1,0.32
AhQdTh7d,1,0.32
AhQcTh7c,1,0.32
AhQsTh7s,1,0.32
AdQcTd7c,1,0.32
AdQsTd7s,1,0.32
AdQhTd7h,1,0.32
AcQsTc7s,1,0.32
AcQhTc7h,1,0.32
AcQdTc7d,1,0.32
AsQhTs6h,1,0.28
AsQdTs6d,1,0.28
AsQcTs6c,1,0.28
AhQdTh6d,1,0.28
AhQcTh6c,1,0.28
AhQsTh6s,1,0.28
AdQcTd6c,1,0.28
AdQsTd6s,1,0.28
AdQhTd6h,1,0.28
AcQsTc6s,1,0.28
AcQhTc6h,1,0.28
AcQdTc6d,1,0.28
AsQhTs5h,1,0.34
AsQdTs5d,1,0.34
AsQcTs5c,1,0.34
AhQdTh5d,1,0.34
AhQcTh5c,1,0.34
AhQsTh5s,1,0.34
AdQcTd5c,1,0.34
AdQsTd5s,1,0.34
AdQhTd5h,1,0.34
AcQsTc5s,1,0.34
AcQhTc5h,1,0.34
AcQdTc5d,1,0.34
AsQhTs4h,1,0.35
AsQdTs4d,1,0.35
AsQcTs4c,1,0.35
AhQdTh4d,1,0.35
AhQcTh4c,1,0.35
AhQsTh4s,1,0.35
AdQcTd4c,1,0.35
AdQsTd4s,1,0.35
AdQhTd4h,1,0.35
AcQsTc4s,1,0.35
AcQhTc4h,1,0.35
AcQdTc4d,1,0.35
AsQhTs3h,1,0.35
AsQdTs3d,1,0.35
AsQcTs3c,1,0.35
AhQdTh3d,1,0.35
AhQcTh3c,1,0.35
AhQsTh3s,1,0.35
AdQcTd3c,1,0.35
AdQsTd3s,1,0.35
AdQhTd3h,1,0.35
AcQsTc3s,1,0.35
AcQhTc3h,1,0.35
AcQdTc3d,1,0.35
AsQhTs2h,1,0.32
AsQdTs2d,1,0.32
AsQcTs2c,1,0.32
AhQdTh2d,1,0.32
AhQcTh2c,1,0.32
AhQsTh2s,1,0.32
AdQcTd2c,1,0.32
AdQsTd2s,1,0.32
AdQhTd2h,1,0.32
AcQsTc2s,1,0.32
AcQhTc2h,1,0.32
AcQdTc2d,1,0.32
AsQhTsTd,1,0.57
AsQhTsTc,1,0.57
AsQdTsTc,1,0.57
AsQdTsTh,1,0.57
AsQcTsTh,1,0.57
AsQcTsTd,1,0.57
AhQdThTc,1,0.57
AhQdTsTh,1,0.57
AhQcThTd,1,0.57
AhQcTsTh,1,0.57
AhQsThTc,1,0.57
AhQsThTd,1,0.57
AdQcThTd,1,0.57
AdQcTsTd,1,0.57
AdQsTdTc,1,0.57
AdQsThTd,1,0.57
AdQhTdTc,1,0.57
AdQhTsTd,1,0.57
AcQsThTc,1,0.57
AcQsTdTc,1,0.57
AcQhTdTc,1,0.57
AcQhTsTc,1,0.57
AcQdTsTc,1,0.57
AcQdThTc,1,0.57
AsQhTs9d,1,0.33
AsQhTs9c,1,0.33
AsQdTs9c,1,0.33
AsQdTs9h,1,0.33
AsQcTs9h,1,0.33
AsQcTs9d,1,0.33
AhQdTh9c,1,0.33
AhQdTh9s,1,0.33
AhQcTh9d,1,0.33
AhQcTh9s,1,0.33
AhQsTh9c,1,0.33
AhQsTh9d,1,0.33
AdQcTd9h,1,0.33
AdQcTd9s,1,0.33
AdQsTd9c,1,0.33
AdQsTd9h,1,0.33
AdQhTd9c,1,0.33
AdQhTd9s,1,0.33
AcQsTc9h,1,0.33
AcQsTc9d,1,0.33
AcQhTc9d,1,0.33
AcQhTc9s,1,0.33
AcQdTc9s,1,0.33
AcQdTc9h,1,0.33
AsQhTs8d,1,0.25
AsQhTs8c,1,0.25
AsQdTs8c,1,0.25
AsQdTs8h,1,0.25
AsQcTs8h,1,0.25
AsQcTs8d,1,0.25
AhQdTh8c,1,0.25
AhQdTh8s,1,0.25
AhQcTh8d,1,0.25
AhQcTh8s,1,0.25
AhQsTh8c,1,0.25
AhQsTh8d,1,0.25
AdQcTd8h,1,0.25
AdQcTd8s,1,0.25
AdQsTd8c,1,0.25
AdQsTd8h,1,0.25
AdQhTd8c,1,0.25
AdQhTd8s,1,0.25
AcQsTc8h,1,0.25
AcQsTc8d,1,0.25
AcQhTc8d,1,0.25
AcQhTc8s,1,0.25
AcQdTc8s,1,0.25
AcQdTc8h,1,0.25
AsQhTs7d,1,0.07
AsQhTs7c,1,0.07
AsQdTs7c,1,0.07
AsQdTs7h,1,0.07
AsQcTs7h,1,0.07
AsQcTs7d,1,0.07
AhQdTh7c,1,0.07
AhQdTh7s,1,0.07
AhQcTh7d,1,0.07
AhQcTh7s,1,0.07
AhQsTh7c,1,0.07
AhQsTh7d,1,0.07
AdQcTd7h,1,0.07
AdQcTd7s,1,0.07
AdQsTd7c,1,0.07
AdQsTd7h,1,0.07
AdQhTd7c,1,0.07
AdQhTd7s,1,0.07
AcQsTc7h,1,0.07
AcQsTc7d,1,0.07
AcQhTc7d,1,0.07
AcQhTc7s,1,0.07
AcQdTc7s,1,0.07
AcQdTc7h,1,0.07
AsQhTs6d,1,0.04
AsQhTs6c,1,0.04
AsQdTs6c,1,0.04
AsQdTs6h,1,0.04
AsQcTs6h,1,0.04
AsQcTs6d,1,0.04
AhQdTh6c,1,0.04
AhQdTh6s,1,0.04
AhQcTh6d,1,0.04
AhQcTh6s,1,0.04
AhQsTh6c,1,0.04
AhQsTh6d,1,0.04
AdQcTd6h,1,0.04
AdQcTd6s,1,0.04
AdQsTd6c,1,0.04
AdQsTd6h,1,0.04
AdQhTd6c,1,0.04
AdQhTd6s,1,0.04
AcQsTc6h,1,0.04
AcQsTc6d,1,0.04
AcQhTc6d,1,0.04
AcQhTc6s,1,0.04
AcQdTc6s,1,0.04
AcQdTc6h,1,0.04
AsQhTs5d,1,0.05
AsQhTs5c,1,0.05
AsQdTs5c,1,0.05
AsQdTs5h,1,0.05
AsQcTs5h,1,0.05
AsQcTs5d,1,0.05
AhQdTh5c,1,0.05
AhQdTh5s,1,0.05
AhQcTh5d,1,0.05
AhQcTh5s,1,0.05
AhQsTh5c,1,0.05
AhQsTh5d,1,0.05
AdQcTd5h,1,0.05
AdQcTd5s,1,0.05
AdQsTd5c,1,0.05
AdQsTd5h,1,0.05
AdQhTd5c,1,0.05
AdQhTd5s,1,0.05
AcQsTc5h,1,0.05
AcQsTc5d,1,0.05
AcQhTc5d,1,0.05
AcQhTc5s,1,0.05
AcQdTc5s,1,0.05
AcQdTc5h,1,0.05
AsQhTs4d,1,0.04
AsQhTs4c,1,0.04
AsQdTs4c,1,0.04
AsQdTs4h,1,0.04
AsQcTs4h,1,0.04
AsQcTs4d,1,0.04
AhQdTh4c,1,0.04
AhQdTh4s,1,0.04
AhQcTh4d,1,0.04
AhQcTh4s,1,0.04
AhQsTh4c,1,0.04
AhQsTh4d,1,0.04
AdQcTd4h,1,0.04
AdQcTd4s,1,0.04
AdQsTd4c,1,0.04
AdQsTd4h,1,0.04
AdQhTd4c,1,0.04
AdQhTd4s,1,0.04
AcQsTc4h,1,0.04
AcQsTc4d,1,0.04
AcQhTc4d,1,0.04
AcQhTc4s,1,0.04
AcQdTc4s,1,0.04
AcQdTc4h,1,0.04
AsQhTs3d,1,0.02
AsQhTs3c,1,0.02
AsQdTs3c,1,0.02
AsQdTs3h,1,0.02
AsQcTs3h,1,0.02
AsQcTs3d,1,0.02
AhQdTh3c,1,0.02
AhQdTh3s,1,0.02
AhQcTh3d,1,0.02
AhQcTh3s,1,0.02
AhQsTh3c,1,0.02
AhQsTh3d,1,0.02
AdQcTd3h,1,0.02
AdQcTd3s,1,0.02
AdQsTd3c,1,0.02
AdQsTd3h,1,0.02
AdQhTd3c,1,0.02
AdQhTd3s,1,0.02
AcQsTc3h,1,0.02
AcQsTc3d,1,0.02
AcQhTc3d,1,0.02
AcQhTc3s,1,0.02
AcQdTc3s,1,0.02
AcQdTc3h,1,0.02
AsQh9s9h,1,0.52
AsQd9s9d,1,0.52
AsQc9s9c,1,0.52
AhQd9h9d,1,0.52
AhQc9h9c,1,0.52
AhQs9s9h,1,0.52
AdQc9d9c,1,0.52
AdQs9s9d,1,0.52
AdQh9h9d,1,0.52
AcQs9s9c,1,0.52
AcQh9h9c,1,0.52
AcQd9d9c,1,0.52
AsQh9s8h,1,0.36
AsQd9s8d,1,0.36
AsQc9s8c,1,0.36
AhQd9h8d,1,0.36
AhQc9h8c,1,0.36
AhQs9h8s,1,0.36
AdQc9d8c,1,0.36
AdQs9d8s,1,0.36
AdQh9d8h,1,0.36
AcQs9c8s,1,0.36
AcQh9c8h,1,0.36
AcQd9c8d,1,0.36
AsQh9s7h,1,0.15
AsQd9s7d,1,0.15
AsQc9s7c,1,0.15
AhQd9h7d,1,0.15
AhQc9h7c,1,0.15
AhQs9h7s,1,0.15
AdQc9d7c,1,0.15
AdQs9d7s,1,0.15
AdQh9d7h,1,0.15
AcQs9c7s,1,0.15
AcQh9c7h,1,0.15
AcQd9c7d,1,0.15
AsQh9s6h,1,0.1
AsQd9s6d,1,0.1
AsQc9s6c,1,0.1
AhQd9h6d,1,0.1
AhQc9h6c,1,0.1
AhQs9h6s,1,0.1
AdQc9d6c,1,0.1
AdQs9d6s,1,0.1
AdQh9d6h,1,0.1
AcQs9c6s,1,0.1
AcQh9c6h,1,0.1
AcQd9c6d,1,0.1
AsQh9s5h,1,0.1
AsQd9s5d,1,0.1
AsQc9s5c,1,0.1
AhQd9h5d,1,0.1
AhQc9h5c,1,0.1
AhQs9h5s,1,0.1
AdQc9d5c,1,0.1
AdQs9d5s,1,0.1
AdQh9d5h,1,0.1
AcQs9c5s,1,0.1
AcQh9c5h,1,0.1
AcQd9c5d,1,0.1
AsQh9s4h,1,0.01
AsQd9s4d,1,0.01
AsQc9s4c,1,0.01
AhQd9h4d,1,0.01
AhQc9h4c,1,0.01
AhQs9h4s,1,0.01
AdQc9d4c,1,0.01
AdQs9d4s,1,0.01
AdQh9d4h,1,0.01
AcQs9c4s,1,0.01
AcQh9c4h,1,0.01
AcQd9c4d,1,0.01
AsQh9s9d,1,0.19
AsQh9s9c,1,0.19
AsQd9s9c,1,0.19
AsQd9s9h,1,0.19
AsQc9s9h,1,0.19
AsQc9s9d,1,0.19
AhQd9h9c,1,0.19
AhQd9s9h,1,0.19
AhQc9h9d,1,0.19
AhQc9s9h,1,0.19
AhQs9h9c,1,0.19
AhQs9h9d,1,0.19
AdQc9h9d,1,0.19
AdQc9s9d,1,0.19
AdQs9d9c,1,0.19
AdQs9h9d,1,0.19
AdQh9d9c,1,0.19
AdQh9s9d,1,0.19
AcQs9h9c,1,0.19
AcQs9d9c,1,0.19
AcQh9d9c,1,0.19
AcQh9s9c,1,0.19
AcQd9s9c,1,0.19
AcQd9h9c,1,0.19
AsQh9s8d,1,0.09
AsQh9s8c,1,0.09
AsQd9s8c,1,0.09
AsQd9s8h,1,0.09
AsQc9s8h,1,0.09
AsQc9s8d,1,0.09
AhQd9h8c,1,0.09
AhQd9h8s,1,0.09
AhQc9h8d,1,0.09
AhQc9h8s,1,0.09
AhQs9h8c,1,0.09
AhQs9h8d,1,0.09
AdQc9d8h,1,0.09
AdQc9d8s,1,0.09
AdQs9d8c,1,0.09
AdQs9d8h,1,0.09
AdQh9d8c,1,0.09
AdQh9d8s,1,0.09
AcQs9c8h,1,0.09
AcQs9c8d,1,0.09
AcQh9c8d,1,0.09
AcQh9c8s,1,0.09
AcQd9c8s,1,0.09
AcQd9c8h,1,0.09
AsQh8s8h,1,0.43
AsQd8s8d,1,0.43
AsQc8s8c,1,0.43
AhQd8h8d,1,0.43
AhQc8h8c,1,0.43
AhQs8s8h,1,0.43
AdQc8d8c,1,0.43
AdQs8s8d,1,0.43
AdQh8h8d,1,0.43
AcQs8s8c,1,0.43
AcQh8h8c,1,0.43
AcQd8d8c,1,0.43
AsQh8s7h,1,0.26
AsQd8s7d,1,0.26
AsQc8s7c,1,0.26
AhQd8h7d,1,0.26
AhQc8h7c,1,0.26
AhQs8h7s,1,0.26
AdQc8d7c,1,0.26
AdQs8d7s,1,0.26
AdQh8d7h,1,0.26
AcQs8c7s,1,0.26
AcQh8c7h,1,0.26
AcQd8c7d,1,0.26
AsQh8s6h,1,0.23
AsQd8s6d,1,0.23
AsQc8s6c,1,0.23
AhQd8h6d,1,0.23
AhQc8h6c,1,0.23
AhQs8h6s,1,0.23
AdQc8d6c,1,0.23
AdQs8d6s,1,0.23
AdQh8d6h,1,0.23
AcQs8c6s,1,0.23
AcQh8c6h,1,0.23
AcQd8c6d,1,0.23
AsQh8s5h,1,0.22
AsQd8s5d,1,0.22
AsQc8s5c,1,0.22
AhQd8h5d,1,0.22
AhQc8h5c,1,0.22
AhQs8h5s,1,0.22
AdQc8d5c,1,0.22
AdQs8d5s,1,0.22
AdQh8d5h,1,0.22
AcQs8c5s,1,0.22
AcQh8c5h,1,0.22
AcQd8c5d,1,0.22
AsQh8s4h,1,0.07
AsQd8s4d,1,0.07
AsQc8s4c,1,0.07
AhQd8h4d,1,0.07
AhQc8h4c,1,0.07
AhQs8h4s,1,0.07
AdQc8d4c,1,0.07
AdQs8d4s,1,0.07
AdQh8d4h,1,0.07
AcQs8c4s,1,0.07
AcQh8c4h,1,0.07
AcQd8c4d,1,0.07
AsQh8s8d,1,0.11
AsQh8s8c,1,0.11
AsQd8s8c,1,0.11
AsQd8s8h,1,0.11
AsQc8s8h,1,0.11
AsQc8s8d,1,0.11
AhQd8h8c,1,0.11
AhQd8s8h,1,0.11
AhQc8h8d,1,0.11
AhQc8s8h,1,0.11
AhQs8h8c,1,0.11
AhQs8h8d,1,0.11
AdQc8h8d,1,0.11
AdQc8s8d,1,0.11
AdQs8d8c,1,0.11
AdQs8h8d,1,0.11
AdQh8d8c,1,0.11
AdQh8s8d,1,0.11
AcQs8h8c,1,0.11
AcQs8d8c,1,0.11
AcQh8d8c,1,0.11
AcQh8s8c,1,0.11
AcQd8s8c,1,0.11
AcQd8h8c,1,0.11
AsQh8s7d,1,0.03
AsQh8s7c,1,0.03
AsQd8s7c,1,0.03
AsQd8s7h,1,0.03
AsQc8s7h,1,0.03
AsQc8s7d,1,0.03
AhQd8h7c,1,0.03
AhQd8h7s,1,0.03
AhQc8h7d,1,0.03
AhQc8h7s,1,0.03
AhQs8h7c,1,0.03
AhQs8h7d,1,0.03
AdQc8d7h,1,0.03
AdQc8d7s,1,0.03
AdQs8d7c,1,0.03
AdQs8d7h,1,0.03
AdQh8d7c,1,0.03
AdQh8d7s,1,0.03
AcQs8c7h,1,0.03
AcQs8c7d,1,0.03
AcQh8c7d,1,0.03
AcQh8c7s,1,0.03
AcQd8c7s,1,0.03
AcQd8c7h,1,0.03
AsQh8s6d,0.012,0
AsQh8s6c,0.012,0
AsQd8s6c,0.012,0
AsQd8s6h,0.012,0
AsQc8s6h,0.012,0
AsQc8s6d,0.012,0
AhQd8h6c,0.012,0
AhQd8h6s,0.012,0
AhQc8h6d,0.012,0
AhQc8h6s,0.012,0
AhQs8h6c,0.012,0
AhQs8h6d,0.012,0
AdQc8d6h,0.012,0
AdQc8d6s,0.012,0
AdQs8d6c,0.012,0
AdQs8d6h,0.012,0
AdQh8d6c,0.012,0
AdQh8d6s,0.012,0
AcQs8c6h,0.012,0
AcQs8c6d,0.012,0
AcQh8c6d,0.012,0
AcQh8c6s,0.012,0
AcQd8c6s,0.012,0
AcQd8c6h,0.012,0
AsQh7s7h,1,0.27
AsQd7s7d,1,0.27
AsQc7s7c,1,0.27
AhQd7h7d,1,0.27
AhQc7h7c,1,0.27
AhQs7s7h,1,0.27
AdQc7d7c,1,0.27
AdQs7s7d,1,0.27
AdQh7h7d,1,0.27
AcQs7s7c,1,0.27
AcQh7h7c,1,0.27
AcQd7d7c,1,0.27
AsQh7s6h,1,0.25
AsQd7s6d,1,0.25
AsQc7s6c,1,0.25
AhQd7h6d,1,0.25
AhQc7h6c,1,0.25
AhQs7h6s,1,0.25
AdQc7d6c,1,0.25
AdQs7d6s,1,0.25
AdQh7d6h,1,0.25
AcQs7c6s,1,0.25
AcQh7c6h,1,0.25
AcQd7c6d,1,0.25
AsQh7s5h,1,0.27
AsQd7s5d,1,0.27
AsQc7s5c,1,0.27
AhQd7h5d,1,0.27
AhQc7h5c,1,0.27
AhQs7h5s,1,0.27
AdQc7d5c,1,0.27
AdQs7d5s,1,0.27
AdQh7d5h,1,0.27
AcQs7c5s,1,0.27
AcQh7c5h,1,0.27
AcQd7c5d,1,0.27
AsQh7s4h,1,0.12
AsQd7s4d,1,0.12
AsQc7s4c,1,0.12
AhQd7h4d,1,0.12
AhQc7h4c,1,0.12
AhQs7h4s,1,0.12
AdQc7d4c,1,0.12
AdQs7d4s,1,0.12
AdQh7d4h,1,0.12
AcQs7c4s,1,0.12
AcQh7c4h,1,0.12
AcQd7c4d,1,0.12
AsQh7s7d,1,0.02
AsQh7s7c,1,0.02
AsQd7s7c,1,0.02
AsQd7s7h,1,0.02
AsQc7s7h,1,0.02
AsQc7s7d,1,0.02
AhQd7h7c,1,0.02
AhQd7s7h,1,0.02
AhQc7h7d,1,0.02
AhQc7s7h,1,0.02
AhQs7h7c,1,0.02
AhQs7h7d,1,0.02
AdQc7h7d,1,0.02
AdQc7s7d,1,0.02
AdQs7d7c,1,0.02
AdQs7h7d,1,0.02
AdQh7d7c,1,0.02
AdQh7s7d,1,0.02
AcQs7h7c,1,0.02
AcQs7d7c,1,0.02
AcQh7d7c,1,0.02
AcQh7s7c,1,0.02
AcQd7s7c,1,0.02
AcQd7h7c,1,0.02
AsQh7s6d,0.965,0
AsQh7s6c,0.965,0
AsQd7s6c,0.965,0
AsQd7s6h,0.965,0
AsQc7s6h,0.965,0
AsQc7s6d,0.965,0
AhQd7h6c,0.965,0
AhQd7h6s,0.965,0
AhQc7h6d,0.965,0
AhQc7h6s,0.965,0
AhQs7h6c,0.965,0
AhQs7h6d,0.965,0
AdQc7d6h,0.965,0
AdQc7d6s,0.965,0
AdQs7d6c,0.965,0
AdQs7d6h,0.965,0
AdQh7d6c,0.965,0
AdQh7d6s,0.965,0
AcQs7c6h,0.965,0
AcQs7c6d,0.965,0
AcQh7c6d,0.965,0
AcQh7c6s,0.965,0
AcQd7c6s,0.965,0
AcQd7c6h,0.965,0
AsQh7s5d,0.011,0
AsQh7s5c,0.011,0
AsQd7s5c,0.011,0
AsQd7s5h,0.011,0
AsQc7s5h,0.011,0
AsQc7s5d,0.011,0
AhQd7h5c,0.011,0
AhQd7h5s,0.011,0
AhQc7h5d,0.011,0
AhQc7h5s,0.011,0
AhQs7h5c,0.011,0
AhQs7h5d,0.011,0
AdQc7d5h,0.011,0
AdQc7d5s,0.011,0
AdQs7d5c,0.011,0
AdQs7d5h,0.011,0
AdQh7d5c,0.011,0
AdQh7d5s,0.011,0
AcQs7c5h,0.011,0
AcQs7c5d,0.011,0
AcQh7c5d,0.011,0
AcQh7c5s,0.011,0
AcQd7c5s,0.011,0
AcQd7c5h,0.011,0
AsQh6s6h,1,0.23
AsQd6s6d,1,0.23
AsQc6s6c,1,0.23
AhQd6h6d,1,0.23
AhQc6h6c,1,0.23
AhQs6s6h,1,0.23
AdQc6d6c,1,0.23
AdQs6s6d,1,0.23
AdQh6h6d,1,0.23
AcQs6s6c,1,0.23
AcQh6h6c,1,0.23
AcQd6d6c,1,0.23
AsQh6s5h,1,0.27
AsQd6s5d,1,0.27
AsQc6s5c,1,0.27
AhQd6h5d,1,0.27
AhQc6h5c,1,0.27
AhQs6h5s,1,0.27
AdQc6d5c,1,0.27
AdQs6d5s,1,0.27
AdQh6d5h,1,0.27
AcQs6c5s,1,0.27
AcQh6c5h,1,0.27
AcQd6c5d,1,0.27
AsQh6s4h,1,0.16
AsQd6s4d,1,0.16
AsQc6s4c,1,0.16
AhQd6h4d,1,0.16
AhQc6h4c,1,0.16
AhQs6h4s,1,0.16
AdQc6d4c,1,0.16
AdQs6d4s,1,0.16
AdQh6d4h,1,0.16
AcQs6c4s,1,0.16
AcQh6c4h,1,0.16
AcQd6c4d,1,0.16
AsQh5s5h,1,0.35
AsQd5s5d,1,0.35
AsQc5s5c,1,0.35
AhQd5h5d,1,0.35
AhQc5h5c,1,0.35
AhQs5s5h,1,0.35
AdQc5d5c,1,0.35
AdQs5s5d,1,0.35
AdQh5h5d,1,0.35
AcQs5s5c,1,0.35
AcQh5h5c,1,0.35
AcQd5d5c,1,0.35
AsQh5s4h,1,0.45
AsQd5s4d,1,0.45
AsQc5s4c,1,0.45
AhQd5h4d,1,0.45
AhQc5h4c,1,0.45
AhQs5h4s,1,0.45
AdQc5d4c,1,0.45
AdQs5d4s,1,0.45
AdQh5d4h,1,0.45
AcQs5c4s,1,0.45
AcQh5c4h,1,0.45
AcQd5c4d,1,0.45
AsQh5s3h,1,0.31
AsQd5s3d,1,0.31
AsQc5s3c,1,0.31
AhQd5h3d,1,0.31
AhQc5h3c,1,0.31
AhQs5h3s,1,0.31
AdQc5d3c,1,0.31
AdQs5d3s,1,0.31
AdQh5d3h,1,0.31
AcQs5c3s,1,0.31
AcQh5c3h,1,0.31
AcQd5c3d,1,0.31
AsQh5s2h,1,0.08
AsQd5s2d,1,0.08
AsQc5s2c,1,0.08
AhQd5h2d,1,0.08
AhQc5h2c,1,0.08
AhQs5h2s,1,0.08
AdQc5d2c,1,0.08
AdQs5d2s,1,0.08
AdQh5d2h,1,0.08
AcQs5c2s,1,0.08
AcQh5c2h,1,0.08
AcQd5c2d,1,0.08
AsQh5s5d,1,0.02
AsQh5s5c,1,0.02
AsQd5s5c,1,0.02
AsQd5s5h,1,0.02
AsQc5s5h,1,0.02
AsQc5s5d,1,0.02
AhQd5h5c,1,0.02
AhQd5s5h,1,0.02
AhQc5h5d,1,0.02
AhQc5s5h,1,0.02
AhQs5h5c,1,0.02
AhQs5h5d,1,0.02
AdQc5h5d,1,0.02
AdQc5s5d,1,0.02
AdQs5d5c,1,0.02
AdQs5h5d,1,0.02
AdQh5d5c,1,0.02
AdQh5s5d,1,0.02
AcQs5h5c,1,0.02
AcQs5d5c,1,0.02
AcQh5d5c,1,0.02
AcQh5s5c,1,0.02
AcQd5s5c,1,0.02
AcQd5h5c,1,0.02
AsQh5s4d,1,0.07
AsQh5s4c,1,0.07
AsQd5s4c,1,0.07
AsQd5s4h,1,0.07
AsQc5s4h,1,0.07
AsQc5s4d,1,0.07
AhQd5h4c,1,0.07
AhQd5h4s,1,0.07
AhQc5h4d,1,0.07
AhQc5h4s,1,0.07
AhQs5h4c,1,0.07
AhQs5h4d,1,0.07
AdQc5d4h,1,0.07
AdQc5d4s,1,0.07
AdQs5d4c,1,0.07
AdQs5d4h,1,0.07
AdQh5d4c,1,0.07
AdQh5d4s,1,0.07
AcQs5c4h,1,0.07
AcQs5c4d,1,0.07
AcQh5c4d,1,0.07
AcQh5c4s,1,0.07
AcQd5c4s,1,0.07
AcQd5c4h,1,0.07
AsQh4s4h,1,0.39
AsQd4s4d,1,0.39
AsQc4s4c,1,0.39
AhQd4h4d,1,0.39
AhQc4h4c,1,0.39
AhQs4s4h,1,0.39
AdQc4d4c,1,0.39
AdQs4s4d,1,0.39
AdQh4h4d,1,0.39
AcQs4s4c,1,0.39
AcQh4h4c,1,0.39
AcQd4d4c,1,0.39
AsQh4s3h,1,0.27
AsQd4s3d,1,0.27
AsQc4s3c,1,0.27
AhQd4h3d,1,0.27
AhQc4h3c,1,0.27
AhQs4h3s,1,0.27
AdQc4d3c,1,0.27
AdQs4d3s,1,0.27
AdQh4d3h,1,0.27
AcQs4c3s,1,0.27
AcQh4c3h,1,0.27
AcQd4c3d,1,0.27
AsQh4s2h,1,0.09
AsQd4s2d,1,0.09
AsQc4s2c,1,0.09
AhQd4h2d,1,0.09
AhQc4h2c,1,0.09
AhQs4h2s,1,0.09
AdQc4d2c,1,0.09
AdQs4d2s,1,0.09
AdQh4d2h,1,0.09
AcQs4c2s,1,0.09
AcQh4c2h,1,0.09
AcQd4c2d,1,0.09
AsQh4s4d,1,0.04
AsQh4s4c,1,0.04
AsQd4s4c,1,0.04
AsQd4s4h,1,0.04
AsQc4s4h,1,0.04
AsQc4s4d,1,0.04
AhQd4h4c,1,0.04
AhQd4s4h,1,0.04
AhQc4h4d,1,0.04
AhQc4s4h,1,0.04
AhQs4h4c,1,0.04
AhQs4h4d,1,0.04
AdQc4h4d,1,0.04
AdQc4s4d,1,0.04
AdQs4d4c,1,0.04
AdQs4h4d,1,0.04
AdQh4d4c,1,0.04
AdQh4s4d,1,0.04
AcQs4h4c,1,0.04
AcQs4d4c,1,0.04
AcQh4d4c,1,0.04
AcQh4s4c,1,0.04
AcQd4s4c,1,0.04
AcQd4h4c,1,0.04
AsQh3s3h,1,0.41
AsQd3s3d,1,0.41
AsQc3s3c,1,0.41
AhQd3h3d,1,0.41
AhQc3h3c,1,0.41
AhQs3s3h,1,0.41
AdQc3d3c,1,0.41
AdQs3s3d,1,0.41
AdQh3h3d,1,0.41
AcQs3s3c,1,0.41
AcQh3h3c,1,0.41
AcQd3d3c,1,0.41
AsQh3s2h,1,0.04
AsQd3s2d,1,0.04
AsQc3s2c,1,0.04
AhQd3h2d,1,0.04
AhQc3h2c,1,0.04
AhQs3h2s,1,0.04
AdQc3d2c,1,0.04
AdQs3d2s,1,0.04
AdQh3d2h,1,0.04
AcQs3c2s,1,0.04
AcQh3c2h,1,0.04
AcQd3c2d,1,0.04
AsQh3s3d,1,0.05
AsQh3s3c,1,0.05
AsQd3s3c,1,0.05
AsQd3s3h,1,0.05
AsQc3s3h,1,0.05
AsQc3s3d,1,0.05
AhQd3h3c,1,0.05
AhQd3s3h,1,0.05
AhQc3h3d,1,0.05
AhQc3s3h,1,0.05
AhQs3h3c,1,0.05
AhQs3h3d,1,0.05
AdQc3h3d,1,0.05
AdQc3s3d,1,0.05
AdQs3d3c,1,0.05
AdQs3h3d,1,0.05
AdQh3d3c,1,0.05
AdQh3s3d,1,0.05
AcQs3h3c,1,0.05
AcQs3d3c,1,0.05
AcQh3d3c,1,0.05
AcQh3s3c,1,0.05
AcQd3s3c,1,0.05
AcQd3h3c,1,0.05
AsQh2s2h,1,0.41
AsQd2s2d,1,0.41
AsQc2s2c,1,0.41
AhQd2h2d,1,0.41
AhQc2h2c,1,0.41
AhQs2s2h,1,0.41
AdQc2d2c,1,0.41
AdQs2s2d,1,0.41
AdQh2h2d,1,0.41
AcQs2s2c,1,0.41
AcQh2h2c,1,0.41
AcQd2d2c,1,0.41
AsQh2s2d,1,0.05
AsQh2s2c,1,0.05
AsQd2s2c,1,0.05
AsQd2s2h,1,0.05
AsQc2s2h,1,0.05
AsQc2s2d,1,0.05
AhQd2h2c,1,0.05
AhQd2s2h,1,0.05
AhQc2h2d,1,0.05
AhQc2s2h,1,0.05
AhQs2h2c,1,0.05
AhQs2h2d,1,0.05
AdQc2h2d,1,0.05
AdQc2s2d,1,0.05
AdQs2d2c,1,0.05
AdQs2h2d,1,0.05
AdQh2d2c,1,0.05
AdQh2s2d,1,0.05
AcQs2h2c,1,0.05
AcQs2d2c,1,0.05
AcQh2d2c,1,0.05
AcQh2s2c,1,0.05
AcQd2s2c,1,0.05
AcQd2h2c,1,0.05
AsQhJhTs,1,1.07
AsQdJdTs,1,1.07
AsQcJcTs,1,1.07
AhQdJdTh,1,1.07
AhQcJcTh,1,1.07
AhQsJsTh,1,1.07
AdQcJcTd,1,1.07
AdQsJsTd,1,1.07
AdQhJhTd,1,1.07
AcQsJsTc,1,1.07
AcQhJhTc,1,1.07
AcQdJdTc,1,1.07
AsQhJh9s,1,0.59
AsQdJd9s,1,0.59
AsQcJc9s,1,0.59
AhQdJd9h,1,0.59
AhQcJc9h,1,0.59
AhQsJs9h,1,0.59
AdQcJc9d,1,0.59
AdQsJs9d,1,0.59
AdQhJh9d,1,0.59
AcQsJs9c,1,0.59
AcQhJh9c,1,0.59
AcQdJd9c,1,0.59
AsQhJh8s,1,0.53
AsQdJd8s,1,0.53
AsQcJc8s,1,0.53
AhQdJd8h,1,0.53
AhQcJc8h,1,0.53
AhQsJs8h,1,0.53
AdQcJc8d,1,0.53
AdQsJs8d,1,0.53
AdQhJh8d,1,0.53
AcQsJs8c,1,0.53
AcQhJh8c,1,0.53
AcQdJd8c,1,0.53
AsQhJh7s,1,0.23
AsQdJd7s,1,0.23
AsQcJc7s,1,0.23
AhQdJd7h,1,0.23
AhQcJc7h,1,0.23
AhQsJs7h,1,0.23
AdQcJc7d,1,0.23
AdQsJs7d,1,0.23
AdQhJh7d,1,0.23
AcQsJs7c,1,0.23
AcQhJh7c,1,0.23
AcQdJd7c,1,0.23
AsQhJh6s,1,0.24
AsQdJd6s,1,0.24
AsQcJc6s,1,0.24
AhQdJd6h,1,0.24
AhQcJc6h,1,0.24
AhQsJs6h,1,0.24
AdQcJc6d,1,0.24
AdQsJs6d,1,0.24
AdQhJh6d,1,0.24
AcQsJs6c,1,0.24
AcQhJh6c,1,0.24
AcQdJd6c,1,0.24
AsQhJh5s,1,0.39
AsQdJd5s,1,0.39
AsQcJc5s,1,0.39
AhQdJd5h,1,0.39
AhQcJc5h,1,0.39
AhQsJs5h,1,0.39
AdQcJc5d,1,0.39
AdQsJs5d,1,0.39
AdQhJh5d,1,0.39
AcQsJs5c,1,0.39
AcQhJh5c,1,0.39
AcQdJd5c,1,0.39
AsQhJh4s,1,0.41
AsQdJd4s,1,0.41
AsQcJc4s,1,0.41
AhQdJd4h,1,0.41
AhQcJc4h,1,0.41
AhQsJs4h,1,0.41
AdQcJc4d,1,0.41
AdQsJs4d,1,0.41
AdQhJh4d,1,0.41
AcQsJs4c,1,0.41
AcQhJh4c,1,0.41
AcQdJd4c,1,0.41
AsQhJh3s,1,0.41
AsQdJd3s,1,0.41
AsQcJc3s,1,0.41
AhQdJd3h,1,0.41
AhQcJc3h,1,0.41
AhQsJs3h,1,0.41
AdQcJc3d,1,0.41
AdQsJs3d,1,0.41
AdQhJh3d,1,0.41
AcQsJs3c,1,0.41
AcQhJh3c,1,0.41
AcQdJd3c,1,0.41
AsQhJh2s,1,0.38
AsQdJd2s,1,0.38
AsQcJc2s,1,0.38
AhQdJd2h,1,0.38
AhQcJc2h,1,0.38
AhQsJs2h,1,0.38
AdQcJc2d,1,0.38
AdQsJs2d,1,0.38
AdQhJh2d,1,0.38
AcQsJs2c,1,0.38
AcQhJh2c,1,0.38
AcQdJd2c,1,0.38
AsQhJhTh,1,0.19
AsQdJdTd,1,0.19
AsQcJcTc,1,0.19
AhQdJdTd,1,0.19
AhQcJcTc,1,0.19
AhQsJsTs,1,0.19
AdQcJcTc,1,0.19
AdQsJsTs,1,0.19
AdQhJhTh,1,0.19
AcQsJsTs,1,0.19
AcQhJhTh,1,0.19
AcQdJdTd,1,0.19
AsQhJhJd,1,0.31
AsQhJhJc,1,0.31
AsQdJdJc,1,0.31
AsQdJhJd,1,0.31
AsQcJhJc,1,0.31
AsQcJdJc,1,0.31
AhQdJdJc,1,0.31
AhQdJsJd,1,0.31
AhQcJdJc,1,0.31
AhQcJsJc,1,0.31
AhQsJsJc,1,0.31
AhQsJsJd,1,0.31
AdQcJhJc,1,0.31
AdQcJsJc,1,0.31
AdQsJsJc,1,0.31
AdQsJsJh,1,0.31
AdQhJhJc,1,0.31
AdQhJsJh,1,0.31
AcQsJsJh,1,0.31
AcQsJsJd,1,0.31
AcQhJhJd,1,0.31
AcQhJsJh,1,0.31
AcQdJsJd,1,0.31
AcQdJhJd,1,0.31
AsQhJhTd,1,0.32
AsQhJhTc,1,0.32
AsQdJdTc,1,0.32
AsQdJdTh,1,0.32
AsQcJcTh,1,0.32
AsQcJcTd,1,0.32
AhQdJdTc,1,0.32
AhQdJdTs,1,0.32
AhQcJcTd,1,0.32
AhQcJcTs,1,0.32
AhQsJsTc,1,0.32
AhQsJsTd,1,0.32
AdQcJcTh,1,0.32
AdQcJcTs,1,0.32
AdQsJsTc,1,0.32
AdQsJsTh,1,0.32
AdQhJhTc,1,0.32
AdQhJhTs,1,0.32
AcQsJsTh,1,0.32
AcQsJsTd,1,0.32
AcQhJhTd,1,0.32
AcQhJhTs,1,0.32
AcQdJdTs,1,0.32
AcQdJdTh,1,0.32
AsQhJh9d,1,0.03
AsQhJh9c,1,0.03
AsQdJd9c,1,0.03
AsQdJd9h,1,0.03
AsQcJc9h,1,0.03
AsQcJc9d,1,0.03
AhQdJd9c,1,0.03
AhQdJd9s,1,0.03
AhQcJc9d,1,0.03
AhQcJc9s,1,0.03
AhQsJs9c,1,0.03
AhQsJs9d,1,0.03
AdQcJc9h,1,0.03
AdQcJc9s,1,0.03
AdQsJs9c,1,0.03
AdQsJs9h,1,0.03
AdQhJh9c,1,0.03
AdQhJh9s,1,0.03
AcQsJs9h,1,0.03
AcQsJs9d,1,0.03
AcQhJh9d,1,0.03
AcQhJh9s,1,0.03
AcQdJd9s,1,0.03
AcQdJd9h,1,0.03
AsQhJh8d,0.989,0
AsQhJh8c,0.989,0
AsQdJd8c,0.989,0
AsQdJd8h,0.989,0
AsQcJc8h,0.989,0
AsQcJc8d,0.989,0
AhQdJd8c,0.989,0
AhQdJd8s,0.989,0
AhQcJc8d,0.989,0
AhQcJc8s,0.989,0
AhQsJs8c,0.989,0
AhQsJs8d,0.989,0
AdQcJc8h,0.989,0
AdQcJc8s,0.989,0
AdQsJs8c,0.989,0
AdQsJs8h,0.989,0
AdQhJh8c,0.989,0
AdQhJh8s,0.989,0
AcQsJs8h,0.989,0
AcQsJs8d,0.989,0
AcQhJh8d,0.989,0
AcQhJh8s,0.989,0
AcQdJd8s,0.989,0
AcQdJd8h,0.989,0
AsQhTh9s,1,0.72
AsQdTd9s,1,0.72
AsQcTc9s,1,0.72
AhQdTd9h,1,0.72
AhQcTc9h,1,0.72
AhQsTs9h,1,0.72
AdQcTc9d,1,0.72
AdQsTs9d,1,0.72
AdQhTh9d,1,0.72
AcQsTs9c,1,0.72
AcQhTh9c,1,0.72
AcQdTd9c,1,0.72
AsQhTh8s,1,0.64
AsQdTd8s,1,0.64
AsQcTc8s,1,0.64
AhQdTd8h,1,0.64
AhQcTc8h,1,0.64
AhQsTs8h,1,0.64
AdQcTc8d,1,0.64
AdQsTs8d,1,0.64
AdQhTh8d,1,0.64
AcQsTs8c,1,0.64
AcQhTh8c,1,0.64
AcQdTd8c,1,0.64
AsQhTh7s,1,0.35
AsQdTd7s,1,0.35
AsQcTc7s,1,0.35
AhQdTd7h,1,0.35
AhQcTc7h,1,0.35
AhQsTs7h,1,0.35
AdQcTc7d,1,0.35
AdQsTs7d,1,0.35
AdQhTh7d,1,0.35
AcQsTs7c,1,0.35
AcQhTh7c,1,0.35
AcQdTd7c,1,0.35
AsQhTh6s,1,0.31
AsQdTd6s,1,0.31
AsQcTc6s,1,0.31
AhQdTd6h,1,0.31
AhQcTc6h,1,0.31
AhQsTs6h,1,0.31
AdQcTc6d,1,0.31
AdQsTs6d,1,0.31
AdQhTh6d,1,0.31
AcQsTs6c,1,0.31
AcQhTh6c,1,0.31
AcQdTd6c,1,0.31
AsQhTh5s,1,0.36
AsQdTd5s,1,0.36
AsQcTc5s,1,0.36
AhQdTd5h,1,0.36
AhQcTc5h,1,0.36
AhQsTs5h,1,0.36
AdQcTc5d,1,0.36
AdQsTs5d,1,0.36
AdQhTh5d,1,0.36
AcQsTs5c,1,0.36
AcQhTh5c,1,0.36
AcQdTd5c,1,0.36
AsQhTh4s,1,0.38
AsQdTd4s,1,0.38
AsQcTc4s,1,0.38
AhQdTd4h,1,0.38
AhQcTc4h,1,0.38
AhQsTs4h,1,0.38
AdQcTc4d,1,0.38
AdQsTs4d,1,0.38
AdQhTh4d,1,0.38
AcQsTs4c,1,0.38
AcQhTh4c,1,0.38
AcQdTd4c,1,0.38
AsQhTh3s,1,0.38
AsQdTd3s,1,0.38
AsQcTc3s,1,0.38
AhQdTd3h,1,0.38
AhQcTc3h,1,0.38
AhQsTs3h,1,0.38
AdQcTc3d,1,0.38
AdQsTs3d,1,0.38
AdQhTh3d,1,0.38
AcQsTs3c,1,0.38
AcQhTh3c,1,0.38
AcQdTd3c,1,0.38
AsQhTh2s,1,0.35
AsQdTd2s,1,0.35
AsQcTc2s,1,0.35
AhQdTd2h,1,0.35
AhQcTc2h,1,0.35
AhQsTs2h,1,0.35
AdQcTc2d,1,0.35
AdQsTs2d,1,0.35
AdQhTh2d,1,0.35
AcQsTs2c,1,0.35
AcQhTh2c,1,0.35
AcQdTd2c,1,0.35
AsQhTh9h,1,0.03
AsQdTd9d,1,0.03
AsQcTc9c,1,0.03
AhQdTd9d,1,0.03
AhQcTc9c,1,0.03
AhQsTs9s,1,0.03
AdQcTc9c,1,0.03
AdQsTs9s,1,0.03
AdQhTh9h,1,0.03
AcQsTs9s,1,0.03
AcQhTh9h,1,0.03
AcQdTd9d,1,0.03
AsQhThTd,1,0.2
AsQhThTc,1,0.2
AsQdTdTc,1,0.2
AsQdThTd,1,0.2
AsQcThTc,1,0.2
AsQcTdTc,1,0.2
AhQdTdTc,1,0.2
AhQdTsTd,1,0.2
AhQcTdTc,1,0.2
AhQcTsTc,1,0.2
AhQsTsTc,1,0.2
AhQsTsTd,1,0.2
AdQcThTc,1,0.2
AdQcTsTc,1,0.2
AdQsTsTc,1,0.2
AdQsTsTh,1,0.2
AdQhThTc,1,0.2
AdQhTsTh,1,0.2
AcQsTsTh,1,0.2
AcQsTsTd,1,0.2
AcQhThTd,1,0.2
AcQhTsTh,1,0.2
AcQdTsTd,1,0.2
AcQdThTd,1,0.2
AsQhTh9d,1,0.08
AsQhTh9c,1,0.08
AsQdTd9c,1,0.08
AsQdTd9h,1,0.08
AsQcTc9h,1,0.08
AsQcTc9d,1,0.08
AhQdTd9c,1,0.08
AhQdTd9s,1,0.08
AhQcTc9d,1,0.08
AhQcTc9s,1,0.08
AhQsTs9c,1,0.08
AhQsTs9d,1,0.08
AdQcTc9h,1,0.08
AdQcTc9s,1,0.08
AdQsTs9c,1,0.08
AdQsTs9h,1,0.08
AdQhTh9c,1,0.08
AdQhTh9s,1,0.08
AcQsTs9h,1,0.08
AcQsTs9d,1,0.08
AcQhTh9d,1,0.08
AcQhTh9s,1,0.08
AcQdTd9s,1,0.08
AcQdTd9h,1,0.08
AsQhTh8d,1,0.04
AsQhTh8c,1,0.04
AsQdTd8c,1,0.04
AsQdTd8h,1,0.04
AsQcTc8h,1,0.04
AsQcTc8d,1,0.04
AhQdTd8c,1,0.04
AhQdTd8s,1,0.04
AhQcTc8d,1,0.04
AhQcTc8s,1,0.04
AhQsTs8c,1,0.04
AhQsTs8d,1,0.04
AdQcTc8h,1,0.04
AdQcTc8s,1,0.04
AdQsTs8c,1,0.04
AdQsTs8h,1,0.04
AdQhTh8c,1,0.04
AdQhTh8s,1,0.04
AcQsTs8h,1,0.04
AcQsTs8d,1,0.04
AcQhTh8d,1,0.04
AcQhTh8s,1,0.04
AcQdTd8s,1,0.04
AcQdTd8h,1,0.04
AsQh9h8s,1,0.37
AsQd9d8s,1,0.37
AsQc9c8s,1,0.37
AhQd9d8h,1,0.37
AhQc9c8h,1,0.37
AhQs9s8h,1,0.37
AdQc9c8d,1,0.37
AdQs9s8d,1,0.37
AdQh9h8d,1,0.37
AcQs9s8c,1,0.37
AcQh9h8c,1,0.37
AcQd9d8c,1,0.37
AsQh9h7s,1,0.16
AsQd9d7s,1,0.16
AsQc9c7s,1,0.16
AhQd9d7h,1,0.16
AhQc9c7h,1,0.16
AhQs9s7h,1,0.16
AdQc9c7d,1,0.16
AdQs9s7d,1,0.16
AdQh9h7d,1,0.16
AcQs9s7c,1,0.16
AcQh9h7c,1,0.16
AcQd9d7c,1,0.16
AsQh9h6s,1,0.11
AsQd9d6s,1,0.11
AsQc9c6s,1,0.11
AhQd9d6h,1,0.11
AhQc9c6h,1,0.11
AhQs9s6h,1,0.11
AdQc9c6d,1,0.11
AdQs9s6d,1,0.11
AdQh9h6d,1,0.11
AcQs9s6c,1,0.11
AcQh9h6c,1,0.11
AcQd9d6c,1,0.11
AsQh9h5s,1,0.11
AsQd9d5s,1,0.11
AsQc9c5s,1,0.11
AhQd9d5h,1,0.11
AhQc9c5h,1,0.11
AhQs9s5h,1,0.11
AdQc9c5d,1,0.11
AdQs9s5d,1,0.11
AdQh9h5d,1,0.11
AcQs9s5c,1,0.11
AcQh9h5c,1,0.11
AcQd9d5c,1,0.11
AsQh9h4s,1,0.02
AsQd9d4s,1,0.02
AsQc9c4s,1,0.02
AhQd9d4h,1,0.02
AhQc9c4h,1,0.02
AhQs9s4h,1,0.02
AdQc9c4d,1,0.02
AdQs9s4d,1,0.02
AdQh9h4d,1,0.02
AcQs9s4c,1,0.02
AcQh9h4c,1,0.02
AcQd9d4c,1,0.02
AsQh9h9d,0.011,0
AsQh9h9c,0.011,0
AsQd9d9c,0.011,0
AsQd9h9d,0.011,0
AsQc9h9c,0.011,0
AsQc9d9c,0.011,0
AhQd9d9c,0.011,0
AhQd9s9d,0.011,0
AhQc9d9c,0.011,0
AhQc9s9c,0.011,0
AhQs9s9c,0.011,0
AhQs9s9d,0.011,0
AdQc9h9c,0.011,0
AdQc9s9c,0.011,0
AdQs9s9c,0.011,0
AdQs9s9h,0.011,0
AdQh9h9c,0.011,0
AdQh9s9h,0.011,0
AcQs9s9h,0.011,0
AcQs9s9d,0.011,0
AcQh9h9d,0.011,0
AcQh9s9h,0.011,0
AcQd9s9d,0.011,0
AcQd9h9d,0.011,0
AsQh8h7s,1,0.27
AsQd8d7s,1,0.27
AsQc8c7s,1,0.27
AhQd8d7h,1,0.27
AhQc8c7h,1,0.27
AhQs8s7h,1,0.27
AdQc8c7d,1,0.27
AdQs8s7d,1,0.27
AdQh8h7d,1,0.27
AcQs8s7c,1,0.27
AcQh8h7c,1,0.27
AcQd8d7c,1,0.27
AsQh8h6s,1,0.23
AsQd8d6s,1,0.23
AsQc8c6s,1,0.23
AhQd8d6h,1,0.23
AhQc8c6h,1,0.23
AhQs8s6h,1,0.23
AdQc8c6d,1,0.23
AdQs8s6d,1,0.23
AdQh8h6d,1,0.23
AcQs8s6c,1,0.23
AcQh8h6c,1,0.23
AcQd8d6c,1,0.23
AsQh8h5s,1,0.22
AsQd8d5s,1,0.22
AsQc8c5s,1,0.22
AhQd8d5h,1,0.22
AhQc8c5h,1,0.22
AhQs8s5h,1,0.22
AdQc8c5d,1,0.22
AdQs8s5d,1,0.22
AdQh8h5d,1,0.22
AcQs8s5c,1,0.22
AcQh8h5c,1,0.22
AcQd8d5c,1,0.22
AsQh8h4s,1,0.08
AsQd8d4s,1,0.08
AsQc8c4s,1,0.08
AhQd8d4h,1,0.08
AhQc8c4h,1,0.08
AhQs8s4h,1,0.08
AdQc8c4d,1,0.08
AdQs8s4d,1,0.08
AdQh8h4d,1,0.08
AcQs8s4c,1,0.08
AcQh8h4c,1,0.08
AcQd8d4c,1,0.08
AsQh7h6s,1,0.25
AsQd7d6s,1,0.25
AsQc7c6s,1,0.25
AhQd7d6h,1,0.25
AhQc7c6h,1,0.25
AhQs7s6h,1,0.25
AdQc7c6d,1,0.25
AdQs7s6d,1,0.25
AdQh7h6d,1,0.25
AcQs7s6c,1,0.25
AcQh7h6c,1,0.25
AcQd7d6c,1,0.25
AsQh7h5s,1,0.27
AsQd7d5s,1,0.27
AsQc7c5s,1,0.27
AhQd7d5h,1,0.27
AhQc7c5h,1,0.27
AhQs7s5h,1,0.27
AdQc7c5d,1,0.27
AdQs7s5d,1,0.27
AdQh7h5d,1,0.27
AcQs7s5c,1,0.27
AcQh7h5c,1,0.27
AcQd7d5c,1,0.27
AsQh7h4s,1,0.13
AsQd7d4s,1,0.13
AsQc7c4s,1,0.13
AhQd7d4h,1,0.13
AhQc7c4h,1,0.13
AhQs7s4h,1,0.13
AdQc7c4d,1,0.13
AdQs7s4d,1,0.13
AdQh7h4d,1,0.13
AcQs7s4c,1,0.13
AcQh7h4c,1,0.13
AcQd7d4c,1,0.13
AsQh6h5s,1,0.27
AsQd6d5s,1,0.27
AsQc6c5s,1,0.27
AhQd6d5h,1,0.27
AhQc6c5h,1,0.27
AhQs6s5h,1,0.27
AdQc6c5d,1,0.27
AdQs6s5d,1,0.27
AdQh6h5d,1,0.27
AcQs6s5c,1,0.27
AcQh6h5c,1,0.27
AcQd6d5c,1,0.27
AsQh6h4s,1,0.16
AsQd6d4s,1,0.16
AsQc6c4s,1,0.16
AhQd6d4h,1,0.16
AhQc6c4h,1,0.16
AhQs6s4h,1,0.16
AdQc6c4d,1,0.16
AdQs6s4d,1,0.16
AdQh6h4d,1,0.16
AcQs6s4c,1,0.16
AcQh6h4c,1,0.16
AcQd6d4c,1,0.16
AsQh5h4s,1,0.45
AsQd5d4s,1,0.45
AsQc5c4s,1,0.45
AhQd5d4h,1,0.45
AhQc5c4h,1,0.45
AhQs5s4h,1,0.45
AdQc5c4d,1,0.45
AdQs5s4d,1,0.45
AdQh5h4d,1,0.45
AcQs5s4c,1,0.45
AcQh5h4c,1,0.45
AcQd5d4c,1,0.45
AsQh5h3s,1,0.31
AsQd5d3s,1,0.31
AsQc5c3s,1,0.31
AhQd5d3h,1,0.31
AhQc5c3h,1,0.31
AhQs5s3h,1,0.31
AdQc5c3d,1,0.31
AdQs5s3d,1,0.31
AdQh5h3d,1,0.31
AcQs5s3c,1,0.31
AcQh5h3c,1,0.31
AcQd5d3c,1,0.31
AsQh5h2s,1,0.09
AsQd5d2s,1,0.09
AsQc5c2s,1,0.09
AhQd5d2h,1,0.09
AhQc5c2h,1,0.09
AhQs5s2h,1,0.09
AdQc5c2d,1,0.09
AdQs5s2d,1,0.09
AdQh5h2d,1,0.09
AcQs5s2c,1,0.09
AcQh5h2c,1,0.09
AcQd5d2c,1,0.09
AsQh4h3s,1,0.27
AsQd4d3s,1,0.27
AsQc4c3s,1,0.27
AhQd4d3h,1,0.27
AhQc4c3h,1,0.27
AhQs4s3h,1,0.27
AdQc4c3d,1,0.27
AdQs4s3d,1,0.27
AdQh4h3d,1,0.27
AcQs4s3c,1,0.27
AcQh4h3c,1,0.27
AcQd4d3c,1,0.27
AsQh4h2s,1,0.09
AsQd4d2s,1,0.09
AsQc4c2s,1,0.09
AhQd4d2h,1,0.09
AhQc4c2h,1,0.09
AhQs4s2h,1,0.09
AdQc4c2d,1,0.09
AdQs4s2d,1,0.09
AdQh4h2d,1,0.09
AcQs4s2c,1,0.09
AcQh4h2c,1,0.09
AcQd4d2c,1,0.09
AsQh3h2s,1,0.04
AsQd3d2s,1,0.04
AsQc3c2s,1,0.04
AhQd3d2h,1,0.04
AhQc3c2h,1,0.04
AhQs3s2h,1,0.04
AdQc3c2d,1,0.04
AdQs3s2d,1,0.04
AdQh3h2d,1,0.04
AcQs3s2c,1,0.04
AcQh3h2c,1,0.04
AcQd3d2c,1,0.04
AsQhQdJs,1,0.72
AsQhQcJs,1,0.72
AsQdQcJs,1,0.72
AhQdQcJh,1,0.72
AhQsQdJh,1,0.72
AhQsQcJh,1,0.72
AdQhQcJd,1,0.72
AdQsQcJd,1,0.72
AdQsQhJd,1,0.72
AcQsQhJc,1,0.72
AcQsQdJc,1,0.72
AcQhQdJc,1,0.72
AsQhQdTs,1,0.71
AsQhQcTs,1,0.71
AsQdQcTs,1,0.71
AhQdQcTh,1,0.71
AhQsQdTh,1,0.71
AhQsQcTh,1,0.71
AdQhQcTd,1,0.71
AdQsQcTd,1,0.71
AdQsQhTd,1,0.71
AcQsQhTc,1,0.71
AcQsQdTc,1,0.71
AcQhQdTc,1,0.71
AsQhQd9s,1,0.45
AsQhQc9s,1,0.45
AsQdQc9s,1,0.45
AhQdQc9h,1,0.45
AhQsQd9h,1,0.45
AhQsQc9h,1,0.45
AdQhQc9d,1,0.45
AdQsQc9d,1,0.45
AdQsQh9d,1,0.45
AcQsQh9c,1,0.45
AcQsQd9c,1,0.45
AcQhQd9c,1,0.45
AsQhQd8s,1,0.4
AsQhQc8s,1,0.4
AsQdQc8s,1,0.4
AhQdQc8h,1,0.4
AhQsQd8h,1,0.4
AhQsQc8h,1,0.4
AdQhQc8d,1,0.4
AdQsQc8d,1,0.4
AdQsQh8d,1,0.4
AcQsQh8c,1,0.4
AcQsQd8c,1,0.4
AcQhQd8c,1,0.4
AsQhQd7s,1,0.27
AsQhQc7s,1,0.27
AsQdQc7s,1,0.27
AhQdQc7h,1,0.27
AhQsQd7h,1,0.27
AhQsQc7h,1,0.27
AdQhQc7d,1,0.27
AdQsQc7d,1,0.27
AdQsQh7d,1,0.27
AcQsQh7c,1,0.27
AcQsQd7c,1,0.27
AcQhQd7c,1,0.27
AsQhQd6s,1,0.26
AsQhQc6s,1,0.26
AsQdQc6s,1,0.26
AhQdQc6h,1,0.26
AhQsQd6h,1,0.26
AhQsQc6h,1,0.26
AdQhQc6d,1,0.26
AdQsQc6d,1,0.26
AdQsQh6d,1,0.26
AcQsQh6c,1,0.26
AcQsQd6c,1,0.26
AcQhQd6c,1,0.26
AsQhQd5s,1,0.38
AsQhQc5s,1,0.38
AsQdQc5s,1,0.38
AhQdQc5h,1,0.38
AhQsQd5h,1,0.38
AhQsQc5h,1,0.38
AdQhQc5d,1,0.38
AdQsQc5d,1,0.38
AdQsQh5d,1,0.38
AcQsQh5c,1,0.38
AcQsQd5c,1,0.38
AcQhQd5c,1,0.38
AsQhQd4s,1,0.39
AsQhQc4s,1,0.39
AsQdQc4s,1,0.39
AhQdQc4h,1,0.39
AhQsQd4h,1,0.39
AhQsQc4h,1,0.39
AdQhQc4d,1,0.39
AdQsQc4d,1,0.39
AdQsQh4d,1,0.39
AcQsQh4c,1,0.39
AcQsQd4c,1,0.39
AcQhQd4c,1,0.39
AsQhQd3s,1,0.37
AsQhQc3s,1,0.37
AsQdQc3s,1,0.37
AhQdQc3h,1,0.37
AhQsQd3h,1,0.37
AhQsQc3h,1,0.37
AdQhQc3d,1,0.37
AdQsQc3d,1,0.37
AdQsQh3d,1,0.37
AcQsQh3c,1,0.37
AcQsQd3c,1,0.37
AcQhQd3c,1,0.37
AsQhQd2s,1,0.31
AsQhQc2s,1,0.31
AsQdQc2s,1,0.31
AhQdQc2h,1,0.31
AhQsQd2h,1,0.31
AhQsQc2h,1,0.31
AdQhQc2d,1,0.31
AdQsQc2d,1,0.31
AdQsQh2d,1,0.31
AcQsQh2c,1,0.31
AcQsQd2c,1,0.31
AcQhQd2c,1,0.31
AsQhQdJh,1,0.36
AsQhQcJh,1,0.36
AsQdQcJd,1,0.36
AsQhQdJd,1,0.36
AsQhQcJc,1,0.36
AsQdQcJc,1,0.36
AhQdQcJd,1,0.36
AhQsQdJd,1,0.36
AhQdQcJc,1,0.36
AhQsQcJc,1,0.36
AhQsQcJs,1,0.36
AhQsQdJs,1,0.36
AdQhQcJc,1,0.36
AdQsQcJc,1,0.36
AdQsQcJs,1,0.36
AdQsQhJs,1,0.36
AdQhQcJh,1,0.36
AdQsQhJh,1,0.36
AcQsQhJs,1,0.36
AcQsQdJs,1,0.36
AcQhQdJh,1,0.36
AcQsQhJh,1,0.36
AcQsQdJd,1,0.36
AcQhQdJd,1,0.36
AsQhQdTh,1,0.35
AsQhQcTh,1,0.35
AsQdQcTd,1,0.35
AsQhQdTd,1,0.35
AsQhQcTc,1,0.35
AsQdQcTc,1,0.35
AhQdQcTd,1,0.35
AhQsQdTd,1,0.35
AhQdQcTc,1,0.35
AhQsQcTc,1,0.35
AhQsQcTs,1,0.35
AhQsQdTs,1,0.35
AdQhQcTc,1,0.35
AdQsQcTc,1,0.35
AdQsQcTs,1,0.35
AdQsQhTs,1,0.35
AdQhQcTh,1,0.35
AdQsQhTh,1,0.35
AcQsQhTs,1,0.35
AcQsQdTs,1,0.35
AcQhQdTh,1,0.35
AcQsQhTh,1,0.35
AcQsQdTd,1,0.35
AcQhQdTd,1,0.35
AsQhQd9h,1,0.18
AsQhQc9h,1,0.18
AsQdQc9d,1,0.18
AsQhQd9d,1,0.18
AsQhQc9c,1,0.18
AsQdQc9c,1,0.18
AhQdQc9d,1,0.18
AhQsQd9d,1,0.18
AhQdQc9c,1,0.18
AhQsQc9c,1,0.18
AhQsQc9s,1,0.18
AhQsQd9s,1,0.18
AdQhQc9c,1,0.18
AdQsQc9c,1,0.18
AdQsQc9s,1,0.18
AdQsQh9s,1,0.18
AdQhQc9h,1,0.18
AdQsQh9h,1,0.18
AcQsQh9s,1,0.18
AcQsQd9s,1,0.18
AcQhQd9h,1,0.18
AcQsQh9h,1,0.18
AcQsQd9d,1,0.18
AcQhQd9d,1,0.18
AsQhQd8h,1,0.16
AsQhQc8h,1,0.16
AsQdQc8d,1,0.16
AsQhQd8d,1,0.16
AsQhQc8c,1,0.16
AsQdQc8c,1,0.16
AhQdQc8d,1,0.16
AhQsQd8d,1,0.16
AhQdQc8c,1,0.16
AhQsQc8c,1,0.16
AhQsQc8s,1,0.16
AhQsQd8s,1,0.16
AdQhQc8c,1,0.16
AdQsQc8c,1,0.16
AdQsQc8s,1,0.16
AdQsQh8s,1,0.16
AdQhQc8h,1,0.16
AdQsQh8h,1,0.16
AcQsQh8s,1,0.16
AcQsQd8s,1,0.16
AcQhQd8h,1,0.16
AcQsQh8h,1,0.16
AcQsQd8d,1,0.16
AcQhQd8d,1,0.16
AsQhQd7h,1,0.1
AsQhQc7h,1,0.1
AsQdQc7d,1,0.1
AsQhQd7d,1,0.1
AsQhQc7c,1,0.1
AsQdQc7c,1,0.1
AhQdQc7d,1,0.1
AhQsQd7d,1,0.1
AhQdQc7c,1,0.1
AhQsQc7c,1,0.1
AhQsQc7s,1,0.1
AhQsQd7s,1,0.1
AdQhQc7c,1,0.1
AdQsQc7c,1,0.1
AdQsQc7s,1,0.1
AdQsQh7s,1,0.1
AdQhQc7h,1,0.1
AdQsQh7h,1,0.1
AcQsQh7s,1,0.1
AcQsQd7s,1,0.1
AcQhQd7h,1,0.1
AcQsQh7h,1,0.1
AcQsQd7d,1,0.1
AcQhQd7d,1,0.1
AsQhQd6h,1,0.09
AsQhQc6h,1,0.09
AsQdQc6d,1,0.09
AsQhQd6d,1,0.09
AsQhQc6c,1,0.09
AsQdQc6c,1,0.09
AhQdQc6d,1,0.09
AhQsQd6d,1,0.09
AhQdQc6c,1,0.09
AhQsQc6c,1,0.09
AhQsQc6s,1,0.09
AhQsQd6s,1,0.09
AdQhQc6c,1,0.09
AdQsQc6c,1,0.09
AdQsQc6s,1,0.09
AdQsQh6s,1,0.09
AdQhQc6h,1,0.09
AdQsQh6h,1,0.09
AcQsQh6s,1,0.09
AcQsQd6s,1,0.09
AcQhQd6h,1,0.09
AcQsQh6h,1,0.09
AcQsQd6d,1,0.09
AcQhQd6d,1,0.09
AsQhQd5h,1,0.12
AsQhQc5h,1,0.12
AsQdQc5d,1,0.12
AsQhQd5d,1,0.12
AsQhQc5c,1,0.12
AsQdQc5c,1,0.12
AhQdQc5d,1,0.12
AhQsQd5d,1,0.12
AhQdQc5c,1,0.12
AhQsQc5c,1,0.12
AhQsQc5s,1,0.12
AhQsQd5s,1,0.12
AdQhQc5c,1,0.12
AdQsQc5c,1,0.12
AdQsQc5s,1,0.12
AdQsQh5s,1,0.12
AdQhQc5h,1,0.12
AdQsQh5h,1,0.12
AcQsQh5s,1,0.12
AcQsQd5s,1,0.12
AcQhQd5h,1,0.12
AcQsQh5h,1,0.12
AcQsQd5d,1,0.12
AcQhQd5d,1,0.12
AsQhQd4h,1,0.11
AsQhQc4h,1,0.11
AsQdQc4d,1,0.11
AsQhQd4d,1,0.11
AsQhQc4c,1,0.11
AsQdQc4c,1,0.11
AhQdQc4d,1,0.11
AhQsQd4d,1,0.11
AhQdQc4c,1,0.11
AhQsQc4c,1,0.11
AhQsQc4s,1,0.11
AhQsQd4s,1,0.11
AdQhQc4c,1,0.11
AdQsQc4c,1,0.11
AdQsQc4s,1,0.11
AdQsQh4s,1,0.11
AdQhQc4h,1,0.11
AdQsQh4h,1,0.11
AcQsQh4s,1,0.11
AcQsQd4s,1,0.11
AcQhQd4h,1,0.11
AcQsQh4h,1,0.11
AcQsQd4d,1,0.11
AcQhQd4d,1,0.11
AsQhQd3h,1,0.08
AsQhQc3h,1,0.08
AsQdQc3d,1,0.08
AsQhQd3d,1,0.08
AsQhQc3c,1,0.08
AsQdQc3c,1,0.08
AhQdQc3d,1,0.08
AhQsQd3d,1,0.08
AhQdQc3c,1,0.08
AhQsQc3c,1,0.08
AhQsQc3s,1,0.08
AhQsQd3s,1,0.08
AdQhQc3c,1,0.08
AdQsQc3c,1,0.08
AdQsQc3s,1,0.08
AdQsQh3s,1,0.08
AdQhQc3h,1,0.08
AdQsQh3h,1,0.08
AcQsQh3s,1,0.08
AcQsQd3s,1,0.08
AcQhQd3h,1,0.08
AcQsQh3h,1,0.08
AcQsQd3d,1,0.08
AcQhQd3d,1,0.08
AsQhQd2h,1,0.04
AsQhQc2h,1,0.04
AsQdQc2d,1,0.04
AsQhQd2d,1,0.04
AsQhQc2c,1,0.04
AsQdQc2c,1,0.04
AhQdQc2d,1,0.04
AhQsQd2d,1,0.04
AhQdQc2c,1,0.04
AhQsQc2c,1,0.04
AhQsQc2s,1,0.04
AhQsQd2s,1,0.04
AdQhQc2c,1,0.04
AdQsQc2c,1,0.04
AdQsQc2s,1,0.04
AdQsQh2s,1,0.04
AdQhQc2h,1,0.04
AdQsQh2h,1,0.04
AcQsQh2s,1,0.04
AcQsQd2s,1,0.04
AcQhQd2h,1,0.04
AcQsQh2h,1,0.04
AcQsQd2d,1,0.04
AcQhQd2d,1,0.04
AsQhQdJc,1,0.14
AsQhQcJd,1,0.14
AsQdQcJh,1,0.14
AhQdQcJs,1,0.14
AhQsQdJc,1,0.14
AhQsQcJd,1,0.14
AdQhQcJs,1,0.14
AdQsQcJh,1,0.14
AdQsQhJc,1,0.14
AcQsQhJd,1,0.14
AcQsQdJh,1,0.14
AcQhQdJs,1,0.14
AsQhQdTc,1,0.14
AsQhQcTd,1,0.14
AsQdQcTh,1,0.14
AhQdQcTs,1,0.14
AhQsQdTc,1,0.14
AhQsQcTd,1,0.14
AdQhQcTs,1,0.14
AdQsQcTh,1,0.14
AdQsQhTc,1,0.14
AcQsQhTd,1,0.14
AcQsQdTh,1,0.14
AcQhQdTs,1,0.14
AsQhQd9c,1,0.03
AsQhQc9d,1,0.03
AsQdQc9h,1,0.03
AhQdQc9s,1,0.03
AhQsQd9c,1,0.03
AhQsQc9d,1,0.03
AdQhQc9s,1,0.03
AdQsQc9h,1,0.03
AdQsQh9c,1,0.03
AcQsQh9d,1,0.03
AcQsQd9h,1,0.03
AcQhQd9s,1,0.03
AsQhQd8c,1,0.01
AsQhQc8d,1,0.01
AsQdQc8h,1,0.01
AhQdQc8s,1,0.01
AhQsQd8c,1,0.01
AhQsQc8d,1,0.01
AdQhQc8s,1,0.01
AdQsQc8h,1,0.01
AdQsQh8c,1,0.01
AcQsQh8d,1,0.01
AcQsQd8h,1,0.01
AcQhQd8s,1,0.01
AsQhJdTs,1,0.68
AsQhJcTs,1,0.68
AsQdJcTs,1,0.68
AsQdJhTs,1,0.68
AsQcJhTs,1,0.68
AsQcJdTs,1,0.68
AhQdJcTh,1,0.68
AhQdJsTh,1,0.68
AhQcJdTh,1,0.68
AhQcJsTh,1,0.68
AhQsJcTh,1,0.68
AhQsJdTh,1,0.68
AdQcJhTd,1,0.68
AdQcJsTd,1,0.68
AdQsJcTd,1,0.68
AdQsJhTd,1,0.68
AdQhJcTd,1,0.68
AdQhJsTd,1,0.68
AcQsJhTc,1,0.68
AcQsJdTc,1,0.68
AcQhJdTc,1,0.68
AcQhJsTc,1,0.68
AcQdJsTc,1,0.68
AcQdJhTc,1,0.68
AsQhJd9s,1,0.23
AsQhJc9s,1,0.23
AsQdJc9s,1,0.23
AsQdJh9s,1,0.23
AsQcJh9s,1,0.23
AsQcJd9s,1,0.23
AhQdJc9h,1,0.23
AhQdJs9h,1,0.23
AhQcJd9h,1,0.23
AhQcJs9h,1,0.23
AhQsJc9h,1,0.23
AhQsJd9h,1,0.23
AdQcJh9d,1,0.23
AdQcJs9d,1,0.23
AdQsJc9d,1,0.23
AdQsJh9d,1,0.23
AdQhJc9d,1,0.23
AdQhJs9d,1,0.23
AcQsJh9c,1,0.23
AcQsJd9c,1,0.23
AcQhJd9c,1,0.23
AcQhJs9c,1,0.23
AcQdJs9c,1,0.23
AcQdJh9c,1,0.23
AsQhJd8s,1,0.17
AsQhJc8s,1,0.17
AsQdJc8s,1,0.17
AsQdJh8s,1,0.17
AsQcJh8s,1,0.17
AsQcJd8s,1,0.17
AhQdJc8h,1,0.17
AhQdJs8h,1,0.17
AhQcJd8h,1,0.17
AhQcJs8h,1,0.17
AhQsJc8h,1,0.17
AhQsJd8h,1,0.17
AdQcJh8d,1,0.17
AdQcJs8d,1,0.17
AdQsJc8d,1,0.17
AdQsJh8d,1,0.17
AdQhJc8d,1,0.17
AdQhJs8d,1,0.17
AcQsJh8c,1,0.17
AcQsJd8c,1,0.17
AcQhJd8c,1,0.17
AcQhJs8c,1,0.17
AcQdJs8c,1,0.17
AcQdJh8c,1,0.17
AsQhJd7s,1,0.02
AsQhJc7s,1,0.02
AsQdJc7s,1,0.02
AsQdJh7s,1,0.02
AsQcJh7s,1,0.02
AsQcJd7s,1,0.02
AhQdJc7h,1,0.02
AhQdJs7h,1,0.02
AhQcJd7h,1,0.02
AhQcJs7h,1,0.02
AhQsJc7h,1,0.02
AhQsJd7h,1,0.02
AdQcJh7d,1,0.02
AdQcJs7d,1,0.02
AdQsJc7d,1,0.02
AdQsJh7d,1,0.02
AdQhJc7d,1,0.02
AdQhJs7d,1,0.02
AcQsJh7c,1,0.02
AcQsJd7c,1,0.02
AcQhJd7c,1,0.02
AcQhJs7c,1,0.02
AcQdJs7c,1,0.02
AcQdJh7c,1,0.02
AsQhJd6s,1,0.01
AsQhJc6s,1,0.01
AsQdJc6s,1,0.01
AsQdJh6s,1,0.01
AsQcJh6s,1,0.01
AsQcJd6s,1,0.01
AhQdJc6h,1,0.01
AhQdJs6h,1,0.01
AhQcJd6h,1,0.01
AhQcJs6h,1,0.01
AhQsJc6h,1,0.01
AhQsJd6h,1,0.01
AdQcJh6d,1,0.01
AdQcJs6d,1,0.01
AdQsJc6d,1,0.01
AdQsJh6d,1,0.01
AdQhJc6d,1,0.01
AdQhJs6d,1,0.01
AcQsJh6c,1,0.01
AcQsJd6c,1,0.01
AcQhJd6c,1,0.01
AcQhJs6c,1,0.01
AcQdJs6c,1,0.01
AcQdJh6c,1,0.01
AsQhJd5s,1,0.07
AsQhJc5s,1,0.07
AsQdJc5s,1,0.07
AsQdJh5s,1,0.07
AsQcJh5s,1,0.07
AsQcJd5s,1,0.07
AhQdJc5h,1,0.07
AhQdJs5h,1,0.07
AhQcJd5h,1,0.07
AhQcJs5h,1,0.07
AhQsJc5h,1,0.07
AhQsJd5h,1,0.07
AdQcJh5d,1,0.07
AdQcJs5d,1,0.07
AdQsJc5d,1,0.07
AdQsJh5d,1,0.07
AdQhJc5d,1,0.07
AdQhJs5d,1,0.07
AcQsJh5c,1,0.07
AcQsJd5c,1,0.07
AcQhJd5c,1,0.07
AcQhJs5c,1,0.07
AcQdJs5c,1,0.07
AcQdJh5c,1,0.07
AsQhJd4s,1,0.06
AsQhJc4s,1,0.06
AsQdJc4s,1,0.06
AsQdJh4s,1,0.06
AsQcJh4s,1,0.06
AsQcJd4s,1,0.06
AhQdJc4h,1,0.06
AhQdJs4h,1,0.06
AhQcJd4h,1,0.06
AhQcJs4h,1,0.06
AhQsJc4h,1,0.06
AhQsJd4h,1,0.06
AdQcJh4d,1,0.06
AdQcJs4d,1,0.06
AdQsJc4d,1,0.06
AdQsJh4d,1,0.06
AdQhJc4d,1,0.06
AdQhJs4d,1,0.06
AcQsJh4c,1,0.06
AcQsJd4c,1,0.06
AcQhJd4c,1,0.06
AcQhJs4c,1,0.06
AcQdJs4c,1,0.06
AcQdJh4c,1,0.06
AsQhJd3s,1,0.04
AsQhJc3s,1,0.04
AsQdJc3s,1,0.04
AsQdJh3s,1,0.04
AsQcJh3s,1,0.04
AsQcJd3s,1,0.04
AhQdJc3h,1,0.04
AhQdJs3h,1,0.04
AhQcJd3h,1,0.04
AhQcJs3h,1,0.04
AhQsJc3h,1,0.04
AhQsJd3h,1,0.04
AdQcJh3d,1,0.04
AdQcJs3d,1,0.04
AdQsJc3d,1,0.04
AdQsJh3d,1,0.04
AdQhJc3d,1,0.04
AdQhJs3d,1,0.04
AcQsJh3c,1,0.04
AcQsJd3c,1,0.04
AcQhJd3c,1,0.04
AcQhJs3c,1,0.04
AcQdJs3c,1,0.04
AcQdJh3c,1,0.04
AsQhJd2s,1,0.01
AsQhJc2s,1,0.01
AsQdJc2s,1,0.01
AsQdJh2s,1,0.01
AsQcJh2s,1,0.01
AsQcJd2s,1,0.01
AhQdJc2h,1,0.01
AhQdJs2h,1,0.01
AhQcJd2h,1,0.01
AhQcJs2h,1,0.01
AhQsJc2h,1,0.01
AhQsJd2h,1,0.01
AdQcJh2d,1,0.01
AdQcJs2d,1,0.01
AdQsJc2d,1,0.01
AdQsJh2d,1,0.01
AdQhJc2d,1,0.01
AdQhJs2d,1,0.01
AcQsJh2c,1,0.01
AcQsJd2c,1,0.01
AcQhJd2c,1,0.01
AcQhJs2c,1,0.01
AcQdJs2c,1,0.01
AcQdJh2c,1,0.01
AsQhJdTh,1,0.32
AsQhJcTh,1,0.32
AsQdJcTd,1,0.32
AsQdJhTd,1,0.32
AsQcJhTc,1,0.32
AsQcJdTc,1,0.32
AhQdJcTd,1,0.32
AhQdJsTd,1,0.32
AhQcJdTc,1,0.32
AhQcJsTc,1,0.32
AhQsJcTs,1,0.32
AhQsJdTs,1,0.32
AdQcJhTc,1,0.32
AdQcJsTc,1,0.32
AdQsJcTs,1,0.32
AdQsJhTs,1,0.32
AdQhJcTh,1,0.32
AdQhJsTh,1,0.32
AcQsJhTs,1,0.32
AcQsJdTs,1,0.32
AcQhJdTh,1,0.32
AcQhJsTh,1,0.32
AcQdJsTd,1,0.32
AcQdJhTd,1,0.32
AsQhJd9h,1,0.04
AsQhJc9h,1,0.04
AsQdJc9d,1,0.04
AsQdJh9d,1,0.04
AsQcJh9c,1,0.04
AsQcJd9c,1,0.04
AhQdJc9d,1,0.04
AhQdJs9d,1,0.04
AhQcJd9c,1,0.04
AhQcJs9c,1,0.04
AhQsJc9s,1,0.04
AhQsJd9s,1,0.04
AdQcJh9c,1,0.04
AdQcJs9c,1,0.04
AdQsJc9s,1,0.04
AdQsJh9s,1,0.04
AdQhJc9h,1,0.04
AdQhJs9h,1,0.04
AcQsJh9s,1,0.04
AcQsJd9s,1,0.04
AcQhJd9h,1,0.04
AcQhJs9h,1,0.04
AcQdJs9d,1,0.04
AcQdJh9d,1,0.04
AsQhJdTd,1,0.29
AsQhJcTc,1,0.29
AsQdJcTc,1,0.29
AsQdJhTh,1,0.29
AsQcJhTh,1,0.29
AsQcJdTd,1,0.29
AhQdJcTc,1,0.29
AhQdJsTs,1,0.29
AhQcJdTd,1,0.29
AhQcJsTs,1,0.29
AhQsJcTc,1,0.29
AhQsJdTd,1,0.29
AdQcJhTh,1,0.29
AdQcJsTs,1,0.29
AdQsJcTc,1,0.29
AdQsJhTh,1,0.29
AdQhJcTc,1,0.29
AdQhJsTs,1,0.29
AcQsJhTh,1,0.29
AcQsJdTd,1,0.29
AcQhJdTd,1,0.29
AcQhJsTs,1,0.29
AcQdJsTs,1,0.29
AcQdJhTh,1,0.29
AsQhJd9d,1,0.02
AsQhJc9c,1,0.02
AsQdJc9c,1,0.02
AsQdJh9h,1,0.02
AsQcJh9h,1,0.02
AsQcJd9d,1,0.02
AhQdJc9c,1,0.02
AhQdJs9s,1,0.02
AhQcJd9d,1,0.02
AhQcJs9s,1,0.02
AhQsJc9c,1,0.02
AhQsJd9d,1,0.02
AdQcJh9h,1,0.02
AdQcJs9s,1,0.02
AdQsJc9c,1,0.02
AdQsJh9h,1,0.02
AdQhJc9c,1,0.02
AdQhJs9s,1,0.02
AcQsJh9h,1,0.02
AcQsJd9d,1,0.02
AcQhJd9d,1,0.02
AcQhJs9s,1,0.02
AcQdJs9s,1,0.02
AcQdJh9h,1,0.02
AsQhJdJc,1,0.11
AsQdJhJc,1,0.11
AsQcJhJd,1,0.11
AhQdJsJc,1,0.11
AhQcJsJd,1,0.11
AhQsJdJc,1,0.11
AdQcJsJh,1,0.11
AdQsJhJc,1,0.11
AdQhJsJc,1,0.11
AcQsJhJd,1,0.11
AcQhJsJd,1,0.11
AcQdJsJh,1,0.11
AsQhJdTc,1,0.08
AsQhJcTd,1,0.08
AsQdJcTh,1,0.08
AsQdJhTc,1,0.08
AsQcJhTd,1,0.08
AsQcJdTh,1,0.08
AhQdJcTs,1,0.08
AhQdJsTc,1,0.08
AhQcJdTs,1,0.08
AhQcJsTd,1,0.08
AhQsJcTd,1,0.08
AhQsJdTc,1,0.08
AdQcJhTs,1,0.08
AdQcJsTh,1,0.08
AdQsJcTh,1,0.08
AdQsJhTc,1,0.08
AdQhJcTs,1,0.08
AdQhJsTc,1,0.08
AcQsJhTd,1,0.08
AcQsJdTh,1,0.08
AcQhJdTs,1,0.08
AcQhJsTd,1,0.08
AcQdJsTh,1,0.08
AcQdJhTs,1,0.08
AsQhTd9s,1,0.34
AsQhTc9s,1,0.34
AsQdTc9s,1,0.34
AsQdTh9s,1,0.34
AsQcTh9s,1,0.34
AsQcTd9s,1,0.34
AhQdTc9h,1,0.34
AhQdTs9h,1,0.34
AhQcTd9h,1,0.34
AhQcTs9h,1,0.34
AhQsTc9h,1,0.34
AhQsTd9h,1,0.34
AdQcTh9d,1,0.34
AdQcTs9d,1,0.34
AdQsTc9d,1,0.34
AdQsTh9d,1,0.34
AdQhTc9d,1,0.34
AdQhTs9d,1,0.34
AcQsTh9c,1,0.34
AcQsTd9c,1,0.34
AcQhTd9c,1,0.34
AcQhTs9c,1,0.34
AcQdTs9c,1,0.34
AcQdTh9c,1,0.34
AsQhTd8s,1,0.27
AsQhTc8s,1,0.27
AsQdTc8s,1,0.27
AsQdTh8s,1,0.27
AsQcTh8s,1,0.27
AsQcTd8s,1,0.27
AhQdTc8h,1,0.27
AhQdTs8h,1,0.27
AhQcTd8h,1,0.27
AhQcTs8h,1,0.27
AhQsTc8h,1,0.27
AhQsTd8h,1,0.27
AdQcTh8d,1,0.27
AdQcTs8d,1,0.27
AdQsTc8d,1,0.27
AdQsTh8d,1,0.27
AdQhTc8d,1,0.27
AdQhTs8d,1,0.27
AcQsTh8c,1,0.27
AcQsTd8c,1,0.27
AcQhTd8c,1,0.27
AcQhTs8c,1,0.27
AcQdTs8c,1,0.27
AcQdTh8c,1,0.27
AsQhTd7s,1,0.08
AsQhTc7s,1,0.08
AsQdTc7s,1,0.08
AsQdTh7s,1,0.08
AsQcTh7s,1,0.08
AsQcTd7s,1,0.08
AhQdTc7h,1,0.08
AhQdTs7h,1,0.08
AhQcTd7h,1,0.08
AhQcTs7h,1,0.08
AhQsTc7h,1,0.08
AhQsTd7h,1,0.08
AdQcTh7d,1,0.08
AdQcTs7d,1,0.08
AdQsTc7d,1,0.08
AdQsTh7d,1,0.08
AdQhTc7d,1,0.08
AdQhTs7d,1,0.08
AcQsTh7c,1,0.08
AcQsTd7c,1,0.08
AcQhTd7c,1,0.08
AcQhTs7c,1,0.08
AcQdTs7c,1,0.08
AcQdTh7c,1,0.08
AsQhTd6s,1,0.05
AsQhTc6s,1,0.05
AsQdTc6s,1,0.05
AsQdTh6s,1,0.05
AsQcTh6s,1,0.05
AsQcTd6s,1,0.05
AhQdTc6h,1,0.05
AhQdTs6h,1,0.05
AhQcTd6h,1,0.05
AhQcTs6h,1,0.05
AhQsTc6h,1,0.05
AhQsTd6h,1,0.05
AdQcTh6d,1,0.05
AdQcTs6d,1,0.05
AdQsTc6d,1,0.05
AdQsTh6d,1,0.05
AdQhTc6d,1,0.05
AdQhTs6d,1,0.05
AcQsTh6c,1,0.05
AcQsTd6c,1,0.05
AcQhTd6c,1,0.05
AcQhTs6c,1,0.05
AcQdTs6c,1,0.05
AcQdTh6c,1,0.05
AsQhTd5s,1,0.06
AsQhTc5s,1,0.06
AsQdTc5s,1,0.06
AsQdTh5s,1,0.06
AsQcTh5s,1,0.06
AsQcTd5s,1,0.06
AhQdTc5h,1,0.06
AhQdTs5h,1,0.06
AhQcTd5h,1,0.06
AhQcTs5h,1,0.06
AhQsTc5h,1,0.06
AhQsTd5h,1,0.06
AdQcTh5d,1,0.06
AdQcTs5d,1,0.06
AdQsTc5d,1,0.06
AdQsTh5d,1,0.06
AdQhTc5d,1,0.06
AdQhTs5d,1,0.06
AcQsTh5c,1,0.06
AcQsTd5c,1,0.06
AcQhTd5c,1,0.06
AcQhTs5c,1,0.06
AcQdTs5c,1,0.06
AcQdTh5c,1,0.06
AsQhTd4s,1,0.04
AsQhTc4s,1,0.04
AsQdTc4s,1,0.04
AsQdTh4s,1,0.04
AsQcTh4s,1,0.04
AsQcTd4s,1,0.04
AhQdTc4h,1,0.04
AhQdTs4h,1,0.04
AhQcTd4h,1,0.04
AhQcTs4h,1,0.04
AhQsTc4h,1,0.04
AhQsTd4h,1,0.04
AdQcTh4d,1,0.04
AdQcTs4d,1,0.04
AdQsTc4d,1,0.04
AdQsTh4d,1,0.04
AdQhTc4d,1,0.04
AdQhTs4d,1,0.04
AcQsTh4c,1,0.04
AcQsTd4c,1,0.04
AcQhTd4c,1,0.04
AcQhTs4c,1,0.04
AcQdTs4c,1,0.04
AcQdTh4c,1,0.04
AsQhTd3s,1,0.03
AsQhTc3s,1,0.03
AsQdTc3s,1,0.03
AsQdTh3s,1,0.03
AsQcTh3s,1,0.03
AsQcTd3s,1,0.03
AhQdTc3h,1,0.03
AhQdTs3h,1,0.03
AhQcTd3h,1,0.03
AhQcTs3h,1,0.03
AhQsTc3h,1,0.03
AhQsTd3h,1,0.03
AdQcTh3d,1,0.03
AdQcTs3d,1,0.03
AdQsTc3d,1,0.03
AdQsTh3d,1,0.03
AdQhTc3d,1,0.03
AdQhTs3d,1,0.03
AcQsTh3c,1,0.03
AcQsTd3c,1,0.03
AcQhTd3c,1,0.03
AcQhTs3c,1,0.03
AcQdTs3c,1,0.03
AcQdTh3c,1,0.03
AsQhTd9h,1,0.08
AsQhTc9h,1,0.08
AsQdTc9d,1,0.08
AsQdTh9d,1,0.08
AsQcTh9c,1,0.08
AsQcTd9c,1,0.08
AhQdTc9d,1,0.08
AhQdTs9d,1,0.08
AhQcTd9c,1,0.08
AhQcTs9c,1,0.08
AhQsTc9s,1,0.08
AhQsTd9s,1,0.08
AdQcTh9c,1,0.08
AdQcTs9c,1,0.08
AdQsTc9s,1,0.08
AdQsTh9s,1,0.08
AdQhTc9h,1,0.08
AdQhTs9h,1,0.08
AcQsTh9s,1,0.08
AcQsTd9s,1,0.08
AcQhTd9h,1,0.08
AcQhTs9h,1,0.08
AcQdTs9d,1,0.08
AcQdTh9d,1,0.08
AsQhTd8h,1,0.04
AsQhTc8h,1,0.04
AsQdTc8d,1,0.04
AsQdTh8d,1,0.04
AsQcTh8c,1,0.04
AsQcTd8c,1,0.04
AhQdTc8d,1,0.04
AhQdTs8d,1,0.04
AhQcTd8c,1,0.04
AhQcTs8c,1,0.04
AhQsTc8s,1,0.04
AhQsTd8s,1,0.04
AdQcTh8c,1,0.04
AdQcTs8c,1,0.04
AdQsTc8s,1,0.04
AdQsTh8s,1,0.04
AdQhTc8h,1,0.04
AdQhTs8h,1,0.04
AcQsTh8s,1,0.04
AcQsTd8s,1,0.04
AcQhTd8h,1,0.04
AcQhTs8h,1,0.04
AcQdTs8d,1,0.04
AcQdTh8d,1,0.04
AsQhTd9d,1,0.06
AsQhTc9c,1,0.06
AsQdTc9c,1,0.06
AsQdTh9h,1,0.06
AsQcTh9h,1,0.06
AsQcTd9d,1,0.06
AhQdTc9c,1,0.06
AhQdTs9s,1,0.06
AhQcTd9d,1,0.06
AhQcTs9s,1,0.06
AhQsTc9c,1,0.06
AhQsTd9d,1,0.06
AdQcTh9h,1,0.06
AdQcTs9s,1,0.06
AdQsTc9c,1,0.06
AdQsTh9h,1,0.06
AdQhTc9c,1,0.06
AdQhTs9s,1,0.06
AcQsTh9h,1,0.06
AcQsTd9d,1,0.06
AcQhTd9d,1,0.06
AcQhTs9s,1,0.06
AcQdTs9s,1,0.06
AcQdTh9h,1,0.06
AsQhTd8d,1,0.02
AsQhTc8c,1,0.02
AsQdTc8c,1,0.02
AsQdTh8h,1,0.02
AsQcTh8h,1,0.02
AsQcTd8d,1,0.02
AhQdTc8c,1,0.02
AhQdTs8s,1,0.02
AhQcTd8d,1,0.02
AhQcTs8s,1,0.02
AhQsTc8c,1,0.02
AhQsTd8d,1,0.02
AdQcTh8h,1,0.02
AdQcTs8s,1,0.02
AdQsTc8c,1,0.02
AdQsTh8h,1,0.02
AdQhTc8c,1,0.02
AdQhTs8s,1,0.02
AcQsTh8h,1,0.02
AcQsTd8d,1,0.02
AcQhTd8d,1,0.02
AcQhTs8s,1,0.02
AcQdTs8s,1,0.02
AcQdTh8h,1,0.02
AsQhTdTc,1,0.04
AsQdThTc,1,0.04
AsQcThTd,1,0.04
AhQdTsTc,1,0.04
AhQcTsTd,1,0.04
AhQsTdTc,1,0.04
AdQcTsTh,1,0.04
AdQsThTc,1,0.04
AdQhTsTc,1,0.04
AcQsThTd,1,0.04
AcQhTsTd,1,0.04
AcQdTsTh,1,0.04
AsQh9d8s,1,0.09
AsQh9c8s,1,0.09
AsQd9c8s,1,0.09
AsQd9h8s,1,0.09
AsQc9h8s,1,0.09
AsQc9d8s,1,0.09
AhQd9c8h,1,0.09
AhQd9s8h,1,0.09
AhQc9d8h,1,0.09
AhQc9s8h,1,0.09
AhQs9c8h,1,0.09
AhQs9d8h,1,0.09
AdQc9h8d,1,0.09
AdQc9s8d,1,0.09
AdQs9c8d,1,0.09
AdQs9h8d,1,0.09
AdQh9c8d,1,0.09
AdQh9s8d,1,0.09
AcQs9h8c,1,0.09
AcQs9d8c,1,0.09
AcQh9d8c,1,0.09
AcQh9s8c,1,0.09
AcQd9s8c,1,0.09
AcQd9h8c,1,0.09
AsQh8d7s,1,0.03
AsQh8c7s,1,0.03
AsQd8c7s,1,0.03
AsQd8h7s,1,0.03
AsQc8h7s,1,0.03
AsQc8d7s,1,0.03
AhQd8c7h,1,0.03
AhQd8s7h,1,0.03
AhQc8d7h,1,0.03
AhQc8s7h,1,0.03
AhQs8c7h,1,0.03
AhQs8d7h,1,0.03
AdQc8h7d,1,0.03
AdQc8s7d,1,0.03
AdQs8c7d,1,0.03
AdQs8h7d,1,0.03
AdQh8c7d,1,0.03
AdQh8s7d,1,0.03
AcQs8h7c,1,0.03
AcQs8d7c,1,0.03
AcQh8d7c,1,0.03
AcQh8s7c,1,0.03
AcQd8s7c,1,0.03
AcQd8h7c,1,0.03
AsQh8d6s,0.025,0
AsQh8c6s,0.025,0
AsQd8c6s,0.025,0
AsQd8h6s,0.025,0
AsQc8h6s,0.025,0
AsQc8d6s,0.025,0
AhQd8c6h,0.025,0
AhQd8s6h,0.025,0
AhQc8d6h,0.025,0
AhQc8s6h,0.025,0
AhQs8c6h,0.025,0
AhQs8d6h,0.025,0
AdQc8h6d,0.025,0
AdQc8s6d,0.025,0
AdQs8c6d,0.025,0
AdQs8h6d,0.025,0
AdQh8c6d,0.025,0
AdQh8s6d,0.025,0
AcQs8h6c,0.025,0
AcQs8d6c,0.025,0
AcQh8d6c,0.025,0
AcQh8s6c,0.025,0
AcQd8s6c,0.025,0
AcQd8h6c,0.025,0
AsQh7d6s,1,0
AsQh7c6s,1,0
AsQd7c6s,1,0
AsQd7h6s,1,0
AsQc7h6s,1,0
AsQc7d6s,1,0
AhQd7c6h,1,0
AhQd7s6h,1,0
AhQc7d6h,1,0
AhQc7s6h,1,0
AhQs7c6h,1,0
AhQs7d6h,1,0
AdQc7h6d,1,0
AdQc7s6d,1,0
AdQs7c6d,1,0
AdQs7h6d,1,0
AdQh7c6d,1,0
AdQh7s6d,1,0
AcQs7h6c,1,0
AcQs7d6c,1,0
AcQh7d6c,1,0
AcQh7s6c,1,0
AcQd7s6c,1,0
AcQd7h6c,1,0
AsQh7d5s,0.024,0
AsQh7c5s,0.024,0
AsQd7c5s,0.024,0
AsQd7h5s,0.024,0
AsQc7h5s,0.024,0
AsQc7d5s,0.024,0
AhQd7c5h,0.024,0
AhQd7s5h,0.024,0
AhQc7d5h,0.024,0
AhQc7s5h,0.024,0
AhQs7c5h,0.024,0
AhQs7d5h,0.024,0
AdQc7h5d,0.024,0
AdQc7s5d,0.024,0
AdQs7c5d,0.024,0
AdQs7h5d,0.024,0
AdQh7c5d,0.024,0
AdQh7s5d,0.024,0
AcQs7h5c,0.024,0
AcQs7d5c,0.024,0
AcQh7d5c,0.024,0
AcQh7s5c,0.024,0
AcQd7s5c,0.024,0
AcQd7h5c,0.024,0
AsQh5d4s,1,0.07
AsQh5c4s,1,0.07
AsQd5c4s,1,0.07
AsQd5h4s,1,0.07
AsQc5h4s,1,0.07
AsQc5d4s,1,0.07
AhQd5c4h,1,0.07
AhQd5s4h,1,0.07
AhQc5d4h,1,0.07
AhQc5s4h,1,0.07
AhQs5c4h,1,0.07
AhQs5d4h,1,0.07
AdQc5h4d,1,0.07
AdQc5s4d,1,0.07
AdQs5c4d,1,0.07
AdQs5h4d,1,0.07
AdQh5c4d,1,0.07
AdQh5s4d,1,0.07
AcQs5h4c,1,0.07
AcQs5d4c,1,0.07
AcQh5d4c,1,0.07
AcQh5s4c,1,0.07
AcQd5s4c,1,0.07
AcQd5h4c,1,0.07
AsJhTs9s,1,0.16
AsJdTs9s,1,0.16
AsJcTs9s,1,0.16
AhJdTh9h,1,0.16
AhJcTh9h,1,0.16
AhJsTh9h,1,0.16
AdJcTd9d,1,0.16
AdJsTd9d,1,0.16
AdJhTd9d,1,0.16
AcJsTc9c,1,0.16
AcJhTc9c,1,0.16
AcJdTc9c,1,0.16
AsJhTs8s,1,0.13
AsJdTs8s,1,0.13
AsJcTs8s,1,0.13
AhJdTh8h,1,0.13
AhJcTh8h,1,0.13
AhJsTh8h,1,0.13
AdJcTd8d,1,0.13
AdJsTd8d,1,0.13
AdJhTd8d,1,0.13
AcJsTc8c,1,0.13
AcJhTc8c,1,0.13
AcJdTc8c,1,0.13
AsJhTs7s,1,0
AsJdTs7s,1,0
AsJcTs7s,1,0
AhJdTh7h,1,0
AhJcTh7h,1,0
AhJsTh7h,1,0
AdJcTd7d,1,0
AdJsTd7d,1,0
AdJhTd7d,1,0
AcJsTc7c,1,0
AcJhTc7c,1,0
AcJdTc7c,1,0
AsJhTsTh,1,1.02
AsJdTsTd,1,1.02
AsJcTsTc,1,1.02
AhJdThTd,1,1.02
AhJcThTc,1,1.02
AhJsTsTh,1,1.02
AdJcTdTc,1,1.02
AdJsTsTd,1,1.02
AdJhThTd,1,1.02
AcJsTsTc,1,1.02
AcJhThTc,1,1.02
AcJdTdTc,1,1.02
AsJhTs9h,1,0.85
AsJdTs9d,1,0.85
AsJcTs9c,1,0.85
AhJdTh9d,1,0.85
AhJcTh9c,1,0.85
AhJsTh9s,1,0.85
AdJcTd9c,1,0.85
AdJsTd9s,1,0.85
AdJhTd9h,1,0.85
AcJsTc9s,1,0.85
AcJhTc9h,1,0.85
AcJdTc9d,1,0.85
AsJhTs8h,1,0.79
AsJdTs8d,1,0.79
AsJcTs8c,1,0.79
AhJdTh8d,1,0.79
AhJcTh8c,1,0.79
AhJsTh8s,1,0.79
AdJcTd8c,1,0.79
AdJsTd8s,1,0.79
AdJhTd8h,1,0.79
AcJsTc8s,1,0.79
AcJhTc8h,1,0.79
AcJdTc8d,1,0.79
AsJhTs7h,1,0.44
AsJdTs7d,1,0.44
AsJcTs7c,1,0.44
AhJdTh7d,1,0.44
AhJcTh7c,1,0.44
AhJsTh7s,1,0.44
AdJcTd7c,1,0.44
AdJsTd7s,1,0.44
AdJhTd7h,1,0.44
AcJsTc7s,1,0.44
AcJhTc7h,1,0.44
AcJdTc7d,1,0.44
AsJhTs6h,1,0.19
AsJdTs6d,1,0.19
AsJcTs6c,1,0.19
AhJdTh6d,1,0.19
AhJcTh6c,1,0.19
AhJsTh6s,1,0.19
AdJcTd6c,1,0.19
AdJsTd6s,1,0.19
AdJhTd6h,1,0.19
AcJsTc6s,1,0.19
AcJhTc6h,1,0.19
AcJdTc6d,1,0.19
AsJhTs5h,1,0.34
AsJdTs5d,1,0.34
AsJcTs5c,1,0.34
AhJdTh5d,1,0.34
AhJcTh5c,1,0.34
AhJsTh5s,1,0.34
AdJcTd5c,1,0.34
AdJsTd5s,1,0.34
AdJhTd5h,1,0.34
AcJsTc5s,1,0.34
AcJhTc5h,1,0.34
AcJdTc5d,1,0.34
AsJhTs4h,1,0.36
AsJdTs4d,1,0.36
AsJcTs4c,1,0.36
AhJdTh4d,1,0.36
AhJcTh4c,1,0.36
AhJsTh4s,1,0.36
AdJcTd4c,1,0.36
AdJsTd4s,1,0.36
AdJhTd4h,1,0.36
AcJsTc4s,1,0.36
AcJhTc4h,1,0.36
AcJdTc4d,1,0.36
AsJhTs3h,1,0.36
AsJdTs3d,1,0.36
AsJcTs3c,1,0.36
AhJdTh3d,1,0.36
AhJcTh3c,1,0.36
AhJsTh3s,1,0.36
AdJcTd3c,1,0.36
AdJsTd3s,1,0.36
AdJhTd3h,1,0.36
AcJsTc3s,1,0.36
AcJhTc3h,1,0.36
AcJdTc3d,1,0.36
AsJhTs2h,1,0.33
AsJdTs2d,1,0.33
AsJcTs2c,1,0.33
AhJdTh2d,1,0.33
AhJcTh2c,1,0.33
AhJsTh2s,1,0.33
AdJcTd2c,1,0.33
AdJsTd2s,1,0.33
AdJhTd2h,1,0.33
AcJsTc2s,1,0.33
AcJhTc2h,1,0.33
AcJdTc2d,1,0.33
AsJhTsTd,1,0.68
AsJhTsTc,1,0.68
AsJdTsTc,1,0.68
AsJdTsTh,1,0.68
AsJcTsTh,1,0.68
AsJcTsTd,1,0.68
AhJdThTc,1,0.68
AhJdTsTh,1,0.68
AhJcThTd,1,0.68
AhJcTsTh,1,0.68
AhJsThTc,1,0.68
AhJsThTd,1,0.68
AdJcThTd,1,0.68
AdJcTsTd,1,0.68
AdJsTdTc,1,0.68
AdJsThTd,1,0.68
AdJhTdTc,1,0.68
AdJhTsTd,1,0.68
AcJsThTc,1,0.68
AcJsTdTc,1,0.68
AcJhTdTc,1,0.68
AcJhTsTc,1,0.68
AcJdTsTc,1,0.68
AcJdThTc,1,0.68
AsJhTs9d,1,0.44
AsJhTs9c,1,0.44
AsJdTs9c,1,0.44
AsJdTs9h,1,0.44
AsJcTs9h,1,0.44
AsJcTs9d,1,0.44
AhJdTh9c,1,0.44
AhJdTh9s,1,0.44
AhJcTh9d,1,0.44
AhJcTh9s,1,0.44
AhJsTh9c,1,0.44
AhJsTh9d,1,0.44
AdJcTd9h,1,0.44
AdJcTd9s,1,0.44
AdJsTd9c,1,0.44
AdJsTd9h,1,0.44
AdJhTd9c,1,0.44
AdJhTd9s,1,0.44
AcJsTc9h,1,0.44
AcJsTc9d,1,0.44
AcJhTc9d,1,0.44
AcJhTc9s,1,0.44
AcJdTc9s,1,0.44
AcJdTc9h,1,0.44
AsJhTs8d,1,0.37
AsJhTs8c,1,0.37
AsJdTs8c,1,0.37
AsJdTs8h,1,0.37
AsJcTs8h,1,0.37
AsJcTs8d,1,0.37
AhJdTh8c,1,0.37
AhJdTh8s,1,0.37
AhJcTh8d,1,0.37
AhJcTh8s,1,0.37
AhJsTh8c,1,0.37
AhJsTh8d,1,0.37
AdJcTd8h,1,0.37
AdJcTd8s,1,0.37
AdJsTd8c,1,0.37
AdJsTd8h,1,0.37
AdJhTd8c,1,0.37
AdJhTd8s,1,0.37
AcJsTc8h,1,0.37
AcJsTc8d,1,0.37
AcJhTc8d,1,0.37
AcJhTc8s,1,0.37
AcJdTc8s,1,0.37
AcJdTc8h,1,0.37
AsJhTs7d,1,0.15
AsJhTs7c,1,0.15
AsJdTs7c,1,0.15
AsJdTs7h,1,0.15
AsJcTs7h,1,0.15
AsJcTs7d,1,0.15
AhJdTh7c,1,0.15
AhJdTh7s,1,0.15
AhJcTh7d,1,0.15
AhJcTh7s,1,0.15
AhJsTh7c,1,0.15
AhJsTh7d,1,0.15
AdJcTd7h,1,0.15
AdJcTd7s,1,0.15
AdJsTd7c,1,0.15
AdJsTd7h,1,0.15
AdJhTd7c,1,0.15
AdJhTd7s,1,0.15
AcJsTc7h,1,0.15
AcJsTc7d,1,0.15
AcJhTc7d,1,0.15
AcJhTc7s,1,0.15
AcJdTc7s,1,0.15
AcJdTc7h,1,0.15
AsJhTs6d,1,0.01
AsJhTs6c,1,0.01
AsJdTs6c,1,0.01
AsJdTs6h,1,0.01
AsJcTs6h,1,0.01
AsJcTs6d,1,0.01
AhJdTh6c,1,0.01
AhJdTh6s,1,0.01
AhJcTh6d,1,0.01
AhJcTh6s,1,0.01
AhJsTh6c,1,0.01
AhJsTh6d,1,0.01
AdJcTd6h,1,0.01
AdJcTd6s,1,0.01
AdJsTd6c,1,0.01
AdJsTd6h,1,0.01
AdJhTd6c,1,0.01
AdJhTd6s,1,0.01
AcJsTc6h,1,0.01
AcJsTc6d,1,0.01
AcJhTc6d,1,0.01
AcJhTc6s,1,0.01
AcJdTc6s,1,0.01
AcJdTc6h,1,0.01
AsJhTs5d,1,0.07
AsJhTs5c,1,0.07
AsJdTs5c,1,0.07
AsJdTs5h,1,0.07
AsJcTs5h,1,0.07
AsJcTs5d,1,0.07
AhJdTh5c,1,0.07
AhJdTh5s,1,0.07
AhJcTh5d,1,0.07
AhJcTh5s,1,0.07
AhJsTh5c,1,0.07
AhJsTh5d,1,0.07
AdJcTd5h,1,0.07
AdJcTd5s,1,0.07
AdJsTd5c,1,0.07
AdJsTd5h,1,0.07
AdJhTd5c,1,0.07
AdJhTd5s,1,0.07
AcJsTc5h,1,0.07
AcJsTc5d,1,0.07
AcJhTc5d,1,0.07
AcJhTc5s,1,0.07
AcJdTc5s,1,0.07
AcJdTc5h,1,0.07
AsJhTs4d,1,0.06
AsJhTs4c,1,0.06
AsJdTs4c,1,0.06
AsJdTs4h,1,0.06
AsJcTs4h,1,0.06
AsJcTs4d,1,0.06
AhJdTh4c,1,0.06
AhJdTh4s,1,0.06
AhJcTh4d,1,0.06
AhJcTh4s,1,0.06
AhJsTh4c,1,0.06
AhJsTh4d,1,0.06
AdJcTd4h,1,0.06
AdJcTd4s,1,0.06
AdJsTd4c,1,0.06
AdJsTd4h,1,0.06
AdJhTd4c,1,0.06
AdJhTd4s,1,0.06
AcJsTc4h,1,0.06
AcJsTc4d,1,0.06
AcJhTc4d,1,0.06
AcJhTc4s,1,0.06
AcJdTc4s,1,0.06
AcJdTc4h,1,0.06
AsJhTs3d,1,0.05
AsJhTs3c,1,0.05
AsJdTs3c,1,0.05
AsJdTs3h,1,0.05
AsJcTs3h,1,0.05
AsJcTs3d,1,0.05
AhJdTh3c,1,0.05
AhJdTh3s,1,0.05
AhJcTh3d,1,0.05
AhJcTh3s,1,0.05
AhJsTh3c,1,0.05
AhJsTh3d,1,0.05
AdJcTd3h,1,0.05
AdJcTd3s,1,0.05
AdJsTd3c,1,0.05
AdJsTd3h,1,0.05
AdJhTd3c,1,0.05
AdJhTd3s,1,0.05
AcJsTc3h,1,0.05
AcJsTc3d,1,0.05
AcJhTc3d,1,0.05
AcJhTc3s,1,0.05
AcJdTc3s,1,0.05
AcJdTc3h,1,0.05
AsJhTs2d,1,0.02
AsJhTs2c,1,0.02
AsJdTs2c,1,0.02
AsJdTs2h,1,0.02
AsJcTs2h,1,0.02
AsJcTs2d,1,0.02
AhJdTh2c,1,0.02
AhJdTh2s,1,0.02
AhJcTh2d,1,0.02
AhJcTh2s,1,0.02
AhJsTh2c,1,0.02
AhJsTh2d,1,0.02
AdJcTd2h,1,0.02
AdJcTd2s,1,0.02
AdJsTd2c,1,0.02
AdJsTd2h,1,0.02
AdJhTd2c,1,0.02
AdJhTd2s,1,0.02
AcJsTc2h,1,0.02
AcJsTc2d,1,0.02
AcJhTc2d,1,0.02
AcJhTc2s,1,0.02
AcJdTc2s,1,0.02
AcJdTc2h,1,0.02
AsJh9s8s,1,0.01
AsJd9s8s,1,0.01
AsJc9s8s,1,0.01
AhJd9h8h,1,0.01
AhJc9h8h,1,0.01
AhJs9h8h,1,0.01
AdJc9d8d,1,0.01
AdJs9d8d,1,0.01
AdJh9d8d,1,0.01
AcJs9c8c,1,0.01
AcJh9c8c,1,0.01
AcJd9c8c,1,0.01
AsJh9s9h,1,0.59
AsJd9s9d,1,0.59
AsJc9s9c,1,0.59
AhJd9h9d,1,0.59
AhJc9h9c,1,0.59
AhJs9s9h,1,0.59
AdJc9d9c,1,0.59
AdJs9s9d,1,0.59
AdJh9h9d,1,0.59
AcJs9s9c,1,0.59
AcJh9h9c,1,0.59
AcJd9d9c,1,0.59
AsJh9s8h,1,0.5
AsJd9s8d,1,0.5
AsJc9s8c,1,0.5
AhJd9h8d,1,0.5
AhJc9h8c,1,0.5
AhJs9h8s,1,0.5
AdJc9d8c,1,0.5
AdJs9d8s,1,0.5
AdJh9d8h,1,0.5
AcJs9c8s,1,0.5
AcJh9c8h,1,0.5
AcJd9c8d,1,0.5
AsJh9s7h,1,0.28
AsJd9s7d,1,0.28
AsJc9s7c,1,0.28
AhJd9h7d,1,0.28
AhJc9h7c,1,0.28
AhJs9h7s,1,0.28
AdJc9d7c,1,0.28
AdJs9d7s,1,0.28
AdJh9d7h,1,0.28
AcJs9c7s,1,0.28
AcJh9c7h,1,0.28
AcJd9c7d,1,0.28
AsJh9s6h,1,0.06
AsJd9s6d,1,0.06
AsJc9s6c,1,0.06
AhJd9h6d,1,0.06
AhJc9h6c,1,0.06
AhJs9h6s,1,0.06
AdJc9d6c,1,0.06
AdJs9d6s,1,0.06
AdJh9d6h,1,0.06
AcJs9c6s,1,0.06
AcJh9c6h,1,0.06
AcJd9c6d,1,0.06
AsJh9s5h,1,0.12
AsJd9s5d,1,0.12
AsJc9s5c,1,0.12
AhJd9h5d,1,0.12
AhJc9h5c,1,0.12
AhJs9h5s,1,0.12
AdJc9d5c,1,0.12
AdJs9d5s,1,0.12
AdJh9d5h,1,0.12
AcJs9c5s,1,0.12
AcJh9c5h,1,0.12
AcJd9c5d,1,0.12
AsJh9s4h,1,0.03
AsJd9s4d,1,0.03
AsJc9s4c,1,0.03
AhJd9h4d,1,0.03
AhJc9h4c,1,0.03
AhJs9h4s,1,0.03
AdJc9d4c,1,0.03
AdJs9d4s,1,0.03
AdJh9d4h,1,0.03
AcJs9c4s,1,0.03
AcJh9c4h,1,0.03
AcJd9c4d,1,0.03
AsJh9s3h,1,0.01
AsJd9s3d,1,0.01
AsJc9s3c,1,0.01
AhJd9h3d,1,0.01
AhJc9h3c,1,0.01
AhJs9h3s,1,0.01
AdJc9d3c,1,0.01
AdJs9d3s,1,0.01
AdJh9d3h,1,0.01
AcJs9c3s,1,0.01
AcJh9c3h,1,0.01
AcJd9c3d,1,0.01
AsJh9s9d,1,0.29
AsJh9s9c,1,0.29
AsJd9s9c,1,0.29
AsJd9s9h,1,0.29
AsJc9s9h,1,0.29
AsJc9s9d,1,0.29
AhJd9h9c,1,0.29
AhJd9s9h,1,0.29
AhJc9h9d,1,0.29
AhJc9s9h,1,0.29
AhJs9h9c,1,0.29
AhJs9h9d,1,0.29
AdJc9h9d,1,0.29
AdJc9s9d,1,0.29
AdJs9d9c,1,0.29
AdJs9h9d,1,0.29
AdJh9d9c,1,0.29
AdJh9s9d,1,0.29
AcJs9h9c,1,0.29
AcJs9d9c,1,0.29
AcJh9d9c,1,0.29
AcJh9s9c,1,0.29
AcJd9s9c,1,0.29
AcJd9h9c,1,0.29
AsJh9s8d,1,0.15
AsJh9s8c,1,0.15
AsJd9s8c,1,0.15
AsJd9s8h,1,0.15
AsJc9s8h,1,0.15
AsJc9s8d,1,0.15
AhJd9h8c,1,0.15
AhJd9h8s,1,0.15
AhJc9h8d,1,0.15
AhJc9h8s,1,0.15
AhJs9h8c,1,0.15
AhJs9h8d,1,0.15
AdJc9d8h,1,0.15
AdJc9d8s,1,0.15
AdJs9d8c,1,0.15
AdJs9d8h,1,0.15
AdJh9d8c,1,0.15
AdJh9d8s,1,0.15
AcJs9c8h,1,0.15
AcJs9c8d,1,0.15
AcJh9c8d,1,0.15
AcJh9c8s,1,0.15
AcJd9c8s,1,0.15
AcJd9c8h,1,0.15
AsJh9s7d,1,0.05
AsJh9s7c,1,0.05
AsJd9s7c,1,0.05
AsJd9s7h,1,0.05
AsJc9s7h,1,0.05
AsJc9s7d,1,0.05
AhJd9h7c,1,0.05
AhJd9h7s,1,0.05
AhJc9h7d,1,0.05
AhJc9h7s,1,0.05
AhJs9h7c,1,0.05
AhJs9h7d,1,0.05
AdJc9d7h,1,0.05
AdJc9d7s,1,0.05
AdJs9d7c,1,0.05
AdJs9d7h,1,0.05
AdJh9d7c,1,0.05
AdJh9d7s,1,0.05
AcJs9c7h,1,0.05
AcJs9c7d,1,0.05
AcJh9c7d,1,0.05
AcJh9c7s,1,0.05
AcJd9c7s,1,0.05
AcJd9c7h,1,0.05
AsJh8s8h,1,0.48
AsJd8s8d,1,0.48
AsJc8s8c,1,0.48
AhJd8h8d,1,0.48
AhJc8h8c,1,0.48
AhJs8s8h,1,0.48
AdJc8d8c,1,0.48
AdJs8s8d,1,0.48
AdJh8h8d,1,0.48
AcJs8s8c,1,0.48
AcJh8h8c,1,0.48
AcJd8d8c,1,0.48
AsJh8s7h,1,0.38
AsJd8s7d,1,0.38
AsJc8s7c,1,0.38
AhJd8h7d,1,0.38
AhJc8h7c,1,0.38
AhJs8h7s,1,0.38
AdJc8d7c,1,0.38
AdJs8d7s,1,0.38
AdJh8d7h,1,0.38
AcJs8c7s,1,0.38
AcJh8c7h,1,0.38
AcJd8c7d,1,0.38
AsJh8s6h,1,0.14
AsJd8s6d,1,0.14
AsJc8s6c,1,0.14
AhJd8h6d,1,0.14
AhJc8h6c,1,0.14
AhJs8h6s,1,0.14
AdJc8d6c,1,0.14
AdJs8d6s,1,0.14
AdJh8d6h,1,0.14
AcJs8c6s,1,0.14
AcJh8c6h,1,0.14
AcJd8c6d,1,0.14
AsJh8s5h,1,0.21
AsJd8s5d,1,0.21
AsJc8s5c,1,0.21
AhJd8h5d,1,0.21
AhJc8h5c,1,0.21
AhJs8h5s,1,0.21
AdJc8d5c,1,0.21
AdJs8d5s,1,0.21
AdJh8d5h,1,0.21
AcJs8c5s,1,0.21
AcJh8c5h,1,0.21
AcJd8c5d,1,0.21
AsJh8s4h,1,0.08
AsJd8s4d,1,0.08
AsJc8s4c,1,0.08
AhJd8h4d,1,0.08
AhJc8h4c,1,0.08
AhJs8h4s,1,0.08
AdJc8d4c,1,0.08
AdJs8d4s,1,0.08
AdJh8d4h,1,0.08
AcJs8c4s,1,0.08
AcJh8c4h,1,0.08
AcJd8c4d,1,0.08
AsJh8s8d,1,0.19
AsJh8s8c,1,0.19
AsJd8s8c,1,0.19
AsJd8s8h,1,0.19
AsJc8s8h,1,0.19
AsJc8s8d,1,0.19
AhJd8h8c,1,0.19
AhJd8s8h,1,0.19
AhJc8h8d,1,0.19
AhJc8s8h,1,0.19
AhJs8h8c,1,0.19
AhJs8h8d,1,0.19
AdJc8h8d,1,0.19
AdJc8s8d,1,0.19
AdJs8d8c,1,0.19
AdJs8h8d,1,0.19
AdJh8d8c,1,0.19
AdJh8s8d,1,0.19
AcJs8h8c,1,0.19
AcJs8d8c,1,0.19
AcJh8d8c,1,0.19
AcJh8s8c,1,0.19
AcJd8s8c,1,0.19
AcJd8h8c,1,0.19
AsJh8s7d,1,0.08
AsJh8s7c,1,0.08
AsJd8s7c,1,0.08
AsJd8s7h,1,0.08
AsJc8s7h,1,0.08
AsJc8s7d,1,0.08
AhJd8h7c,1,0.08
AhJd8h7s,1,0.08
AhJc8h7d,1,0.08
AhJc8h7s,1,0.08
AhJs8h7c,1,0.08
AhJs8h7d,1,0.08
AdJc8d7h,1,0.08
AdJc8d7s,1,0.08
AdJs8d7c,1,0.08
AdJs8d7h,1,0.08
AdJh8d7c,1,0.08
AdJh8d7s,1,0.08
AcJs8c7h,1,0.08
AcJs8c7d,1,0.08
AcJh8c7d,1,0.08
AcJh8c7s,1,0.08
AcJd8c7s,1,0.08
AcJd8c7h,1,0.08
AsJh7s7h,1,0.27
AsJd7s7d,1,0.27
AsJc7s7c,1,0.27
AhJd7h7d,1,0.27
AhJc7h7c,1,0.27
AhJs7s7h,1,0.27
AdJc7d7c,1,0.27
AdJs7s7d,1,0.27
AdJh7h7d,1,0.27
AcJs7s7c,1,0.27
AcJh7h7c,1,0.27
AcJd7d7c,1,0.27
AsJh7s6h,1,0.15
AsJd7s6d,1,0.15
AsJc7s6c,1,0.15
AhJd7h6d,1,0.15
AhJc7h6c,1,0.15
AhJs7h6s,1,0.15
AdJc7d6c,1,0.15
AdJs7d6s,1,0.15
AdJh7d6h,1,0.15
AcJs7c6s,1,0.15
AcJh7c6h,1,0.15
AcJd7c6d,1,0.15
AsJh7s5h,1,0.24
AsJd7s5d,1,0.24
AsJc7s5c,1,0.24
AhJd7h5d,1,0.24
AhJc7h5c,1,0.24
AhJs7h5s,1,0.24
AdJc7d5c,1,0.24
AdJs7d5s,1,0.24
AdJh7d5h,1,0.24
AcJs7c5s,1,0.24
AcJh7c5h,1,0.24
AcJd7c5d,1,0.24
AsJh7s4h,1,0.09
AsJd7s4d,1,0.09
AsJc7s4c,1,0.09
AhJd7h4d,1,0.09
AhJc7h4c,1,0.09
AhJs7h4s,1,0.09
AdJc7d4c,1,0.09
AdJs7d4s,1,0.09
AdJh7d4h,1,0.09
AcJs7c4s,1,0.09
AcJh7c4h,1,0.09
AcJd7c4d,1,0.09
AsJh7s7d,1,0.03
AsJh7s7c,1,0.03
AsJd7s7c,1,0.03
AsJd7s7h,1,0.03
AsJc7s7h,1,0.03
AsJc7s7d,1,0.03
AhJd7h7c,1,0.03
AhJd7s7h,1,0.03
AhJc7h7d,1,0.03
AhJc7s7h,1,0.03
AhJs7h7c,1,0.03
AhJs7h7d,1,0.03
AdJc7h7d,1,0.03
AdJc7s7d,1,0.03
AdJs7d7c,1,0.03
AdJs7h7d,1,0.03
AdJh7d7c,1,0.03
AdJh7s7d,1,0.03
AcJs7h7c,1,0.03
AcJs7d7c,1,0.03
AcJh7d7c,1,0.03
AcJh7s7c,1,0.03
AcJd7s7c,1,0.03
AcJd7h7c,1,0.03
AsJh7s5d,1,0
AsJh7s5c,1,0
AsJd7s5c,1,0
AsJd7s5h,1,0
AsJc7s5h,1,0
AsJc7s5d,1,0
AhJd7h5c,1,0
AhJd7h5s,1,0
AhJc7h5d,1,0
AhJc7h5s,1,0
AhJs7h5c,1,0
AhJs7h5d,1,0
AdJc7d5h,1,0
AdJc7d5s,1,0
AdJs7d5c,1,0
AdJs7d5h,1,0
AdJh7d5c,1,0
AdJh7d5s,1,0
AcJs7c5h,1,0
AcJs7c5d,1,0
AcJh7c5d,1,0
AcJh7c5s,1,0
AcJd7c5s,1,0
AcJd7c5h,1,0
AsJh6s6h,1,0.13
AsJd6s6d,1,0.13
AsJc6s6c,1,0.13
AhJd6h6d,1,0.13
AhJc6h6c,1,0.13
AhJs6s6h,1,0.13
AdJc6d6c,1,0.13
AdJs6s6d,1,0.13
AdJh6h6d,1,0.13
AcJs6s6c,1,0.13
AcJh6h6c,1,0.13
AcJd6d6c,1,0.13
AsJh6s5h,1,0.16
AsJd6s5d,1,0.16
AsJc6s5c,1,0.16
AhJd6h5d,1,0.16
AhJc6h5c,1,0.16
AhJs6h5s,1,0.16
AdJc6d5c,1,0.16
AdJs6d5s,1,0.16
AdJh6d5h,1,0.16
AcJs6c5s,1,0.16
AcJh6c5h,1,0.16
AcJd6c5d,1,0.16
AsJh6s4h,1,0.04
AsJd6s4d,1,0.04
AsJc6s4c,1,0.04
AhJd6h4d,1,0.04
AhJc6h4c,1,0.04
AhJs6h4s,1,0.04
AdJc6d4c,1,0.04
AdJs6d4s,1,0.04
AdJh6d4h,1,0.04
AcJs6c4s,1,0.04
AcJh6c4h,1,0.04
AcJd6c4d,1,0.04
AsJh5s5h,1,0.23
AsJd5s5d,1,0.23
AsJc5s5c,1,0.23
AhJd5h5d,1,0.23
AhJc5h5c,1,0.23
AhJs5s5h,1,0.23
AdJc5d5c,1,0.23
AdJs5s5d,1,0.23
AdJh5h5d,1,0.23
AcJs5s5c,1,0.23
AcJh5h5c,1,0.23
AcJd5d5c,1,0.23
AsJh5s4h,1,0.31
AsJd5s4d,1,0.31
AsJc5s4c,1,0.31
AhJd5h4d,1,0.31
AhJc5h4c,1,0.31
AhJs5h4s,1,0.31
AdJc5d4c,1,0.31
AdJs5d4s,1,0.31
AdJh5d4h,1,0.31
AcJs5c4s,1,0.31
AcJh5c4h,1,0.31
AcJd5c4d,1,0.31
AsJh5s3h,1,0.17
AsJd5s3d,1,0.17
AsJc5s3c,1,0.17
AhJd5h3d,1,0.17
AhJc5h3c,1,0.17
AhJs5h3s,1,0.17
AdJc5d3c,1,0.17
AdJs5d3s,1,0.17
AdJh5d3h,1,0.17
AcJs5c3s,1,0.17
AcJh5c3h,1,0.17
AcJd5c3d,1,0.17
AsJh4s4h,1,0.27
AsJd4s4d,1,0.27
AsJc4s4c,1,0.27
AhJd4h4d,1,0.27
AhJc4h4c,1,0.27
AhJs4s4h,1,0.27
AdJc4d4c,1,0.27
AdJs4s4d,1,0.27
AdJh4h4d,1,0.27
AcJs4s4c,1,0.27
AcJh4h4c,1,0.27
AcJd4d4c,1,0.27
AsJh4s3h,1,0.12
AsJd4s3d,1,0.12
AsJc4s3c,1,0.12
AhJd4h3d,1,0.12
AhJc4h3c,1,0.12
AhJs4h3s,1,0.12
AdJc4d3c,1,0.12
AdJs4d3s,1,0.12
AdJh4d3h,1,0.12
AcJs4c3s,1,0.12
AcJh4c3h,1,0.12
AcJd4c3d,1,0.12
AsJh3s3h,1,0.29
AsJd3s3d,1,0.29
AsJc3s3c,1,0.29
AhJd3h3d,1,0.29
AhJc3h3c,1,0.29
AhJs3s3h,1,0.29
AdJc3d3c,1,0.29
AdJs3s3d,1,0.29
AdJh3h3d,1,0.29
AcJs3s3c,1,0.29
AcJh3h3c,1,0.29
AcJd3d3c,1,0.29
AsJh2s2h,1,0.29
AsJd2s2d,1,0.29
AsJc2s2c,1,0.29
AhJd2h2d,1,0.29
AhJc2h2c,1,0.29
AhJs2s2h,1,0.29
AdJc2d2c,1,0.29
AdJs2s2d,1,0.29
AdJh2h2d,1,0.29
AcJs2s2c,1,0.29
AcJh2h2c,1,0.29
AcJd2d2c,1,0.29
AsJh2s2d,0.435,0
AsJh2s2c,0.435,0
AsJd2s2c,0.435,0
AsJd2s2h,0.435,0
AsJc2s2h,0.435,0
AsJc2s2d,0.435,0
AhJd2h2c,0.435,0
AhJd2s2h,0.435,0
AhJc2h2d,0.435,0
AhJc2s2h,0.435,0
AhJs2h2c,0.435,0
AhJs2h2d,0.435,0
AdJc2h2d,0.435,0
AdJc2s2d,0.435,0
AdJs2d2c,0.435,0
AdJs2h2d,0.435,0
AdJh2d2c,0.435,0
AdJh2s2d,0.435,0
AcJs2h2c,0.435,0
AcJs2d2c,0.435,0
AcJh2d2c,0.435,0
AcJh2s2c,0.435,0
AcJd2s2c,0.435,0
AcJd2h2c,0.435,0
AsJhTh9s,1,0.87
AsJdTd9s,1,0.87
AsJcTc9s,1,0.87
AhJdTd9h,1,0.87
AhJcTc9h,1,0.87
AhJsTs9h,1,0.87
AdJcTc9d,1,0.87
AdJsTs9d,1,0.87
AdJhTh9d,1,0.87
AcJsTs9c,1,0.87
AcJhTh9c,1,0.87
AcJdTd9c,1,0.87
AsJhTh8s,1,0.83
AsJdTd8s,1,0.83
AsJcTc8s,1,0.83
AhJdTd8h,1,0.83
AhJcTc8h,1,0.83
AhJsTs8h,1,0.83
AdJcTc8d,1,0.83
AdJsTs8d,1,0.83
AdJhTh8d,1,0.83
AcJsTs8c,1,0.83
AcJhTh8c,1,0.83
AcJdTd8c,1,0.83
AsJhTh7s,1,0.48
AsJdTd7s,1,0.48
AsJcTc7s,1,0.48
AhJdTd7h,1,0.48
AhJcTc7h,1,0.48
AhJsTs7h,1,0.48
AdJcTc7d,1,0.48
AdJsTs7d,1,0.48
AdJhTh7d,1,0.48
AcJsTs7c,1,0.48
AcJhTh7c,1,0.48
AcJdTd7c,1,0.48
AsJhTh6s,1,0.23
AsJdTd6s,1,0.23
AsJcTc6s,1,0.23
AhJdTd6h,1,0.23
AhJcTc6h,1,0.23
AhJsTs6h,1,0.23
AdJcTc6d,1,0.23
AdJsTs6d,1,0.23
AdJhTh6d,1,0.23
AcJsTs6c,1,0.23
AcJhTh6c,1,0.23
AcJdTd6c,1,0.23
AsJhTh5s,1,0.39
AsJdTd5s,1,0.39
AsJcTc5s,1,0.39
AhJdTd5h,1,0.39
AhJcTc5h,1,0.39
AhJsTs5h,1,0.39
AdJcTc5d,1,0.39
AdJsTs5d,1,0.39
AdJhTh5d,1,0.39
AcJsTs5c,1,0.39
AcJhTh5c,1,0.39
AcJdTd5c,1,0.39
AsJhTh4s,1,0.4
AsJdTd4s,1,0.4
AsJcTc4s,1,0.4
AhJdTd4h,1,0.4
AhJcTc4h,1,0.4
AhJsTs4h,1,0.4
AdJcTc4d,1,0.4
AdJsTs4d,1,0.4
AdJhTh4d,1,0.4
AcJsTs4c,1,0.4
AcJhTh4c,1,0.4
AcJdTd4c,1,0.4
AsJhTh3s,1,0.41
AsJdTd3s,1,0.41
AsJcTc3s,1,0.41
AhJdTd3h,1,0.41
AhJcTc3h,1,0.41
AhJsTs3h,1,0.41
AdJcTc3d,1,0.41
AdJsTs3d,1,0.41
AdJhTh3d,1,0.41
AcJsTs3c,1,0.41
AcJhTh3c,1,0.41
AcJdTd3c,1,0.41
AsJhTh2s,1,0.37
AsJdTd2s,1,0.37
AsJcTc2s,1,0.37
AhJdTd2h,1,0.37
AhJcTc2h,1,0.37
AhJsTs2h,1,0.37
AdJcTc2d,1,0.37
AdJsTs2d,1,0.37
AdJhTh2d,1,0.37
AcJsTs2c,1,0.37
AcJhTh2c,1,0.37
AcJdTd2c,1,0.37
AsJhTh9h,1,0.05
AsJdTd9d,1,0.05
AsJcTc9c,1,0.05
AhJdTd9d,1,0.05
AhJcTc9c,1,0.05
AhJsTs9s,1,0.05
AdJcTc9c,1,0.05
AdJsTs9s,1,0.05
AdJhTh9h,1,0.05
AcJsTs9s,1,0.05
AcJhTh9h,1,0.05
AcJdTd9d,1,0.05
AsJhTh8h,1,0.02
AsJdTd8d,1,0.02
AsJcTc8c,1,0.02
AhJdTd8d,1,0.02
AhJcTc8c,1,0.02
AhJsTs8s,1,0.02
AdJcTc8c,1,0.02
AdJsTs8s,1,0.02
AdJhTh8h,1,0.02
AcJsTs8s,1,0.02
AcJhTh8h,1,0.02
AcJdTd8d,1,0.02
AsJhThTd,1,0.23
AsJhThTc,1,0.23
AsJdTdTc,1,0.23
AsJdThTd,1,0.23
AsJcThTc,1,0.23
AsJcTdTc,1,0.23
AhJdTdTc,1,0.23
AhJdTsTd,1,0.23
AhJcTdTc,1,0.23
AhJcTsTc,1,0.23
AhJsTsTc,1,0.23
AhJsTsTd,1,0.23
AdJcThTc,1,0.23
AdJcTsTc,1,0.23
AdJsTsTc,1,0.23
AdJsTsTh,1,0.23
AdJhThTc,1,0.23
AdJhTsTh,1,0.23
AcJsTsTh,1,0.23
AcJsTsTd,1,0.23
AcJhThTd,1,0.23
AcJhTsTh,1,0.23
AcJdTsTd,1,0.23
AcJdThTd,1,0.23
AsJhTh9d,1,0.12
AsJhTh9c,1,0.12
AsJdTd9c,1,0.12
AsJdTd9h,1,0.12
AsJcTc9h,1,0.12
AsJcTc9d,1,0.12
AhJdTd9c,1,0.12
AhJdTd9s,1,0.12
AhJcTc9d,1,0.12
AhJcTc9s,1,0.12
AhJsTs9c,1,0.12
AhJsTs9d,1,0.12
AdJcTc9h,1,0.12
AdJcTc9s,1,0.12
AdJsTs9c,1,0.12
AdJsTs9h,1,0.12
AdJhTh9c,1,0.12
AdJhTh9s,1,0.12
AcJsTs9h,1,0.12
AcJsTs9d,1,0.12
AcJhTh9d,1,0.12
AcJhTh9s,1,0.12
AcJdTd9s,1,0.12
AcJdTd9h,1,0.12
AsJhTh8d,1,0.08
AsJhTh8c,1,0.08
AsJdTd8c,1,0.08
AsJdTd8h,1,0.08
AsJcTc8h,1,0.08
AsJcTc8d,1,0.08
AhJdTd8c,1,0.08
AhJdTd8s,1,0.08
AhJcTc8d,1,0.08
AhJcTc8s,1,0.08
AhJsTs8c,1,0.08
AhJsTs8d,1,0.08
AdJcTc8h,1,0.08
AdJcTc8s,1,0.08
AdJsTs8c,1,0.08
AdJsTs8h,1,0.08
AdJhTh8c,1,0.08
AdJhTh8s,1,0.08
AcJsTs8h,1,0.08
AcJsTs8d,1,0.08
AcJhTh8d,1,0.08
AcJhTh8s,1,0.08
AcJdTd8s,1,0.08
AcJdTd8h,1,0.08
AsJh9h8s,1,0.51
AsJd9d8s,1,0.51
AsJc9c8s,1,0.51
AhJd9d8h,1,0.51
AhJc9c8h,1,0.51
AhJs9s8h,1,0.51
AdJc9c8d,1,0.51
AdJs9s8d,1,0.51
AdJh9h8d,1,0.51
AcJs9s8c,1,0.51
AcJh9h8c,1,0.51
AcJd9d8c,1,0.51
AsJh9h7s,1,0.3
AsJd9d7s,1,0.3
AsJc9c7s,1,0.3
AhJd9d7h,1,0.3
AhJc9c7h,1,0.3
AhJs9s7h,1,0.3
AdJc9c7d,1,0.3
AdJs9s7d,1,0.3
AdJh9h7d,1,0.3
AcJs9s7c,1,0.3
AcJh9h7c,1,0.3
AcJd9d7c,1,0.3
AsJh9h6s,1,0.07
AsJd9d6s,1,0.07
AsJc9c6s,1,0.07
AhJd9d6h,1,0.07
AhJc9c6h,1,0.07
AhJs9s6h,1,0.07
AdJc9c6d,1,0.07
AdJs9s6d,1,0.07
AdJh9h6d,1,0.07
AcJs9s6c,1,0.07
AcJh9h6c,1,0.07
AcJd9d6c,1,0.07
AsJh9h5s,1,0.14
AsJd9d5s,1,0.14
AsJc9c5s,1,0.14
AhJd9d5h,1,0.14
AhJc9c5h,1,0.14
AhJs9s5h,1,0.14
AdJc9c5d,1,0.14
AdJs9s5d,1,0.14
AdJh9h5d,1,0.14
AcJs9s5c,1,0.14
AcJh9h5c,1,0.14
AcJd9d5c,1,0.14
AsJh9h4s,1,0.05
AsJd9d4s,1,0.05
AsJc9c4s,1,0.05
AhJd9d4h,1,0.05
AhJc9c4h,1,0.05
AhJs9s4h,1,0.05
AdJc9c4d,1,0.05
AdJs9s4d,1,0.05
AdJh9h4d,1,0.05
AcJs9s4c,1,0.05
AcJh9h4c,1,0.05
AcJd9d4c,1,0.05
AsJh9h3s,1,0.03
AsJd9d3s,1,0.03
AsJc9c3s,1,0.03
AhJd9d3h,1,0.03
AhJc9c3h,1,0.03
AhJs9s3h,1,0.03
AdJc9c3d,1,0.03
AdJs9s3d,1,0.03
AdJh9h3d,1,0.03
AcJs9s3c,1,0.03
AcJh9h3c,1,0.03
AcJd9d3c,1,0.03
AsJh9h9d,1,0.01
AsJh9h9c,1,0.01
AsJd9d9c,1,0.01
AsJd9h9d,1,0.01
AsJc9h9c,1,0.01
AsJc9d9c,1,0.01
AhJd9d9c,1,0.01
AhJd9s9d,1,0.01
AhJc9d9c,1,0.01
AhJc9s9c,1,0.01
AhJs9s9c,1,0.01
AhJs9s9d,1,0.01
AdJc9h9c,1,0.01
AdJc9s9c,1,0.01
AdJs9s9c,1,0.01
AdJs9s9h,1,0.01
AdJh9h9c,1,0.01
AdJh9s9h,1,0.01
AcJs9s9h,1,0.01
AcJs9s9d,1,0.01
AcJh9h9d,1,0.01
AcJh9s9h,1,0.01
AcJd9s9d,1,0.01
AcJd9h9d,1,0.01
AsJh8h7s,1,0.38
AsJd8d7s,1,0.38
AsJc8c7s,1,0.38
AhJd8d7h,1,0.38
AhJc8c7h,1,0.38
AhJs8s7h,1,0.38
AdJc8c7d,1,0.38
AdJs8s7d,1,0.38
AdJh8h7d,1,0.38
AcJs8s7c,1,0.38
AcJh8h7c,1,0.38
AcJd8d7c,1,0.38
AsJh8h6s,1,0.15
AsJd8d6s,1,0.15
AsJc8c6s,1,0.15
AhJd8d6h,1,0.15
AhJc8c6h,1,0.15
AhJs8s6h,1,0.15
AdJc8c6d,1,0.15
AdJs8s6d,1,0.15
AdJh8h6d,1,0.15
AcJs8s6c,1,0.15
AcJh8h6c,1,0.15
AcJd8d6c,1,0.15
AsJh8h5s,1,0.23
AsJd8d5s,1,0.23
AsJc8c5s,1,0.23
AhJd8d5h,1,0.23
AhJc8c5h,1,0.23
AhJs8s5h,1,0.23
AdJc8c5d,1,0.23
AdJs8s5d,1,0.23
AdJh8h5d,1,0.23
AcJs8s5c,1,0.23
AcJh8h5c,1,0.23
AcJd8d5c,1,0.23
AsJh8h4s,1,0.09
AsJd8d4s,1,0.09
AsJc8c4s,1,0.09
AhJd8d4h,1,0.09
AhJc8c4h,1,0.09
AhJs8s4h,1,0.09
AdJc8c4d,1,0.09
AdJs8s4d,1,0.09
AdJh8h4d,1,0.09
AcJs8s4c,1,0.09
AcJh8h4c,1,0.09
AcJd8d4c,1,0.09
AsJh7h6s,1,0.16
AsJd7d6s,1,0.16
AsJc7c6s,1,0.16
AhJd7d6h,1,0.16
AhJc7c6h,1,0.16
AhJs7s6h,1,0.16
AdJc7c6d,1,0.16
AdJs7s6d,1,0.16
AdJh7h6d,1,0.16
AcJs7s6c,1,0.16
AcJh7h6c,1,0.16
AcJd7d6c,1,0.16
AsJh7h5s,1,0.25
AsJd7d5s,1,0.25
AsJc7c5s,1,0.25
AhJd7d5h,1,0.25
AhJc7c5h,1,0.25
AhJs7s5h,1,0.25
AdJc7c5d,1,0.25
AdJs7s5d,1,0.25
AdJh7h5d,1,0.25
AcJs7s5c,1,0.25
AcJh7h5c,1,0.25
AcJd7d5c,1,0.25
AsJh7h4s,1,0.1
AsJd7d4s,1,0.1
AsJc7c4s,1,0.1
AhJd7d4h,1,0.1
AhJc7c4h,1,0.1
AhJs7s4h,1,0.1
AdJc7c4d,1,0.1
AdJs7s4d,1,0.1
AdJh7h4d,1,0.1
AcJs7s4c,1,0.1
AcJh7h4c,1,0.1
AcJd7d4c,1,0.1
AsJh6h5s,1,0.16
AsJd6d5s,1,0.16
AsJc6c5s,1,0.16
AhJd6d5h,1,0.16
AhJc6c5h,1,0.16
AhJs6s5h,1,0.16
AdJc6c5d,1,0.16
AdJs6s5d,1,0.16
AdJh6h5d,1,0.16
AcJs6s5c,1,0.16
AcJh6h5c,1,0.16
AcJd6d5c,1,0.16
AsJh6h4s,1,0.04
AsJd6d4s,1,0.04
AsJc6c4s,1,0.04
AhJd6d4h,1,0.04
AhJc6c4h,1,0.04
AhJs6s4h,1,0.04
AdJc6c4d,1,0.04
AdJs6s4d,1,0.04
AdJh6h4d,1,0.04
AcJs6s4c,1,0.04
AcJh6h4c,1,0.04
AcJd6d4c,1,0.04
AsJh5h4s,1,0.3
AsJd5d4s,1,0.3
AsJc5c4s,1,0.3
AhJd5d4h,1,0.3
AhJc5c4h,1,0.3
AhJs5s4h,1,0.3
AdJc5c4d,1,0.3
AdJs5s4d,1,0.3
AdJh5h4d,1,0.3
AcJs5s4c,1,0.3
AcJh5h4c,1,0.3
AcJd5d4c,1,0.3
AsJh5h3s,1,0.18
AsJd5d3s,1,0.18
AsJc5c3s,1,0.18
AhJd5d3h,1,0.18
AhJc5c3h,1,0.18
AhJs5s3h,1,0.18
AdJc5c3d,1,0.18
AdJs5s3d,1,0.18
AdJh5h3d,1,0.18
AcJs5s3c,1,0.18
AcJh5h3c,1,0.18
AcJd5d3c,1,0.18
AsJh4h3s,1,0.13
AsJd4d3s,1,0.13
AsJc4c3s,1,0.13
AhJd4d3h,1,0.13
AhJc4c3h,1,0.13
AhJs4s3h,1,0.13
AdJc4c3d,1,0.13
AdJs4s3d,1,0.13
AdJh4h3d,1,0.13
AcJs4s3c,1,0.13
AcJh4h3c,1,0.13
AcJd4d3c,1,0.13
AsJhJdTs,1,0.65
AsJhJcTs,1,0.65
AsJdJcTs,1,0.65
AhJdJcTh,1,0.65
AhJsJdTh,1,0.65
AhJsJcTh,1,0.65
AdJhJcTd,1,0.65
AdJsJcTd,1,0.65
AdJsJhTd,1,0.65
AcJsJhTc,1,0.65
AcJsJdTc,1,0.65
AcJhJdTc,1,0.65
AsJhJd9s,1,0.4
AsJhJc9s,1,0.4
AsJdJc9s,1,0.4
AhJdJc9h,1,0.4
AhJsJd9h,1,0.4
AhJsJc9h,1,0.4
AdJhJc9d,1,0.4
AdJsJc9d,1,0.4
AdJsJh9d,1,0.4
AcJsJh9c,1,0.4
AcJsJd9c,1,0.4
AcJhJd9c,1,0.4
AsJhJd8s,1,0.34
AsJhJc8s,1,0.34
AsJdJc8s,1,0.34
AhJdJc8h,1,0.34
AhJsJd8h,1,0.34
AhJsJc8h,1,0.34
AdJhJc8d,1,0.34
AdJsJc8d,1,0.34
AdJsJh8d,1,0.34
AcJsJh8c,1,0.34
AcJsJd8c,1,0.34
AcJhJd8c,1,0.34
AsJhJd7s,1,0.2
AsJhJc7s,1,0.2
AsJdJc7s,1,0.2
AhJdJc7h,1,0.2
AhJsJd7h,1,0.2
AhJsJc7h,1,0.2
AdJhJc7d,1,0.2
AdJsJc7d,1,0.2
AdJsJh7d,1,0.2
AcJsJh7c,1,0.2
AcJsJd7c,1,0.2
AcJhJd7c,1,0.2
AsJhJd6s,1,0.12
AsJhJc6s,1,0.12
AsJdJc6s,1,0.12
AhJdJc6h,1,0.12
AhJsJd6h,1,0.12
AhJsJc6h,1,0.12
AdJhJc6d,1,0.12
AdJsJc6d,1,0.12
AdJsJh6d,1,0.12
AcJsJh6c,1,0.12
AcJsJd6c,1,0.12
AcJhJd6c,1,0.12
AsJhJd5s,1,0.18
AsJhJc5s,1,0.18
AsJdJc5s,1,0.18
AhJdJc5h,1,0.18
AhJsJd5h,1,0.18
AhJsJc5h,1,0.18
AdJhJc5d,1,0.18
AdJsJc5d,1,0.18
AdJsJh5d,1,0.18
AcJsJh5c,1,0.18
AcJsJd5c,1,0.18
AcJhJd5c,1,0.18
AsJhJd4s,1,0.19
AsJhJc4s,1,0.19
AsJdJc4s,1,0.19
AhJdJc4h,1,0.19
AhJsJd4h,1,0.19
AhJsJc4h,1,0.19
AdJhJc4d,1,0.19
AdJsJc4d,1,0.19
AdJsJh4d,1,0.19
AcJsJh4c,1,0.19
AcJsJd4c,1,0.19
AcJhJd4c,1,0.19
AsJhJd3s,1,0.17
AsJhJc3s,1,0.17
AsJdJc3s,1,0.17
AhJdJc3h,1,0.17
AhJsJd3h,1,0.17
AhJsJc3h,1,0.17
AdJhJc3d,1,0.17
AdJsJc3d,1,0.17
AdJsJh3d,1,0.17
AcJsJh3c,1,0.17
AcJsJd3c,1,0.17
AcJhJd3c,1,0.17
AsJhJd2s,1,0.13
AsJhJc2s,1,0.13
AsJdJc2s,1,0.13
AhJdJc2h,1,0.13
AhJsJd2h,1,0.13
AhJsJc2h,1,0.13
AdJhJc2d,1,0.13
AdJsJc2d,1,0.13
AdJsJh2d,1,0.13
AcJsJh2c,1,0.13
AcJsJd2c,1,0.13
AcJhJd2c,1,0.13
AsJhJdTh,1,0.26
AsJhJcTh,1,0.26
AsJdJcTd,1,0.26
AsJhJdTd,1,0.26
AsJhJcTc,1,0.26
AsJdJcTc,1,0.26
AhJdJcTd,1,0.26
AhJsJdTd,1,0.26
AhJdJcTc,1,0.26
AhJsJcTc,1,0.26
AhJsJcTs,1,0.26
AhJsJdTs,1,0.26
AdJhJcTc,1,0.26
AdJsJcTc,1,0.26
AdJsJcTs,1,0.26
AdJsJhTs,1,0.26
AdJhJcTh,1,0.26
AdJsJhTh,1,0.26
AcJsJhTs,1,0.26
AcJsJdTs,1,0.26
AcJhJdTh,1,0.26
AcJsJhTh,1,0.26
AcJsJdTd,1,0.26
AcJhJdTd,1,0.26
AsJhJd9h,1,0.11
AsJhJc9h,1,0.11
AsJdJc9d,1,0.11
AsJhJd9d,1,0.11
AsJhJc9c,1,0.11
AsJdJc9c,1,0.11
AhJdJc9d,1,0.11
AhJsJd9d,1,0.11
AhJdJc9c,1,0.11
AhJsJc9c,1,0.11
AhJsJc9s,1,0.11
AhJsJd9s,1,0.11
AdJhJc9c,1,0.11
AdJsJc9c,1,0.11
AdJsJc9s,1,0.11
AdJsJh9s,1,0.11
AdJhJc9h,1,0.11
AdJsJh9h,1,0.11
AcJsJh9s,1,0.11
AcJsJd9s,1,0.11
AcJhJd9h,1,0.11
AcJsJh9h,1,0.11
AcJsJd9d,1,0.11
AcJhJd9d,1,0.11
AsJhJd8h,1,0.08
AsJhJc8h,1,0.08
AsJdJc8d,1,0.08
AsJhJd8d,1,0.08
AsJhJc8c,1,0.08
AsJdJc8c,1,0.08
AhJdJc8d,1,0.08
AhJsJd8d,1,0.08
AhJdJc8c,1,0.08
AhJsJc8c,1,0.08
AhJsJc8s,1,0.08
AhJsJd8s,1,0.08
AdJhJc8c,1,0.08
AdJsJc8c,1,0.08
AdJsJc8s,1,0.08
AdJsJh8s,1,0.08
AdJhJc8h,1,0.08
AdJsJh8h,1,0.08
AcJsJh8s,1,0.08
AcJsJd8s,1,0.08
AcJhJd8h,1,0.08
AcJsJh8h,1,0.08
AcJsJd8d,1,0.08
AcJhJd8d,1,0.08
AsJhJd7h,1,0.01
AsJhJc7h,1,0.01
AsJdJc7d,1,0.01
AsJhJd7d,1,0.01
AsJhJc7c,1,0.01
AsJdJc7c,1,0.01
AhJdJc7d,1,0.01
AhJsJd7d,1,0.01
AhJdJc7c,1,0.01
AhJsJc7c,1,0.01
AhJsJc7s,1,0.01
AhJsJd7s,1,0.01
AdJhJc7c,1,0.01
AdJsJc7c,1,0.01
AdJsJc7s,1,0.01
AdJsJh7s,1,0.01
AdJhJc7h,1,0.01
AdJsJh7h,1,0.01
AcJsJh7s,1,0.01
AcJsJd7s,1,0.01
AcJhJd7h,1,0.01
AcJsJh7h,1,0.01
AcJsJd7d,1,0.01
AcJhJd7d,1,0.01
AsJhJdTc,1,0.08
AsJhJcTd,1,0.08
AsJdJcTh,1,0.08
AhJdJcTs,1,0.08
AhJsJdTc,1,0.08
AhJsJcTd,1,0.08
AdJhJcTs,1,0.08
AdJsJcTh,1,0.08
AdJsJhTc,1,0.08
AcJsJhTd,1,0.08
AcJsJdTh,1,0.08
AcJhJdTs,1,0.08
AsJhTd9s,1,0.45
AsJhTc9s,1,0.45
AsJdTc9s,1,0.45
AsJdTh9s,1,0.45
AsJcTh9s,1,0.45
AsJcTd9s,1,0.45
AhJdTc9h,1,0.45
AhJdTs9h,1,0.45
AhJcTd9h,1,0.45
AhJcTs9h,1,0.45
AhJsTc9h,1,0.45
AhJsTd9h,1,0.45
AdJcTh9d,1,0.45
AdJcTs9d,1,0.45
AdJsTc9d,1,0.45
AdJsTh9d,1,0.45
AdJhTc9d,1,0.45
AdJhTs9d,1,0.45
AcJsTh9c,1,0.45
AcJsTd9c,1,0.45
AcJhTd9c,1,0.45
AcJhTs9c,1,0.45
AcJdTs9c,1,0.45
AcJdTh9c,1,0.45
AsJhTd8s,1,0.39
AsJhTc8s,1,0.39
AsJdTc8s,1,0.39
AsJdTh8s,1,0.39
AsJcTh8s,1,0.39
AsJcTd8s,1,0.39
AhJdTc8h,1,0.39
AhJdTs8h,1,0.39
AhJcTd8h,1,0.39
AhJcTs8h,1,0.39
AhJsTc8h,1,0.39
AhJsTd8h,1,0.39
AdJcTh8d,1,0.39
AdJcTs8d,1,0.39
AdJsTc8d,1,0.39
AdJsTh8d,1,0.39
AdJhTc8d,1,0.39
AdJhTs8d,1,0.39
AcJsTh8c,1,0.39
AcJsTd8c,1,0.39
AcJhTd8c,1,0.39
AcJhTs8c,1,0.39
AcJdTs8c,1,0.39
AcJdTh8c,1,0.39
AsJhTd7s,1,0.16
AsJhTc7s,1,0.16
AsJdTc7s,1,0.16
AsJdTh7s,1,0.16
AsJcTh7s,1,0.16
AsJcTd7s,1,0.16
AhJdTc7h,1,0.16
AhJdTs7h,1,0.16
AhJcTd7h,1,0.16
AhJcTs7h,1,0.16
AhJsTc7h,1,0.16
AhJsTd7h,1,0.16
AdJcTh7d,1,0.16
AdJcTs7d,1,0.16
AdJsTc7d,1,0.16
AdJsTh7d,1,0.16
AdJhTc7d,1,0.16
AdJhTs7d,1,0.16
AcJsTh7c,1,0.16
AcJsTd7c,1,0.16
AcJhTd7c,1,0.16
AcJhTs7c,1,0.16
AcJdTs7c,1,0.16
AcJdTh7c,1,0.16
AsJhTd6s,1,0.02
AsJhTc6s,1,0.02
AsJdTc6s,1,0.02
AsJdTh6s,1,0.02
AsJcTh6s,1,0.02
AsJcTd6s,1,0.02
AhJdTc6h,1,0.02
AhJdTs6h,1,0.02
AhJcTd6h,1,0.02
AhJcTs6h,1,0.02
AhJsTc6h,1,0.02
AhJsTd6h,1,0.02
AdJcTh6d,1,0.02
AdJcTs6d,1,0.02
AdJsTc6d,1,0.02
AdJsTh6d,1,0.02
AdJhTc6d,1,0.02
AdJhTs6d,1,0.02
AcJsTh6c,1,0.02
AcJsTd6c,1,0.02
AcJhTd6c,1,0.02
AcJhTs6c,1,0.02
AcJdTs6c,1,0.02
AcJdTh6c,1,0.02
AsJhTd5s,1,0.08
AsJhTc5s,1,0.08
AsJdTc5s,1,0.08
AsJdTh5s,1,0.08
AsJcTh5s,1,0.08
AsJcTd5s,1,0.08
AhJdTc5h,1,0.08
AhJdTs5h,1,0.08
AhJcTd5h,1,0.08
AhJcTs5h,1,0.08
AhJsTc5h,1,0.08
AhJsTd5h,1,0.08
AdJcTh5d,1,0.08
AdJcTs5d,1,0.08
AdJsTc5d,1,0.08
AdJsTh5d,1,0.08
AdJhTc5d,1,0.08
AdJhTs5d,1,0.08
AcJsTh5c,1,0.08
AcJsTd5c,1,0.08
AcJhTd5c,1,0.08
AcJhTs5c,1,0.08
AcJdTs5c,1,0.08
AcJdTh5c,1,0.08
AsJhTd4s,1,0.07
AsJhTc4s,1,0.07
AsJdTc4s,1,0.07
AsJdTh4s,1,0.07
AsJcTh4s,1,0.07
AsJcTd4s,1,0.07
AhJdTc4h,1,0.07
AhJdTs4h,1,0.07
AhJcTd4h,1,0.07
AhJcTs4h,1,0.07
AhJsTc4h,1,0.07
AhJsTd4h,1,0.07
AdJcTh4d,1,0.07
AdJcTs4d,1,0.07
AdJsTc4d,1,0.07
AdJsTh4d,1,0.07
AdJhTc4d,1,0.07
AdJhTs4d,1,0.07
AcJsTh4c,1,0.07
AcJsTd4c,1,0.07
AcJhTd4c,1,0.07
AcJhTs4c,1,0.07
AcJdTs4c,1,0.07
AcJdTh4c,1,0.07
AsJhTd3s,1,0.06
AsJhTc3s,1,0.06
AsJdTc3s,1,0.06
AsJdTh3s,1,0.06
AsJcTh3s,1,0.06
AsJcTd3s,1,0.06
AhJdTc3h,1,0.06
AhJdTs3h,1,0.06
AhJcTd3h,1,0.06
AhJcTs3h,1,0.06
AhJsTc3h,1,0.06
AhJsTd3h,1,0.06
AdJcTh3d,1,0.06
AdJcTs3d,1,0.06
AdJsTc3d,1,0.06
AdJsTh3d,1,0.06
AdJhTc3d,1,0.06
AdJhTs3d,1,0.06
AcJsTh3c,1,0.06
AcJsTd3c,1,0.06
AcJhTd3c,1,0.06
AcJhTs3c,1,0.06
AcJdTs3c,1,0.06
AcJdTh3c,1,0.06
AsJhTd2s,1,0.03
AsJhTc2s,1,0.03
AsJdTc2s,1,0.03
AsJdTh2s,1,0.03
AsJcTh2s,1,0.03
AsJcTd2s,1,0.03
AhJdTc2h,1,0.03
AhJdTs2h,1,0.03
AhJcTd2h,1,0.03
AhJcTs2h,1,0.03
AhJsTc2h,1,0.03
AhJsTd2h,1,0.03
AdJcTh2d,1,0.03
AdJcTs2d,1,0.03
AdJsTc2d,1,0.03
AdJsTh2d,1,0.03
AdJhTc2d,1,0.03
AdJhTs2d,1,0.03
AcJsTh2c,1,0.03
AcJsTd2c,1,0.03
AcJhTd2c,1,0.03
AcJhTs2c,1,0.03
AcJdTs2c,1,0.03
AcJdTh2c,1,0.03
AsJhTd9h,1,0.11
AsJhTc9h,1,0.11
AsJdTc9d,1,0.11
AsJdTh9d,1,0.11
AsJcTh9c,1,0.11
AsJcTd9c,1,0.11
AhJdTc9d,1,0.11
AhJdTs9d,1,0.11
AhJcTd9c,1,0.11
AhJcTs9c,1,0.11
AhJsTc9s,1,0.11
AhJsTd9s,1,0.11
AdJcTh9c,1,0.11
AdJcTs9c,1,0.11
AdJsTc9s,1,0.11
AdJsTh9s,1,0.11
AdJhTc9h,1,0.11
AdJhTs9h,1,0.11
AcJsTh9s,1,0.11
AcJsTd9s,1,0.11
AcJhTd9h,1,0.11
AcJhTs9h,1,0.11
AcJdTs9d,1,0.11
AcJdTh9d,1,0.11
AsJhTd8h,1,0.07
AsJhTc8h,1,0.07
AsJdTc8d,1,0.07
AsJdTh8d,1,0.07
AsJcTh8c,1,0.07
AsJcTd8c,1,0.07
AhJdTc8d,1,0.07
AhJdTs8d,1,0.07
AhJcTd8c,1,0.07
AhJcTs8c,1,0.07
AhJsTc8s,1,0.07
AhJsTd8s,1,0.07
AdJcTh8c,1,0.07
AdJcTs8c,1,0.07
AdJsTc8s,1,0.07
AdJsTh8s,1,0.07
AdJhTc8h,1,0.07
AdJhTs8h,1,0.07
AcJsTh8s,1,0.07
AcJsTd8s,1,0.07
AcJhTd8h,1,0.07
AcJhTs8h,1,0.07
AcJdTs8d,1,0.07
AcJdTh8d,1,0.07
AsJhTd9d,1,0.1
AsJhTc9c,1,0.1
AsJdTc9c,1,0.1
AsJdTh9h,1,0.1
AsJcTh9h,1,0.1
AsJcTd9d,1,0.1
AhJdTc9c,1,0.1
AhJdTs9s,1,0.1
AhJcTd9d,1,0.1
AhJcTs9s,1,0.1
AhJsTc9c,1,0.1
AhJsTd9d,1,0.1
AdJcTh9h,1,0.1
AdJcTs9s,1,0.1
AdJsTc9c,1,0.1
AdJsTh9h,1,0.1
AdJhTc9c,1,0.1
AdJhTs9s,1,0.1
AcJsTh9h,1,0.1
AcJsTd9d,1,0.1
AcJhTd9d,1,0.1
AcJhTs9s,1,0.1
AcJdTs9s,1,0.1
AcJdTh9h,1,0.1
AsJhTd8d,1,0.06
AsJhTc8c,1,0.06
AsJdTc8c,1,0.06
AsJdTh8h,1,0.06
AsJcTh8h,1,0.06
AsJcTd8d,1,0.06
AhJdTc8c,1,0.06
AhJdTs8s,1,0.06
AhJcTd8d,1,0.06
AhJcTs8s,1,0.06
AhJsTc8c,1,0.06
AhJsTd8d,1,0.06
AdJcTh8h,1,0.06
AdJcTs8s,1,0.06
AdJsTc8c,1,0.06
AdJsTh8h,1,0.06
AdJhTc8c,1,0.06
AdJhTs8s,1,0.06
AcJsTh8h,1,0.06
AcJsTd8d,1,0.06
AcJhTd8d,1,0.06
AcJhTs8s,1,0.06
AcJdTs8s,1,0.06
AcJdTh8h,1,0.06
AsJhTdTc,1,0.07
AsJdThTc,1,0.07
AsJcThTd,1,0.07
AhJdTsTc,1,0.07
AhJcTsTd,1,0.07
AhJsTdTc,1,0.07
AdJcTsTh,1,0.07
AdJsThTc,1,0.07
AdJhTsTc,1,0.07
AcJsThTd,1,0.07
AcJhTsTd,1,0.07
AcJdTsTh,1,0.07
AsJh9d8s,1,0.15
AsJh9c8s,1,0.15
AsJd9c8s,1,0.15
AsJd9h8s,1,0.15
AsJc9h8s,1,0.15
AsJc9d8s,1,0.15
AhJd9c8h,1,0.15
AhJd9s8h,1,0.15
AhJc9d8h,1,0.15
AhJc9s8h,1,0.15
AhJs9c8h,1,0.15
AhJs9d8h,1,0.15
AdJc9h8d,1,0.15
AdJc9s8d,1,0.15
AdJs9c8d,1,0.15
AdJs9h8d,1,0.15
AdJh9c8d,1,0.15
AdJh9s8d,1,0.15
AcJs9h8c,1,0.15
AcJs9d8c,1,0.15
AcJh9d8c,1,0.15
AcJh9s8c,1,0.15
AcJd9s8c,1,0.15
AcJd9h8c,1,0.15
AsJh9d7s,1,0.05
AsJh9c7s,1,0.05
AsJd9c7s,1,0.05
AsJd9h7s,1,0.05
AsJc9h7s,1,0.05
AsJc9d7s,1,0.05
AhJd9c7h,1,0.05
AhJd9s7h,1,0.05
AhJc9d7h,1,0.05
AhJc9s7h,1,0.05
AhJs9c7h,1,0.05
AhJs9d7h,1,0.05
AdJc9h7d,1,0.05
AdJc9s7d,1,0.05
AdJs9c7d,1,0.05
AdJs9h7d,1,0.05
AdJh9c7d,1,0.05
AdJh9s7d,1,0.05
AcJs9h7c,1,0.05
AcJs9d7c,1,0.05
AcJh9d7c,1,0.05
AcJh9s7c,1,0.05
AcJd9s7c,1,0.05
AcJd9h7c,1,0.05
AsJh8d7s,1,0.09
AsJh8c7s,1,0.09
AsJd8c7s,1,0.09
AsJd8h7s,1,0.09
AsJc8h7s,1,0.09
AsJc8d7s,1,0.09
AhJd8c7h,1,0.09
AhJd8s7h,1,0.09
AhJc8d7h,1,0.09
AhJc8s7h,1,0.09
AhJs8c7h,1,0.09
AhJs8d7h,1,0.09
AdJc8h7d,1,0.09
AdJc8s7d,1,0.09
AdJs8c7d,1,0.09
AdJs8h7d,1,0.09
AdJh8c7d,1,0.09
AdJh8s7d,1,0.09
AcJs8h7c,1,0.09
AcJs8d7c,1,0.09
AcJh8d7c,1,0.09
AcJh8s7c,1,0.09
AcJd8s7c,1,0.09
AcJd8h7c,1,0.09
AsJh7d5s,1,0
AsJh7c5s,1,0
AsJd7c5s,1,0
AsJd7h5s,1,0
AsJc7h5s,1,0
AsJc7d5s,1,0
AhJd7c5h,1,0
AhJd7s5h,1,0
AhJc7d5h,1,0
AhJc7s5h,1,0
AhJs7c5h,1,0
AhJs7d5h,1,0
AdJc7h5d,1,0
AdJc7s5d,1,0
AdJs7c5d,1,0
AdJs7h5d,1,0
AdJh7c5d,1,0
AdJh7s5d,1,0
AcJs7h5c,1,0
AcJs7d5c,1,0
AcJh7d5c,1,0
AcJh7s5c,1,0
AcJd7s5c,1,0
AcJd7h5c,1,0
AsJh5d4s,0.016,0
AsJh5c4s,0.016,0
AsJd5c4s,0.016,0
AsJd5h4s,0.016,0
AsJc5h4s,0.016,0
AsJc5d4s,0.016,0
AhJd5c4h,0.016,0
AhJd5s4h,0.016,0
AhJc5d4h,0.016,0
AhJc5s4h,0.016,0
AhJs5c4h,0.016,0
AhJs5d4h,0.016,0
AdJc5h4d,0.016,0
AdJc5s4d,0.016,0
AdJs5c4d,0.016,0
AdJs5h4d,0.016,0
AdJh5c4d,0.016,0
AdJh5s4d,0.016,0
AcJs5h4c,0.016,0
AcJs5d4c,0.016,0
AcJh5d4c,0.016,0
AcJh5s4c,0.016,0
AcJd5s4c,0.016,0
AcJd5h4c,0.016,0
AsTh9s8s,1,0.08
AsTd9s8s,1,0.08
AsTc9s8s,1,0.08
AhTd9h8h,1,0.08
AhTc9h8h,1,0.08
AhTs9h8h,1,0.08
AdTc9d8d,1,0.08
AdTs9d8d,1,0.08
AdTh9d8d,1,0.08
AcTs9c8c,1,0.08
AcTh9c8c,1,0.08
AcTd9c8c,1,0.08
AsTh9s9h,1,0.74
AsTd9s9d,1,0.74
AsTc9s9c,1,0.74
AhTd9h9d,1,0.74
AhTc9h9c,1,0.74
AhTs9s9h,1,0.74
AdTc9d9c,1,0.74
AdTs9s9d,1,0.74
AdTh9h9d,1,0.74
AcTs9s9c,1,0.74
AcTh9h9c,1,0.74
AcTd9d9c,1,0.74
AsTh9s8h,1,0.75
AsTd9s8d,1,0.75
AsTc9s8c,1,0.75
AhTd9h8d,1,0.75
AhTc9h8c,1,0.75
AhTs9h8s,1,0.75
AdTc9d8c,1,0.75
AdTs9d8s,1,0.75
AdTh9d8h,1,0.75
AcTs9c8s,1,0.75
AcTh9c8h,1,0.75
AcTd9c8d,1,0.75
AsTh9s7h,1,0.41
AsTd9s7d,1,0.41
AsTc9s7c,1,0.41
AhTd9h7d,1,0.41
AhTc9h7c,1,0.41
AhTs9h7s,1,0.41
AdTc9d7c,1,0.41
AdTs9d7s,1,0.41
AdTh9d7h,1,0.41
AcTs9c7s,1,0.41
AcTh9c7h,1,0.41
AcTd9c7d,1,0.41
AsTh9s6h,1,0.18
AsTd9s6d,1,0.18
AsTc9s6c,1,0.18
AhTd9h6d,1,0.18
AhTc9h6c,1,0.18
AhTs9h6s,1,0.18
AdTc9d6c,1,0.18
AdTs9d6s,1,0.18
AdTh9d6h,1,0.18
AcTs9c6s,1,0.18
AcTh9c6h,1,0.18
AcTd9c6d,1,0.18
AsTh9s5h,1,0.08
AsTd9s5d,1,0.08
AsTc9s5c,1,0.08
AhTd9h5d,1,0.08
AhTc9h5c,1,0.08
AhTs9h5s,1,0.08
AdTc9d5c,1,0.08
AdTs9d5s,1,0.08
AdTh9d5h,1,0.08
AcTs9c5s,1,0.08
AcTh9c5h,1,0.08
AcTd9c5d,1,0.08
AsTh9s4h,1,0.08
AsTd9s4d,1,0.08
AsTc9s4c,1,0.08
AhTd9h4d,1,0.08
AhTc9h4c,1,0.08
AhTs9h4s,1,0.08
AdTc9d4c,1,0.08
AdTs9d4s,1,0.08
AdTh9d4h,1,0.08
AcTs9c4s,1,0.08
AcTh9c4h,1,0.08
AcTd9c4d,1,0.08
AsTh9s3h,1,0.08
AsTd9s3d,1,0.08
AsTc9s3c,1,0.08
AhTd9h3d,1,0.08
AhTc9h3c,1,0.08
AhTs9h3s,1,0.08
AdTc9d3c,1,0.08
AdTs9d3s,1,0.08
AdTh9d3h,1,0.08
AcTs9c3s,1,0.08
AcTh9c3h,1,0.08
AcTd9c3d,1,0.08
AsTh9s2h,1,0.04
AsTd9s2d,1,0.04
AsTc9s2c,1,0.04
AhTd9h2d,1,0.04
AhTc9h2c,1,0.04
AhTs9h2s,1,0.04
AdTc9d2c,1,0.04
AdTs9d2s,1,0.04
AdTh9d2h,1,0.04
AcTs9c2s,1,0.04
AcTh9c2h,1,0.04
AcTd9c2d,1,0.04
AsTh9s9d,1,0.44
AsTh9s9c,1,0.44
AsTd9s9c,1,0.44
AsTd9s9h,1,0.44
AsTc9s9h,1,0.44
AsTc9s9d,1,0.44
AhTd9h9c,1,0.44
AhTd9s9h,1,0.44
AhTc9h9d,1,0.44
AhTc9s9h,1,0.44
AhTs9h9c,1,0.44
AhTs9h9d,1,0.44
AdTc9h9d,1,0.44
AdTc9s9d,1,0.44
AdTs9d9c,1,0.44
AdTs9h9d,1,0.44
AdTh9d9c,1,0.44
AdTh9s9d,1,0.44
AcTs9h9c,1,0.44
AcTs9d9c,1,0.44
AcTh9d9c,1,0.44
AcTh9s9c,1,0.44
AcTd9s9c,1,0.44
AcTd9h9c,1,0.44
AsTh9s8d,1,0.29
AsTh9s8c,1,0.29
AsTd9s8c,1,0.29
AsTd9s8h,1,0.29
AsTc9s8h,1,0.29
AsTc9s8d,1,0.29
AhTd9h8c,1,0.29
AhTd9h8s,1,0.29
AhTc9h8d,1,0.29
AhTc9h8s,1,0.29
AhTs9h8c,1,0.29
AhTs9h8d,1,0.29
AdTc9d8h,1,0.29
AdTc9d8s,1,0.29
AdTs9d8c,1,0.29
AdTs9d8h,1,0.29
AdTh9d8c,1,0.29
AdTh9d8s,1,0.29
AcTs9c8h,1,0.29
AcTs9c8d,1,0.29
AcTh9c8d,1,0.29
AcTh9c8s,1,0.29
AcTd9c8s,1,0.29
AcTd9c8h,1,0.29
AsTh9s7d,1,0.14
AsTh9s7c,1,0.14
AsTd9s7c,1,0.14
AsTd9s7h,1,0.14
AsTc9s7h,1,0.14
AsTc9s7d,1,0.14
AhTd9h7c,1,0.14
AhTd9h7s,1,0.14
AhTc9h7d,1,0.14
AhTc9h7s,1,0.14
AhTs9h7c,1,0.14
AhTs9h7d,1,0.14
AdTc9d7h,1,0.14
AdTc9d7s,1,0.14
AdTs9d7c,1,0.14
AdTs9d7h,1,0.14
AdTh9d7c,1,0.14
AdTh9d7s,1,0.14
AcTs9c7h,1,0.14
AcTs9c7d,1,0.14
AcTh9c7d,1,0.14
AcTh9c7s,1,0.14
AcTd9c7s,1,0.14
AcTd9c7h,1,0.14
AsTh9s6d,1,0.02
AsTh9s6c,1,0.02
AsTd9s6c,1,0.02
AsTd9s6h,1,0.02
AsTc9s6h,1,0.02
AsTc9s6d,1,0.02
AhTd9h6c,1,0.02
AhTd9h6s,1,0.02
AhTc9h6d,1,0.02
AhTc9h6s,1,0.02
AhTs9h6c,1,0.02
AhTs9h6d,1,0.02
AdTc9d6h,1,0.02
AdTc9d6s,1,0.02
AdTs9d6c,1,0.02
AdTs9d6h,1,0.02
AdTh9d6c,1,0.02
AdTh9d6s,1,0.02
AcTs9c6h,1,0.02
AcTs9c6d,1,0.02
AcTh9c6d,1,0.02
AcTh9c6s,1,0.02
AcTd9c6s,1,0.02
AcTd9c6h,1,0.02
AsTh8s7s,1,0.02
AsTd8s7s,1,0.02
AsTc8s7s,1,0.02
AhTd8h7h,1,0.02
AhTc8h7h,1,0.02
AhTs8h7h,1,0.02
AdTc8d7d,1,0.02
AdTs8d7d,1,0.02
AdTh8d7d,1,0.02
AcTs8c7c,1,0.02
AcTh8c7c,1,0.02
AcTd8c7c,1,0.02
AsTh8s8h,1,0.62
AsTd8s8d,1,0.62
AsTc8s8c,1,0.62
AhTd8h8d,1,0.62
AhTc8h8c,1,0.62
AhTs8s8h,1,0.62
AdTc8d8c,1,0.62
AdTs8s8d,1,0.62
AdTh8h8d,1,0.62
AcTs8s8c,1,0.62
AcTh8h8c,1,0.62
AcTd8d8c,1,0.62
AsTh8s7h,1,0.68
AsTd8s7d,1,0.68
AsTc8s7c,1,0.68
AhTd8h7d,1,0.68
AhTc8h7c,1,0.68
AhTs8h7s,1,0.68
AdTc8d7c,1,0.68
AdTs8d7s,1,0.68
AdTh8d7h,1,0.68
AcTs8c7s,1,0.68
AcTh8c7h,1,0.68
AcTd8c7d,1,0.68
AsTh8s6h,1,0.3
AsTd8s6d,1,0.3
AsTc8s6c,1,0.3
AhTd8h6d,1,0.3
AhTc8h6c,1,0.3
AhTs8h6s,1,0.3
AdTc8d6c,1,0.3
AdTs8d6s,1,0.3
AdTh8d6h,1,0.3
AcTs8c6s,1,0.3
AcTh8c6h,1,0.3
AcTd8c6d,1,0.3
AsTh8s5h,1,0.19
AsTd8s5d,1,0.19
AsTc8s5c,1,0.19
AhTd8h5d,1,0.19
AhTc8h5c,1,0.19
AhTs8h5s,1,0.19
AdTc8d5c,1,0.19
AdTs8d5s,1,0.19
AdTh8d5h,1,0.19
AcTs8c5s,1,0.19
AcTh8c5h,1,0.19
AcTd8c5d,1,0.19
AsTh8s4h,1,0.14
AsTd8s4d,1,0.14
AsTc8s4c,1,0.14
AhTd8h4d,1,0.14
AhTc8h4c,1,0.14
AhTs8h4s,1,0.14
AdTc8d4c,1,0.14
AdTs8d4s,1,0.14
AdTh8d4h,1,0.14
AcTs8c4s,1,0.14
AcTh8c4h,1,0.14
AcTd8c4d,1,0.14
AsTh8s3h,1,0.02
AsTd8s3d,1,0.02
AsTc8s3c,1,0.02
AhTd8h3d,1,0.02
AhTc8h3c,1,0.02
AhTs8h3s,1,0.02
AdTc8d3c,1,0.02
AdTs8d3s,1,0.02
AdTh8d3h,1,0.02
AcTs8c3s,1,0.02
AcTh8c3h,1,0.02
AcTd8c3d,1,0.02
AsTh8s8d,1,0.33
AsTh8s8c,1,0.33
AsTd8s8c,1,0.33
AsTd8s8h,1,0.33
AsTc8s8h,1,0.33
AsTc8s8d,1,0.33
AhTd8h8c,1,0.33
AhTd8s8h,1,0.33
AhTc8h8d,1,0.33
AhTc8s8h,1,0.33
AhTs8h8c,1,0.33
AhTs8h8d,1,0.33
AdTc8h8d,1,0.33
AdTc8s8d,1,0.33
AdTs8d8c,1,0.33
AdTs8h8d,1,0.33
AdTh8d8c,1,0.33
AdTh8s8d,1,0.33
AcTs8h8c,1,0.33
AcTs8d8c,1,0.33
AcTh8d8c,1,0.33
AcTh8s8c,1,0.33
AcTd8s8c,1,0.33
AcTd8h8c,1,0.33
AsTh8s7d,1,0.2
AsTh8s7c,1,0.2
AsTd8s7c,1,0.2
AsTd8s7h,1,0.2
AsTc8s7h,1,0.2
AsTc8s7d,1,0.2
AhTd8h7c,1,0.2
AhTd8h7s,1,0.2
AhTc8h7d,1,0.2
AhTc8h7s,1,0.2
AhTs8h7c,1,0.2
AhTs8h7d,1,0.2
AdTc8d7h,1,0.2
AdTc8d7s,1,0.2
AdTs8d7c,1,0.2
AdTs8d7h,1,0.2
AdTh8d7c,1,0.2
AdTh8d7s,1,0.2
AcTs8c7h,1,0.2
AcTs8c7d,1,0.2
AcTh8c7d,1,0.2
AcTh8c7s,1,0.2
AcTd8c7s,1,0.2
AcTd8c7h,1,0.2
AsTh8s6d,1,0.08
AsTh8s6c,1,0.08
AsTd8s6c,1,0.08
AsTd8s6h,1,0.08
AsTc8s6h,1,0.08
AsTc8s6d,1,0.08
AhTd8h6c,1,0.08
AhTd8h6s,1,0.08
AhTc8h6d,1,0.08
AhTc8h6s,1,0.08
AhTs8h6c,1,0.08
AhTs8h6d,1,0.08
AdTc8d6h,1,0.08
AdTc8d6s,1,0.08
AdTs8d6c,1,0.08
AdTs8d6h,1,0.08
AdTh8d6c,1,0.08
AdTh8d6s,1,0.08
AcTs8c6h,1,0.08
AcTs8c6d,1,0.08
AcTh8c6d,1,0.08
AcTh8c6s,1,0.08
AcTd8c6s,1,0.08
AcTd8c6h,1,0.08
AsTh8s5d,1,0.01
AsTh8s5c,1,0.01
AsTd8s5c,1,0.01
AsTd8s5h,1,0.01
AsTc8s5h,1,0.01
AsTc8s5d,1,0.01
AhTd8h5c,1,0.01
AhTd8h5s,1,0.01
AhTc8h5d,1,0.01
AhTc8h5s,1,0.01
AhTs8h5c,1,0.01
AhTs8h5d,1,0.01
AdTc8d5h,1,0.01
AdTc8d5s,1,0.01
AdTs8d5c,1,0.01
AdTs8d5h,1,0.01
AdTh8d5c,1,0.01
AdTh8d5s,1,0.01
AcTs8c5h,1,0.01
AcTs8c5d,1,0.01
AcTh8c5d,1,0.01
AcTh8c5s,1,0.01
AcTd8c5s,1,0.01
AcTd8c5h,1,0.01
AsTh7s7h,1,0.38
AsTd7s7d,1,0.38
AsTc7s7c,1,0.38
AhTd7h7d,1,0.38
AhTc7h7c,1,0.38
AhTs7s7h,1,0.38
AdTc7d7c,1,0.38
AdTs7s7d,1,0.38
AdTh7h7d,1,0.38
AcTs7s7c,1,0.38
AcTh7h7c,1,0.38
AcTd7d7c,1,0.38
AsTh7s6h,1,0.3
AsTd7s6d,1,0.3
AsTc7s6c,1,0.3
AhTd7h6d,1,0.3
AhTc7h6c,1,0.3
AhTs7h6s,1,0.3
AdTc7d6c,1,0.3
AdTs7d6s,1,0.3
AdTh7d6h,1,0.3
AcTs7c6s,1,0.3
AcTh7c6h,1,0.3
AcTd7c6d,1,0.3
AsTh7s5h,1,0.2
AsTd7s5d,1,0.2
AsTc7s5c,1,0.2
AhTd7h5d,1,0.2
AhTc7h5c,1,0.2
AhTs7h5s,1,0.2
AdTc7d5c,1,0.2
AdTs7d5s,1,0.2
AdTh7d5h,1,0.2
AcTs7c5s,1,0.2
AcTh7c5h,1,0.2
AcTd7c5d,1,0.2
AsTh7s4h,1,0.15
AsTd7s4d,1,0.15
AsTc7s4c,1,0.15
AhTd7h4d,1,0.15
AhTc7h4c,1,0.15
AhTs7h4s,1,0.15
AdTc7d4c,1,0.15
AdTs7d4s,1,0.15
AdTh7d4h,1,0.15
AcTs7c4s,1,0.15
AcTh7c4h,1,0.15
AcTd7c4d,1,0.15
AsTh7s3h,0.704,0
AsTd7s3d,0.704,0
AsTc7s3c,0.704,0
AhTd7h3d,0.704,0
AhTc7h3c,0.704,0
AhTs7h3s,0.704,0
AdTc7d3c,0.704,0
AdTs7d3s,0.704,0
AdTh7d3h,0.704,0
AcTs7c3s,0.704,0
AcTh7c3h,0.704,0
AcTd7c3d,0.704,0
AsTh7s7d,1,0.12
AsTh7s7c,1,0.12
AsTd7s7c,1,0.12
AsTd7s7h,1,0.12
AsTc7s7h,1,0.12
AsTc7s7d,1,0.12
AhTd7h7c,1,0.12
AhTd7s7h,1,0.12
AhTc7h7d,1,0.12
AhTc7s7h,1,0.12
AhTs7h7c,1,0.12
AhTs7h7d,1,0.12
AdTc7h7d,1,0.12
AdTc7s7d,1,0.12
AdTs7d7c,1,0.12
AdTs7h7d,1,0.12
AdTh7d7c,1,0.12
AdTh7s7d,1,0.12
AcTs7h7c,1,0.12
AcTs7d7c,1,0.12
AcTh7d7c,1,0.12
AcTh7s7c,1,0.12
AcTd7s7c,1,0.12
AcTd7h7c,1,0.12
AsTh7s6d,1,0.07
AsTh7s6c,1,0.07
AsTd7s6c,1,0.07
AsTd7s6h,1,0.07
AsTc7s6h,1,0.07
AsTc7s6d,1,0.07
AhTd7h6c,1,0.07
AhTd7h6s,1,0.07
AhTc7h6d,1,0.07
AhTc7h6s,1,0.07
AhTs7h6c,1,0.07
AhTs7h6d,1,0.07
AdTc7d6h,1,0.07
AdTc7d6s,1,0.07
AdTs7d6c,1,0.07
AdTs7d6h,1,0.07
AdTh7d6c,1,0.07
AdTh7d6s,1,0.07
AcTs7c6h,1,0.07
AcTs7c6d,1,0.07
AcTh7c6d,1,0.07
AcTh7c6s,1,0.07
AcTd7c6s,1,0.07
AcTd7c6h,1,0.07
AsTh7s5d,1,0.02
AsTh7s5c,1,0.02
AsTd7s5c,1,0.02
AsTd7s5h,1,0.02
AsTc7s5h,1,0.02
AsTc7s5d,1,0.02
AhTd7h5c,1,0.02
AhTd7h5s,1,0.02
AhTc7h5d,1,0.02
AhTc7h5s,1,0.02
AhTs7h5c,1,0.02
AhTs7h5d,1,0.02
AdTc7d5h,1,0.02
AdTc7d5s,1,0.02
AdTs7d5c,1,0.02
AdTs7d5h,1,0.02
AdTh7d5c,1,0.02
AdTh7d5s,1,0.02
AcTs7c5h,1,0.02
AcTs7c5d,1,0.02
AcTh7c5d,1,0.02
AcTh7c5s,1,0.02
AcTd7c5s,1,0.02
AcTd7c5h,1,0.02
AsTh6s6h,1,0.18
AsTd6s6d,1,0.18
AsTc6s6c,1,0.18
AhTd6h6d,1,0.18
AhTc6h6c,1,0.18
AhTs6s6h,1,0.18
AdTc6d6c,1,0.18
AdTs6s6d,1,0.18
AdTh6h6d,1,0.18
AcTs6s6c,1,0.18
AcTh6h6c,1,0.18
AcTd6d6c,1,0.18
AsTh6s5h,1,0.12
AsTd6s5d,1,0.12
AsTc6s5c,1,0.12
AhTd6h5d,1,0.12
AhTc6h5c,1,0.12
AhTs6h5s,1,0.12
AdTc6d5c,1,0.12
AdTs6d5s,1,0.12
AdTh6d5h,1,0.12
AcTs6c5s,1,0.12
AcTh6c5h,1,0.12
AcTd6c5d,1,0.12
AsTh6s4h,1,0.07
AsTd6s4d,1,0.07
AsTc6s4c,1,0.07
AhTd6h4d,1,0.07
AhTc6h4c,1,0.07
AhTs6h4s,1,0.07
AdTc6d4c,1,0.07
AdTs6d4s,1,0.07
AdTh6d4h,1,0.07
AcTs6c4s,1,0.07
AcTh6c4h,1,0.07
AcTd6c4d,1,0.07
AsTh5s5h,1,0.19
AsTd5s5d,1,0.19
AsTc5s5c,1,0.19
AhTd5h5d,1,0.19
AhTc5h5c,1,0.19
AhTs5s5h,1,0.19
AdTc5d5c,1,0.19
AdTs5s5d,1,0.19
AdTh5h5d,1,0.19
AcTs5s5c,1,0.19
AcTh5h5c,1,0.19
AcTd5d5c,1,0.19
AsTh5s4h,1,0.24
AsTd5s4d,1,0.24
AsTc5s4c,1,0.24
AhTd5h4d,1,0.24
AhTc5h4c,1,0.24
AhTs5h4s,1,0.24
AdTc5d4c,1,0.24
AdTs5d4s,1,0.24
AdTh5d4h,1,0.24
AcTs5c4s,1,0.24
AcTh5c4h,1,0.24
AcTd5c4d,1,0.24
AsTh5s3h,1,0.1
AsTd5s3d,1,0.1
AsTc5s3c,1,0.1
AhTd5h3d,1,0.1
AhTc5h3c,1,0.1
AhTs5h3s,1,0.1
AdTc5d3c,1,0.1
AdTs5d3s,1,0.1
AdTh5d3h,1,0.1
AcTs5c3s,1,0.1
AcTh5c3h,1,0.1
AcTd5c3d,1,0.1
AsTh4s4h,1,0.22
AsTd4s4d,1,0.22
AsTc4s4c,1,0.22
AhTd4h4d,1,0.22
AhTc4h4c,1,0.22
AhTs4s4h,1,0.22
AdTc4d4c,1,0.22
AdTs4s4d,1,0.22
AdTh4h4d,1,0.22
AcTs4s4c,1,0.22
AcTh4h4c,1,0.22
AcTd4d4c,1,0.22
AsTh4s3h,1,0.05
AsTd4s3d,1,0.05
AsTc4s3c,1,0.05
AhTd4h3d,1,0.05
AhTc4h3c,1,0.05
AhTs4h3s,1,0.05
AdTc4d3c,1,0.05
AdTs4d3s,1,0.05
AdTh4d3h,1,0.05
AcTs4c3s,1,0.05
AcTh4c3h,1,0.05
AcTd4c3d,1,0.05
AsTh3s3h,1,0.23
AsTd3s3d,1,0.23
AsTc3s3c,1,0.23
AhTd3h3d,1,0.23
AhTc3h3c,1,0.23
AhTs3s3h,1,0.23
AdTc3d3c,1,0.23
AdTs3s3d,1,0.23
AdTh3h3d,1,0.23
AcTs3s3c,1,0.23
AcTh3h3c,1,0.23
AcTd3d3c,1,0.23
AsTh2s2h,1,0.24
AsTd2s2d,1,0.24
AsTc2s2c,1,0.24
AhTd2h2d,1,0.24
AhTc2h2c,1,0.24
AhTs2s2h,1,0.24
AdTc2d2c,1,0.24
AdTs2s2d,1,0.24
AdTh2h2d,1,0.24
AcTs2s2c,1,0.24
AcTh2h2c,1,0.24
AcTd2d2c,1,0.24
AsTh9h8s,1,0.77
AsTd9d8s,1,0.77
AsTc9c8s,1,0.77
AhTd9d8h,1,0.77
AhTc9c8h,1,0.77
AhTs9s8h,1,0.77
AdTc9c8d,1,0.77
AdTs9s8d,1,0.77
AdTh9h8d,1,0.77
AcTs9s8c,1,0.77
AcTh9h8c,1,0.77
AcTd9d8c,1,0.77
AsTh9h7s,1,0.44
AsTd9d7s,1,0.44
AsTc9c7s,1,0.44
AhTd9d7h,1,0.44
AhTc9c7h,1,0.44
AhTs9s7h,1,0.44
AdTc9c7d,1,0.44
AdTs9s7d,1,0.44
AdTh9h7d,1,0.44
AcTs9s7c,1,0.44
AcTh9h7c,1,0.44
AcTd9d7c,1,0.44
AsTh9h6s,1,0.22
AsTd9d6s,1,0.22
AsTc9c6s,1,0.22
AhTd9d6h,1,0.22
AhTc9c6h,1,0.22
AhTs9s6h,1,0.22
AdTc9c6d,1,0.22
AdTs9s6d,1,0.22
AdTh9h6d,1,0.22
AcTs9s6c,1,0.22
AcTh9h6c,1,0.22
AcTd9d6c,1,0.22
AsTh9h5s,1,0.11
AsTd9d5s,1,0.11
AsTc9c5s,1,0.11
AhTd9d5h,1,0.11
AhTc9c5h,1,0.11
AhTs9s5h,1,0.11
AdTc9c5d,1,0.11
AdTs9s5d,1,0.11
AdTh9h5d,1,0.11
AcTs9s5c,1,0.11
AcTh9h5c,1,0.11
AcTd9d5c,1,0.11
AsTh9h4s,1,0.13
AsTd9d4s,1,0.13
AsTc9c4s,1,0.13
AhTd9d4h,1,0.13
AhTc9c4h,1,0.13
AhTs9s4h,1,0.13
AdTc9c4d,1,0.13
AdTs9s4d,1,0.13
AdTh9h4d,1,0.13
AcTs9s4c,1,0.13
AcTh9h4c,1,0.13
AcTd9d4c,1,0.13
AsTh9h3s,1,0.12
AsTd9d3s,1,0.12
AsTc9c3s,1,0.12
AhTd9d3h,1,0.12
AhTc9c3h,1,0.12
AhTs9s3h,1,0.12
AdTc9c3d,1,0.12
AdTs9s3d,1,0.12
AdTh9h3d,1,0.12
AcTs9s3c,1,0.12
AcTh9h3c,1,0.12
AcTd9d3c,1,0.12
AsTh9h2s,1,0.08
AsTd9d2s,1,0.08
AsTc9c2s,1,0.08
AhTd9d2h,1,0.08
AhTc9c2h,1,0.08
AhTs9s2h,1,0.08
AdTc9c2d,1,0.08
AdTs9s2d,1,0.08
AdTh9h2d,1,0.08
AcTs9s2c,1,0.08
AcTh9h2c,1,0.08
AcTd9d2c,1,0.08
AsTh9h9d,1,0.07
AsTh9h9c,1,0.07
AsTd9d9c,1,0.07
AsTd9h9d,1,0.07
AsTc9h9c,1,0.07
AsTc9d9c,1,0.07
AhTd9d9c,1,0.07
AhTd9s9d,1,0.07
AhTc9d9c,1,0.07
AhTc9s9c,1,0.07
AhTs9s9c,1,0.07
AhTs9s9d,1,0.07
AdTc9h9c,1,0.07
AdTc9s9c,1,0.07
AdTs9s9c,1,0.07
AdTs9s9h,1,0.07
AdTh9h9c,1,0.07
AdTh9s9h,1,0.07
AcTs9s9h,1,0.07
AcTs9s9d,1,0.07
AcTh9h9d,1,0.07
AcTh9s9h,1,0.07
AcTd9s9d,1,0.07
AcTd9h9d,1,0.07
AsTh9h8d,1,0.02
AsTh9h8c,1,0.02
AsTd9d8c,1,0.02
AsTd9d8h,1,0.02
AsTc9c8h,1,0.02
AsTc9c8d,1,0.02
AhTd9d8c,1,0.02
AhTd9d8s,1,0.02
AhTc9c8d,1,0.02
AhTc9c8s,1,0.02
AhTs9s8c,1,0.02
AhTs9s8d,1,0.02
AdTc9c8h,1,0.02
AdTc9c8s,1,0.02
AdTs9s8c,1,0.02
AdTs9s8h,1,0.02
AdTh9h8c,1,0.02
AdTh9h8s,1,0.02
AcTs9s8h,1,0.02
AcTs9s8d,1,0.02
AcTh9h8d,1,0.02
AcTh9h8s,1,0.02
AcTd9d8s,1,0.02
AcTd9d8h,1,0.02
AsTh8h7s,1,0.69
AsTd8d7s,1,0.69
AsTc8c7s,1,0.69
AhTd8d7h,1,0.69
AhTc8c7h,1,0.69
AhTs8s7h,1,0.69
AdTc8c7d,1,0.69
AdTs8s7d,1,0.69
AdTh8h7d,1,0.69
AcTs8s7c,1,0.69
AcTh8h7c,1,0.69
AcTd8d7c,1,0.69
AsTh8h6s,1,0.32
AsTd8d6s,1,0.32
AsTc8c6s,1,0.32
AhTd8d6h,1,0.32
AhTc8c6h,1,0.32
AhTs8s6h,1,0.32
AdTc8c6d,1,0.32
AdTs8s6d,1,0.32
AdTh8h6d,1,0.32
AcTs8s6c,1,0.32
AcTh8h6c,1,0.32
AcTd8d6c,1,0.32
AsTh8h5s,1,0.21
AsTd8d5s,1,0.21
AsTc8c5s,1,0.21
AhTd8d5h,1,0.21
AhTc8c5h,1,0.21
AhTs8s5h,1,0.21
AdTc8c5d,1,0.21
AdTs8s5d,1,0.21
AdTh8h5d,1,0.21
AcTs8s5c,1,0.21
AcTh8h5c,1,0.21
AcTd8d5c,1,0.21
AsTh8h4s,1,0.17
AsTd8d4s,1,0.17
AsTc8c4s,1,0.17
AhTd8d4h,1,0.17
AhTc8c4h,1,0.17
AhTs8s4h,1,0.17
AdTc8c4d,1,0.17
AdTs8s4d,1,0.17
AdTh8h4d,1,0.17
AcTs8s4c,1,0.17
AcTh8h4c,1,0.17
AcTd8d4c,1,0.17
AsTh8h3s,1,0.05
AsTd8d3s,1,0.05
AsTc8c3s,1,0.05
AhTd8d3h,1,0.05
AhTc8c3h,1,0.05
AhTs8s3h,1,0.05
AdTc8c3d,1,0.05
AdTs8s3d,1,0.05
AdTh8h3d,1,0.05
AcTs8s3c,1,0.05
AcTh8h3c,1,0.05
AcTd8d3c,1,0.05
AsTh8h2s,0.978,0
AsTd8d2s,0.978,0
AsTc8c2s,0.978,0
AhTd8d2h,0.978,0
AhTc8c2h,0.978,0
AhTs8s2h,0.978,0
AdTc8c2d,0.978,0
AdTs8s2d,0.978,0
AdTh8h2d,0.978,0
AcTs8s2c,0.978,0
AcTh8h2c,0.978,0
AcTd8d2c,0.978,0
AsTh8h8d,0.008,0
AsTh8h8c,0.008,0
AsTd8d8c,0.008,0
AsTd8h8d,0.008,0
AsTc8h8c,0.008,0
AsTc8d8c,0.008,0
AhTd8d8c,0.008,0
AhTd8s8d,0.008,0
AhTc8d8c,0.008,0
AhTc8s8c,0.008,0
AhTs8s8c,0.008,0
AhTs8s8d,0.008,0
AdTc8h8c,0.008,0
AdTc8s8c,0.008,0
AdTs8s8c,0.008,0
AdTs8s8h,0.008,0
AdTh8h8c,0.008,0
AdTh8s8h,0.008,0
AcTs8s8h,0.008,0
AcTs8s8d,0.008,0
AcTh8h8d,0.008,0
AcTh8s8h,0.008,0
AcTd8s8d,0.008,0
AcTd8h8d,0.008,0
AsTh7h6s,1,0.31
AsTd7d6s,1,0.31
AsTc7c6s,1,0.31
AhTd7d6h,1,0.31
AhTc7c6h,1,0.31
AhTs7s6h,1,0.31
AdTc7c6d,1,0.31
AdTs7s6d,1,0.31
AdTh7h6d,1,0.31
AcTs7s6c,1,0.31
AcTh7h6c,1,0.31
AcTd7d6c,1,0.31
AsTh7h5s,1,0.22
AsTd7d5s,1,0.22
AsTc7c5s,1,0.22
AhTd7d5h,1,0.22
AhTc7c5h,1,0.22
AhTs7s5h,1,0.22
AdTc7c5d,1,0.22
AdTs7s5d,1,0.22
AdTh7h5d,1,0.22
AcTs7s5c,1,0.22
AcTh7h5c,1,0.22
AcTd7d5c,1,0.22
AsTh7h4s,1,0.17
AsTd7d4s,1,0.17
AsTc7c4s,1,0.17
AhTd7d4h,1,0.17
AhTc7c4h,1,0.17
AhTs7s4h,1,0.17
AdTc7c4d,1,0.17
AdTs7s4d,1,0.17
AdTh7h4d,1,0.17
AcTs7s4c,1,0.17
AcTh7h4c,1,0.17
AcTd7d4c,1,0.17
AsTh7h3s,1,0.01
AsTd7d3s,1,0.01
AsTc7c3s,1,0.01
AhTd7d3h,1,0.01
AhTc7c3h,1,0.01
AhTs7s3h,1,0.01
AdTc7c3d,1,0.01
AdTs7s3d,1,0.01
AdTh7h3d,1,0.01
AcTs7s3c,1,0.01
AcTh7h3c,1,0.01
AcTd7d3c,1,0.01
AsTh6h5s,1,0.13
AsTd6d5s,1,0.13
AsTc6c5s,1,0.13
AhTd6d5h,1,0.13
AhTc6c5h,1,0.13
AhTs6s5h,1,0.13
AdTc6c5d,1,0.13
AdTs6s5d,1,0.13
AdTh6h5d,1,0.13
AcTs6s5c,1,0.13
AcTh6h5c,1,0.13
AcTd6d5c,1,0.13
AsTh6h4s,1,0.07
AsTd6d4s,1,0.07
AsTc6c4s,1,0.07
AhTd6d4h,1,0.07
AhTc6c4h,1,0.07
AhTs6s4h,1,0.07
AdTc6c4d,1,0.07
AdTs6s4d,1,0.07
AdTh6h4d,1,0.07
AcTs6s4c,1,0.07
AcTh6h4c,1,0.07
AcTd6d4c,1,0.07
AsTh5h4s,1,0.25
AsTd5d4s,1,0.25
AsTc5c4s,1,0.25
AhTd5d4h,1,0.25
AhTc5c4h,1,0.25
AhTs5s4h,1,0.25
AdTc5c4d,1,0.25
AdTs5s4d,1,0.25
AdTh5h4d,1,0.25
AcTs5s4c,1,0.25
AcTh5h4c,1,0.25
AcTd5d4c,1,0.25
AsTh5h3s,1,0.1
AsTd5d3s,1,0.1
AsTc5c3s,1,0.1
AhTd5d3h,1,0.1
AhTc5c3h,1,0.1
AhTs5s3h,1,0.1
AdTc5c3d,1,0.1
AdTs5s3d,1,0.1
AdTh5h3d,1,0.1
AcTs5s3c,1,0.1
AcTh5h3c,1,0.1
AcTd5d3c,1,0.1
AsTh4h3s,1,0.06
AsTd4d3s,1,0.06
AsTc4c3s,1,0.06
AhTd4d3h,1,0.06
AhTc4c3h,1,0.06
AhTs4s3h,1,0.06
AdTc4c3d,1,0.06
AdTs4s3d,1,0.06
AdTh4h3d,1,0.06
AcTs4s3c,1,0.06
AcTh4h3c,1,0.06
AcTd4d3c,1,0.06
AsThTd9s,1,0.41
AsThTc9s,1,0.41
AsTdTc9s,1,0.41
AhTdTc9h,1,0.41
AhTsTd9h,1,0.41
AhTsTc9h,1,0.41
AdThTc9d,1,0.41
AdTsTc9d,1,0.41
AdTsTh9d,1,0.41
AcTsTh9c,1,0.41
AcTsTd9c,1,0.41
AcThTd9c,1,0.41
AsThTd8s,1,0.34
AsThTc8s,1,0.34
AsTdTc8s,1,0.34
AhTdTc8h,1,0.34
AhTsTd8h,1,0.34
AhTsTc8h,1,0.34
AdThTc8d,1,0.34
AdTsTc8d,1,0.34
AdTsTh8d,1,0.34
AcTsTh8c,1,0.34
AcTsTd8c,1,0.34
AcThTd8c,1,0.34
AsThTd7s,1,0.2
AsThTc7s,1,0.2
AsTdTc7s,1,0.2
AhTdTc7h,1,0.2
AhTsTd7h,1,0.2
AhTsTc7h,1,0.2
AdThTc7d,1,0.2
AdTsTc7d,1,0.2
AdTsTh7d,1,0.2
AcTsTh7c,1,0.2
AcTsTd7c,1,0.2
AcThTd7c,1,0.2
AsThTd6s,1,0.1
AsThTc6s,1,0.1
AsTdTc6s,1,0.1
AhTdTc6h,1,0.1
AhTsTd6h,1,0.1
AhTsTc6h,1,0.1
AdThTc6d,1,0.1
AdTsTc6d,1,0.1
AdTsTh6d,1,0.1
AcTsTh6c,1,0.1
AcTsTd6c,1,0.1
AcThTd6c,1,0.1
AsThTd5s,1,0.1
AsThTc5s,1,0.1
AsTdTc5s,1,0.1
AhTdTc5h,1,0.1
AhTsTd5h,1,0.1
AhTsTc5h,1,0.1
AdThTc5d,1,0.1
AdTsTc5d,1,0.1
AdTsTh5d,1,0.1
AcTsTh5c,1,0.1
AcTsTd5c,1,0.1
AcThTd5c,1,0.1
AsThTd4s,1,0.09
AsThTc4s,1,0.09
AsTdTc4s,1,0.09
AhTdTc4h,1,0.09
AhTsTd4h,1,0.09
AhTsTc4h,1,0.09
AdThTc4d,1,0.09
AdTsTc4d,1,0.09
AdTsTh4d,1,0.09
AcTsTh4c,1,0.09
AcTsTd4c,1,0.09
AcThTd4c,1,0.09
AsThTd3s,1,0.08
AsThTc3s,1,0.08
AsTdTc3s,1,0.08
AhTdTc3h,1,0.08
AhTsTd3h,1,0.08
AhTsTc3h,1,0.08
AdThTc3d,1,0.08
AdTsTc3d,1,0.08
AdTsTh3d,1,0.08
AcTsTh3c,1,0.08
AcTsTd3c,1,0.08
AcThTd3c,1,0.08
AsThTd2s,1,0.04
AsThTc2s,1,0.04
AsTdTc2s,1,0.04
AhTdTc2h,1,0.04
AhTsTd2h,1,0.04
AhTsTc2h,1,0.04
AdThTc2d,1,0.04
AdTsTc2d,1,0.04
AdTsTh2d,1,0.04
AcTsTh2c,1,0.04
AcTsTd2c,1,0.04
AcThTd2c,1,0.04
AsThTd9h,1,0.11
AsThTc9h,1,0.11
AsTdTc9d,1,0.11
AsThTd9d,1,0.11
AsThTc9c,1,0.11
AsTdTc9c,1,0.11
AhTdTc9d,1,0.11
AhTsTd9d,1,0.11
AhTdTc9c,1,0.11
AhTsTc9c,1,0.11
AhTsTc9s,1,0.11
AhTsTd9s,1,0.11
AdThTc9c,1,0.11
AdTsTc9c,1,0.11
AdTsTc9s,1,0.11
AdTsTh9s,1,0.11
AdThTc9h,1,0.11
AdTsTh9h,1,0.11
AcTsTh9s,1,0.11
AcTsTd9s,1,0.11
AcThTd9h,1,0.11
AcTsTh9h,1,0.11
AcTsTd9d,1,0.11
AcThTd9d,1,0.11
AsThTd8h,1,0.08
AsThTc8h,1,0.08
AsTdTc8d,1,0.08
AsThTd8d,1,0.08
AsThTc8c,1,0.08
AsTdTc8c,1,0.08
AhTdTc8d,1,0.08
AhTsTd8d,1,0.08
AhTdTc8c,1,0.08
AhTsTc8c,1,0.08
AhTsTc8s,1,0.08
AhTsTd8s,1,0.08
AdThTc8c,1,0.08
AdTsTc8c,1,0.08
AdTsTc8s,1,0.08
AdTsTh8s,1,0.08
AdThTc8h,1,0.08
AdTsTh8h,1,0.08
AcTsTh8s,1,0.08
AcTsTd8s,1,0.08
AcThTd8h,1,0.08
AcTsTh8h,1,0.08
AcTsTd8d,1,0.08
AcThTd8d,1,0.08
AsThTd7h,1,0.01
AsThTc7h,1,0.01
AsTdTc7d,1,0.01
AsThTd7d,1,0.01
AsThTc7c,1,0.01
AsTdTc7c,1,0.01
AhTdTc7d,1,0.01
AhTsTd7d,1,0.01
AhTdTc7c,1,0.01
AhTsTc7c,1,0.01
AhTsTc7s,1,0.01
AhTsTd7s,1,0.01
AdThTc7c,1,0.01
AdTsTc7c,1,0.01
AdTsTc7s,1,0.01
AdTsTh7s,1,0.01
AdThTc7h,1,0.01
AdTsTh7h,1,0.01
AcTsTh7s,1,0.01
AcTsTd7s,1,0.01
AcThTd7h,1,0.01
AcTsTh7h,1,0.01
AcTsTd7d,1,0.01
AcThTd7d,1,0.01
AsTh9d8s,1,0.29
AsTh9c8s,1,0.29
AsTd9c8s,1,0.29
AsTd9h8s,1,0.29
AsTc9h8s,1,0.29
AsTc9d8s,1,0.29
AhTd9c8h,1,0.29
AhTd9s8h,1,0.29
AhTc9d8h,1,0.29
AhTc9s8h,1,0.29
AhTs9c8h,1,0.29
AhTs9d8h,1,0.29
AdTc9h8d,1,0.29
AdTc9s8d,1,0.29
AdTs9c8d,1,0.29
AdTs9h8d,1,0.29
AdTh9c8d,1,0.29
AdTh9s8d,1,0.29
AcTs9h8c,1,0.29
AcTs9d8c,1,0.29
AcTh9d8c,1,0.29
AcTh9s8c,1,0.29
AcTd9s8c,1,0.29
AcTd9h8c,1,0.29
AsTh9d7s,1,0.14
AsTh9c7s,1,0.14
AsTd9c7s,1,0.14
AsTd9h7s,1,0.14
AsTc9h7s,1,0.14
AsTc9d7s,1,0.14
AhTd9c7h,1,0.14
AhTd9s7h,1,0.14
AhTc9d7h,1,0.14
AhTc9s7h,1,0.14
AhTs9c7h,1,0.14
AhTs9d7h,1,0.14
AdTc9h7d,1,0.14
AdTc9s7d,1,0.14
AdTs9c7d,1,0.14
AdTs9h7d,1,0.14
AdTh9c7d,1,0.14
AdTh9s7d,1,0.14
AcTs9h7c,1,0.14
AcTs9d7c,1,0.14
AcTh9d7c,1,0.14
AcTh9s7c,1,0.14
AcTd9s7c,1,0.14
AcTd9h7c,1,0.14
AsTh9d6s,1,0.03
AsTh9c6s,1,0.03
AsTd9c6s,1,0.03
AsTd9h6s,1,0.03
AsTc9h6s,1,0.03
AsTc9d6s,1,0.03
AhTd9c6h,1,0.03
AhTd9s6h,1,0.03
AhTc9d6h,1,0.03
AhTc9s6h,1,0.03
AhTs9c6h,1,0.03
AhTs9d6h,1,0.03
AdTc9h6d,1,0.03
AdTc9s6d,1,0.03
AdTs9c6d,1,0.03
AdTs9h6d,1,0.03
AdTh9c6d,1,0.03
AdTh9s6d,1,0.03
AcTs9h6c,1,0.03
AcTs9d6c,1,0.03
AcTh9d6c,1,0.03
AcTh9s6c,1,0.03
AcTd9s6c,1,0.03
AcTd9h6c,1,0.03
AsTh9d8h,1,0.01
AsTh9c8h,1,0.01
AsTd9c8d,1,0.01
AsTd9h8d,1,0.01
AsTc9h8c,1,0.01
AsTc9d8c,1,0.01
AhTd9c8d,1,0.01
AhTd9s8d,1,0.01
AhTc9d8c,1,0.01
AhTc9s8c,1,0.01
AhTs9c8s,1,0.01
AhTs9d8s,1,0.01
AdTc9h8c,1,0.01
AdTc9s8c,1,0.01
AdTs9c8s,1,0.01
AdTs9h8s,1,0.01
AdTh9c8h,1,0.01
AdTh9s8h,1,0.01
AcTs9h8s,1,0.01
AcTs9d8s,1,0.01
AcTh9d8h,1,0.01
AcTh9s8h,1,0.01
AcTd9s8d,1,0.01
AcTd9h8d,1,0.01
AsTh9d8d,1,0.01
AsTh9c8c,1,0.01
AsTd9c8c,1,0.01
AsTd9h8h,1,0.01
AsTc9h8h,1,0.01
AsTc9d8d,1,0.01
AhTd9c8c,1,0.01
AhTd9s8s,1,0.01
AhTc9d8d,1,0.01
AhTc9s8s,1,0.01
AhTs9c8c,1,0.01
AhTs9d8d,1,0.01
AdTc9h8h,1,0.01
AdTc9s8s,1,0.01
AdTs9c8c,1,0.01
AdTs9h8h,1,0.01
AdTh9c8c,1,0.01
AdTh9s8s,1,0.01
AcTs9h8h,1,0.01
AcTs9d8d,1,0.01
AcTh9d8d,1,0.01
AcTh9s8s,1,0.01
AcTd9s8s,1,0.01
AcTd9h8h,1,0.01
AsTh8d7s,1,0.2
AsTh8c7s,1,0.2
AsTd8c7s,1,0.2
AsTd8h7s,1,0.2
AsTc8h7s,1,0.2
AsTc8d7s,1,0.2
AhTd8c7h,1,0.2
AhTd8s7h,1,0.2
AhTc8d7h,1,0.2
AhTc8s7h,1,0.2
AhTs8c7h,1,0.2
AhTs8d7h,1,0.2
AdTc8h7d,1,0.2
AdTc8s7d,1,0.2
AdTs8c7d,1,0.2
AdTs8h7d,1,0.2
AdTh8c7d,1,0.2
AdTh8s7d,1,0.2
AcTs8h7c,1,0.2
AcTs8d7c,1,0.2
AcTh8d7c,1,0.2
AcTh8s7c,1,0.2
AcTd8s7c,1,0.2
AcTd8h7c,1,0.2
AsTh8d6s,1,0.08
AsTh8c6s,1,0.08
AsTd8c6s,1,0.08
AsTd8h6s,1,0.08
AsTc8h6s,1,0.08
AsTc8d6s,1,0.08
AhTd8c6h,1,0.08
AhTd8s6h,1,0.08
AhTc8d6h,1,0.08
AhTc8s6h,1,0.08
AhTs8c6h,1,0.08
AhTs8d6h,1,0.08
AdTc8h6d,1,0.08
AdTc8s6d,1,0.08
AdTs8c6d,1,0.08
AdTs8h6d,1,0.08
AdTh8c6d,1,0.08
AdTh8s6d,1,0.08
AcTs8h6c,1,0.08
AcTs8d6c,1,0.08
AcTh8d6c,1,0.08
AcTh8s6c,1,0.08
AcTd8s6c,1,0.08
AcTd8h6c,1,0.08
AsTh8d5s,1,0.01
AsTh8c5s,1,0.01
AsTd8c5s,1,0.01
AsTd8h5s,1,0.01
AsTc8h5s,1,0.01
AsTc8d5s,1,0.01
AhTd8c5h,1,0.01
AhTd8s5h,1,0.01
AhTc8d5h,1,0.01
AhTc8s5h,1,0.01
AhTs8c5h,1,0.01
AhTs8d5h,1,0.01
AdTc8h5d,1,0.01
AdTc8s5d,1,0.01
AdTs8c5d,1,0.01
AdTs8h5d,1,0.01
AdTh8c5d,1,0.01
AdTh8s5d,1,0.01
AcTs8h5c,1,0.01
AcTs8d5c,1,0.01
AcTh8d5c,1,0.01
AcTh8s5c,1,0.01
AcTd8s5c,1,0.01
AcTd8h5c,1,0.01
AsTh7d6s,1,0.07
AsTh7c6s,1,0.07
AsTd7c6s,1,0.07
AsTd7h6s,1,0.07
AsTc7h6s,1,0.07
AsTc7d6s,1,0.07
AhTd7c6h,1,0.07
AhTd7s6h,1,0.07
AhTc7d6h,1,0.07
AhTc7s6h,1,0.07
AhTs7c6h,1,0.07
AhTs7d6h,1,0.07
AdTc7h6d,1,0.07
AdTc7s6d,1,0.07
AdTs7c6d,1,0.07
AdTs7h6d,1,0.07
AdTh7c6d,1,0.07
AdTh7s6d,1,0.07
AcTs7h6c,1,0.07
AcTs7d6c,1,0.07
AcTh7d6c,1,0.07
AcTh7s6c,1,0.07
AcTd7s6c,1,0.07
AcTd7h6c,1,0.07
AsTh7d5s,1,0.01
AsTh7c5s,1,0.01
AsTd7c5s,1,0.01
AsTd7h5s,1,0.01
AsTc7h5s,1,0.01
AsTc7d5s,1,0.01
AhTd7c5h,1,0.01
AhTd7s5h,1,0.01
AhTc7d5h,1,0.01
AhTc7s5h,1,0.01
AhTs7c5h,1,0.01
AhTs7d5h,1,0.01
AdTc7h5d,1,0.01
AdTc7s5d,1,0.01
AdTs7c5d,1,0.01
AdTs7h5d,1,0.01
AdTh7c5d,1,0.01
AdTh7s5d,1,0.01
AcTs7h5c,1,0.01
AcTs7d5c,1,0.01
AcTh7d5c,1,0.01
AcTh7s5c,1,0.01
AcTd7s5c,1,0.01
AcTd7h5c,1,0.01
As9h8s8h,1,0.56
As9d8s8d,1,0.56
As9c8s8c,1,0.56
Ah9d8h8d,1,0.56
Ah9c8h8c,1,0.56
Ah9s8s8h,1,0.56
Ad9c8d8c,1,0.56
Ad9s8s8d,1,0.56
Ad9h8h8d,1,0.56
Ac9s8s8c,1,0.56
Ac9h8h8c,1,0.56
Ac9d8d8c,1,0.56
As9h8s7h,1,0.5
As9d8s7d,1,0.5
As9c8s7c,1,0.5
Ah9d8h7d,1,0.5
Ah9c8h7c,1,0.5
Ah9s8h7s,1,0.5
Ad9c8d7c,1,0.5
Ad9s8d7s,1,0.5
Ad9h8d7h,1,0.5
Ac9s8c7s,1,0.5
Ac9h8c7h,1,0.5
Ac9d8c7d,1,0.5
As9h8s6h,1,0.27
As9d8s6d,1,0.27
As9c8s6c,1,0.27
Ah9d8h6d,1,0.27
Ah9c8h6c,1,0.27
Ah9s8h6s,1,0.27
Ad9c8d6c,1,0.27
Ad9s8d6s,1,0.27
Ad9h8d6h,1,0.27
Ac9s8c6s,1,0.27
Ac9h8c6h,1,0.27
Ac9d8c6d,1,0.27
As9h8s5h,1,0.19
As9d8s5d,1,0.19
As9c8s5c,1,0.19
Ah9d8h5d,1,0.19
Ah9c8h5c,1,0.19
Ah9s8h5s,1,0.19
Ad9c8d5c,1,0.19
Ad9s8d5s,1,0.19
Ad9h8d5h,1,0.19
Ac9s8c5s,1,0.19
Ac9h8c5h,1,0.19
Ac9d8c5d,1,0.19
As9h8s8d,1,0.29
As9h8s8c,1,0.29
As9d8s8c,1,0.29
As9d8s8h,1,0.29
As9c8s8h,1,0.29
As9c8s8d,1,0.29
Ah9d8h8c,1,0.29
Ah9d8s8h,1,0.29
Ah9c8h8d,1,0.29
Ah9c8s8h,1,0.29
Ah9s8h8c,1,0.29
Ah9s8h8d,1,0.29
Ad9c8h8d,1,0.29
Ad9c8s8d,1,0.29
Ad9s8d8c,1,0.29
Ad9s8h8d,1,0.29
Ad9h8d8c,1,0.29
Ad9h8s8d,1,0.29
Ac9s8h8c,1,0.29
Ac9s8d8c,1,0.29
Ac9h8d8c,1,0.29
Ac9h8s8c,1,0.29
Ac9d8s8c,1,0.29
Ac9d8h8c,1,0.29
As9h8s7d,1,0.17
As9h8s7c,1,0.17
As9d8s7c,1,0.17
As9d8s7h,1,0.17
As9c8s7h,1,0.17
As9c8s7d,1,0.17
Ah9d8h7c,1,0.17
Ah9d8h7s,1,0.17
Ah9c8h7d,1,0.17
Ah9c8h7s,1,0.17
Ah9s8h7c,1,0.17
Ah9s8h7d,1,0.17
Ad9c8d7h,1,0.17
Ad9c8d7s,1,0.17
Ad9s8d7c,1,0.17
Ad9s8d7h,1,0.17
Ad9h8d7c,1,0.17
Ad9h8d7s,1,0.17
Ac9s8c7h,1,0.17
Ac9s8c7d,1,0.17
Ac9h8c7d,1,0.17
Ac9h8c7s,1,0.17
Ac9d8c7s,1,0.17
Ac9d8c7h,1,0.17
As9h8s6d,1,0.04
As9h8s6c,1,0.04
As9d8s6c,1,0.04
As9d8s6h,1,0.04
As9c8s6h,1,0.04
As9c8s6d,1,0.04
Ah9d8h6c,1,0.04
Ah9d8h6s,1,0.04
Ah9c8h6d,1,0.04
Ah9c8h6s,1,0.04
Ah9s8h6c,1,0.04
Ah9s8h6d,1,0.04
Ad9c8d6h,1,0.04
Ad9c8d6s,1,0.04
Ad9s8d6c,1,0.04
Ad9s8d6h,1,0.04
Ad9h8d6c,1,0.04
Ad9h8d6s,1,0.04
Ac9s8c6h,1,0.04
Ac9s8c6d,1,0.04
Ac9h8c6d,1,0.04
Ac9h8c6s,1,0.04
Ac9d8c6s,1,0.04
Ac9d8c6h,1,0.04
As9h8s5d,0.058,0
As9h8s5c,0.058,0
As9d8s5c,0.058,0
As9d8s5h,0.058,0
As9c8s5h,0.058,0
As9c8s5d,0.058,0
Ah9d8h5c,0.058,0
Ah9d8h5s,0.058,0
Ah9c8h5d,0.058,0
Ah9c8h5s,0.058,0
Ah9s8h5c,0.058,0
Ah9s8h5d,0.058,0
Ad9c8d5h,0.058,0
Ad9c8d5s,0.058,0
Ad9s8d5c,0.058,0
Ad9s8d5h,0.058,0
Ad9h8d5c,0.058,0
Ad9h8d5s,0.058,0
Ac9s8c5h,0.058,0
Ac9s8c5d,0.058,0
Ac9h8c5d,0.058,0
Ac9h8c5s,0.058,0
Ac9d8c5s,0.058,0
Ac9d8c5h,0.058,0
As9h7s7h,1,0.39
As9d7s7d,1,0.39
As9c7s7c,1,0.39
Ah9d7h7d,1,0.39
Ah9c7h7c,1,0.39
Ah9s7s7h,1,0.39
Ad9c7d7c,1,0.39
Ad9s7s7d,1,0.39
Ad9h7h7d,1,0.39
Ac9s7s7c,1,0.39
Ac9h7h7c,1,0.39
Ac9d7d7c,1,0.39
As9h7s6h,1,0.32
As9d7s6d,1,0.32
As9c7s6c,1,0.32
Ah9d7h6d,1,0.32
Ah9c7h6c,1,0.32
Ah9s7h6s,1,0.32
Ad9c7d6c,1,0.32
Ad9s7d6s,1,0.32
Ad9h7d6h,1,0.32
Ac9s7c6s,1,0.32
Ac9h7c6h,1,0.32
Ac9d7c6d,1,0.32
As9h7s5h,1,0.28
As9d7s5d,1,0.28
As9c7s5c,1,0.28
Ah9d7h5d,1,0.28
Ah9c7h5c,1,0.28
Ah9s7h5s,1,0.28
Ad9c7d5c,1,0.28
Ad9s7d5s,1,0.28
Ad9h7d5h,1,0.28
Ac9s7c5s,1,0.28
Ac9h7c5h,1,0.28
Ac9d7c5d,1,0.28
As9h7s4h,1,0
As9d7s4d,1,0
As9c7s4c,1,0
Ah9d7h4d,1,0
Ah9c7h4c,1,0
Ah9s7h4s,1,0
Ad9c7d4c,1,0
Ad9s7d4s,1,0
Ad9h7d4h,1,0
Ac9s7c4s,1,0
Ac9h7c4h,1,0
Ac9d7c4d,1,0
As9h7s7d,1,0.13
As9h7s7c,1,0.13
As9d7s7c,1,0.13
As9d7s7h,1,0.13
As9c7s7h,1,0.13
As9c7s7d,1,0.13
Ah9d7h7c,1,0.13
Ah9d7s7h,1,0.13
Ah9c7h7d,1,0.13
Ah9c7s7h,1,0.13
Ah9s7h7c,1,0.13
Ah9s7h7d,1,0.13
Ad9c7h7d,1,0.13
Ad9c7s7d,1,0.13
Ad9s7d7c,1,0.13
Ad9s7h7d,1,0.13
Ad9h7d7c,1,0.13
Ad9h7s7d,1,0.13
Ac9s7h7c,1,0.13
Ac9s7d7c,1,0.13
Ac9h7d7c,1,0.13
Ac9h7s7c,1,0.13
Ac9d7s7c,1,0.13
Ac9d7h7c,1,0.13
As9h7s6d,1,0.06
As9h7s6c,1,0.06
As9d7s6c,1,0.06
As9d7s6h,1,0.06
As9c7s6h,1,0.06
As9c7s6d,1,0.06
Ah9d7h6c,1,0.06
Ah9d7h6s,1,0.06
Ah9c7h6d,1,0.06
Ah9c7h6s,1,0.06
Ah9s7h6c,1,0.06
Ah9s7h6d,1,0.06
Ad9c7d6h,1,0.06
Ad9c7d6s,1,0.06
Ad9s7d6c,1,0.06
Ad9s7d6h,1,0.06
Ad9h7d6c,1,0.06
Ad9h7d6s,1,0.06
Ac9s7c6h,1,0.06
Ac9s7c6d,1,0.06
Ac9h7c6d,1,0.06
Ac9h7c6s,1,0.06
Ac9d7c6s,1,0.06
Ac9d7c6h,1,0.06
As9h7s5d,1,0.03
As9h7s5c,1,0.03
As9d7s5c,1,0.03
As9d7s5h,1,0.03
As9c7s5h,1,0.03
As9c7s5d,1,0.03
Ah9d7h5c,1,0.03
Ah9d7h5s,1,0.03
Ah9c7h5d,1,0.03
Ah9c7h5s,1,0.03
Ah9s7h5c,1,0.03
Ah9s7h5d,1,0.03
Ad9c7d5h,1,0.03
Ad9c7d5s,1,0.03
Ad9s7d5c,1,0.03
Ad9s7d5h,1,0.03
Ad9h7d5c,1,0.03
Ad9h7d5s,1,0.03
Ac9s7c5h,1,0.03
Ac9s7c5d,1,0.03
Ac9h7c5d,1,0.03
Ac9h7c5s,1,0.03
Ac9d7c5s,1,0.03
Ac9d7c5h,1,0.03
As9h6s6h,1,0.16
As9d6s6d,1,0.16
As9c6s6c,1,0.16
Ah9d6h6d,1,0.16
Ah9c6h6c,1,0.16
Ah9s6s6h,1,0.16
Ad9c6d6c,1,0.16
Ad9s6s6d,1,0.16
Ad9h6h6d,1,0.16
Ac9s6s6c,1,0.16
Ac9h6h6c,1,0.16
Ac9d6d6c,1,0.16
As9h6s5h,1,0.16
As9d6s5d,1,0.16
As9c6s5c,1,0.16
Ah9d6h5d,1,0.16
Ah9c6h5c,1,0.16
Ah9s6h5s,1,0.16
Ad9c6d5c,1,0.16
Ad9s6d5s,1,0.16
Ad9h6d5h,1,0.16
Ac9s6c5s,1,0.16
Ac9h6c5h,1,0.16
Ac9d6c5d,1,0.16
As9h5s5h,1,0.12
As9d5s5d,1,0.12
As9c5s5c,1,0.12
Ah9d5h5d,1,0.12
Ah9c5h5c,1,0.12
Ah9s5s5h,1,0.12
Ad9c5d5c,1,0.12
Ad9s5s5d,1,0.12
Ad9h5h5d,1,0.12
Ac9s5s5c,1,0.12
Ac9h5h5c,1,0.12
Ac9d5d5c,1,0.12
As9h5s4h,1,0.06
As9d5s4d,1,0.06
As9c5s4c,1,0.06
Ah9d5h4d,1,0.06
Ah9c5h4c,1,0.06
Ah9s5h4s,1,0.06
Ad9c5d4c,1,0.06
Ad9s5d4s,1,0.06
Ad9h5d4h,1,0.06
Ac9s5c4s,1,0.06
Ac9h5c4h,1,0.06
Ac9d5c4d,1,0.06
As9h4s4h,1,0.01
As9d4s4d,1,0.01
As9c4s4c,1,0.01
Ah9d4h4d,1,0.01
Ah9c4h4c,1,0.01
Ah9s4s4h,1,0.01
Ad9c4d4c,1,0.01
Ad9s4s4d,1,0.01
Ad9h4h4d,1,0.01
Ac9s4s4c,1,0.01
Ac9h4h4c,1,0.01
Ac9d4d4c,1,0.01
As9h3s3h,1,0.02
As9d3s3d,1,0.02
As9c3s3c,1,0.02
Ah9d3h3d,1,0.02
Ah9c3h3c,1,0.02
Ah9s3s3h,1,0.02
Ad9c3d3c,1,0.02
Ad9s3s3d,1,0.02
Ad9h3h3d,1,0.02
Ac9s3s3c,1,0.02
Ac9h3h3c,1,0.02
Ac9d3d3c,1,0.02
As9h2s2h,1,0.03
As9d2s2d,1,0.03
As9c2s2c,1,0.03
Ah9d2h2d,1,0.03
Ah9c2h2c,1,0.03
Ah9s2s2h,1,0.03
Ad9c2d2c,1,0.03
Ad9s2s2d,1,0.03
Ad9h2h2d,1,0.03
Ac9s2s2c,1,0.03
Ac9h2h2c,1,0.03
Ac9d2d2c,1,0.03
As9h8h7s,1,0.51
As9d8d7s,1,0.51
As9c8c7s,1,0.51
Ah9d8d7h,1,0.51
Ah9c8c7h,1,0.51
Ah9s8s7h,1,0.51
Ad9c8c7d,1,0.51
Ad9s8s7d,1,0.51
Ad9h8h7d,1,0.51
Ac9s8s7c,1,0.51
Ac9h8h7c,1,0.51
Ac9d8d7c,1,0.51
As9h8h6s,1,0.3
As9d8d6s,1,0.3
As9c8c6s,1,0.3
Ah9d8d6h,1,0.3
Ah9c8c6h,1,0.3
Ah9s8s6h,1,0.3
Ad9c8c6d,1,0.3
Ad9s8s6d,1,0.3
Ad9h8h6d,1,0.3
Ac9s8s6c,1,0.3
Ac9h8h6c,1,0.3
Ac9d8d6c,1,0.3
As9h8h5s,1,0.22
As9d8d5s,1,0.22
As9c8c5s,1,0.22
Ah9d8d5h,1,0.22
Ah9c8c5h,1,0.22
Ah9s8s5h,1,0.22
Ad9c8c5d,1,0.22
Ad9s8s5d,1,0.22
Ad9h8h5d,1,0.22
Ac9s8s5c,1,0.22
Ac9h8h5c,1,0.22
Ac9d8d5c,1,0.22
As9h7h6s,1,0.33
As9d7d6s,1,0.33
As9c7c6s,1,0.33
Ah9d7d6h,1,0.33
Ah9c7c6h,1,0.33
Ah9s7s6h,1,0.33
Ad9c7c6d,1,0.33
Ad9s7s6d,1,0.33
Ad9h7h6d,1,0.33
Ac9s7s6c,1,0.33
Ac9h7h6c,1,0.33
Ac9d7d6c,1,0.33
As9h7h5s,1,0.3
As9d7d5s,1,0.3
As9c7c5s,1,0.3
Ah9d7d5h,1,0.3
Ah9c7c5h,1,0.3
Ah9s7s5h,1,0.3
Ad9c7c5d,1,0.3
Ad9s7s5d,1,0.3
Ad9h7h5d,1,0.3
Ac9s7s5c,1,0.3
Ac9h7h5c,1,0.3
Ac9d7d5c,1,0.3
As9h7h4s,1,0.03
As9d7d4s,1,0.03
As9c7c4s,1,0.03
Ah9d7d4h,1,0.03
Ah9c7c4h,1,0.03
Ah9s7s4h,1,0.03
Ad9c7c4d,1,0.03
Ad9s7s4d,1,0.03
Ad9h7h4d,1,0.03
Ac9s7s4c,1,0.03
Ac9h7h4c,1,0.03
Ac9d7d4c,1,0.03
As9h6h5s,1,0.17
As9d6d5s,1,0.17
As9c6c5s,1,0.17
Ah9d6d5h,1,0.17
Ah9c6c5h,1,0.17
Ah9s6s5h,1,0.17
Ad9c6c5d,1,0.17
Ad9s6s5d,1,0.17
Ad9h6h5d,1,0.17
Ac9s6s5c,1,0.17
Ac9h6h5c,1,0.17
Ac9d6d5c,1,0.17
As9h5h4s,1,0.07
As9d5d4s,1,0.07
As9c5c4s,1,0.07
Ah9d5d4h,1,0.07
Ah9c5c4h,1,0.07
Ah9s5s4h,1,0.07
Ad9c5c4d,1,0.07
Ad9s5s4d,1,0.07
Ad9h5h4d,1,0.07
Ac9s5s4c,1,0.07
Ac9h5h4c,1,0.07
Ac9d5d4c,1,0.07
As9h9d8s,1,0.22
As9h9c8s,1,0.22
As9d9c8s,1,0.22
Ah9d9c8h,1,0.22
Ah9s9d8h,1,0.22
Ah9s9c8h,1,0.22
Ad9h9c8d,1,0.22
Ad9s9c8d,1,0.22
Ad9s9h8d,1,0.22
Ac9s9h8c,1,0.22
Ac9s9d8c,1,0.22
Ac9h9d8c,1,0.22
As9h9d7s,1,0.13
As9h9c7s,1,0.13
As9d9c7s,1,0.13
Ah9d9c7h,1,0.13
Ah9s9d7h,1,0.13
Ah9s9c7h,1,0.13
Ad9h9c7d,1,0.13
Ad9s9c7d,1,0.13
Ad9s9h7d,1,0.13
Ac9s9h7c,1,0.13
Ac9s9d7c,1,0.13
Ac9h9d7c,1,0.13
As9h9d6s,1,0.03
As9h9c6s,1,0.03
As9d9c6s,1,0.03
Ah9d9c6h,1,0.03
Ah9s9d6h,1,0.03
Ah9s9c6h,1,0.03
Ad9h9c6d,1,0.03
Ad9s9c6d,1,0.03
Ad9s9h6d,1,0.03
Ac9s9h6c,1,0.03
Ac9s9d6c,1,0.03
Ac9h9d6c,1,0.03
As9h9d5s,1,0
As9h9c5s,1,0
As9d9c5s,1,0
Ah9d9c5h,1,0
Ah9s9d5h,1,0
Ah9s9c5h,1,0
Ad9h9c5d,1,0
Ad9s9c5d,1,0
Ad9s9h5d,1,0
Ac9s9h5c,1,0
Ac9s9d5c,1,0
Ac9h9d5c,1,0
As9h8d7s,1,0.17
As9h8c7s,1,0.17
As9d8c7s,1,0.17
As9d8h7s,1,0.17
As9c8h7s,1,0.17
As9c8d7s,1,0.17
Ah9d8c7h,1,0.17
Ah9d8s7h,1,0.17
Ah9c8d7h,1,0.17
Ah9c8s7h,1,0.17
Ah9s8c7h,1,0.17
Ah9s8d7h,1,0.17
Ad9c8h7d,1,0.17
Ad9c8s7d,1,0.17
Ad9s8c7d,1,0.17
Ad9s8h7d,1,0.17
Ad9h8c7d,1,0.17
Ad9h8s7d,1,0.17
Ac9s8h7c,1,0.17
Ac9s8d7c,1,0.17
Ac9h8d7c,1,0.17
Ac9h8s7c,1,0.17
Ac9d8s7c,1,0.17
Ac9d8h7c,1,0.17
As9h8d6s,1,0.05
As9h8c6s,1,0.05
As9d8c6s,1,0.05
As9d8h6s,1,0.05
As9c8h6s,1,0.05
As9c8d6s,1,0.05
Ah9d8c6h,1,0.05
Ah9d8s6h,1,0.05
Ah9c8d6h,1,0.05
Ah9c8s6h,1,0.05
Ah9s8c6h,1,0.05
Ah9s8d6h,1,0.05
Ad9c8h6d,1,0.05
Ad9c8s6d,1,0.05
Ad9s8c6d,1,0.05
Ad9s8h6d,1,0.05
Ad9h8c6d,1,0.05
Ad9h8s6d,1,0.05
Ac9s8h6c,1,0.05
Ac9s8d6c,1,0.05
Ac9h8d6c,1,0.05
Ac9h8s6c,1,0.05
Ac9d8s6c,1,0.05
Ac9d8h6c,1,0.05
As9h8d5s,1,0
As9h8c5s,1,0
As9d8c5s,1,0
As9d8h5s,1,0
As9c8h5s,1,0
As9c8d5s,1,0
Ah9d8c5h,1,0
Ah9d8s5h,1,0
Ah9c8d5h,1,0
Ah9c8s5h,1,0
Ah9s8c5h,1,0
Ah9s8d5h,1,0
Ad9c8h5d,1,0
Ad9c8s5d,1,0
Ad9s8c5d,1,0
Ad9s8h5d,1,0
Ad9h8c5d,1,0
Ad9h8s5d,1,0
Ac9s8h5c,1,0
Ac9s8d5c,1,0
Ac9h8d5c,1,0
Ac9h8s5c,1,0
Ac9d8s5c,1,0
Ac9d8h5c,1,0
As9h7d6s,1,0.07
As9h7c6s,1,0.07
As9d7c6s,1,0.07
As9d7h6s,1,0.07
As9c7h6s,1,0.07
As9c7d6s,1,0.07
Ah9d7c6h,1,0.07
Ah9d7s6h,1,0.07
Ah9c7d6h,1,0.07
Ah9c7s6h,1,0.07
Ah9s7c6h,1,0.07
Ah9s7d6h,1,0.07
Ad9c7h6d,1,0.07
Ad9c7s6d,1,0.07
Ad9s7c6d,1,0.07
Ad9s7h6d,1,0.07
Ad9h7c6d,1,0.07
Ad9h7s6d,1,0.07
Ac9s7h6c,1,0.07
Ac9s7d6c,1,0.07
Ac9h7d6c,1,0.07
Ac9h7s6c,1,0.07
Ac9d7s6c,1,0.07
Ac9d7h6c,1,0.07
As9h7d5s,1,0.03
As9h7c5s,1,0.03
As9d7c5s,1,0.03
As9d7h5s,1,0.03
As9c7h5s,1,0.03
As9c7d5s,1,0.03
Ah9d7c5h,1,0.03
Ah9d7s5h,1,0.03
Ah9c7d5h,1,0.03
Ah9c7s5h,1,0.03
Ah9s7c5h,1,0.03
Ah9s7d5h,1,0.03
Ad9c7h5d,1,0.03
Ad9c7s5d,1,0.03
Ad9s7c5d,1,0.03
Ad9s7h5d,1,0.03
Ad9h7c5d,1,0.03
Ad9h7s5d,1,0.03
Ac9s7h5c,1,0.03
Ac9s7d5c,1,0.03
Ac9h7d5c,1,0.03
Ac9h7s5c,1,0.03
Ac9d7s5c,1,0.03
Ac9d7h5c,1,0.03
As8h7s7h,1,0.53
As8d7s7d,1,0.53
As8c7s7c,1,0.53
Ah8d7h7d,1,0.53
Ah8c7h7c,1,0.53
Ah8s7s7h,1,0.53
Ad8c7d7c,1,0.53
Ad8s7s7d,1,0.53
Ad8h7h7d,1,0.53
Ac8s7s7c,1,0.53
Ac8h7h7c,1,0.53
Ac8d7d7c,1,0.53
As8h7s6h,1,0.46
As8d7s6d,1,0.46
As8c7s6c,1,0.46
Ah8d7h6d,1,0.46
Ah8c7h6c,1,0.46
Ah8s7h6s,1,0.46
Ad8c7d6c,1,0.46
Ad8s7d6s,1,0.46
Ad8h7d6h,1,0.46
Ac8s7c6s,1,0.46
Ac8h7c6h,1,0.46
Ac8d7c6d,1,0.46
As8h7s5h,1,0.44
As8d7s5d,1,0.44
As8c7s5c,1,0.44
Ah8d7h5d,1,0.44
Ah8c7h5c,1,0.44
Ah8s7h5s,1,0.44
Ad8c7d5c,1,0.44
Ad8s7d5s,1,0.44
Ad8h7d5h,1,0.44
Ac8s7c5s,1,0.44
Ac8h7c5h,1,0.44
Ac8d7c5d,1,0.44
As8h7s4h,1,0.19
As8d7s4d,1,0.19
As8c7s4c,1,0.19
Ah8d7h4d,1,0.19
Ah8c7h4c,1,0.19
Ah8s7h4s,1,0.19
Ad8c7d4c,1,0.19
Ad8s7d4s,1,0.19
Ad8h7d4h,1,0.19
Ac8s7c4s,1,0.19
Ac8h7c4h,1,0.19
Ac8d7c4d,1,0.19
As8h7s7d,1,0.27
As8h7s7c,1,0.27
As8d7s7c,1,0.27
As8d7s7h,1,0.27
As8c7s7h,1,0.27
As8c7s7d,1,0.27
Ah8d7h7c,1,0.27
Ah8d7s7h,1,0.27
Ah8c7h7d,1,0.27
Ah8c7s7h,1,0.27
Ah8s7h7c,1,0.27
Ah8s7h7d,1,0.27
Ad8c7h7d,1,0.27
Ad8c7s7d,1,0.27
Ad8s7d7c,1,0.27
Ad8s7h7d,1,0.27
Ad8h7d7c,1,0.27
Ad8h7s7d,1,0.27
Ac8s7h7c,1,0.27
Ac8s7d7c,1,0.27
Ac8h7d7c,1,0.27
Ac8h7s7c,1,0.27
Ac8d7s7c,1,0.27
Ac8d7h7c,1,0.27
As8h7s6d,1,0.17
As8h7s6c,1,0.17
As8d7s6c,1,0.17
As8d7s6h,1,0.17
As8c7s6h,1,0.17
As8c7s6d,1,0.17
Ah8d7h6c,1,0.17
Ah8d7h6s,1,0.17
Ah8c7h6d,1,0.17
Ah8c7h6s,1,0.17
Ah8s7h6c,1,0.17
Ah8s7h6d,1,0.17
Ad8c7d6h,1,0.17
Ad8c7d6s,1,0.17
Ad8s7d6c,1,0.17
Ad8s7d6h,1,0.17
Ad8h7d6c,1,0.17
Ad8h7d6s,1,0.17
Ac8s7c6h,1,0.17
Ac8s7c6d,1,0.17
Ac8h7c6d,1,0.17
Ac8h7c6s,1,0.17
Ac8d7c6s,1,0.17
Ac8d7c6h,1,0.17
As8h7s5d,1,0.16
As8h7s5c,1,0.16
As8d7s5c,1,0.16
As8d7s5h,1,0.16
As8c7s5h,1,0.16
As8c7s5d,1,0.16
Ah8d7h5c,1,0.16
Ah8d7h5s,1,0.16
Ah8c7h5d,1,0.16
Ah8c7h5s,1,0.16
Ah8s7h5c,1,0.16
Ah8s7h5d,1,0.16
Ad8c7d5h,1,0.16
Ad8c7d5s,1,0.16
Ad8s7d5c,1,0.16
Ad8s7d5h,1,0.16
Ad8h7d5c,1,0.16
Ad8h7d5s,1,0.16
Ac8s7c5h,1,0.16
Ac8s7c5d,1,0.16
Ac8h7c5d,1,0.16
Ac8h7c5s,1,0.16
Ac8d7c5s,1,0.16
Ac8d7c5h,1,0.16
As8h6s6h,1,0.33
As8d6s6d,1,0.33
As8c6s6c,1,0.33
Ah8d6h6d,1,0.33
Ah8c6h6c,1,0.33
Ah8s6s6h,1,0.33
Ad8c6d6c,1,0.33
Ad8s6s6d,1,0.33
Ad8h6h6d,1,0.33
Ac8s6s6c,1,0.33
Ac8h6h6c,1,0.33
Ac8d6d6c,1,0.33
As8h6s5h,1,0.31
As8d6s5d,1,0.31
As8c6s5c,1,0.31
Ah8d6h5d,1,0.31
Ah8c6h5c,1,0.31
Ah8s6h5s,1,0.31
Ad8c6d5c,1,0.31
Ad8s6d5s,1,0.31
Ad8h6d5h,1,0.31
Ac8s6c5s,1,0.31
Ac8h6c5h,1,0.31
Ac8d6c5d,1,0.31
As8h6s4h,1,0.12
As8d6s4d,1,0.12
As8c6s4c,1,0.12
Ah8d6h4d,1,0.12
Ah8c6h4c,1,0.12
Ah8s6h4s,1,0.12
Ad8c6d4c,1,0.12
Ad8s6d4s,1,0.12
Ad8h6d4h,1,0.12
Ac8s6c4s,1,0.12
Ac8h6c4h,1,0.12
Ac8d6c4d,1,0.12
As8h6s6d,1,0.1
As8h6s6c,1,0.1
As8d6s6c,1,0.1
As8d6s6h,1,0.1
As8c6s6h,1,0.1
As8c6s6d,1,0.1
Ah8d6h6c,1,0.1
Ah8d6s6h,1,0.1
Ah8c6h6d,1,0.1
Ah8c6s6h,1,0.1
Ah8s6h6c,1,0.1
Ah8s6h6d,1,0.1
Ad8c6h6d,1,0.1
Ad8c6s6d,1,0.1
Ad8s6d6c,1,0.1
Ad8s6h6d,1,0.1
Ad8h6d6c,1,0.1
Ad8h6s6d,1,0.1
Ac8s6h6c,1,0.1
Ac8s6d6c,1,0.1
Ac8h6d6c,1,0.1
Ac8h6s6c,1,0.1
Ac8d6s6c,1,0.1
Ac8d6h6c,1,0.1
As8h6s5d,1,0.06
As8h6s5c,1,0.06
As8d6s5c,1,0.06
As8d6s5h,1,0.06
As8c6s5h,1,0.06
As8c6s5d,1,0.06
Ah8d6h5c,1,0.06
Ah8d6h5s,1,0.06
Ah8c6h5d,1,0.06
Ah8c6h5s,1,0.06
Ah8s6h5c,1,0.06
Ah8s6h5d,1,0.06
Ad8c6d5h,1,0.06
Ad8c6d5s,1,0.06
Ad8s6d5c,1,0.06
Ad8s6d5h,1,0.06
Ad8h6d5c,1,0.06
Ad8h6d5s,1,0.06
Ac8s6c5h,1,0.06
Ac8s6c5d,1,0.06
Ac8h6c5d,1,0.06
Ac8h6c5s,1,0.06
Ac8d6c5s,1,0.06
Ac8d6c5h,1,0.06
As8h5s5h,1,0.28
As8d5s5d,1,0.28
As8c5s5c,1,0.28
Ah8d5h5d,1,0.28
Ah8c5h5c,1,0.28
Ah8s5s5h,1,0.28
Ad8c5d5c,1,0.28
Ad8s5s5d,1,0.28
Ad8h5h5d,1,0.28
Ac8s5s5c,1,0.28
Ac8h5h5c,1,0.28
Ac8d5d5c,1,0.28
As8h5s4h,1,0.26
As8d5s4d,1,0.26
As8c5s4c,1,0.26
Ah8d5h4d,1,0.26
Ah8c5h4c,1,0.26
Ah8s5h4s,1,0.26
Ad8c5d4c,1,0.26
Ad8s5d4s,1,0.26
Ad8h5d4h,1,0.26
Ac8s5c4s,1,0.26
Ac8h5c4h,1,0.26
Ac8d5c4d,1,0.26
As8h5s5d,1,0.04
As8h5s5c,1,0.04
As8d5s5c,1,0.04
As8d5s5h,1,0.04
As8c5s5h,1,0.04
As8c5s5d,1,0.04
Ah8d5h5c,1,0.04
Ah8d5s5h,1,0.04
Ah8c5h5d,1,0.04
Ah8c5s5h,1,0.04
Ah8s5h5c,1,0.04
Ah8s5h5d,1,0.04
Ad8c5h5d,1,0.04
Ad8c5s5d,1,0.04
Ad8s5d5c,1,0.04
Ad8s5h5d,1,0.04
Ad8h5d5c,1,0.04
Ad8h5s5d,1,0.04
Ac8s5h5c,1,0.04
Ac8s5d5c,1,0.04
Ac8h5d5c,1,0.04
Ac8h5s5c,1,0.04
Ac8d5s5c,1,0.04
Ac8d5h5c,1,0.04
As8h5s4d,1,0.01
As8h5s4c,1,0.01
As8d5s4c,1,0.01
As8d5s4h,1,0.01
As8c5s4h,1,0.01
As8c5s4d,1,0.01
Ah8d5h4c,1,0.01
Ah8d5h4s,1,0.01
Ah8c5h4d,1,0.01
Ah8c5h4s,1,0.01
Ah8s5h4c,1,0.01
Ah8s5h4d,1,0.01
Ad8c5d4h,1,0.01
Ad8c5d4s,1,0.01
Ad8s5d4c,1,0.01
Ad8s5d4h,1,0.01
Ad8h5d4c,1,0.01
Ad8h5d4s,1,0.01
Ac8s5c4h,1,0.01
Ac8s5c4d,1,0.01
Ac8h5c4d,1,0.01
Ac8h5c4s,1,0.01
Ac8d5c4s,1,0.01
Ac8d5c4h,1,0.01
As8h4s4h,1,0.12
As8d4s4d,1,0.12
As8c4s4c,1,0.12
Ah8d4h4d,1,0.12
Ah8c4h4c,1,0.12
Ah8s4s4h,1,0.12
Ad8c4d4c,1,0.12
Ad8s4s4d,1,0.12
Ad8h4h4d,1,0.12
Ac8s4s4c,1,0.12
Ac8h4h4c,1,0.12
Ac8d4d4c,1,0.12
As8h7h6s,1,0.47
As8d7d6s,1,0.47
As8c7c6s,1,0.47
Ah8d7d6h,1,0.47
Ah8c7c6h,1,0.47
Ah8s7s6h,1,0.47
Ad8c7c6d,1,0.47
Ad8s7s6d,1,0.47
Ad8h7h6d,1,0.47
Ac8s7s6c,1,0.47
Ac8h7h6c,1,0.47
Ac8d7d6c,1,0.47
As8h7h5s,1,0.46
As8d7d5s,1,0.46
As8c7c5s,1,0.46
Ah8d7d5h,1,0.46
Ah8c7c5h,1,0.46
Ah8s7s5h,1,0.46
Ad8c7c5d,1,0.46
Ad8s7s5d,1,0.46
Ad8h7h5d,1,0.46
Ac8s7s5c,1,0.46
Ac8h7h5c,1,0.46
Ac8d7d5c,1,0.46
As8h7h4s,1,0.23
As8d7d4s,1,0.23
As8c7c4s,1,0.23
Ah8d7d4h,1,0.23
Ah8c7c4h,1,0.23
Ah8s7s4h,1,0.23
Ad8c7c4d,1,0.23
Ad8s7s4d,1,0.23
Ad8h7h4d,1,0.23
Ac8s7s4c,1,0.23
Ac8h7h4c,1,0.23
Ac8d7d4c,1,0.23
As8h6h5s,1,0.33
As8d6d5s,1,0.33
As8c6c5s,1,0.33
Ah8d6d5h,1,0.33
Ah8c6c5h,1,0.33
Ah8s6s5h,1,0.33
Ad8c6c5d,1,0.33
Ad8s6s5d,1,0.33
Ad8h6h5d,1,0.33
Ac8s6s5c,1,0.33
Ac8h6h5c,1,0.33
Ac8d6d5c,1,0.33
As8h6h4s,1,0.15
As8d6d4s,1,0.15
As8c6c4s,1,0.15
Ah8d6d4h,1,0.15
Ah8c6c4h,1,0.15
Ah8s6s4h,1,0.15
Ad8c6c4d,1,0.15
Ad8s6s4d,1,0.15
Ad8h6h4d,1,0.15
Ac8s6s4c,1,0.15
Ac8h6h4c,1,0.15
Ac8d6d4c,1,0.15
As8h5h4s,1,0.27
As8d5d4s,1,0.27
As8c5c4s,1,0.27
Ah8d5d4h,1,0.27
Ah8c5c4h,1,0.27
Ah8s5s4h,1,0.27
Ad8c5c4d,1,0.27
Ad8s5s4d,1,0.27
Ad8h5h4d,1,0.27
Ac8s5s4c,1,0.27
Ac8h5h4c,1,0.27
Ac8d5d4c,1,0.27
As8h5h3s,1,0.01
As8d5d3s,1,0.01
As8c5c3s,1,0.01
Ah8d5d3h,1,0.01
Ah8c5c3h,1,0.01
Ah8s5s3h,1,0.01
Ad8c5c3d,1,0.01
Ad8s5s3d,1,0.01
Ad8h5h3d,1,0.01
Ac8s5s3c,1,0.01
Ac8h5h3c,1,0.01
Ac8d5d3c,1,0.01
As8h8d7s,1,0.22
As8h8c7s,1,0.22
As8d8c7s,1,0.22
Ah8d8c7h,1,0.22
Ah8s8d7h,1,0.22
Ah8s8c7h,1,0.22
Ad8h8c7d,1,0.22
Ad8s8c7d,1,0.22
Ad8s8h7d,1,0.22
Ac8s8h7c,1,0.22
Ac8s8d7c,1,0.22
Ac8h8d7c,1,0.22
As8h8d6s,1,0.1
As8h8c6s,1,0.1
As8d8c6s,1,0.1
Ah8d8c6h,1,0.1
Ah8s8d6h,1,0.1
Ah8s8c6h,1,0.1
Ad8h8c6d,1,0.1
Ad8s8c6d,1,0.1
Ad8s8h6d,1,0.1
Ac8s8h6c,1,0.1
Ac8s8d6c,1,0.1
Ac8h8d6c,1,0.1
As8h8d5s,1,0.06
As8h8c5s,1,0.06
As8d8c5s,1,0.06
Ah8d8c5h,1,0.06
Ah8s8d5h,1,0.06
Ah8s8c5h,1,0.06
Ad8h8c5d,1,0.06
Ad8s8c5d,1,0.06
Ad8s8h5d,1,0.06
Ac8s8h5c,1,0.06
Ac8s8d5c,1,0.06
Ac8h8d5c,1,0.06
As8h7d6s,1,0.18
As8h7c6s,1,0.18
As8d7c6s,1,0.18
As8d7h6s,1,0.18
As8c7h6s,1,0.18
As8c7d6s,1,0.18
Ah8d7c6h,1,0.18
Ah8d7s6h,1,0.18
Ah8c7d6h,1,0.18
Ah8c7s6h,1,0.18
Ah8s7c6h,1,0.18
Ah8s7d6h,1,0.18
Ad8c7h6d,1,0.18
Ad8c7s6d,1,0.18
Ad8s7c6d,1,0.18
Ad8s7h6d,1,0.18
Ad8h7c6d,1,0.18
Ad8h7s6d,1,0.18
Ac8s7h6c,1,0.18
Ac8s7d6c,1,0.18
Ac8h7d6c,1,0.18
Ac8h7s6c,1,0.18
Ac8d7s6c,1,0.18
Ac8d7h6c,1,0.18
As8h7d5s,1,0.16
As8h7c5s,1,0.16
As8d7c5s,1,0.16
As8d7h5s,1,0.16
As8c7h5s,1,0.16
As8c7d5s,1,0.16
Ah8d7c5h,1,0.16
Ah8d7s5h,1,0.16
Ah8c7d5h,1,0.16
Ah8c7s5h,1,0.16
Ah8s7c5h,1,0.16
Ah8s7d5h,1,0.16
Ad8c7h5d,1,0.16
Ad8c7s5d,1,0.16
Ad8s7c5d,1,0.16
Ad8s7h5d,1,0.16
Ad8h7c5d,1,0.16
Ad8h7s5d,1,0.16
Ac8s7h5c,1,0.16
Ac8s7d5c,1,0.16
Ac8h7d5c,1,0.16
Ac8h7s5c,1,0.16
Ac8d7s5c,1,0.16
Ac8d7h5c,1,0.16
As8h6d5s,1,0.06
As8h6c5s,1,0.06
As8d6c5s,1,0.06
As8d6h5s,1,0.06
As8c6h5s,1,0.06
As8c6d5s,1,0.06
Ah8d6c5h,1,0.06
Ah8d6s5h,1,0.06
Ah8c6d5h,1,0.06
Ah8c6s5h,1,0.06
Ah8s6c5h,1,0.06
Ah8s6d5h,1,0.06
Ad8c6h5d,1,0.06
Ad8c6s5d,1,0.06
Ad8s6c5d,1,0.06
Ad8s6h5d,1,0.06
Ad8h6c5d,1,0.06
Ad8h6s5d,1,0.06
Ac8s6h5c,1,0.06
Ac8s6d5c,1,0.06
Ac8h6d5c,1,0.06
Ac8h6s5c,1,0.06
Ac8d6s5c,1,0.06
Ac8d6h5c,1,0.06
As8h5d4s,1,0.01
As8h5c4s,1,0.01
As8d5c4s,1,0.01
As8d5h4s,1,0.01
As8c5h4s,1,0.01
As8c5d4s,1,0.01
Ah8d5c4h,1,0.01
Ah8d5s4h,1,0.01
Ah8c5d4h,1,0.01
Ah8c5s4h,1,0.01
Ah8s5c4h,1,0.01
Ah8s5d4h,1,0.01
Ad8c5h4d,1,0.01
Ad8c5s4d,1,0.01
Ad8s5c4d,1,0.01
Ad8s5h4d,1,0.01
Ad8h5c4d,1,0.01
Ad8h5s4d,1,0.01
Ac8s5h4c,1,0.01
Ac8s5d4c,1,0.01
Ac8h5d4c,1,0.01
Ac8h5s4c,1,0.01
Ac8d5s4c,1,0.01
Ac8d5h4c,1,0.01
As7h6s6h,1,0.46
As7d6s6d,1,0.46
As7c6s6c,1,0.46
Ah7d6h6d,1,0.46
Ah7c6h6c,1,0.46
Ah7s6s6h,1,0.46
Ad7c6d6c,1,0.46
Ad7s6s6d,1,0.46
Ad7h6h6d,1,0.46
Ac7s6s6c,1,0.46
Ac7h6h6c,1,0.46
Ac7d6d6c,1,0.46
As7h6s5h,1,0.44
As7d6s5d,1,0.44
As7c6s5c,1,0.44
Ah7d6h5d,1,0.44
Ah7c6h5c,1,0.44
Ah7s6h5s,1,0.44
Ad7c6d5c,1,0.44
Ad7s6d5s,1,0.44
Ad7h6d5h,1,0.44
Ac7s6c5s,1,0.44
Ac7h6c5h,1,0.44
Ac7d6c5d,1,0.44
As7h6s4h,1,0.26
As7d6s4d,1,0.26
As7c6s4c,1,0.26
Ah7d6h4d,1,0.26
Ah7c6h4c,1,0.26
Ah7s6h4s,1,0.26
Ad7c6d4c,1,0.26
Ad7s6d4s,1,0.26
Ad7h6d4h,1,0.26
Ac7s6c4s,1,0.26
Ac7h6c4h,1,0.26
Ac7d6c4d,1,0.26
As7h6s3h,1,0.02
As7d6s3d,1,0.02
As7c6s3c,1,0.02
Ah7d6h3d,1,0.02
Ah7c6h3c,1,0.02
Ah7s6h3s,1,0.02
Ad7c6d3c,1,0.02
Ad7s6d3s,1,0.02
Ad7h6d3h,1,0.02
Ac7s6c3s,1,0.02
Ac7h6c3h,1,0.02
Ac7d6c3d,1,0.02
As7h6s6d,1,0.22
As7h6s6c,1,0.22
As7d6s6c,1,0.22
As7d6s6h,1,0.22
As7c6s6h,1,0.22
As7c6s6d,1,0.22
Ah7d6h6c,1,0.22
Ah7d6s6h,1,0.22
Ah7c6h6d,1,0.22
Ah7c6s6h,1,0.22
Ah7s6h6c,1,0.22
Ah7s6h6d,1,0.22
Ad7c6h6d,1,0.22
Ad7c6s6d,1,0.22
Ad7s6d6c,1,0.22
Ad7s6h6d,1,0.22
Ad7h6d6c,1,0.22
Ad7h6s6d,1,0.22
Ac7s6h6c,1,0.22
Ac7s6d6c,1,0.22
Ac7h6d6c,1,0.22
Ac7h6s6c,1,0.22
Ac7d6s6c,1,0.22
Ac7d6h6c,1,0.22
As7h6s5d,1,0.18
As7h6s5c,1,0.18
As7d6s5c,1,0.18
As7d6s5h,1,0.18
As7c6s5h,1,0.18
As7c6s5d,1,0.18
Ah7d6h5c,1,0.18
Ah7d6h5s,1,0.18
Ah7c6h5d,1,0.18
Ah7c6h5s,1,0.18
Ah7s6h5c,1,0.18
Ah7s6h5d,1,0.18
Ad7c6d5h,1,0.18
Ad7c6d5s,1,0.18
Ad7s6d5c,1,0.18
Ad7s6d5h,1,0.18
Ad7h6d5c,1,0.18
Ad7h6d5s,1,0.18
Ac7s6c5h,1,0.18
Ac7s6c5d,1,0.18
Ac7h6c5d,1,0.18
Ac7h6c5s,1,0.18
Ac7d6c5s,1,0.18
Ac7d6c5h,1,0.18
As7h6s4d,1,0.02
As7h6s4c,1,0.02
As7d6s4c,1,0.02
As7d6s4h,1,0.02
As7c6s4h,1,0.02
As7c6s4d,1,0.02
Ah7d6h4c,1,0.02
Ah7d6h4s,1,0.02
Ah7c6h4d,1,0.02
Ah7c6h4s,1,0.02
Ah7s6h4c,1,0.02
Ah7s6h4d,1,0.02
Ad7c6d4h,1,0.02
Ad7c6d4s,1,0.02
Ad7s6d4c,1,0.02
Ad7s6d4h,1,0.02
Ad7h6d4c,1,0.02
Ad7h6d4s,1,0.02
Ac7s6c4h,1,0.02
Ac7s6c4d,1,0.02
Ac7h6c4d,1,0.02
Ac7h6c4s,1,0.02
Ac7d6c4s,1,0.02
Ac7d6c4h,1,0.02
As7h5s5h,1,0.44
As7d5s5d,1,0.44
As7c5s5c,1,0.44
Ah7d5h5d,1,0.44
Ah7c5h5c,1,0.44
Ah7s5s5h,1,0.44
Ad7c5d5c,1,0.44
Ad7s5s5d,1,0.44
Ad7h5h5d,1,0.44
Ac7s5s5c,1,0.44
Ac7h5h5c,1,0.44
Ac7d5d5c,1,0.44
As7h5s4h,1,0.47
As7d5s4d,1,0.47
As7c5s4c,1,0.47
Ah7d5h4d,1,0.47
Ah7c5h4c,1,0.47
Ah7s5h4s,1,0.47
Ad7c5d4c,1,0.47
Ad7s5d4s,1,0.47
Ad7h5d4h,1,0.47
Ac7s5c4s,1,0.47
Ac7h5c4h,1,0.47
Ac7d5c4d,1,0.47
As7h5s3h,1,0.24
As7d5s3d,1,0.24
As7c5s3c,1,0.24
Ah7d5h3d,1,0.24
Ah7c5h3c,1,0.24
Ah7s5h3s,1,0.24
Ad7c5d3c,1,0.24
Ad7s5d3s,1,0.24
Ad7h5d3h,1,0.24
Ac7s5c3s,1,0.24
Ac7h5c3h,1,0.24
Ac7d5c3d,1,0.24
As7h5s5d,1,0.19
As7h5s5c,1,0.19
As7d5s5c,1,0.19
As7d5s5h,1,0.19
As7c5s5h,1,0.19
As7c5s5d,1,0.19
Ah7d5h5c,1,0.19
Ah7d5s5h,1,0.19
Ah7c5h5d,1,0.19
Ah7c5s5h,1,0.19
Ah7s5h5c,1,0.19
Ah7s5h5d,1,0.19
Ad7c5h5d,1,0.19
Ad7c5s5d,1,0.19
Ad7s5d5c,1,0.19
Ad7s5h5d,1,0.19
Ad7h5d5c,1,0.19
Ad7h5s5d,1,0.19
Ac7s5h5c,1,0.19
Ac7s5d5c,1,0.19
Ac7h5d5c,1,0.19
Ac7h5s5c,1,0.19
Ac7d5s5c,1,0.19
Ac7d5h5c,1,0.19
As7h5s4d,1,0.21
As7h5s4c,1,0.21
As7d5s4c,1,0.21
As7d5s4h,1,0.21
As7c5s4h,1,0.21
As7c5s4d,1,0.21
Ah7d5h4c,1,0.21
Ah7d5h4s,1,0.21
Ah7c5h4d,1,0.21
Ah7c5h4s,1,0.21
Ah7s5h4c,1,0.21
Ah7s5h4d,1,0.21
Ad7c5d4h,1,0.21
Ad7c5d4s,1,0.21
Ad7s5d4c,1,0.21
Ad7s5d4h,1,0.21
Ad7h5d4c,1,0.21
Ad7h5d4s,1,0.21
Ac7s5c4h,1,0.21
Ac7s5c4d,1,0.21
Ac7h5c4d,1,0.21
Ac7h5c4s,1,0.21
Ac7d5c4s,1,0.21
Ac7d5c4h,1,0.21
As7h5s3d,1,0
As7h5s3c,1,0
As7d5s3c,1,0
As7d5s3h,1,0
As7c5s3h,1,0
As7c5s3d,1,0
Ah7d5h3c,1,0
Ah7d5h3s,1,0
Ah7c5h3d,1,0
Ah7c5h3s,1,0
Ah7s5h3c,1,0
Ah7s5h3d,1,0
Ad7c5d3h,1,0
Ad7c5d3s,1,0
Ad7s5d3c,1,0
Ad7s5d3h,1,0
Ad7h5d3c,1,0
Ad7h5d3s,1,0
Ac7s5c3h,1,0
Ac7s5c3d,1,0
Ac7h5c3d,1,0
Ac7h5c3s,1,0
Ac7d5c3s,1,0
Ac7d5c3h,1,0
As7h4s4h,1,0.28
As7d4s4d,1,0.28
As7c4s4c,1,0.28
Ah7d4h4d,1,0.28
Ah7c4h4c,1,0.28
Ah7s4s4h,1,0.28
Ad7c4d4c,1,0.28
Ad7s4s4d,1,0.28
Ad7h4h4d,1,0.28
Ac7s4s4c,1,0.28
Ac7h4h4c,1,0.28
Ac7d4d4c,1,0.28
As7h4s3h,1,0.05
As7d4s3d,1,0.05
As7c4s3c,1,0.05
Ah7d4h3d,1,0.05
Ah7c4h3c,1,0.05
Ah7s4h3s,1,0.05
Ad7c4d3c,1,0.05
Ad7s4d3s,1,0.05
Ad7h4d3h,1,0.05
Ac7s4c3s,1,0.05
Ac7h4c3h,1,0.05
Ac7d4c3d,1,0.05
As7h4s4d,1,0.05
As7h4s4c,1,0.05
As7d4s4c,1,0.05
As7d4s4h,1,0.05
As7c4s4h,1,0.05
As7c4s4d,1,0.05
Ah7d4h4c,1,0.05
Ah7d4s4h,1,0.05
Ah7c4h4d,1,0.05
Ah7c4s4h,1,0.05
Ah7s4h4c,1,0.05
Ah7s4h4d,1,0.05
Ad7c4h4d,1,0.05
Ad7c4s4d,1,0.05
Ad7s4d4c,1,0.05
Ad7s4h4d,1,0.05
Ad7h4d4c,1,0.05
Ad7h4s4d,1,0.05
Ac7s4h4c,1,0.05
Ac7s4d4c,1,0.05
Ac7h4d4c,1,0.05
Ac7h4s4c,1,0.05
Ac7d4s4c,1,0.05
Ac7d4h4c,1,0.05
As7h3s3h,1,0.1
As7d3s3d,1,0.1
As7c3s3c,1,0.1
Ah7d3h3d,1,0.1
Ah7c3h3c,1,0.1
Ah7s3s3h,1,0.1
Ad7c3d3c,1,0.1
Ad7s3s3d,1,0.1
Ad7h3h3d,1,0.1
Ac7s3s3c,1,0.1
Ac7h3h3c,1,0.1
Ac7d3d3c,1,0.1
As7h6h5s,1,0.45
As7d6d5s,1,0.45
As7c6c5s,1,0.45
Ah7d6d5h,1,0.45
Ah7c6c5h,1,0.45
Ah7s6s5h,1,0.45
Ad7c6c5d,1,0.45
Ad7s6s5d,1,0.45
Ad7h6h5d,1,0.45
Ac7s6s5c,1,0.45
Ac7h6h5c,1,0.45
Ac7d6d5c,1,0.45
As7h6h4s,1,0.29
As7d6d4s,1,0.29
As7c6c4s,1,0.29
Ah7d6d4h,1,0.29
Ah7c6c4h,1,0.29
Ah7s6s4h,1,0.29
Ad7c6c4d,1,0.29
Ad7s6s4d,1,0.29
Ad7h6h4d,1,0.29
Ac7s6s4c,1,0.29
Ac7h6h4c,1,0.29
Ac7d6d4c,1,0.29
As7h6h3s,1,0.05
As7d6d3s,1,0.05
As7c6c3s,1,0.05
Ah7d6d3h,1,0.05
Ah7c6c3h,1,0.05
Ah7s6s3h,1,0.05
Ad7c6c3d,1,0.05
Ad7s6s3d,1,0.05
Ad7h6h3d,1,0.05
Ac7s6s3c,1,0.05
Ac7h6h3c,1,0.05
Ac7d6d3c,1,0.05
As7h5h4s,1,0.48
As7d5d4s,1,0.48
As7c5c4s,1,0.48
Ah7d5d4h,1,0.48
Ah7c5c4h,1,0.48
Ah7s5s4h,1,0.48
Ad7c5c4d,1,0.48
Ad7s5s4d,1,0.48
Ad7h5h4d,1,0.48
Ac7s5s4c,1,0.48
Ac7h5h4c,1,0.48
Ac7d5d4c,1,0.48
As7h5h3s,1,0.26
As7d5d3s,1,0.26
As7c5c3s,1,0.26
Ah7d5d3h,1,0.26
Ah7c5c3h,1,0.26
Ah7s5s3h,1,0.26
Ad7c5c3d,1,0.26
Ad7s5s3d,1,0.26
Ad7h5h3d,1,0.26
Ac7s5s3c,1,0.26
Ac7h5h3c,1,0.26
Ac7d5d3c,1,0.26
As7h4h3s,1,0.06
As7d4d3s,1,0.06
As7c4c3s,1,0.06
Ah7d4d3h,1,0.06
Ah7c4c3h,1,0.06
Ah7s4s3h,1,0.06
Ad7c4c3d,1,0.06
Ad7s4s3d,1,0.06
Ad7h4h3d,1,0.06
Ac7s4s3c,1,0.06
Ac7h4h3c,1,0.06
Ac7d4d3c,1,0.06
As7h7d6s,1,0.16
As7h7c6s,1,0.16
As7d7c6s,1,0.16
Ah7d7c6h,1,0.16
Ah7s7d6h,1,0.16
Ah7s7c6h,1,0.16
Ad7h7c6d,1,0.16
Ad7s7c6d,1,0.16
Ad7s7h6d,1,0.16
Ac7s7h6c,1,0.16
Ac7s7d6c,1,0.16
Ac7h7d6c,1,0.16
As7h7d5s,1,0.18
As7h7c5s,1,0.18
As7d7c5s,1,0.18
Ah7d7c5h,1,0.18
Ah7s7d5h,1,0.18
Ah7s7c5h,1,0.18
Ad7h7c5d,1,0.18
Ad7s7c5d,1,0.18
Ad7s7h5d,1,0.18
Ac7s7h5c,1,0.18
Ac7s7d5c,1,0.18
Ac7h7d5c,1,0.18
As7h7d4s,1,0.03
As7h7c4s,1,0.03
As7d7c4s,1,0.03
Ah7d7c4h,1,0.03
Ah7s7d4h,1,0.03
Ah7s7c4h,1,0.03
Ad7h7c4d,1,0.03
Ad7s7c4d,1,0.03
Ad7s7h4d,1,0.03
Ac7s7h4c,1,0.03
Ac7s7d4c,1,0.03
Ac7h7d4c,1,0.03
As7h6d5s,1,0.18
As7h6c5s,1,0.18
As7d6c5s,1,0.18
As7d6h5s,1,0.18
As7c6h5s,1,0.18
As7c6d5s,1,0.18
Ah7d6c5h,1,0.18
Ah7d6s5h,1,0.18
Ah7c6d5h,1,0.18
Ah7c6s5h,1,0.18
Ah7s6c5h,1,0.18
Ah7s6d5h,1,0.18
Ad7c6h5d,1,0.18
Ad7c6s5d,1,0.18
Ad7s6c5d,1,0.18
Ad7s6h5d,1,0.18
Ad7h6c5d,1,0.18
Ad7h6s5d,1,0.18
Ac7s6h5c,1,0.18
Ac7s6d5c,1,0.18
Ac7h6d5c,1,0.18
Ac7h6s5c,1,0.18
Ac7d6s5c,1,0.18
Ac7d6h5c,1,0.18
As7h6d4s,1,0.02
As7h6c4s,1,0.02
As7d6c4s,1,0.02
As7d6h4s,1,0.02
As7c6h4s,1,0.02
As7c6d4s,1,0.02
Ah7d6c4h,1,0.02
Ah7d6s4h,1,0.02
Ah7c6d4h,1,0.02
Ah7c6s4h,1,0.02
Ah7s6c4h,1,0.02
Ah7s6d4h,1,0.02
Ad7c6h4d,1,0.02
Ad7c6s4d,1,0.02
Ad7s6c4d,1,0.02
Ad7s6h4d,1,0.02
Ad7h6c4d,1,0.02
Ad7h6s4d,1,0.02
Ac7s6h4c,1,0.02
Ac7s6d4c,1,0.02
Ac7h6d4c,1,0.02
Ac7h6s4c,1,0.02
Ac7d6s4c,1,0.02
Ac7d6h4c,1,0.02
As7h5d4s,1,0.2
As7h5c4s,1,0.2
As7d5c4s,1,0.2
As7d5h4s,1,0.2
As7c5h4s,1,0.2
As7c5d4s,1,0.2
Ah7d5c4h,1,0.2
Ah7d5s4h,1,0.2
Ah7c5d4h,1,0.2
Ah7c5s4h,1,0.2
Ah7s5c4h,1,0.2
Ah7s5d4h,1,0.2
Ad7c5h4d,1,0.2
Ad7c5s4d,1,0.2
Ad7s5c4d,1,0.2
Ad7s5h4d,1,0.2
Ad7h5c4d,1,0.2
Ad7h5s4d,1,0.2
Ac7s5h4c,1,0.2
Ac7s5d4c,1,0.2
Ac7h5d4c,1,0.2
Ac7h5s4c,1,0.2
Ac7d5s4c,1,0.2
Ac7d5h4c,1,0.2
As6h5s5h,1,0.44
As6d5s5d,1,0.44
As6c5s5c,1,0.44
Ah6d5h5d,1,0.44
Ah6c5h5c,1,0.44
Ah6s5s5h,1,0.44
Ad6c5d5c,1,0.44
Ad6s5s5d,1,0.44
Ad6h5h5d,1,0.44
Ac6s5s5c,1,0.44
Ac6h5h5c,1,0.44
Ac6d5d5c,1,0.44
As6h5s4h,1,0.42
As6d5s4d,1,0.42
As6c5s4c,1,0.42
Ah6d5h4d,1,0.42
Ah6c5h4c,1,0.42
Ah6s5h4s,1,0.42
Ad6c5d4c,1,0.42
Ad6s5d4s,1,0.42
Ad6h5d4h,1,0.42
Ac6s5c4s,1,0.42
Ac6h5c4h,1,0.42
Ac6d5c4d,1,0.42
As6h5s3h,1,0.23
As6d5s3d,1,0.23
As6c5s3c,1,0.23
Ah6d5h3d,1,0.23
Ah6c5h3c,1,0.23
Ah6s5h3s,1,0.23
Ad6c5d3c,1,0.23
Ad6s5d3s,1,0.23
Ad6h5d3h,1,0.23
Ac6s5c3s,1,0.23
Ac6h5c3h,1,0.23
Ac6d5c3d,1,0.23
As6h5s5d,1,0.2
As6h5s5c,1,0.2
As6d5s5c,1,0.2
As6d5s5h,1,0.2
As6c5s5h,1,0.2
As6c5s5d,1,0.2
Ah6d5h5c,1,0.2
Ah6d5s5h,1,0.2
Ah6c5h5d,1,0.2
Ah6c5s5h,1,0.2
Ah6s5h5c,1,0.2
Ah6s5h5d,1,0.2
Ad6c5h5d,1,0.2
Ad6c5s5d,1,0.2
Ad6s5d5c,1,0.2
Ad6s5h5d,1,0.2
Ad6h5d5c,1,0.2
Ad6h5s5d,1,0.2
Ac6s5h5c,1,0.2
Ac6s5d5c,1,0.2
Ac6h5d5c,1,0.2
Ac6h5s5c,1,0.2
Ac6d5s5c,1,0.2
Ac6d5h5c,1,0.2
As6h5s4d,1,0.17
As6h5s4c,1,0.17
As6d5s4c,1,0.17
As6d5s4h,1,0.17
As6c5s4h,1,0.17
As6c5s4d,1,0.17
Ah6d5h4c,1,0.17
Ah6d5h4s,1,0.17
Ah6c5h4d,1,0.17
Ah6c5h4s,1,0.17
Ah6s5h4c,1,0.17
Ah6s5h4d,1,0.17
Ad6c5d4h,1,0.17
Ad6c5d4s,1,0.17
Ad6s5d4c,1,0.17
Ad6s5d4h,1,0.17
Ad6h5d4c,1,0.17
Ad6h5d4s,1,0.17
Ac6s5c4h,1,0.17
Ac6s5c4d,1,0.17
Ac6h5c4d,1,0.17
Ac6h5c4s,1,0.17
Ac6d5c4s,1,0.17
Ac6d5c4h,1,0.17
As6h4s4h,1,0.32
As6d4s4d,1,0.32
As6c4s4c,1,0.32
Ah6d4h4d,1,0.32
Ah6c4h4c,1,0.32
Ah6s4s4h,1,0.32
Ad6c4d4c,1,0.32
Ad6s4s4d,1,0.32
Ad6h4h4d,1,0.32
Ac6s4s4c,1,0.32
Ac6h4h4c,1,0.32
Ac6d4d4c,1,0.32
As6h4s3h,1,0.07
As6d4s3d,1,0.07
As6c4s3c,1,0.07
Ah6d4h3d,1,0.07
Ah6c4h3c,1,0.07
Ah6s4h3s,1,0.07
Ad6c4d3c,1,0.07
Ad6s4d3s,1,0.07
Ad6h4d3h,1,0.07
Ac6s4c3s,1,0.07
Ac6h4c3h,1,0.07
Ac6d4c3d,1,0.07
As6h4s4d,1,0.09
As6h4s4c,1,0.09
As6d4s4c,1,0.09
As6d4s4h,1,0.09
As6c4s4h,1,0.09
As6c4s4d,1,0.09
Ah6d4h4c,1,0.09
Ah6d4s4h,1,0.09
Ah6c4h4d,1,0.09
Ah6c4s4h,1,0.09
Ah6s4h4c,1,0.09
Ah6s4h4d,1,0.09
Ad6c4h4d,1,0.09
Ad6c4s4d,1,0.09
Ad6s4d4c,1,0.09
Ad6s4h4d,1,0.09
Ad6h4d4c,1,0.09
Ad6h4s4d,1,0.09
Ac6s4h4c,1,0.09
Ac6s4d4c,1,0.09
Ac6h4d4c,1,0.09
Ac6h4s4c,1,0.09
Ac6d4s4c,1,0.09
Ac6d4h4c,1,0.09
As6h3s3h,1,0.15
As6d3s3d,1,0.15
As6c3s3c,1,0.15
Ah6d3h3d,1,0.15
Ah6c3h3c,1,0.15
Ah6s3s3h,1,0.15
Ad6c3d3c,1,0.15
Ad6s3s3d,1,0.15
Ad6h3h3d,1,0.15
Ac6s3s3c,1,0.15
Ac6h3h3c,1,0.15
Ac6d3d3c,1,0.15
As6h5h4s,1,0.44
As6d5d4s,1,0.44
As6c5c4s,1,0.44
Ah6d5d4h,1,0.44
Ah6c5c4h,1,0.44
Ah6s5s4h,1,0.44
Ad6c5c4d,1,0.44
Ad6s5s4d,1,0.44
Ad6h5h4d,1,0.44
Ac6s5s4c,1,0.44
Ac6h5h4c,1,0.44
Ac6d5d4c,1,0.44
As6h5h3s,1,0.26
As6d5d3s,1,0.26
As6c5c3s,1,0.26
Ah6d5d3h,1,0.26
Ah6c5c3h,1,0.26
Ah6s5s3h,1,0.26
Ad6c5c3d,1,0.26
Ad6s5s3d,1,0.26
Ad6h5h3d,1,0.26
Ac6s5s3c,1,0.26
Ac6h5h3c,1,0.26
Ac6d5d3c,1,0.26
As6h5h2s,1,0.02
As6d5d2s,1,0.02
As6c5c2s,1,0.02
Ah6d5d2h,1,0.02
Ah6c5c2h,1,0.02
Ah6s5s2h,1,0.02
Ad6c5c2d,1,0.02
Ad6s5s2d,1,0.02
Ad6h5h2d,1,0.02
Ac6s5s2c,1,0.02
Ac6h5h2c,1,0.02
Ac6d5d2c,1,0.02
As6h4h3s,1,0.08
As6d4d3s,1,0.08
As6c4c3s,1,0.08
Ah6d4d3h,1,0.08
Ah6c4c3h,1,0.08
Ah6s4s3h,1,0.08
Ad6c4c3d,1,0.08
Ad6s4s3d,1,0.08
Ad6h4h3d,1,0.08
Ac6s4s3c,1,0.08
Ac6h4h3c,1,0.08
Ac6d4d3c,1,0.08
As6h6d5s,1,0.16
As6h6c5s,1,0.16
As6d6c5s,1,0.16
Ah6d6c5h,1,0.16
Ah6s6d5h,1,0.16
Ah6s6c5h,1,0.16
Ad6h6c5d,1,0.16
Ad6s6c5d,1,0.16
Ad6s6h5d,1,0.16
Ac6s6h5c,1,0.16
Ac6s6d5c,1,0.16
Ac6h6d5c,1,0.16
As6h6d4s,1,0.04
As6h6c4s,1,0.04
As6d6c4s,1,0.04
Ah6d6c4h,1,0.04
Ah6s6d4h,1,0.04
Ah6s6c4h,1,0.04
Ad6h6c4d,1,0.04
Ad6s6c4d,1,0.04
Ad6s6h4d,1,0.04
Ac6s6h4c,1,0.04
Ac6s6d4c,1,0.04
Ac6h6d4c,1,0.04
As6h5d4s,1,0.17
As6h5c4s,1,0.17
As6d5c4s,1,0.17
As6d5h4s,1,0.17
As6c5h4s,1,0.17
As6c5d4s,1,0.17
Ah6d5c4h,1,0.17
Ah6d5s4h,1,0.17
Ah6c5d4h,1,0.17
Ah6c5s4h,1,0.17
Ah6s5c4h,1,0.17
Ah6s5d4h,1,0.17
Ad6c5h4d,1,0.17
Ad6c5s4d,1,0.17
Ad6s5c4d,1,0.17
Ad6s5h4d,1,0.17
Ad6h5c4d,1,0.17
Ad6h5s4d,1,0.17
Ac6s5h4c,1,0.17
Ac6s5d4c,1,0.17
Ac6h5d4c,1,0.17
Ac6h5s4c,1,0.17
Ac6d5s4c,1,0.17
Ac6d5h4c,1,0.17
As5h4s4h,1,0.58
As5d4s4d,1,0.58
As5c4s4c,1,0.58
Ah5d4h4d,1,0.58
Ah5c4h4c,1,0.58
Ah5s4s4h,1,0.58
Ad5c4d4c,1,0.58
Ad5s4s4d,1,0.58
Ad5h4h4d,1,0.58
Ac5s4s4c,1,0.58
Ac5h4h4c,1,0.58
Ac5d4d4c,1,0.58
As5h4s3h,1,0.38
As5d4s3d,1,0.38
As5c4s3c,1,0.38
Ah5d4h3d,1,0.38
Ah5c4h3c,1,0.38
Ah5s4h3s,1,0.38
Ad5c4d3c,1,0.38
Ad5s4d3s,1,0.38
Ad5h4d3h,1,0.38
Ac5s4c3s,1,0.38
Ac5h4c3h,1,0.38
Ac5d4c3d,1,0.38
As5h4s2h,1,0.19
As5d4s2d,1,0.19
As5c4s2c,1,0.19
Ah5d4h2d,1,0.19
Ah5c4h2c,1,0.19
Ah5s4h2s,1,0.19
Ad5c4d2c,1,0.19
Ad5s4d2s,1,0.19
Ad5h4d2h,1,0.19
Ac5s4c2s,1,0.19
Ac5h4c2h,1,0.19
Ac5d4c2d,1,0.19
As5h4s4d,1,0.32
As5h4s4c,1,0.32
As5d4s4c,1,0.32
As5d4s4h,1,0.32
As5c4s4h,1,0.32
As5c4s4d,1,0.32
Ah5d4h4c,1,0.32
Ah5d4s4h,1,0.32
Ah5c4h4d,1,0.32
Ah5c4s4h,1,0.32
Ah5s4h4c,1,0.32
Ah5s4h4d,1,0.32
Ad5c4h4d,1,0.32
Ad5c4s4d,1,0.32
Ad5s4d4c,1,0.32
Ad5s4h4d,1,0.32
Ad5h4d4c,1,0.32
Ad5h4s4d,1,0.32
Ac5s4h4c,1,0.32
Ac5s4d4c,1,0.32
Ac5h4d4c,1,0.32
Ac5h4s4c,1,0.32
Ac5d4s4c,1,0.32
Ac5d4h4c,1,0.32
As5h4s3d,1,0.13
As5h4s3c,1,0.13
As5d4s3c,1,0.13
As5d4s3h,1,0.13
As5c4s3h,1,0.13
As5c4s3d,1,0.13
Ah5d4h3c,1,0.13
Ah5d4h3s,1,0.13
Ah5c4h3d,1,0.13
Ah5c4h3s,1,0.13
Ah5s4h3c,1,0.13
Ah5s4h3d,1,0.13
Ad5c4d3h,1,0.13
Ad5c4d3s,1,0.13
Ad5s4d3c,1,0.13
Ad5s4d3h,1,0.13
Ad5h4d3c,1,0.13
Ad5h4d3s,1,0.13
Ac5s4c3h,1,0.13
Ac5s4c3d,1,0.13
Ac5h4c3d,1,0.13
Ac5h4c3s,1,0.13
Ac5d4c3s,1,0.13
Ac5d4c3h,1,0.13
As5h3s3h,1,0.44
As5d3s3d,1,0.44
As5c3s3c,1,0.44
Ah5d3h3d,1,0.44
Ah5c3h3c,1,0.44
Ah5s3s3h,1,0.44
Ad5c3d3c,1,0.44
Ad5s3s3d,1,0.44
Ad5h3h3d,1,0.44
Ac5s3s3c,1,0.44
Ac5h3h3c,1,0.44
Ac5d3d3c,1,0.44
As5h3s2h,1,0.03
As5d3s2d,1,0.03
As5c3s2c,1,0.03
Ah5d3h2d,1,0.03
Ah5c3h2c,1,0.03
Ah5s3h2s,1,0.03
Ad5c3d2c,1,0.03
Ad5s3d2s,1,0.03
Ad5h3d2h,1,0.03
Ac5s3c2s,1,0.03
Ac5h3c2h,1,0.03
Ac5d3c2d,1,0.03
As5h3s3d,1,0.2
As5h3s3c,1,0.2
As5d3s3c,1,0.2
As5d3s3h,1,0.2
As5c3s3h,1,0.2
As5c3s3d,1,0.2
Ah5d3h3c,1,0.2
Ah5d3s3h,1,0.2
Ah5c3h3d,1,0.2
Ah5c3s3h,1,0.2
Ah5s3h3c,1,0.2
Ah5s3h3d,1,0.2
Ad5c3h3d,1,0.2
Ad5c3s3d,1,0.2
Ad5s3d3c,1,0.2
Ad5s3h3d,1,0.2
Ad5h3d3c,1,0.2
Ad5h3s3d,1,0.2
Ac5s3h3c,1,0.2
Ac5s3d3c,1,0.2
Ac5h3d3c,1,0.2
Ac5h3s3c,1,0.2
Ac5d3s3c,1,0.2
Ac5d3h3c,1,0.2
As5h2s2h,1,0.22
As5d2s2d,1,0.22
As5c2s2c,1,0.22
Ah5d2h2d,1,0.22
Ah5c2h2c,1,0.22
Ah5s2s2h,1,0.22
Ad5c2d2c,1,0.22
Ad5s2s2d,1,0.22
Ad5h2h2d,1,0.22
Ac5s2s2c,1,0.22
Ac5h2h2c,1,0.22
Ac5d2d2c,1,0.22
As5h2s2d,1,0.01
As5h2s2c,1,0.01
As5d2s2c,1,0.01
As5d2s2h,1,0.01
As5c2s2h,1,0.01
As5c2s2d,1,0.01
Ah5d2h2c,1,0.01
Ah5d2s2h,1,0.01
Ah5c2h2d,1,0.01
Ah5c2s2h,1,0.01
Ah5s2h2c,1,0.01
Ah5s2h2d,1,0.01
Ad5c2h2d,1,0.01
Ad5c2s2d,1,0.01
Ad5s2d2c,1,0.01
Ad5s2h2d,1,0.01
Ad5h2d2c,1,0.01
Ad5h2s2d,1,0.01
Ac5s2h2c,1,0.01
Ac5s2d2c,1,0.01
Ac5h2d2c,1,0.01
Ac5h2s2c,1,0.01
Ac5d2s2c,1,0.01
Ac5d2h2c,1,0.01
As5h4h3s,1,0.4
As5d4d3s,1,0.4
As5c4c3s,1,0.4
Ah5d4d3h,1,0.4
Ah5c4c3h,1,0.4
Ah5s4s3h,1,0.4
Ad5c4c3d,1,0.4
Ad5s4s3d,1,0.4
Ad5h4h3d,1,0.4
Ac5s4s3c,1,0.4
Ac5h4h3c,1,0.4
Ac5d4d3c,1,0.4
As5h4h2s,1,0.21
As5d4d2s,1,0.21
As5c4c2s,1,0.21
Ah5d4d2h,1,0.21
Ah5c4c2h,1,0.21
Ah5s4s2h,1,0.21
Ad5c4c2d,1,0.21
Ad5s4s2d,1,0.21
Ad5h4h2d,1,0.21
Ac5s4s2c,1,0.21
Ac5h4h2c,1,0.21
Ac5d4d2c,1,0.21
As5h3h2s,1,0.04
As5d3d2s,1,0.04
As5c3c2s,1,0.04
Ah5d3d2h,1,0.04
Ah5c3c2h,1,0.04
Ah5s3s2h,1,0.04
Ad5c3c2d,1,0.04
Ad5s3s2d,1,0.04
Ad5h3h2d,1,0.04
Ac5s3s2c,1,0.04
Ac5h3h2c,1,0.04
Ac5d3d2c,1,0.04
As5h5d4s,1,0.21
As5h5c4s,1,0.21
As5d5c4s,1,0.21
Ah5d5c4h,1,0.21
Ah5s5d4h,1,0.21
Ah5s5c4h,1,0.21
Ad5h5c4d,1,0.21
Ad5s5c4d,1,0.21
Ad5s5h4d,1,0.21
Ac5s5h4c,1,0.21
Ac5s5d4c,1,0.21
Ac5h5d4c,1,0.21
As5h5d3s,1,0.08
As5h5c3s,1,0.08
As5d5c3s,1,0.08
Ah5d5c3h,1,0.08
Ah5s5d3h,1,0.08
Ah5s5c3h,1,0.08
Ad5h5c3d,1,0.08
Ad5s5c3d,1,0.08
Ad5s5h3d,1,0.08
Ac5s5h3c,1,0.08
Ac5s5d3c,1,0.08
Ac5h5d3c,1,0.08
As5h4d3s,1,0.12
As5h4c3s,1,0.12
As5d4c3s,1,0.12
As5d4h3s,1,0.12
As5c4h3s,1,0.12
As5c4d3s,1,0.12
Ah5d4c3h,1,0.12
Ah5d4s3h,1,0.12
Ah5c4d3h,1,0.12
Ah5c4s3h,1,0.12
Ah5s4c3h,1,0.12
Ah5s4d3h,1,0.12
Ad5c4h3d,1,0.12
Ad5c4s3d,1,0.12
Ad5s4c3d,1,0.12
Ad5s4h3d,1,0.12
Ad5h4c3d,1,0.12
Ad5h4s3d,1,0.12
Ac5s4h3c,1,0.12
Ac5s4d3c,1,0.12
Ac5h4d3c,1,0.12
Ac5h4s3c,1,0.12
Ac5d4s3c,1,0.12
Ac5d4h3c,1,0.12
As4h3s3h,1,0.36
As4d3s3d,1,0.36
As4c3s3c,1,0.36
Ah4d3h3d,1,0.36
Ah4c3h3c,1,0.36
Ah4s3s3h,1,0.36
Ad4c3d3c,1,0.36
Ad4s3s3d,1,0.36
Ad4h3h3d,1,0.36
Ac4s3s3c,1,0.36
Ac4h3h3c,1,0.36
Ac4d3d3c,1,0.36
As4h3s3d,1,0.13
As4h3s3c,1,0.13
As4d3s3c,1,0.13
As4d3s3h,1,0.13
As4c3s3h,1,0.13
As4c3s3d,1,0.13
Ah4d3h3c,1,0.13
Ah4d3s3h,1,0.13
Ah4c3h3d,1,0.13
Ah4c3s3h,1,0.13
Ah4s3h3c,1,0.13
Ah4s3h3d,1,0.13
Ad4c3h3d,1,0.13
Ad4c3s3d,1,0.13
Ad4s3d3c,1,0.13
Ad4s3h3d,1,0.13
Ad4h3d3c,1,0.13
Ad4h3s3d,1,0.13
Ac4s3h3c,1,0.13
Ac4s3d3c,1,0.13
Ac4h3d3c,1,0.13
Ac4h3s3c,1,0.13
Ac4d3s3c,1,0.13
Ac4d3h3c,1,0.13
As4h2s2h,1,0.2
As4d2s2d,1,0.2
As4c2s2c,1,0.2
Ah4d2h2d,1,0.2
Ah4c2h2c,1,0.2
Ah4s2s2h,1,0.2
Ad4c2d2c,1,0.2
Ad4s2s2d,1,0.2
Ad4h2h2d,1,0.2
Ac4s2s2c,1,0.2
Ac4h2h2c,1,0.2
Ac4d2d2c,1,0.2
As4h4d3s,1,0.01
As4h4c3s,1,0.01
As4d4c3s,1,0.01
Ah4d4c3h,1,0.01
Ah4s4d3h,1,0.01
Ah4s4c3h,1,0.01
Ad4h4c3d,1,0.01
Ad4s4c3d,1,0.01
Ad4s4h3d,1,0.01
Ac4s4h3c,1,0.01
Ac4s4d3c,1,0.01
Ac4h4d3c,1,0.01
As3h2s2h,1,0.12
As3d2s2d,1,0.12
As3c2s2c,1,0.12
Ah3d2h2d,1,0.12
Ah3c2h2c,1,0.12
Ah3s2s2h,1,0.12
Ad3c2d2c,1,0.12
Ad3s2s2d,1,0.12
Ad3h2h2d,1,0.12
Ac3s2s2c,1,0.12
Ac3h2h2c,1,0.12
Ac3d2d2c,1,0.12
KsQsJsJh,1,0.11
KsQsJsJd,1,0.11
KsQsJsJc,1,0.11
KhQhJhJd,1,0.11
KhQhJhJc,1,0.11
KhQhJsJh,1,0.11
KdQdJdJc,1,0.11
KdQdJsJd,1,0.11
KdQdJhJd,1,0.11
KcQcJsJc,1,0.11
KcQcJhJc,1,0.11
KcQcJdJc,1,0.11
KsQsJsTh,1,0.18
KsQsJsTd,1,0.18
KsQsJsTc,1,0.18
KhQhJhTd,1,0.18
KhQhJhTc,1,0.18
KhQhJhTs,1,0.18
KdQdJdTc,1,0.18
KdQdJdTs,1,0.18
KdQdJdTh,1,0.18
KcQcJcTs,1,0.18
KcQcJcTh,1,0.18
KcQcJcTd,1,0.18
KsQsTsTh,1,0.02
KsQsTsTd,1,0.02
KsQsTsTc,1,0.02
KhQhThTd,1,0.02
KhQhThTc,1,0.02
KhQhTsTh,1,0.02
KdQdTdTc,1,0.02
KdQdTsTd,1,0.02
KdQdThTd,1,0.02
KcQcTsTc,1,0.02
KcQcThTc,1,0.02
KcQcTdTc,1,0.02
KsQsQhJs,1,0.14
KsQsQdJs,1,0.14
KsQsQcJs,1,0.14
KhQhQdJh,1,0.14
KhQhQcJh,1,0.14
KhQsQhJh,1,0.14
KdQdQcJd,1,0.14
KdQsQdJd,1,0.14
KdQhQdJd,1,0.14
KcQsQcJc,1,0.14
KcQhQcJc,1,0.14
KcQdQcJc,1,0.14
KsQsQhTs,1,0.13
KsQsQdTs,1,0.13
KsQsQcTs,1,0.13
KhQhQdTh,1,0.13
KhQhQcTh,1,0.13
KhQsQhTh,1,0.13
KdQdQcTd,1,0.13
KdQsQdTd,1,0.13
KdQhQdTd,1,0.13
KcQsQcTc,1,0.13
KcQhQcTc,1,0.13
KcQdQcTc,1,0.13
KsQsQh9s,0.016,0
KsQsQd9s,0.016,0
KsQsQc9s,0.016,0
KhQhQd9h,0.016,0
KhQhQc9h,0.016,0
KhQsQh9h,0.016,0
KdQdQc9d,0.016,0
KdQsQd9d,0.016,0
KdQhQd9d,0.016,0
KcQsQc9c,0.016,0
KcQhQc9c,0.016,0
KcQdQc9c,0.016,0
KsQsQhJh,1,0.72
KsQsQdJd,1,0.72
KsQsQcJc,1,0.72
KhQhQdJd,1,0.72
KhQhQcJc,1,0.72
KhQsQhJs,1,0.72
KdQdQcJc,1,0.72
KdQsQdJs,1,0.72
KdQhQdJh,1,0.72
KcQsQcJs,1,0.72
KcQhQcJh,1,0.72
KcQdQcJd,1,0.72
KsQsQhTh,1,0.69
KsQsQdTd,1,0.69
KsQsQcTc,1,0.69
KhQhQdTd,1,0.69
KhQhQcTc,1,0.69
KhQsQhTs,1,0.69
KdQdQcTc,1,0.69
KdQsQdTs,1,0.69
KdQhQdTh,1,0.69
KcQsQcTs,1,0.69
KcQhQcTh,1,0.69
KcQdQcTd,1,0.69
KsQsQh9h,1,0.41
KsQsQd9d,1,0.41
KsQsQc9c,1,0.41
KhQhQd9d,1,0.41
KhQhQc9c,1,0.41
KhQsQh9s,1,0.41
KdQdQc9c,1,0.41
KdQsQd9s,1,0.41
KdQhQd9h,1,0.41
KcQsQc9s,1,0.41
KcQhQc9h,1,0.41
KcQdQc9d,1,0.41
KsQsQh8h,1,0.19
KsQsQd8d,1,0.19
KsQsQc8c,1,0.19
KhQhQd8d,1,0.19
KhQhQc8c,1,0.19
KhQsQh8s,1,0.19
KdQdQc8c,1,0.19
KdQsQd8s,1,0.19
KdQhQd8h,1,0.19
KcQsQc8s,1,0.19
KcQhQc8h,1,0.19
KcQdQc8d,1,0.19
KsQsQh7h,1,0.17
KsQsQd7d,1,0.17
KsQsQc7c,1,0.17
KhQhQd7d,1,0.17
KhQhQc7c,1,0.17
KhQsQh7s,1,0.17
KdQdQc7c,1,0.17
KdQsQd7s,1,0.17
KdQhQd7h,1,0.17
KcQsQc7s,1,0.17
KcQhQc7h,1,0.17
KcQdQc7d,1,0.17
KsQsQh6h,1,0.17
KsQsQd6d,1,0.17
KsQsQc6c,1,0.17
KhQhQd6d,1,0.17
KhQhQc6c,1,0.17
KhQsQh6s,1,0.17
KdQdQc6c,1,0.17
KdQsQd6s,1,0.17
KdQhQd6h,1,0.17
KcQsQc6s,1,0.17
KcQhQc6h,1,0.17
KcQdQc6d,1,0.17
KsQsQh5h,1,0.2
KsQsQd5d,1,0.2
KsQsQc5c,1,0.2
KhQhQd5d,1,0.2
KhQhQc5c,1,0.2
KhQsQh5s,1,0.2
KdQdQc5c,1,0.2
KdQsQd5s,1,0.2
KdQhQd5h,1,0.2
KcQsQc5s,1,0.2
KcQhQc5h,1,0.2
KcQdQc5d,1,0.2
KsQsQh4h,1,0.2
KsQsQd4d,1,0.2
KsQsQc4c,1,0.2
KhQhQd4d,1,0.2
KhQhQc4c,1,0.2
KhQsQh4s,1,0.2
KdQdQc4c,1,0.2
KdQsQd4s,1,0.2
KdQhQd4h,1,0.2
KcQsQc4s,1,0.2
KcQhQc4h,1,0.2
KcQdQc4d,1,0.2
KsQsQh3h,1,0.21
KsQsQd3d,1,0.21
KsQsQc3c,1,0.21
KhQhQd3d,1,0.21
KhQhQc3c,1,0.21
KhQsQh3s,1,0.21
KdQdQc3c,1,0.21
KdQsQd3s,1,0.21
KdQhQd3h,1,0.21
KcQsQc3s,1,0.21
KcQhQc3h,1,0.21
KcQdQc3d,1,0.21
KsQsQh2h,1,0.24
KsQsQd2d,1,0.24
KsQsQc2c,1,0.24
KhQhQd2d,1,0.24
KhQhQc2c,1,0.24
KhQsQh2s,1,0.24
KdQdQc2c,1,0.24
KdQsQd2s,1,0.24
KdQhQd2h,1,0.24
KcQsQc2s,1,0.24
KcQhQc2h,1,0.24
KcQdQc2d,1,0.24
KsQsQhJd,1,0.27
KsQsQhJc,1,0.27
KsQsQdJc,1,0.27
KsQsQdJh,1,0.27
KsQsQcJh,1,0.27
KsQsQcJd,1,0.27
KhQhQdJc,1,0.27
KhQhQdJs,1,0.27
KhQhQcJd,1,0.27
KhQhQcJs,1,0.27
KhQsQhJc,1,0.27
KhQsQhJd,1,0.27
KdQdQcJh,1,0.27
KdQdQcJs,1,0.27
KdQsQdJc,1,0.27
KdQsQdJh,1,0.27
KdQhQdJc,1,0.27
KdQhQdJs,1,0.27
KcQsQcJh,1,0.27
KcQsQcJd,1,0.27
KcQhQcJd,1,0.27
KcQhQcJs,1,0.27
KcQdQcJs,1,0.27
KcQdQcJh,1,0.27
KsQsQhTd,1,0.26
KsQsQhTc,1,0.26
KsQsQdTc,1,0.26
KsQsQdTh,1,0.26
KsQsQcTh,1,0.26
KsQsQcTd,1,0.26
KhQhQdTc,1,0.26
KhQhQdTs,1,0.26
KhQhQcTd,1,0.26
KhQhQcTs,1,0.26
KhQsQhTc,1,0.26
KhQsQhTd,1,0.26
KdQdQcTh,1,0.26
KdQdQcTs,1,0.26
KdQsQdTc,1,0.26
KdQsQdTh,1,0.26
KdQhQdTc,1,0.26
KdQhQdTs,1,0.26
KcQsQcTh,1,0.26
KcQsQcTd,1,0.26
KcQhQcTd,1,0.26
KcQhQcTs,1,0.26
KcQdQcTs,1,0.26
KcQdQcTh,1,0.26
KsQsQh9d,1,0.09
KsQsQh9c,1,0.09
KsQsQd9c,1,0.09
KsQsQd9h,1,0.09
KsQsQc9h,1,0.09
KsQsQc9d,1,0.09
KhQhQd9c,1,0.09
KhQhQd9s,1,0.09
KhQhQc9d,1,0.09
KhQhQc9s,1,0.09
KhQsQh9c,1,0.09
KhQsQh9d,1,0.09
KdQdQc9h,1,0.09
KdQdQc9s,1,0.09
KdQsQd9c,1,0.09
KdQsQd9h,1,0.09
KdQhQd9c,1,0.09
KdQhQd9s,1,0.09
KcQsQc9h,1,0.09
KcQsQc9d,1,0.09
KcQhQc9d,1,0.09
KcQhQc9s,1,0.09
KcQdQc9s,1,0.09
KcQdQc9h,1,0.09
KsQsJhTs,1,0.18
KsQsJdTs,1,0.18
KsQsJcTs,1,0.18
KhQhJdTh,1,0.18
KhQhJcTh,1,0.18
KhQhJsTh,1,0.18
KdQdJcTd,1,0.18
KdQdJsTd,1,0.18
KdQdJhTd,1,0.18
KcQcJsTc,1,0.18
KcQcJhTc,1,0.18
KcQcJdTc,1,0.18
KsQsJhTh,1,0.82
KsQsJdTd,1,0.82
KsQsJcTc,1,0.82
KhQhJdTd,1,0.82
KhQhJcTc,1,0.82
KhQhJsTs,1,0.82
KdQdJcTc,1,0.82
KdQdJsTs,1,0.82
KdQdJhTh,1,0.82
KcQcJsTs,1,0.82
KcQcJhTh,1,0.82
KcQcJdTd,1,0.82
KsQsJh9h,1,0.37
KsQsJd9d,1,0.37
KsQsJc9c,1,0.37
KhQhJd9d,1,0.37
KhQhJc9c,1,0.37
KhQhJs9s,1,0.37
KdQdJc9c,1,0.37
KdQdJs9s,1,0.37
KdQdJh9h,1,0.37
KcQcJs9s,1,0.37
KcQcJh9h,1,0.37
KcQcJd9d,1,0.37
KsQsJh8h,1,0.14
KsQsJd8d,1,0.14
KsQsJc8c,1,0.14
KhQhJd8d,1,0.14
KhQhJc8c,1,0.14
KhQhJs8s,1,0.14
KdQdJc8c,1,0.14
KdQdJs8s,1,0.14
KdQdJh8h,1,0.14
KcQcJs8s,1,0.14
KcQcJh8h,1,0.14
KcQcJd8d,1,0.14
KsQsJh3h,1,0.02
KsQsJd3d,1,0.02
KsQsJc3c,1,0.02
KhQhJd3d,1,0.02
KhQhJc3c,1,0.02
KhQhJs3s,1,0.02
KdQdJc3c,1,0.02
KdQdJs3s,1,0.02
KdQdJh3h,1,0.02
KcQcJs3s,1,0.02
KcQcJh3h,1,0.02
KcQcJd3d,1,0.02
KsQsJh2h,1,0.06
KsQsJd2d,1,0.06
KsQsJc2c,1,0.06
KhQhJd2d,1,0.06
KhQhJc2c,1,0.06
KhQhJs2s,1,0.06
KdQdJc2c,1,0.06
KdQdJs2s,1,0.06
KdQdJh2h,1,0.06
KcQcJs2s,1,0.06
KcQcJh2h,1,0.06
KcQcJd2d,1,0.06
KsQsJhJd,1,0.2
KsQsJhJc,1,0.2
KsQsJdJc,1,0.2
KhQhJdJc,1,0.2
KhQhJsJd,1,0.2
KhQhJsJc,1,0.2
KdQdJhJc,1,0.2
KdQdJsJc,1,0.2
KdQdJsJh,1,0.2
KcQcJsJh,1,0.2
KcQcJsJd,1,0.2
KcQcJhJd,1,0.2
KsQsJhTd,1,0.37
KsQsJhTc,1,0.37
KsQsJdTc,1,0.37
KsQsJdTh,1,0.37
KsQsJcTh,1,0.37
KsQsJcTd,1,0.37
KhQhJdTc,1,0.37
KhQhJdTs,1,0.37
KhQhJcTd,1,0.37
KhQhJcTs,1,0.37
KhQhJsTc,1,0.37
KhQhJsTd,1,0.37
KdQdJcTh,1,0.37
KdQdJcTs,1,0.37
KdQdJsTc,1,0.37
KdQdJsTh,1,0.37
KdQdJhTc,1,0.37
KdQdJhTs,1,0.37
KcQcJsTh,1,0.37
KcQcJsTd,1,0.37
KcQcJhTd,1,0.37
KcQcJhTs,1,0.37
KcQcJdTs,1,0.37
KcQcJdTh,1,0.37
KsQsTh9h,1,0.53
KsQsTd9d,1,0.53
KsQsTc9c,1,0.53
KhQhTd9d,1,0.53
KhQhTc9c,1,0.53
KhQhTs9s,1,0.53
KdQdTc9c,1,0.53
KdQdTs9s,1,0.53
KdQdTh9h,1,0.53
KcQcTs9s,1,0.53
KcQcTh9h,1,0.53
KcQcTd9d,1,0.53
KsQsTh8h,1,0.25
KsQsTd8d,1,0.25
KsQsTc8c,1,0.25
KhQhTd8d,1,0.25
KhQhTc8c,1,0.25
KhQhTs8s,1,0.25
KdQdTc8c,1,0.25
KdQdTs8s,1,0.25
KdQdTh8h,1,0.25
KcQcTs8s,1,0.25
KcQcTh8h,1,0.25
KcQcTd8d,1,0.25
KsQsTh7h,1,0.09
KsQsTd7d,1,0.09
KsQsTc7c,1,0.09
KhQhTd7d,1,0.09
KhQhTc7c,1,0.09
KhQhTs7s,1,0.09
KdQdTc7c,1,0.09
KdQdTs7s,1,0.09
KdQdTh7h,1,0.09
KcQcTs7s,1,0.09
KcQcTh7h,1,0.09
KcQcTd7d,1,0.09
KsQsTh6h,1,0.04
KsQsTd6d,1,0.04
KsQsTc6c,1,0.04
KhQhTd6d,1,0.04
KhQhTc6c,1,0.04
KhQhTs6s,1,0.04
KdQdTc6c,1,0.04
KdQdTs6s,1,0.04
KdQdTh6h,1,0.04
KcQcTs6s,1,0.04
KcQcTh6h,1,0.04
KcQcTd6d,1,0.04
KsQsThTd,1,0.09
KsQsThTc,1,0.09
KsQsTdTc,1,0.09
KhQhTdTc,1,0.09
KhQhTsTd,1,0.09
KhQhTsTc,1,0.09
KdQdThTc,1,0.09
KdQdTsTc,1,0.09
KdQdTsTh,1,0.09
KcQcTsTh,1,0.09
KcQcTsTd,1,0.09
KcQcThTd,1,0.09
KsQsTh9d,1,0.14
KsQsTh9c,1,0.14
KsQsTd9c,1,0.14
KsQsTd9h,1,0.14
KsQsTc9h,1,0.14
KsQsTc9d,1,0.14
KhQhTd9c,1,0.14
KhQhTd9s,1,0.14
KhQhTc9d,1,0.14
KhQhTc9s,1,0.14
KhQhTs9c,1,0.14
KhQhTs9d,1,0.14
KdQdTc9h,1,0.14
KdQdTc9s,1,0.14
KdQdTs9c,1,0.14
KdQdTs9h,1,0.14
KdQdTh9c,1,0.14
KdQdTh9s,1,0.14
KcQcTs9h,1,0.14
KcQcTs9d,1,0.14
KcQcTh9d,1,0.14
KcQcTh9s,1,0.14
KcQcTd9s,1,0.14
KcQcTd9h,1,0.14
KsQs9h8h,1,0.03
KsQs9d8d,1,0.03
KsQs9c8c,1,0.03
KhQh9d8d,1,0.03
KhQh9c8c,1,0.03
KhQh9s8s,1,0.03
KdQd9c8c,1,0.03
KdQd9s8s,1,0.03
KdQd9h8h,1,0.03
KcQc9s8s,1,0.03
KcQc9h8h,1,0.03
KcQc9d8d,1,0.03
KsJsTsTh,1,0.13
KsJsTsTd,1,0.13
KsJsTsTc,1,0.13
KhJhThTd,1,0.13
KhJhThTc,1,0.13
KhJhTsTh,1,0.13
KdJdTdTc,1,0.13
KdJdTsTd,1,0.13
KdJdThTd,1,0.13
KcJcTsTc,1,0.13
KcJcThTc,1,0.13
KcJcTdTc,1,0.13
KsJsTs9h,1,0.12
KsJsTs9d,1,0.12
KsJsTs9c,1,0.12
KhJhTh9d,1,0.12
KhJhTh9c,1,0.12
KhJhTh9s,1,0.12
KdJdTd9c,1,0.12
KdJdTd9s,1,0.12
KdJdTd9h,1,0.12
KcJcTc9s,1,0.12
KcJcTc9h,1,0.12
KcJcTc9d,1,0.12
KsJsJhTs,1,0.16
KsJsJdTs,1,0.16
KsJsJcTs,1,0.16
KhJhJdTh,1,0.16
KhJhJcTh,1,0.16
KhJsJhTh,1,0.16
KdJdJcTd,1,0.16
KdJsJdTd,1,0.16
KdJhJdTd,1,0.16
KcJsJcTc,1,0.16
KcJhJcTc,1,0.16
KcJdJcTc,1,0.16
KsJsJhTh,1,0.73
KsJsJdTd,1,0.73
KsJsJcTc,1,0.73
KhJhJdTd,1,0.73
KhJhJcTc,1,0.73
KhJsJhTs,1,0.73
KdJdJcTc,1,0.73
KdJsJdTs,1,0.73
KdJhJdTh,1,0.73
KcJsJcTs,1,0.73
KcJhJcTh,1,0.73
KcJdJcTd,1,0.73
KsJsJh9h,1,0.45
KsJsJd9d,1,0.45
KsJsJc9c,1,0.45
KhJhJd9d,1,0.45
KhJhJc9c,1,0.45
KhJsJh9s,1,0.45
KdJdJc9c,1,0.45
KdJsJd9s,1,0.45
KdJhJd9h,1,0.45
KcJsJc9s,1,0.45
KcJhJc9h,1,0.45
KcJdJc9d,1,0.45
KsJsJh8h,1,0.22
KsJsJd8d,1,0.22
KsJsJc8c,1,0.22
KhJhJd8d,1,0.22
KhJhJc8c,1,0.22
KhJsJh8s,1,0.22
KdJdJc8c,1,0.22
KdJsJd8s,1,0.22
KdJhJd8h,1,0.22
KcJsJc8s,1,0.22
KcJhJc8h,1,0.22
KcJdJc8d,1,0.22
KsJsJh7h,1,0.14
KsJsJd7d,1,0.14
KsJsJc7c,1,0.14
KhJhJd7d,1,0.14
KhJhJc7c,1,0.14
KhJsJh7s,1,0.14
KdJdJc7c,1,0.14
KdJsJd7s,1,0.14
KdJhJd7h,1,0.14
KcJsJc7s,1,0.14
KcJhJc7h,1,0.14
KcJdJc7d,1,0.14
KsJsJh6h,1,0.03
KsJsJd6d,1,0.03
KsJsJc6c,1,0.03
KhJhJd6d,1,0.03
KhJhJc6c,1,0.03
KhJsJh6s,1,0.03
KdJdJc6c,1,0.03
KdJsJd6s,1,0.03
KdJhJd6h,1,0.03
KcJsJc6s,1,0.03
KcJhJc6h,1,0.03
KcJdJc6d,1,0.03
KsJsJh5h,1,0.04
KsJsJd5d,1,0.04
KsJsJc5c,1,0.04
KhJhJd5d,1,0.04
KhJhJc5c,1,0.04
KhJsJh5s,1,0.04
KdJdJc5c,1,0.04
KdJsJd5s,1,0.04
KdJhJd5h,1,0.04
KcJsJc5s,1,0.04
KcJhJc5h,1,0.04
KcJdJc5d,1,0.04
KsJsJh4h,1,0.03
KsJsJd4d,1,0.03
KsJsJc4c,1,0.03
KhJhJd4d,1,0.03
KhJhJc4c,1,0.03
KhJsJh4s,1,0.03
KdJdJc4c,1,0.03
KdJsJd4s,1,0.03
KdJhJd4h,1,0.03
KcJsJc4s,1,0.03
KcJhJc4h,1,0.03
KcJdJc4d,1,0.03
KsJsJh3h,1,0.04
KsJsJd3d,1,0.04
KsJsJc3c,1,0.04
KhJhJd3d,1,0.04
KhJhJc3c,1,0.04
KhJsJh3s,1,0.04
KdJdJc3c,1,0.04
KdJsJd3s,1,0.04
KdJhJd3h,1,0.04
KcJsJc3s,1,0.04
KcJhJc3h,1,0.04
KcJdJc3d,1,0.04
KsJsJh2h,1,0.07
KsJsJd2d,1,0.07
KsJsJc2c,1,0.07
KhJhJd2d,1,0.07
KhJhJc2c,1,0.07
KhJsJh2s,1,0.07
KdJdJc2c,1,0.07
KdJsJd2s,1,0.07
KdJhJd2h,1,0.07
KcJsJc2s,1,0.07
KcJhJc2h,1,0.07
KcJdJc2d,1,0.07
KsJsJhTd,1,0.31
KsJsJhTc,1,0.31
KsJsJdTc,1,0.31
KsJsJdTh,1,0.31
KsJsJcTh,1,0.31
KsJsJcTd,1,0.31
KhJhJdTc,1,0.31
KhJhJdTs,1,0.31
KhJhJcTd,1,0.31
KhJhJcTs,1,0.31
KhJsJhTc,1,0.31
KhJsJhTd,1,0.31
KdJdJcTh,1,0.31
KdJdJcTs,1,0.31
KdJsJdTc,1,0.31
KdJsJdTh,1,0.31
KdJhJdTc,1,0.31
KdJhJdTs,1,0.31
KcJsJcTh,1,0.31
KcJsJcTd,1,0.31
KcJhJcTd,1,0.31
KcJhJcTs,1,0.31
KcJdJcTs,1,0.31
KcJdJcTh,1,0.31
KsJsJh9d,1,0.09
KsJsJh9c,1,0.09
KsJsJd9c,1,0.09
KsJsJd9h,1,0.09
KsJsJc9h,1,0.09
KsJsJc9d,1,0.09
KhJhJd9c,1,0.09
KhJhJd9s,1,0.09
KhJhJc9d,1,0.09
KhJhJc9s,1,0.09
KhJsJh9c,1,0.09
KhJsJh9d,1,0.09
KdJdJc9h,1,0.09
KdJdJc9s,1,0.09
KdJsJd9c,1,0.09
KdJsJd9h,1,0.09
KdJhJd9c,1,0.09
KdJhJd9s,1,0.09
KcJsJc9h,1,0.09
KcJsJc9d,1,0.09
KcJhJc9d,1,0.09
KcJhJc9s,1,0.09
KcJdJc9s,1,0.09
KcJdJc9h,1,0.09
KsJsTh9s,1,0.12
KsJsTd9s,1,0.12
KsJsTc9s,1,0.12
KhJhTd9h,1,0.12
KhJhTc9h,1,0.12
KhJhTs9h,1,0.12
KdJdTc9d,1,0.12
KdJdTs9d,1,0.12
KdJdTh9d,1,0.12
KcJcTs9c,1,0.12
KcJcTh9c,1,0.12
KcJcTd9c,1,0.12
KsJsTh9h,1,0.74
KsJsTd9d,1,0.74
KsJsTc9c,1,0.74
KhJhTd9d,1,0.74
KhJhTc9c,1,0.74
KhJhTs9s,1,0.74
KdJdTc9c,1,0.74
KdJdTs9s,1,0.74
KdJdTh9h,1,0.74
KcJcTs9s,1,0.74
KcJcTh9h,1,0.74
KcJcTd9d,1,0.74
KsJsTh8h,1,0.45
KsJsTd8d,1,0.45
KsJsTc8c,1,0.45
KhJhTd8d,1,0.45
KhJhTc8c,1,0.45
KhJhTs8s,1,0.45
KdJdTc8c,1,0.45
KdJdTs8s,1,0.45
KdJdTh8h,1,0.45
KcJcTs8s,1,0.45
KcJcTh8h,1,0.45
KcJcTd8d,1,0.45
KsJsTh7h,1,0.34
KsJsTd7d,1,0.34
KsJsTc7c,1,0.34
KhJhTd7d,1,0.34
KhJhTc7c,1,0.34
KhJhTs7s,1,0.34
KdJdTc7c,1,0.34
KdJdTs7s,1,0.34
KdJdTh7h,1,0.34
KcJcTs7s,1,0.34
KcJcTh7h,1,0.34
KcJcTd7d,1,0.34
KsJsTh6h,1,0.02
KsJsTd6d,1,0.02
KsJsTc6c,1,0.02
KhJhTd6d,1,0.02
KhJhTc6c,1,0.02
KhJhTs6s,1,0.02
KdJdTc6c,1,0.02
KdJdTs6s,1,0.02
KdJdTh6h,1,0.02
KcJcTs6s,1,0.02
KcJcTh6h,1,0.02
KcJcTd6d,1,0.02
KsJsTh5h,1,0.03
KsJsTd5d,1,0.03
KsJsTc5c,1,0.03
KhJhTd5d,1,0.03
KhJhTc5c,1,0.03
KhJhTs5s,1,0.03
KdJdTc5c,1,0.03
KdJdTs5s,1,0.03
KdJdTh5h,1,0.03
KcJcTs5s,1,0.03
KcJcTh5h,1,0.03
KcJcTd5d,1,0.03
KsJsTh4h,1,0.05
KsJsTd4d,1,0.05
KsJsTc4c,1,0.05
KhJhTd4d,1,0.05
KhJhTc4c,1,0.05
KhJhTs4s,1,0.05
KdJdTc4c,1,0.05
KdJdTs4s,1,0.05
KdJdTh4h,1,0.05
KcJcTs4s,1,0.05
KcJcTh4h,1,0.05
KcJcTd4d,1,0.05
KsJsTh3h,1,0.08
KsJsTd3d,1,0.08
KsJsTc3c,1,0.08
KhJhTd3d,1,0.08
KhJhTc3c,1,0.08
KhJhTs3s,1,0.08
KdJdTc3c,1,0.08
KdJdTs3s,1,0.08
KdJdTh3h,1,0.08
KcJcTs3s,1,0.08
KcJcTh3h,1,0.08
KcJcTd3d,1,0.08
KsJsTh2h,1,0.11
KsJsTd2d,1,0.11
KsJsTc2c,1,0.11
KhJhTd2d,1,0.11
KhJhTc2c,1,0.11
KhJhTs2s,1,0.11
KdJdTc2c,1,0.11
KdJdTs2s,1,0.11
KdJdTh2h,1,0.11
KcJcTs2s,1,0.11
KcJcTh2h,1,0.11
KcJcTd2d,1,0.11
KsJsThTd,1,0.25
KsJsThTc,1,0.25
KsJsTdTc,1,0.25
KhJhTdTc,1,0.25
KhJhTsTd,1,0.25
KhJhTsTc,1,0.25
KdJdThTc,1,0.25
KdJdTsTc,1,0.25
KdJdTsTh,1,0.25
KcJcTsTh,1,0.25
KcJcTsTd,1,0.25
KcJcThTd,1,0.25
KsJsTh9d,1,0.31
KsJsTh9c,1,0.31
KsJsTd9c,1,0.31
KsJsTd9h,1,0.31
KsJsTc9h,1,0.31
KsJsTc9d,1,0.31
KhJhTd9c,1,0.31
KhJhTd9s,1,0.31
KhJhTc9d,1,0.31
KhJhTc9s,1,0.31
KhJhTs9c,1,0.31
KhJhTs9d,1,0.31
KdJdTc9h,1,0.31
KdJdTc9s,1,0.31
KdJdTs9c,1,0.31
KdJdTs9h,1,0.31
KdJdTh9c,1,0.31
KdJdTh9s,1,0.31
KcJcTs9h,1,0.31
KcJcTs9d,1,0.31
KcJcTh9d,1,0.31
KcJcTh9s,1,0.31
KcJcTd9s,1,0.31
KcJcTd9h,1,0.31
KsJsTh8d,1,0.08
KsJsTh8c,1,0.08
KsJsTd8c,1,0.08
KsJsTd8h,1,0.08
KsJsTc8h,1,0.08
KsJsTc8d,1,0.08
KhJhTd8c,1,0.08
KhJhTd8s,1,0.08
KhJhTc8d,1,0.08
KhJhTc8s,1,0.08
KhJhTs8c,1,0.08
KhJhTs8d,1,0.08
KdJdTc8h,1,0.08
KdJdTc8s,1,0.08
KdJdTs8c,1,0.08
KdJdTs8h,1,0.08
KdJdTh8c,1,0.08
KdJdTh8s,1,0.08
KcJcTs8h,1,0.08
KcJcTs8d,1,0.08
KcJcTh8d,1,0.08
KcJcTh8s,1,0.08
KcJcTd8s,1,0.08
KcJcTd8h,1,0.08
KsJs9h8h,1,0.26
KsJs9d8d,1,0.26
KsJs9c8c,1,0.26
KhJh9d8d,1,0.26
KhJh9c8c,1,0.26
KhJh9s8s,1,0.26
KdJd9c8c,1,0.26
KdJd9s8s,1,0.26
KdJd9h8h,1,0.26
KcJc9s8s,1,0.26
KcJc9h8h,1,0.26
KcJc9d8d,1,0.26
KsJs9h7h,1,0.14
KsJs9d7d,1,0.14
KsJs9c7c,1,0.14
KhJh9d7d,1,0.14
KhJh9c7c,1,0.14
KhJh9s7s,1,0.14
KdJd9c7c,1,0.14
KdJd9s7s,1,0.14
KdJd9h7h,1,0.14
KcJc9s7s,1,0.14
KcJc9h7h,1,0.14
KcJc9d7d,1,0.14
KsJs8h7h,1,0.06
KsJs8d7d,1,0.06
KsJs8c7c,1,0.06
KhJh8d7d,1,0.06
KhJh8c7c,1,0.06
KhJh8s7s,1,0.06
KdJd8c7c,1,0.06
KdJd8s7s,1,0.06
KdJd8h7h,1,0.06
KcJc8s7s,1,0.06
KcJc8h7h,1,0.06
KcJc8d7d,1,0.06
KsTsTh9s,1,0.03
KsTsTd9s,1,0.03
KsTsTc9s,1,0.03
KhThTd9h,1,0.03
KhThTc9h,1,0.03
KhTsTh9h,1,0.03
KdTdTc9d,1,0.03
KdTsTd9d,1,0.03
KdThTd9d,1,0.03
KcTsTc9c,1,0.03
KcThTc9c,1,0.03
KcTdTc9c,1,0.03
KsTsTh9h,1,0.52
KsTsTd9d,1,0.52
KsTsTc9c,1,0.52
KhThTd9d,1,0.52
KhThTc9c,1,0.52
KhTsTh9s,1,0.52
KdTdTc9c,1,0.52
KdTsTd9s,1,0.52
KdThTd9h,1,0.52
KcTsTc9s,1,0.52
KcThTc9h,1,0.52
KcTdTc9d,1,0.52
KsTsTh8h,1,0.29
KsTsTd8d,1,0.29
KsTsTc8c,1,0.29
KhThTd8d,1,0.29
KhThTc8c,1,0.29
KhTsTh8s,1,0.29
KdTdTc8c,1,0.29
KdTsTd8s,1,0.29
KdThTd8h,1,0.29
KcTsTc8s,1,0.29
KcThTc8h,1,0.29
KcTdTc8d,1,0.29
KsTsTh7h,1,0.2
KsTsTd7d,1,0.2
KsTsTc7c,1,0.2
KhThTd7d,1,0.2
KhThTc7c,1,0.2
KhTsTh7s,1,0.2
KdTdTc7c,1,0.2
KdTsTd7s,1,0.2
KdThTd7h,1,0.2
KcTsTc7s,1,0.2
KcThTc7h,1,0.2
KcTdTc7d,1,0.2
KsTsTh6h,1,0.02
KsTsTd6d,1,0.02
KsTsTc6c,1,0.02
KhThTd6d,1,0.02
KhThTc6c,1,0.02
KhTsTh6s,1,0.02
KdTdTc6c,1,0.02
KdTsTd6s,1,0.02
KdThTd6h,1,0.02
KcTsTc6s,1,0.02
KcThTc6h,1,0.02
KcTdTc6d,1,0.02
KsTsTh9d,1,0.17
KsTsTh9c,1,0.17
KsTsTd9c,1,0.17
KsTsTd9h,1,0.17
KsTsTc9h,1,0.17
KsTsTc9d,1,0.17
KhThTd9c,1,0.17
KhThTd9s,1,0.17
KhThTc9d,1,0.17
KhThTc9s,1,0.17
KhTsTh9c,1,0.17
KhTsTh9d,1,0.17
KdTdTc9h,1,0.17
KdTdTc9s,1,0.17
KdTsTd9c,1,0.17
KdTsTd9h,1,0.17
KdThTd9c,1,0.17
KdThTd9s,1,0.17
KcTsTc9h,1,0.17
KcTsTc9d,1,0.17
KcThTc9d,1,0.17
KcThTc9s,1,0.17
KcTdTc9s,1,0.17
KcTdTc9h,1,0.17
KsTsTh8d,0.081,0
KsTsTh8c,0.081,0
KsTsTd8c,0.081,0
KsTsTd8h,0.081,0
KsTsTc8h,0.081,0
KsTsTc8d,0.081,0
KhThTd8c,0.081,0
KhThTd8s,0.081,0
KhThTc8d,0.081,0
KhThTc8s,0.081,0
KhTsTh8c,0.081,0
KhTsTh8d,0.081,0
KdTdTc8h,0.081,0
KdTdTc8s,0.081,0
KdTsTd8c,0.081,0
KdTsTd8h,0.081,0
KdThTd8c,0.081,0
KdThTd8s,0.081,0
KcTsTc8h,0.081,0
KcTsTc8d,0.081,0
KcThTc8d,0.081,0
KcThTc8s,0.081,0
KcTdTc8s,0.081,0
KcTdTc8h,0.081,0
KsTs9h8h,1,0.45
KsTs9d8d,1,0.45
KsTs9c8c,1,0.45
KhTh9d8d,1,0.45
KhTh9c8c,1,0.45
KhTh9s8s,1,0.45
KdTd9c8c,1,0.45
KdTd9s8s,1,0.45
KdTd9h8h,1,0.45
KcTc9s8s,1,0.45
KcTc9h8h,1,0.45
KcTc9d8d,1,0.45
KsTs9h7h,1,0.35
KsTs9d7d,1,0.35
KsTs9c7c,1,0.35
KhTh9d7d,1,0.35
KhTh9c7c,1,0.35
KhTh9s7s,1,0.35
KdTd9c7c,1,0.35
KdTd9s7s,1,0.35
KdTd9h7h,1,0.35
KcTc9s7s,1,0.35
KcTc9h7h,1,0.35
KcTc9d7d,1,0.35
KsTs9h6h,1,0.07
KsTs9d6d,1,0.07
KsTs9c6c,1,0.07
KhTh9d6d,1,0.07
KhTh9c6c,1,0.07
KhTh9s6s,1,0.07
KdTd9c6c,1,0.07
KdTd9s6s,1,0.07
KdTd9h6h,1,0.07
KcTc9s6s,1,0.07
KcTc9h6h,1,0.07
KcTc9d6d,1,0.07
KsTs9h9d,1,0.06
KsTs9h9c,1,0.06
KsTs9d9c,1,0.06
KhTh9d9c,1,0.06
KhTh9s9d,1,0.06
KhTh9s9c,1,0.06
KdTd9h9c,1,0.06
KdTd9s9c,1,0.06
KdTd9s9h,1,0.06
KcTc9s9h,1,0.06
KcTc9s9d,1,0.06
KcTc9h9d,1,0.06
KsTs9h8d,1,0.08
KsTs9h8c,1,0.08
KsTs9d8c,1,0.08
KsTs9d8h,1,0.08
KsTs9c8h,1,0.08
KsTs9c8d,1,0.08
KhTh9d8c,1,0.08
KhTh9d8s,1,0.08
KhTh9c8d,1,0.08
KhTh9c8s,1,0.08
KhTh9s8c,1,0.08
KhTh9s8d,1,0.08
KdTd9c8h,1,0.08
KdTd9c8s,1,0.08
KdTd9s8c,1,0.08
KdTd9s8h,1,0.08
KdTd9h8c,1,0.08
KdTd9h8s,1,0.08
KcTc9s8h,1,0.08
KcTc9s8d,1,0.08
KcTc9h8d,1,0.08
KcTc9h8s,1,0.08
KcTc9d8s,1,0.08
KcTc9d8h,1,0.08
KsTs9h7d,1,0.01
KsTs9h7c,1,0.01
KsTs9d7c,1,0.01
KsTs9d7h,1,0.01
KsTs9c7h,1,0.01
KsTs9c7d,1,0.01
KhTh9d7c,1,0.01
KhTh9d7s,1,0.01
KhTh9c7d,1,0.01
KhTh9c7s,1,0.01
KhTh9s7c,1,0.01
KhTh9s7d,1,0.01
KdTd9c7h,1,0.01
KdTd9c7s,1,0.01
KdTd9s7c,1,0.01
KdTd9s7h,1,0.01
KdTd9h7c,1,0.01
KdTd9h7s,1,0.01
KcTc9s7h,1,0.01
KcTc9s7d,1,0.01
KcTc9h7d,1,0.01
KcTc9h7s,1,0.01
KcTc9d7s,1,0.01
KcTc9d7h,1,0.01
KsTs8h7h,1,0.26
KsTs8d7d,1,0.26
KsTs8c7c,1,0.26
KhTh8d7d,1,0.26
KhTh8c7c,1,0.26
KhTh8s7s,1,0.26
KdTd8c7c,1,0.26
KdTd8s7s,1,0.26
KdTd8h7h,1,0.26
KcTc8s7s,1,0.26
KcTc8h7h,1,0.26
KcTc8d7d,1,0.26
KsTs8h6h,1,0.05
KsTs8d6d,1,0.05
KsTs8c6c,1,0.05
KhTh8d6d,1,0.05
KhTh8c6c,1,0.05
KhTh8s6s,1,0.05
KdTd8c6c,1,0.05
KdTd8s6s,1,0.05
KdTd8h6h,1,0.05
KcTc8s6s,1,0.05
KcTc8h6h,1,0.05
KcTc8d6d,1,0.05
KsTs7h6h,1,0.13
KsTs7d6d,1,0.13
KsTs7c6c,1,0.13
KhTh7d6d,1,0.13
KhTh7c6c,1,0.13
KhTh7s6s,1,0.13
KdTd7c6c,1,0.13
KdTd7s6s,1,0.13
KdTd7h6h,1,0.13
KcTc7s6s,1,0.13
KcTc7h6h,1,0.13
KcTc7d6d,1,0.13
Ks9s9h8h,1,0.17
Ks9s9d8d,1,0.17
Ks9s9c8c,1,0.17
Kh9h9d8d,1,0.17
Kh9h9c8c,1,0.17
Kh9s9h8s,1,0.17
Kd9d9c8c,1,0.17
Kd9s9d8s,1,0.17
Kd9h9d8h,1,0.17
Kc9s9c8s,1,0.17
Kc9h9c8h,1,0.17
Kc9d9c8d,1,0.17
Ks9s9h7h,1,0.09
Ks9s9d7d,1,0.09
Ks9s9c7c,1,0.09
Kh9h9d7d,1,0.09
Kh9h9c7c,1,0.09
Kh9s9h7s,1,0.09
Kd9d9c7c,1,0.09
Kd9s9d7s,1,0.09
Kd9h9d7h,1,0.09
Kc9s9c7s,1,0.09
Kc9h9c7h,1,0.09
Kc9d9c7d,1,0.09
Ks9s8h7h,1,0.25
Ks9s8d7d,1,0.25
Ks9s8c7c,1,0.25
Kh9h8d7d,1,0.25
Kh9h8c7c,1,0.25
Kh9h8s7s,1,0.25
Kd9d8c7c,1,0.25
Kd9d8s7s,1,0.25
Kd9d8h7h,1,0.25
Kc9c8s7s,1,0.25
Kc9c8h7h,1,0.25
Kc9c8d7d,1,0.25
Ks9s8h6h,1,0.06
Ks9s8d6d,1,0.06
Ks9s8c6c,1,0.06
Kh9h8d6d,1,0.06
Kh9h8c6c,1,0.06
Kh9h8s6s,1,0.06
Kd9d8c6c,1,0.06
Kd9d8s6s,1,0.06
Kd9d8h6h,1,0.06
Kc9c8s6s,1,0.06
Kc9c8h6h,1,0.06
Kc9c8d6d,1,0.06
Ks9s7h6h,1,0.17
Ks9s7d6d,1,0.17
Ks9s7c6c,1,0.17
Kh9h7d6d,1,0.17
Kh9h7c6c,1,0.17
Kh9h7s6s,1,0.17
Kd9d7c6c,1,0.17
Kd9d7s6s,1,0.17
Kd9d7h6h,1,0.17
Kc9c7s6s,1,0.17
Kc9c7h6h,1,0.17
Kc9c7d6d,1,0.17
Ks8s8h7h,1,0.17
Ks8s8d7d,1,0.17
Ks8s8c7c,1,0.17
Kh8h8d7d,1,0.17
Kh8h8c7c,1,0.17
Kh8s8h7s,1,0.17
Kd8d8c7c,1,0.17
Kd8s8d7s,1,0.17
Kd8h8d7h,1,0.17
Kc8s8c7s,1,0.17
Kc8h8c7h,1,0.17
Kc8d8c7d,1,0.17
Ks8s8h6h,0.953,0
Ks8s8d6d,0.953,0
Ks8s8c6c,0.953,0
Kh8h8d6d,0.953,0
Kh8h8c6c,0.953,0
Kh8s8h6s,0.953,0
Kd8d8c6c,0.953,0
Kd8s8d6s,0.953,0
Kd8h8d6h,0.953,0
Kc8s8c6s,0.953,0
Kc8h8c6h,0.953,0
Kc8d8c6d,0.953,0
Ks8s7h6h,1,0.26
Ks8s7d6d,1,0.26
Ks8s7c6c,1,0.26
Kh8h7d6d,1,0.26
Kh8h7c6c,1,0.26
Kh8h7s6s,1,0.26
Kd8d7c6c,1,0.26
Kd8d7s6s,1,0.26
Kd8d7h6h,1,0.26
Kc8c7s6s,1,0.26
Kc8c7h6h,1,0.26
Kc8c7d6d,1,0.26
Ks8s7h5h,1,0.03
Ks8s7d5d,1,0.03
Ks8s7c5c,1,0.03
Kh8h7d5d,1,0.03
Kh8h7c5c,1,0.03
Kh8h7s5s,1,0.03
Kd8d7c5c,1,0.03
Kd8d7s5s,1,0.03
Kd8d7h5h,1,0.03
Kc8c7s5s,1,0.03
Kc8c7h5h,1,0.03
Kc8c7d5d,1,0.03
Ks8s6h5h,1,0.12
Ks8s6d5d,1,0.12
Ks8s6c5c,1,0.12
Kh8h6d5d,1,0.12
Kh8h6c5c,1,0.12
Kh8h6s5s,1,0.12
Kd8d6c5c,1,0.12
Kd8d6s5s,1,0.12
Kd8d6h5h,1,0.12
Kc8c6s5s,1,0.12
Kc8c6h5h,1,0.12
Kc8c6d5d,1,0.12
Ks7s7h6h,1,0.11
Ks7s7d6d,1,0.11
Ks7s7c6c,1,0.11
Kh7h7d6d,1,0.11
Kh7h7c6c,1,0.11
Kh7s7h6s,1,0.11
Kd7d7c6c,1,0.11
Kd7s7d6s,1,0.11
Kd7h7d6h,1,0.11
Kc7s7c6s,1,0.11
Kc7h7c6h,1,0.11
Kc7d7c6d,1,0.11
Ks7s6h5h,1,0.27
Ks7s6d5d,1,0.27
Ks7s6c5c,1,0.27
Kh7h6d5d,1,0.27
Kh7h6c5c,1,0.27
Kh7h6s5s,1,0.27
Kd7d6c5c,1,0.27
Kd7d6s5s,1,0.27
Kd7d6h5h,1,0.27
Kc7c6s5s,1,0.27
Kc7c6h5h,1,0.27
Kc7c6d5d,1,0.27
Ks7s6h4h,1,0.08
Ks7s6d4d,1,0.08
Ks7s6c4c,1,0.08
Kh7h6d4d,1,0.08
Kh7h6c4c,1,0.08
Kh7h6s4s,1,0.08
Kd7d6c4c,1,0.08
Kd7d6s4s,1,0.08
Kd7d6h4h,1,0.08
Kc7c6s4s,1,0.08
Kc7c6h4h,1,0.08
Kc7c6d4d,1,0.08
Ks7s5h4h,1,0.07
Ks7s5d4d,1,0.07
Ks7s5c4c,1,0.07
Kh7h5d4d,1,0.07
Kh7h5c4c,1,0.07
Kh7h5s4s,1,0.07
Kd7d5c4c,1,0.07
Kd7d5s4s,1,0.07
Kd7d5h4h,1,0.07
Kc7c5s4s,1,0.07
Kc7c5h4h,1,0.07
Kc7c5d4d,1,0.07
Ks6s6h5h,1,0.12
Ks6s6d5d,1,0.12
Ks6s6c5c,1,0.12
Kh6h6d5d,1,0.12
Kh6h6c5c,1,0.12
Kh6s6h5s,1,0.12
Kd6d6c5c,1,0.12
Kd6s6d5s,1,0.12
Kd6h6d5h,1,0.12
Kc6s6c5s,1,0.12
Kc6h6c5h,1,0.12
Kc6d6c5d,1,0.12
Ks6s5h4h,1,0.31
Ks6s5d4d,1,0.31
Ks6s5c4c,1,0.31
Kh6h5d4d,1,0.31
Kh6h5c4c,1,0.31
Kh6h5s4s,1,0.31
Kd6d5c4c,1,0.31
Kd6d5s4s,1,0.31
Kd6d5h4h,1,0.31
Kc6c5s4s,1,0.31
Kc6c5h4h,1,0.31
Kc6c5d4d,1,0.31
Ks6s5h3h,1,0.08
Ks6s5d3d,1,0.08
Ks6s5c3c,1,0.08
Kh6h5d3d,1,0.08
Kh6h5c3c,1,0.08
Kh6h5s3s,1,0.08
Kd6d5c3c,1,0.08
Kd6d5s3s,1,0.08
Kd6d5h3h,1,0.08
Kc6c5s3s,1,0.08
Kc6c5h3h,1,0.08
Kc6c5d3d,1,0.08
Ks5s5h4h,1,0.06
Ks5s5d4d,1,0.06
Ks5s5c4c,1,0.06
Kh5h5d4d,1,0.06
Kh5h5c4c,1,0.06
Kh5s5h4s,1,0.06
Kd5d5c4c,1,0.06
Kd5s5d4s,1,0.06
Kd5h5d4h,1,0.06
Kc5s5c4s,1,0.06
Kc5h5c4h,1,0.06
Kc5d5c4d,1,0.06
Ks5s4h3h,1,0.09
Ks5s4d3d,1,0.09
Ks5s4c3c,1,0.09
Kh5h4d3d,1,0.09
Kh5h4c3c,1,0.09
Kh5h4s3s,1,0.09
Kd5d4c3c,1,0.09
Kd5d4s3s,1,0.09
Kd5d4h3h,1,0.09
Kc5c4s3s,1,0.09
Kc5c4h3h,1,0.09
Kc5c4d3d,1,0.09
KsKhQsJs,1,0.23
KsKdQsJs,1,0.23
KsKcQsJs,1,0.23
KhKdQhJh,1,0.23
KhKcQhJh,1,0.23
KsKhQhJh,1,0.23
KdKcQdJd,1,0.23
KsKdQdJd,1,0.23
KhKdQdJd,1,0.23
KsKcQcJc,1,0.23
KhKcQcJc,1,0.23
KdKcQcJc,1,0.23
KsKhQsTs,1,0.24
KsKdQsTs,1,0.24
KsKcQsTs,1,0.24
KhKdQhTh,1,0.24
KhKcQhTh,1,0.24
KsKhQhTh,1,0.24
KdKcQdTd,1,0.24
KsKdQdTd,1,0.24
KhKdQdTd,1,0.24
KsKcQcTc,1,0.24
KhKcQcTc,1,0.24
KdKcQcTc,1,0.24
KsKhQs9s,1,0.08
KsKdQs9s,1,0.08
KsKcQs9s,1,0.08
KhKdQh9h,1,0.08
KhKcQh9h,1,0.08
KsKhQh9h,1,0.08
KdKcQd9d,1,0.08
KsKdQd9d,1,0.08
KhKdQd9d,1,0.08
KsKcQc9c,1,0.08
KhKcQc9c,1,0.08
KdKcQc9c,1,0.08
KsKhQs8s,1,0.01
KsKdQs8s,1,0.01
KsKcQs8s,1,0.01
KhKdQh8h,1,0.01
KhKcQh8h,1,0.01
KsKhQh8h,1,0.01
KdKcQd8d,1,0.01
KsKdQd8d,1,0.01
KhKdQd8d,1,0.01
KsKcQc8c,1,0.01
KhKcQc8c,1,0.01
KdKcQc8c,1,0.01
KsKhQs7s,1,0.01
KsKdQs7s,1,0.01
KsKcQs7s,1,0.01
KhKdQh7h,1,0.01
KhKcQh7h,1,0.01
KsKhQh7h,1,0.01
KdKcQd7d,1,0.01
KsKdQd7d,1,0.01
KhKdQd7d,1,0.01
KsKcQc7c,1,0.01
KhKcQc7c,1,0.01
KdKcQc7c,1,0.01
KsKhQsQh,1,2.02
KsKdQsQd,1,2.02
KsKcQsQc,1,2.02
KhKdQhQd,1,2.02
KhKcQhQc,1,2.02
KdKcQdQc,1,2.02
KsKhQsJh,1,0.98
KsKdQsJd,1,0.98
KsKcQsJc,1,0.98
KhKdQhJd,1,0.98
KhKcQhJc,1,0.98
KsKhQhJs,1,0.98
KdKcQdJc,1,0.98
KsKdQdJs,1,0.98
KhKdQdJh,1,0.98
KsKcQcJs,1,0.98
KhKcQcJh,1,0.98
KdKcQcJd,1,0.98
KsKhQsTh,1,0.97
KsKdQsTd,1,0.97
KsKcQsTc,1,0.97
KhKdQhTd,1,0.97
KhKcQhTc,1,0.97
KsKhQhTs,1,0.97
KdKcQdTc,1,0.97
KsKdQdTs,1,0.97
KhKdQdTh,1,0.97
KsKcQcTs,1,0.97
KhKcQcTh,1,0.97
KdKcQcTd,1,0.97
KsKhQs9h,1,0.66
KsKdQs9d,1,0.66
KsKcQs9c,1,0.66
KhKdQh9d,1,0.66
KhKcQh9c,1,0.66
KsKhQh9s,1,0.66
KdKcQd9c,1,0.66
KsKdQd9s,1,0.66
KhKdQd9h,1,0.66
KsKcQc9s,1,0.66
KhKcQc9h,1,0.66
KdKcQc9d,1,0.66
KsKhQs8h,1,0.44
KsKdQs8d,1,0.44
KsKcQs8c,1,0.44
KhKdQh8d,1,0.44
KhKcQh8c,1,0.44
KsKhQh8s,1,0.44
KdKcQd8c,1,0.44
KsKdQd8s,1,0.44
KhKdQd8h,1,0.44
KsKcQc8s,1,0.44
KhKcQc8h,1,0.44
KdKcQc8d,1,0.44
KsKhQs7h,1,0.47
KsKdQs7d,1,0.47
KsKcQs7c,1,0.47
KhKdQh7d,1,0.47
KhKcQh7c,1,0.47
KsKhQh7s,1,0.47
KdKcQd7c,1,0.47
KsKdQd7s,1,0.47
KhKdQd7h,1,0.47
KsKcQc7s,1,0.47
KhKcQc7h,1,0.47
KdKcQc7d,1,0.47
KsKhQs6h,1,0.46
KsKdQs6d,1,0.46
KsKcQs6c,1,0.46
KhKdQh6d,1,0.46
KhKcQh6c,1,0.46
KsKhQh6s,1,0.46
KdKcQd6c,1,0.46
KsKdQd6s,1,0.46
KhKdQd6h,1,0.46
KsKcQc6s,1,0.46
KhKcQc6h,1,0.46
KdKcQc6d,1,0.46
KsKhQs5h,1,0.47
KsKdQs5d,1,0.47
KsKcQs5c,1,0.47
KhKdQh5d,1,0.47
KhKcQh5c,1,0.47
KsKhQh5s,1,0.47
KdKcQd5c,1,0.47
KsKdQd5s,1,0.47
KhKdQd5h,1,0.47
KsKcQc5s,1,0.47
KhKcQc5h,1,0.47
KdKcQc5d,1,0.47
KsKhQs4h,1,0.47
KsKdQs4d,1,0.47
KsKcQs4c,1,0.47
KhKdQh4d,1,0.47
KhKcQh4c,1,0.47
KsKhQh4s,1,0.47
KdKcQd4c,1,0.47
KsKdQd4s,1,0.47
KhKdQd4h,1,0.47
KsKcQc4s,1,0.47
KhKcQc4h,1,0.47
KdKcQc4d,1,0.47
KsKhQs3h,1,0.5
KsKdQs3d,1,0.5
KsKcQs3c,1,0.5
KhKdQh3d,1,0.5
KhKcQh3c,1,0.5
KsKhQh3s,1,0.5
KdKcQd3c,1,0.5
KsKdQd3s,1,0.5
KhKdQd3h,1,0.5
KsKcQc3s,1,0.5
KhKcQc3h,1,0.5
KdKcQc3d,1,0.5
KsKhQs2h,1,0.5
KsKdQs2d,1,0.5
KsKcQs2c,1,0.5
KhKdQh2d,1,0.5
KhKcQh2c,1,0.5
KsKhQh2s,1,0.5
KdKcQd2c,1,0.5
KsKdQd2s,1,0.5
KhKdQd2h,1,0.5
KsKcQc2s,1,0.5
KhKcQc2h,1,0.5
KdKcQc2d,1,0.5
KsKhQsQd,1,1.3
KsKhQsQc,1,1.3
KsKdQsQc,1,1.3
KsKdQsQh,1,1.3
KsKcQsQh,1,1.3
KsKcQsQd,1,1.3
KhKdQhQc,1,1.3
KhKdQsQh,1,1.3
KhKcQhQd,1,1.3
KhKcQsQh,1,1.3
KsKhQhQc,1,1.3
KsKhQhQd,1,1.3
KdKcQhQd,1,1.3
KdKcQsQd,1,1.3
KsKdQdQc,1,1.3
KsKdQhQd,1,1.3
KhKdQdQc,1,1.3
KhKdQsQd,1,1.3
KsKcQhQc,1,1.3
KsKcQdQc,1,1.3
KhKcQdQc,1,1.3
KhKcQsQc,1,1.3
KdKcQsQc,1,1.3
KdKcQhQc,1,1.3
KsKhQsJd,1,0.39
KsKhQsJc,1,0.39
KsKdQsJc,1,0.39
KsKdQsJh,1,0.39
KsKcQsJh,1,0.39
KsKcQsJd,1,0.39
KhKdQhJc,1,0.39
KhKdQhJs,1,0.39
KhKcQhJd,1,0.39
KhKcQhJs,1,0.39
KsKhQhJc,1,0.39
KsKhQhJd,1,0.39
KdKcQdJh,1,0.39
KdKcQdJs,1,0.39
KsKdQdJc,1,0.39
KsKdQdJh,1,0.39
KhKdQdJc,1,0.39
KhKdQdJs,1,0.39
KsKcQcJh,1,0.39
KsKcQcJd,1,0.39
KhKcQcJd,1,0.39
KhKcQcJs,1,0.39
KdKcQcJs,1,0.39
KdKcQcJh,1,0.39
KsKhQsTd,1,0.39
KsKhQsTc,1,0.39
KsKdQsTc,1,0.39
KsKdQsTh,1,0.39
KsKcQsTh,1,0.39
KsKcQsTd,1,0.39
KhKdQhTc,1,0.39
KhKdQhTs,1,0.39
KhKcQhTd,1,0.39
KhKcQhTs,1,0.39
KsKhQhTc,1,0.39
KsKhQhTd,1,0.39
KdKcQdTh,1,0.39
KdKcQdTs,1,0.39
KsKdQdTc,1,0.39
KsKdQdTh,1,0.39
KhKdQdTc,1,0.39
KhKdQdTs,1,0.39
KsKcQcTh,1,0.39
KsKcQcTd,1,0.39
KhKcQcTd,1,0.39
KhKcQcTs,1,0.39
KdKcQcTs,1,0.39
KdKcQcTh,1,0.39
KsKhQs9d,1,0.17
KsKhQs9c,1,0.17
KsKdQs9c,1,0.17
KsKdQs9h,1,0.17
KsKcQs9h,1,0.17
KsKcQs9d,1,0.17
KhKdQh9c,1,0.17
KhKdQh9s,1,0.17
KhKcQh9d,1,0.17
KhKcQh9s,1,0.17
KsKhQh9c,1,0.17
KsKhQh9d,1,0.17
KdKcQd9h,1,0.17
KdKcQd9s,1,0.17
KsKdQd9c,1,0.17
KsKdQd9h,1,0.17
KhKdQd9c,1,0.17
KhKdQd9s,1,0.17
KsKcQc9h,1,0.17
KsKcQc9d,1,0.17
KhKcQc9d,1,0.17
KhKcQc9s,1,0.17
KdKcQc9s,1,0.17
KdKcQc9h,1,0.17
KsKhQs8d,1,0.08
KsKhQs8c,1,0.08
KsKdQs8c,1,0.08
KsKdQs8h,1,0.08
KsKcQs8h,1,0.08
KsKcQs8d,1,0.08
KhKdQh8c,1,0.08
KhKdQh8s,1,0.08
KhKcQh8d,1,0.08
KhKcQh8s,1,0.08
KsKhQh8c,1,0.08
KsKhQh8d,1,0.08
KdKcQd8h,1,0.08
KdKcQd8s,1,0.08
KsKdQd8c,1,0.08
KsKdQd8h,1,0.08
KhKdQd8c,1,0.08
KhKdQd8s,1,0.08
KsKcQc8h,1,0.08
KsKcQc8d,1,0.08
KhKcQc8d,1,0.08
KhKcQc8s,1,0.08
KdKcQc8s,1,0.08
KdKcQc8h,1,0.08
KsKhQs7d,1,0.08
KsKhQs7c,1,0.08
KsKdQs7c,1,0.08
KsKdQs7h,1,0.08
KsKcQs7h,1,0.08
KsKcQs7d,1,0.08
KhKdQh7c,1,0.08
KhKdQh7s,1,0.08
KhKcQh7d,1,0.08
KhKcQh7s,1,0.08
KsKhQh7c,1,0.08
KsKhQh7d,1,0.08
KdKcQd7h,1,0.08
KdKcQd7s,1,0.08
KsKdQd7c,1,0.08
KsKdQd7h,1,0.08
KhKdQd7c,1,0.08
KhKdQd7s,1,0.08
KsKcQc7h,1,0.08
KsKcQc7d,1,0.08
KhKcQc7d,1,0.08
KhKcQc7s,1,0.08
KdKcQc7s,1,0.08
KdKcQc7h,1,0.08
KsKhQs6d,1,0.07
KsKhQs6c,1,0.07
KsKdQs6c,1,0.07
KsKdQs6h,1,0.07
KsKcQs6h,1,0.07
KsKcQs6d,1,0.07
KhKdQh6c,1,0.07
KhKdQh6s,1,0.07
KhKcQh6d,1,0.07
KhKcQh6s,1,0.07
KsKhQh6c,1,0.07
KsKhQh6d,1,0.07
KdKcQd6h,1,0.07
KdKcQd6s,1,0.07
KsKdQd6c,1,0.07
KsKdQd6h,1,0.07
KhKdQd6c,1,0.07
KhKdQd6s,1,0.07
KsKcQc6h,1,0.07
KsKcQc6d,1,0.07
KhKcQc6d,1,0.07
KhKcQc6s,1,0.07
KdKcQc6s,1,0.07
KdKcQc6h,1,0.07
KsKhQs5d,1,0.06
KsKhQs5c,1,0.06
KsKdQs5c,1,0.06
KsKdQs5h,1,0.06
KsKcQs5h,1,0.06
KsKcQs5d,1,0.06
KhKdQh5c,1,0.06
KhKdQh5s,1,0.06
KhKcQh5d,1,0.06
KhKcQh5s,1,0.06
KsKhQh5c,1,0.06
KsKhQh5d,1,0.06
KdKcQd5h,1,0.06
KdKcQd5s,1,0.06
KsKdQd5c,1,0.06
KsKdQd5h,1,0.06
KhKdQd5c,1,0.06
KhKdQd5s,1,0.06
KsKcQc5h,1,0.06
KsKcQc5d,1,0.06
KhKcQc5d,1,0.06
KhKcQc5s,1,0.06
KdKcQc5s,1,0.06
KdKcQc5h,1,0.06
KsKhQs4d,1,0.04
KsKhQs4c,1,0.04
KsKdQs4c,1,0.04
KsKdQs4h,1,0.04
KsKcQs4h,1,0.04
KsKcQs4d,1,0.04
KhKdQh4c,1,0.04
KhKdQh4s,1,0.04
KhKcQh4d,1,0.04
KhKcQh4s,1,0.04
KsKhQh4c,1,0.04
KsKhQh4d,1,0.04
KdKcQd4h,1,0.04
KdKcQd4s,1,0.04
KsKdQd4c,1,0.04
KsKdQd4h,1,0.04
KhKdQd4c,1,0.04
KhKdQd4s,1,0.04
KsKcQc4h,1,0.04
KsKcQc4d,1,0.04
KhKcQc4d,1,0.04
KhKcQc4s,1,0.04
KdKcQc4s,1,0.04
KdKcQc4h,1,0.04
KsKhQs3d,1,0.03
KsKhQs3c,1,0.03
KsKdQs3c,1,0.03
KsKdQs3h,1,0.03
KsKcQs3h,1,0.03
KsKcQs3d,1,0.03
KhKdQh3c,1,0.03
KhKdQh3s,1,0.03
KhKcQh3d,1,0.03
KhKcQh3s,1,0.03
KsKhQh3c,1,0.03
KsKhQh3d,1,0.03
KdKcQd3h,1,0.03
KdKcQd3s,1,0.03
KsKdQd3c,1,0.03
KsKdQd3h,1,0.03
KhKdQd3c,1,0.03
KhKdQd3s,1,0.03
KsKcQc3h,1,0.03
KsKcQc3d,1,0.03
KhKcQc3d,1,0.03
KhKcQc3s,1,0.03
KdKcQc3s,1,0.03
KdKcQc3h,1,0.03
KsKhQs2d,1,0.02
KsKhQs2c,1,0.02
KsKdQs2c,1,0.02
KsKdQs2h,1,0.02
KsKcQs2h,1,0.02
KsKcQs2d,1,0.02
KhKdQh2c,1,0.02
KhKdQh2s,1,0.02
KhKcQh2d,1,0.02
KhKcQh2s,1,0.02
KsKhQh2c,1,0.02
KsKhQh2d,1,0.02
KdKcQd2h,1,0.02
KdKcQd2s,1,0.02
KsKdQd2c,1,0.02
KsKdQd2h,1,0.02
KhKdQd2c,1,0.02
KhKdQd2s,1,0.02
KsKcQc2h,1,0.02
KsKcQc2d,1,0.02
KhKcQc2d,1,0.02
KhKcQc2s,1,0.02
KdKcQc2s,1,0.02
KdKcQc2h,1,0.02
KsKhJsTs,1,0.37
KsKdJsTs,1,0.37
KsKcJsTs,1,0.37
KhKdJhTh,1,0.37
KhKcJhTh,1,0.37
KsKhJhTh,1,0.37
KdKcJdTd,1,0.37
KsKdJdTd,1,0.37
KhKdJdTd,1,0.37
KsKcJcTc,1,0.37
KhKcJcTc,1,0.37
KdKcJcTc,1,0.37
KsKhJs9s,1,0.18
KsKdJs9s,1,0.18
KsKcJs9s,1,0.18
KhKdJh9h,1,0.18
KhKcJh9h,1,0.18
KsKhJh9h,1,0.18
KdKcJd9d,1,0.18
KsKdJd9d,1,0.18
KhKdJd9d,1,0.18
KsKcJc9c,1,0.18
KhKcJc9c,1,0.18
KdKcJc9c,1,0.18
KsKhJs8s,1,0.07
KsKdJs8s,1,0.07
KsKcJs8s,1,0.07
KhKdJh8h,1,0.07
KhKcJh8h,1,0.07
KsKhJh8h,1,0.07
KdKcJd8d,1,0.07
KsKdJd8d,1,0.07
KhKdJd8d,1,0.07
KsKcJc8c,1,0.07
KhKcJc8c,1,0.07
KdKcJc8c,1,0.07
KsKhJs7s,1,0.05
KsKdJs7s,1,0.05
KsKcJs7s,1,0.05
KhKdJh7h,1,0.05
KhKcJh7h,1,0.05
KsKhJh7h,1,0.05
KdKcJd7d,1,0.05
KsKdJd7d,1,0.05
KhKdJd7d,1,0.05
KsKcJc7c,1,0.05
KhKcJc7c,1,0.05
KdKcJc7c,1,0.05
KsKhJsJh,1,1.92
KsKdJsJd,1,1.92
KsKcJsJc,1,1.92
KhKdJhJd,1,1.92
KhKcJhJc,1,1.92
KdKcJdJc,1,1.92
KsKhJsTh,1,1.17
KsKdJsTd,1,1.17
KsKcJsTc,1,1.17
KhKdJhTd,1,1.17
KhKcJhTc,1,1.17
KsKhJhTs,1,1.17
KdKcJdTc,1,1.17
KsKdJdTs,1,1.17
KhKdJdTh,1,1.17
KsKcJcTs,1,1.17
KhKcJcTh,1,1.17
KdKcJcTd,1,1.17
KsKhJs9h,1,0.88
KsKdJs9d,1,0.88
KsKcJs9c,1,0.88
KhKdJh9d,1,0.88
KhKcJh9c,1,0.88
KsKhJh9s,1,0.88
KdKcJd9c,1,0.88
KsKdJd9s,1,0.88
KhKdJd9h,1,0.88
KsKcJc9s,1,0.88
KhKcJc9h,1,0.88
KdKcJc9d,1,0.88
KsKhJs8h,1,0.63
KsKdJs8d,1,0.63
KsKcJs8c,1,0.63
KhKdJh8d,1,0.63
KhKcJh8c,1,0.63
KsKhJh8s,1,0.63
KdKcJd8c,1,0.63
KsKdJd8s,1,0.63
KhKdJd8h,1,0.63
KsKcJc8s,1,0.63
KhKcJc8h,1,0.63
KdKcJc8d,1,0.63
KsKhJs7h,1,0.59
KsKdJs7d,1,0.59
KsKcJs7c,1,0.59
KhKdJh7d,1,0.59
KhKcJh7c,1,0.59
KsKhJh7s,1,0.59
KdKcJd7c,1,0.59
KsKdJd7s,1,0.59
KhKdJd7h,1,0.59
KsKcJc7s,1,0.59
KhKcJc7h,1,0.59
KdKcJc7d,1,0.59
KsKhJs6h,1,0.44
KsKdJs6d,1,0.44
KsKcJs6c,1,0.44
KhKdJh6d,1,0.44
KhKcJh6c,1,0.44
KsKhJh6s,1,0.44
KdKcJd6c,1,0.44
KsKdJd6s,1,0.44
KhKdJd6h,1,0.44
KsKcJc6s,1,0.44
KhKcJc6h,1,0.44
KdKcJc6d,1,0.44
KsKhJs5h,1,0.46
KsKdJs5d,1,0.46
KsKcJs5c,1,0.46
KhKdJh5d,1,0.46
KhKcJh5c,1,0.46
KsKhJh5s,1,0.46
KdKcJd5c,1,0.46
KsKdJd5s,1,0.46
KhKdJd5h,1,0.46
KsKcJc5s,1,0.46
KhKcJc5h,1,0.46
KdKcJc5d,1,0.46
KsKhJs4h,1,0.47
KsKdJs4d,1,0.47
KsKcJs4c,1,0.47
KhKdJh4d,1,0.47
KhKcJh4c,1,0.47
KsKhJh4s,1,0.47
KdKcJd4c,1,0.47
KsKdJd4s,1,0.47
KhKdJd4h,1,0.47
KsKcJc4s,1,0.47
KhKcJc4h,1,0.47
KdKcJc4d,1,0.47
KsKhJs3h,1,0.49
KsKdJs3d,1,0.49
KsKcJs3c,1,0.49
KhKdJh3d,1,0.49
KhKcJh3c,1,0.49
KsKhJh3s,1,0.49
KdKcJd3c,1,0.49
KsKdJd3s,1,0.49
KhKdJd3h,1,0.49
KsKcJc3s,1,0.49
KhKcJc3h,1,0.49
KdKcJc3d,1,0.49
KsKhJs2h,1,0.5
KsKdJs2d,1,0.5
KsKcJs2c,1,0.5
KhKdJh2d,1,0.5
KhKcJh2c,1,0.5
KsKhJh2s,1,0.5
KdKcJd2c,1,0.5
KsKdJd2s,1,0.5
KhKdJd2h,1,0.5
KsKcJc2s,1,0.5
KhKcJc2h,1,0.5
KdKcJc2d,1,0.5
KsKhJsJd,1,1.19
KsKhJsJc,1,1.19
KsKdJsJc,1,1.19
KsKdJsJh,1,1.19
KsKcJsJh,1,1.19
KsKcJsJd,1,1.19
KhKdJhJc,1,1.19
KhKdJsJh,1,1.19
KhKcJhJd,1,1.19
KhKcJsJh,1,1.19
KsKhJhJc,1,1.19
KsKhJhJd,1,1.19
KdKcJhJd,1,1.19
KdKcJsJd,1,1.19
KsKdJdJc,1,1.19
KsKdJhJd,1,1.19
KhKdJdJc,1,1.19
KhKdJsJd,1,1.19
KsKcJhJc,1,1.19
KsKcJdJc,1,1.19
KhKcJdJc,1,1.19
KhKcJsJc,1,1.19
KdKcJsJc,1,1.19
KdKcJhJc,1,1.19
KsKhJsTd,1,0.52
KsKhJsTc,1,0.52
KsKdJsTc,1,0.52
KsKdJsTh,1,0.52
KsKcJsTh,1,0.52
KsKcJsTd,1,0.52
KhKdJhTc,1,0.52
KhKdJhTs,1,0.52
KhKcJhTd,1,0.52
KhKcJhTs,1,0.52
KsKhJhTc,1,0.52
KsKhJhTd,1,0.52
KdKcJdTh,1,0.52
KdKcJdTs,1,0.52
KsKdJdTc,1,0.52
KsKdJdTh,1,0.52
KhKdJdTc,1,0.52
KhKdJdTs,1,0.52
KsKcJcTh,1,0.52
KsKcJcTd,1,0.52
KhKcJcTd,1,0.52
KhKcJcTs,1,0.52
KdKcJcTs,1,0.52
KdKcJcTh,1,0.52
KsKhJs9d,1,0.28
KsKhJs9c,1,0.28
KsKdJs9c,1,0.28
KsKdJs9h,1,0.28
KsKcJs9h,1,0.28
KsKcJs9d,1,0.28
KhKdJh9c,1,0.28
KhKdJh9s,1,0.28
KhKcJh9d,1,0.28
KhKcJh9s,1,0.28
KsKhJh9c,1,0.28
KsKhJh9d,1,0.28
KdKcJd9h,1,0.28
KdKcJd9s,1,0.28
KsKdJd9c,1,0.28
KsKdJd9h,1,0.28
KhKdJd9c,1,0.28
KhKdJd9s,1,0.28
KsKcJc9h,1,0.28
KsKcJc9d,1,0.28
KhKcJc9d,1,0.28
KhKcJc9s,1,0.28
KdKcJc9s,1,0.28
KdKcJc9h,1,0.28
KsKhJs8d,1,0.16
KsKhJs8c,1,0.16
KsKdJs8c,1,0.16
KsKdJs8h,1,0.16
KsKcJs8h,1,0.16
KsKcJs8d,1,0.16
KhKdJh8c,1,0.16
KhKdJh8s,1,0.16
KhKcJh8d,1,0.16
KhKcJh8s,1,0.16
KsKhJh8c,1,0.16
KsKhJh8d,1,0.16
KdKcJd8h,1,0.16
KdKcJd8s,1,0.16
KsKdJd8c,1,0.16
KsKdJd8h,1,0.16
KhKdJd8c,1,0.16
KhKdJd8s,1,0.16
KsKcJc8h,1,0.16
KsKcJc8d,1,0.16
KhKcJc8d,1,0.16
KhKcJc8s,1,0.16
KdKcJc8s,1,0.16
KdKcJc8h,1,0.16
KsKhJs7d,1,0.12
KsKhJs7c,1,0.12
KsKdJs7c,1,0.12
KsKdJs7h,1,0.12
KsKcJs7h,1,0.12
KsKcJs7d,1,0.12
KhKdJh7c,1,0.12
KhKdJh7s,1,0.12
KhKcJh7d,1,0.12
KhKcJh7s,1,0.12
KsKhJh7c,1,0.12
KsKhJh7d,1,0.12
KdKcJd7h,1,0.12
KdKcJd7s,1,0.12
KsKdJd7c,1,0.12
KsKdJd7h,1,0.12
KhKdJd7c,1,0.12
KhKdJd7s,1,0.12
KsKcJc7h,1,0.12
KsKcJc7d,1,0.12
KhKcJc7d,1,0.12
KhKcJc7s,1,0.12
KdKcJc7s,1,0.12
KdKcJc7h,1,0.12
KsKhJs6d,1,0.07
KsKhJs6c,1,0.07
KsKdJs6c,1,0.07
KsKdJs6h,1,0.07
KsKcJs6h,1,0.07
KsKcJs6d,1,0.07
KhKdJh6c,1,0.07
KhKdJh6s,1,0.07
KhKcJh6d,1,0.07
KhKcJh6s,1,0.07
KsKhJh6c,1,0.07
KsKhJh6d,1,0.07
KdKcJd6h,1,0.07
KdKcJd6s,1,0.07
KsKdJd6c,1,0.07
KsKdJd6h,1,0.07
KhKdJd6c,1,0.07
KhKdJd6s,1,0.07
KsKcJc6h,1,0.07
KsKcJc6d,1,0.07
KhKcJc6d,1,0.07
KhKcJc6s,1,0.07
KdKcJc6s,1,0.07
KdKcJc6h,1,0.07
KsKhJs5d,1,0.06
KsKhJs5c,1,0.06
KsKdJs5c,1,0.06
KsKdJs5h,1,0.06
KsKcJs5h,1,0.06
KsKcJs5d,1,0.06
KhKdJh5c,1,0.06
KhKdJh5s,1,0.06
KhKcJh5d,1,0.06
KhKcJh5s,1,0.06
KsKhJh5c,1,0.06
KsKhJh5d,1,0.06
KdKcJd5h,1,0.06
KdKcJd5s,1,0.06
KsKdJd5c,1,0.06
KsKdJd5h,1,0.06
KhKdJd5c,1,0.06
KhKdJd5s,1,0.06
KsKcJc5h,1,0.06
KsKcJc5d,1,0.06
KhKcJc5d,1,0.06
KhKcJc5s,1,0.06
KdKcJc5s,1,0.06
KdKcJc5h,1,0.06
KsKhJs4d,1,0.04
KsKhJs4c,1,0.04
KsKdJs4c,1,0.04
KsKdJs4h,1,0.04
KsKcJs4h,1,0.04
KsKcJs4d,1,0.04
KhKdJh4c,1,0.04
KhKdJh4s,1,0.04
KhKcJh4d,1,0.04
KhKcJh4s,1,0.04
KsKhJh4c,1,0.04
KsKhJh4d,1,0.04
KdKcJd4h,1,0.04
KdKcJd4s,1,0.04
KsKdJd4c,1,0.04
KsKdJd4h,1,0.04
KhKdJd4c,1,0.04
KhKdJd4s,1,0.04
KsKcJc4h,1,0.04
KsKcJc4d,1,0.04
KhKcJc4d,1,0.04
KhKcJc4s,1,0.04
KdKcJc4s,1,0.04
KdKcJc4h,1,0.04
KsKhJs3d,1,0.03
KsKhJs3c,1,0.03
KsKdJs3c,1,0.03
KsKdJs3h,1,0.03
KsKcJs3h,1,0.03
KsKcJs3d,1,0.03
KhKdJh3c,1,0.03
KhKdJh3s,1,0.03
KhKcJh3d,1,0.03
KhKcJh3s,1,0.03
KsKhJh3c,1,0.03
KsKhJh3d,1,0.03
KdKcJd3h,1,0.03
KdKcJd3s,1,0.03
KsKdJd3c,1,0.03
KsKdJd3h,1,0.03
KhKdJd3c,1,0.03
KhKdJd3s,1,0.03
KsKcJc3h,1,0.03
KsKcJc3d,1,0.03
KhKcJc3d,1,0.03
KhKcJc3s,1,0.03
KdKcJc3s,1,0.03
KdKcJc3h,1,0.03
KsKhJs2d,1,0.02
KsKhJs2c,1,0.02
KsKdJs2c,1,0.02
KsKdJs2h,1,0.02
KsKcJs2h,1,0.02
KsKcJs2d,1,0.02
KhKdJh2c,1,0.02
KhKdJh2s,1,0.02
KhKcJh2d,1,0.02
KhKcJh2s,1,0.02
KsKhJh2c,1,0.02
KsKhJh2d,1,0.02
KdKcJd2h,1,0.02
KdKcJd2s,1,0.02
KsKdJd2c,1,0.02
KsKdJd2h,1,0.02
KhKdJd2c,1,0.02
KhKdJd2s,1,0.02
KsKcJc2h,1,0.02
KsKcJc2d,1,0.02
KhKcJc2d,1,0.02
KhKcJc2s,1,0.02
KdKcJc2s,1,0.02
KdKcJc2h,1,0.02
KsKhTs9s,1,0.29
KsKdTs9s,1,0.29
KsKcTs9s,1,0.29
KhKdTh9h,1,0.29
KhKcTh9h,1,0.29
KsKhTh9h,1,0.29
KdKcTd9d,1,0.29
KsKdTd9d,1,0.29
KhKdTd9d,1,0.29
KsKcTc9c,1,0.29
KhKcTc9c,1,0.29
KdKcTc9c,1,0.29
KsKhTs8s,1,0.16
KsKdTs8s,1,0.16
KsKcTs8s,1,0.16
KhKdTh8h,1,0.16
KhKcTh8h,1,0.16
KsKhTh8h,1,0.16
KdKcTd8d,1,0.16
KsKdTd8d,1,0.16
KhKdTd8d,1,0.16
KsKcTc8c,1,0.16
KhKcTc8c,1,0.16
KdKcTc8c,1,0.16
KsKhTs7s,1,0.12
KsKdTs7s,1,0.12
KsKcTs7s,1,0.12
KhKdTh7h,1,0.12
KhKcTh7h,1,0.12
KsKhTh7h,1,0.12
KdKcTd7d,1,0.12
KsKdTd7d,1,0.12
KhKdTd7d,1,0.12
KsKcTc7c,1,0.12
KhKcTc7c,1,0.12
KdKcTc7c,1,0.12
KsKhTs6s,1,0.04
KsKdTs6s,1,0.04
KsKcTs6s,1,0.04
KhKdTh6h,1,0.04
KhKcTh6h,1,0.04
KsKhTh6h,1,0.04
KdKcTd6d,1,0.04
KsKdTd6d,1,0.04
KhKdTd6d,1,0.04
KsKcTc6c,1,0.04
KhKcTc6c,1,0.04
KdKcTc6c,1,0.04
KsKhTs5s,0.015,0
KsKdTs5s,0.015,0
KsKcTs5s,0.015,0
KhKdTh5h,0.015,0
KhKcTh5h,0.015,0
KsKhTh5h,0.015,0
KdKcTd5d,0.015,0
KsKdTd5d,0.015,0
KhKdTd5d,0.015,0
KsKcTc5c,0.015,0
KhKcTc5c,0.015,0
KdKcTc5c,0.015,0
KsKhTsTh,1,1.78
KsKdTsTd,1,1.78
KsKcTsTc,1,1.78
KhKdThTd,1,1.78
KhKcThTc,1,1.78
KdKcTdTc,1,1.78
KsKhTs9h,1,1.09
KsKdTs9d,1,1.09
KsKcTs9c,1,1.09
KhKdTh9d,1,1.09
KhKcTh9c,1,1.09
KsKhTh9s,1,1.09
KdKcTd9c,1,1.09
KsKdTd9s,1,1.09
KhKdTd9h,1,1.09
KsKcTc9s,1,1.09
KhKcTc9h,1,1.09
KdKcTc9d,1,1.09
KsKhTs8h,1,0.82
KsKdTs8d,1,0.82
KsKcTs8c,1,0.82
KhKdTh8d,1,0.82
KhKcTh8c,1,0.82
KsKhTh8s,1,0.82
KdKcTd8c,1,0.82
KsKdTd8s,1,0.82
KhKdTd8h,1,0.82
KsKcTc8s,1,0.82
KhKcTc8h,1,0.82
KdKcTc8d,1,0.82
KsKhTs7h,1,0.76
KsKdTs7d,1,0.76
KsKcTs7c,1,0.76
KhKdTh7d,1,0.76
KhKcTh7c,1,0.76
KsKhTh7s,1,0.76
KdKcTd7c,1,0.76
KsKdTd7s,1,0.76
KhKdTd7h,1,0.76
KsKcTc7s,1,0.76
KhKcTc7h,1,0.76
KdKcTc7d,1,0.76
KsKhTs6h,1,0.55
KsKdTs6d,1,0.55
KsKcTs6c,1,0.55
KhKdTh6d,1,0.55
KhKcTh6c,1,0.55
KsKhTh6s,1,0.55
KdKcTd6c,1,0.55
KsKdTd6s,1,0.55
KhKdTd6h,1,0.55
KsKcTc6s,1,0.55
KhKcTc6h,1,0.55
KdKcTc6d,1,0.55
KsKhTs5h,1,0.44
KsKdTs5d,1,0.44
KsKcTs5c,1,0.44
KhKdTh5d,1,0.44
KhKcTh5c,1,0.44
KsKhTh5s,1,0.44
KdKcTd5c,1,0.44
KsKdTd5s,1,0.44
KhKdTd5h,1,0.44
KsKcTc5s,1,0.44
KhKcTc5h,1,0.44
KdKcTc5d,1,0.44
KsKhTs4h,1,0.45
KsKdTs4d,1,0.45
KsKcTs4c,1,0.45
KhKdTh4d,1,0.45
KhKcTh4c,1,0.45
KsKhTh4s,1,0.45
KdKcTd4c,1,0.45
KsKdTd4s,1,0.45
KhKdTd4h,1,0.45
KsKcTc4s,1,0.45
KhKcTc4h,1,0.45
KdKcTc4d,1,0.45
KsKhTs3h,1,0.48
KsKdTs3d,1,0.48
KsKcTs3c,1,0.48
KhKdTh3d,1,0.48
KhKcTh3c,1,0.48
KsKhTh3s,1,0.48
KdKcTd3c,1,0.48
KsKdTd3s,1,0.48
KhKdTd3h,1,0.48
KsKcTc3s,1,0.48
KhKcTc3h,1,0.48
KdKcTc3d,1,0.48
KsKhTs2h,1,0.49
KsKdTs2d,1,0.49
KsKcTs2c,1,0.49
KhKdTh2d,1,0.49
KhKcTh2c,1,0.49
KsKhTh2s,1,0.49
KdKcTd2c,1,0.49
KsKdTd2s,1,0.49
KhKdTd2h,1,0.49
KsKcTc2s,1,0.49
KhKcTc2h,1,0.49
KdKcTc2d,1,0.49
KsKhTsTd,1,1.08
KsKhTsTc,1,1.08
KsKdTsTc,1,1.08
KsKdTsTh,1,1.08
KsKcTsTh,1,1.08
KsKcTsTd,1,1.08
KhKdThTc,1,1.08
KhKdTsTh,1,1.08
KhKcThTd,1,1.08
KhKcTsTh,1,1.08
KsKhThTc,1,1.08
KsKhThTd,1,1.08
KdKcThTd,1,1.08
KdKcTsTd,1,1.08
KsKdTdTc,1,1.08
KsKdThTd,1,1.08
KhKdTdTc,1,1.08
KhKdTsTd,1,1.08
KsKcThTc,1,1.08
KsKcTdTc,1,1.08
KhKcTdTc,1,1.08
KhKcTsTc,1,1.08
KdKcTsTc,1,1.08
KdKcThTc,1,1.08
KsKhTs9d,1,0.44
KsKhTs9c,1,0.44
KsKdTs9c,1,0.44
KsKdTs9h,1,0.44
KsKcTs9h,1,0.44
KsKcTs9d,1,0.44
KhKdTh9c,1,0.44
KhKdTh9s,1,0.44
KhKcTh9d,1,0.44
KhKcTh9s,1,0.44
KsKhTh9c,1,0.44
KsKhTh9d,1,0.44
KdKcTd9h,1,0.44
KdKcTd9s,1,0.44
KsKdTd9c,1,0.44
KsKdTd9h,1,0.44
KhKdTd9c,1,0.44
KhKdTd9s,1,0.44
KsKcTc9h,1,0.44
KsKcTc9d,1,0.44
KhKcTc9d,1,0.44
KhKcTc9s,1,0.44
KdKcTc9s,1,0.44
KdKcTc9h,1,0.44
KsKhTs8d,1,0.25
KsKhTs8c,1,0.25
KsKdTs8c,1,0.25
KsKdTs8h,1,0.25
KsKcTs8h,1,0.25
KsKcTs8d,1,0.25
KhKdTh8c,1,0.25
KhKdTh8s,1,0.25
KhKcTh8d,1,0.25
KhKcTh8s,1,0.25
KsKhTh8c,1,0.25
KsKhTh8d,1,0.25
KdKcTd8h,1,0.25
KdKcTd8s,1,0.25
KsKdTd8c,1,0.25
KsKdTd8h,1,0.25
KhKdTd8c,1,0.25
KhKdTd8s,1,0.25
KsKcTc8h,1,0.25
KsKcTc8d,1,0.25
KhKcTc8d,1,0.25
KhKcTc8s,1,0.25
KdKcTc8s,1,0.25
KdKcTc8h,1,0.25
KsKhTs7d,1,0.2
KsKhTs7c,1,0.2
KsKdTs7c,1,0.2
KsKdTs7h,1,0.2
KsKcTs7h,1,0.2
KsKcTs7d,1,0.2
KhKdTh7c,1,0.2
KhKdTh7s,1,0.2
KhKcTh7d,1,0.2
KhKcTh7s,1,0.2
KsKhTh7c,1,0.2
KsKhTh7d,1,0.2
KdKcTd7h,1,0.2
KdKcTd7s,1,0.2
KsKdTd7c,1,0.2
KsKdTd7h,1,0.2
KhKdTd7c,1,0.2
KhKdTd7s,1,0.2
KsKcTc7h,1,0.2
KsKcTc7d,1,0.2
KhKcTc7d,1,0.2
KhKcTc7s,1,0.2
KdKcTc7s,1,0.2
KdKcTc7h,1,0.2
KsKhTs6d,1,0.12
KsKhTs6c,1,0.12
KsKdTs6c,1,0.12
KsKdTs6h,1,0.12
KsKcTs6h,1,0.12
KsKcTs6d,1,0.12
KhKdTh6c,1,0.12
KhKdTh6s,1,0.12
KhKcTh6d,1,0.12
KhKcTh6s,1,0.12
KsKhTh6c,1,0.12
KsKhTh6d,1,0.12
KdKcTd6h,1,0.12
KdKcTd6s,1,0.12
KsKdTd6c,1,0.12
KsKdTd6h,1,0.12
KhKdTd6c,1,0.12
KhKdTd6s,1,0.12
KsKcTc6h,1,0.12
KsKcTc6d,1,0.12
KhKcTc6d,1,0.12
KhKcTc6s,1,0.12
KdKcTc6s,1,0.12
KdKcTc6h,1,0.12
KsKhTs5d,1,0.07
KsKhTs5c,1,0.07
KsKdTs5c,1,0.07
KsKdTs5h,1,0.07
KsKcTs5h,1,0.07
KsKcTs5d,1,0.07
KhKdTh5c,1,0.07
KhKdTh5s,1,0.07
KhKcTh5d,1,0.07
KhKcTh5s,1,0.07
KsKhTh5c,1,0.07
KsKhTh5d,1,0.07
KdKcTd5h,1,0.07
KdKcTd5s,1,0.07
KsKdTd5c,1,0.07
KsKdTd5h,1,0.07
KhKdTd5c,1,0.07
KhKdTd5s,1,0.07
KsKcTc5h,1,0.07
KsKcTc5d,1,0.07
KhKcTc5d,1,0.07
KhKcTc5s,1,0.07
KdKcTc5s,1,0.07
KdKcTc5h,1,0.07
KsKhTs4d,1,0.04
KsKhTs4c,1,0.04
KsKdTs4c,1,0.04
KsKdTs4h,1,0.04
KsKcTs4h,1,0.04
KsKcTs4d,1,0.04
KhKdTh4c,1,0.04
KhKdTh4s,1,0.04
KhKcTh4d,1,0.04
KhKcTh4s,1,0.04
KsKhTh4c,1,0.04
KsKhTh4d,1,0.04
KdKcTd4h,1,0.04
KdKcTd4s,1,0.04
KsKdTd4c,1,0.04
KsKdTd4h,1,0.04
KhKdTd4c,1,0.04
KhKdTd4s,1,0.04
KsKcTc4h,1,0.04
KsKcTc4d,1,0.04
KhKcTc4d,1,0.04
KhKcTc4s,1,0.04
KdKcTc4s,1,0.04
KdKcTc4h,1,0.04
KsKhTs3d,1,0.04
KsKhTs3c,1,0.04
KsKdTs3c,1,0.04
KsKdTs3h,1,0.04
KsKcTs3h,1,0.04
KsKcTs3d,1,0.04
KhKdTh3c,1,0.04
KhKdTh3s,1,0.04
KhKcTh3d,1,0.04
KhKcTh3s,1,0.04
KsKhTh3c,1,0.04
KsKhTh3d,1,0.04
KdKcTd3h,1,0.04
KdKcTd3s,1,0.04
KsKdTd3c,1,0.04
KsKdTd3h,1,0.04
KhKdTd3c,1,0.04
KhKdTd3s,1,0.04
KsKcTc3h,1,0.04
KsKcTc3d,1,0.04
KhKcTc3d,1,0.04
KhKcTc3s,1,0.04
KdKcTc3s,1,0.04
KdKcTc3h,1,0.04
KsKhTs2d,1,0.03
KsKhTs2c,1,0.03
KsKdTs2c,1,0.03
KsKdTs2h,1,0.03
KsKcTs2h,1,0.03
KsKcTs2d,1,0.03
KhKdTh2c,1,0.03
KhKdTh2s,1,0.03
KhKcTh2d,1,0.03
KhKcTh2s,1,0.03
KsKhTh2c,1,0.03
KsKhTh2d,1,0.03
KdKcTd2h,1,0.03
KdKcTd2s,1,0.03
KsKdTd2c,1,0.03
KsKdTd2h,1,0.03
KhKdTd2c,1,0.03
KhKdTd2s,1,0.03
KsKcTc2h,1,0.03
KsKcTc2d,1,0.03
KhKcTc2d,1,0.03
KhKcTc2s,1,0.03
KdKcTc2s,1,0.03
KdKcTc2h,1,0.03
KsKh9s8s,1,0.11
KsKd9s8s,1,0.11
KsKc9s8s,1,0.11
KhKd9h8h,1,0.11
KhKc9h8h,1,0.11
KsKh9h8h,1,0.11
KdKc9d8d,1,0.11
KsKd9d8d,1,0.11
KhKd9d8d,1,0.11
KsKc9c8c,1,0.11
KhKc9c8c,1,0.11
KdKc9c8c,1,0.11
KsKh9s7s,1,0.08
KsKd9s7s,1,0.08
KsKc9s7s,1,0.08
KhKd9h7h,1,0.08
KhKc9h7h,1,0.08
KsKh9h7h,1,0.08
KdKc9d7d,1,0.08
KsKd9d7d,1,0.08
KhKd9d7d,1,0.08
KsKc9c7c,1,0.08
KhKc9c7c,1,0.08
KdKc9c7c,1,0.08
KsKh9s6s,1,0
KsKd9s6s,1,0
KsKc9s6s,1,0
KhKd9h6h,1,0
KhKc9h6h,1,0
KsKh9h6h,1,0
KdKc9d6d,1,0
KsKd9d6d,1,0
KhKd9d6d,1,0
KsKc9c6c,1,0
KhKc9c6c,1,0
KdKc9c6c,1,0
KsKh9s9h,1,1.45
KsKd9s9d,1,1.45
KsKc9s9c,1,1.45
KhKd9h9d,1,1.45
KhKc9h9c,1,1.45
KdKc9d9c,1,1.45
KsKh9s8h,1,0.77
KsKd9s8d,1,0.77
KsKc9s8c,1,0.77
KhKd9h8d,1,0.77
KhKc9h8c,1,0.77
KsKh9h8s,1,0.77
KdKc9d8c,1,0.77
KsKd9d8s,1,0.77
KhKd9d8h,1,0.77
KsKc9c8s,1,0.77
KhKc9c8h,1,0.77
KdKc9c8d,1,0.77
KsKh9s7h,1,0.73
KsKd9s7d,1,0.73
KsKc9s7c,1,0.73
KhKd9h7d,1,0.73
KhKc9h7c,1,0.73
KsKh9h7s,1,0.73
KdKc9d7c,1,0.73
KsKd9d7s,1,0.73
KhKd9d7h,1,0.73
KsKc9c7s,1,0.73
KhKc9c7h,1,0.73
KdKc9c7d,1,0.73
KsKh9s6h,1,0.52
KsKd9s6d,1,0.52
KsKc9s6c,1,0.52
KhKd9h6d,1,0.52
KhKc9h6c,1,0.52
KsKh9h6s,1,0.52
KdKc9d6c,1,0.52
KsKd9d6s,1,0.52
KhKd9d6h,1,0.52
KsKc9c6s,1,0.52
KhKc9c6h,1,0.52
KdKc9c6d,1,0.52
KsKh9s5h,1,0.34
KsKd9s5d,1,0.34
KsKc9s5c,1,0.34
KhKd9h5d,1,0.34
KhKc9h5c,1,0.34
KsKh9h5s,1,0.34
KdKc9d5c,1,0.34
KsKd9d5s,1,0.34
KhKd9d5h,1,0.34
KsKc9c5s,1,0.34
KhKc9c5h,1,0.34
KdKc9c5d,1,0.34
KsKh9s4h,1,0.21
KsKd9s4d,1,0.21
KsKc9s4c,1,0.21
KhKd9h4d,1,0.21
KhKc9h4c,1,0.21
KsKh9h4s,1,0.21
KdKc9d4c,1,0.21
KsKd9d4s,1,0.21
KhKd9d4h,1,0.21
KsKc9c4s,1,0.21
KhKc9c4h,1,0.21
KdKc9c4d,1,0.21
KsKh9s3h,1,0.23
KsKd9s3d,1,0.23
KsKc9s3c,1,0.23
KhKd9h3d,1,0.23
KhKc9h3c,1,0.23
KsKh9h3s,1,0.23
KdKc9d3c,1,0.23
KsKd9d3s,1,0.23
KhKd9d3h,1,0.23
KsKc9c3s,1,0.23
KhKc9c3h,1,0.23
KdKc9c3d,1,0.23
KsKh9s2h,1,0.24
KsKd9s2d,1,0.24
KsKc9s2c,1,0.24
KhKd9h2d,1,0.24
KhKc9h2c,1,0.24
KsKh9h2s,1,0.24
KdKc9d2c,1,0.24
KsKd9d2s,1,0.24
KhKd9d2h,1,0.24
KsKc9c2s,1,0.24
KhKc9c2h,1,0.24
KdKc9c2d,1,0.24
KsKh9s9d,1,0.79
KsKh9s9c,1,0.79
KsKd9s9c,1,0.79
KsKd9s9h,1,0.79
KsKc9s9h,1,0.79
KsKc9s9d,1,0.79
KhKd9h9c,1,0.79
KhKd9s9h,1,0.79
KhKc9h9d,1,0.79
KhKc9s9h,1,0.79
KsKh9h9c,1,0.79
KsKh9h9d,1,0.79
KdKc9h9d,1,0.79
KdKc9s9d,1,0.79
KsKd9d9c,1,0.79
KsKd9h9d,1,0.79
KhKd9d9c,1,0.79
KhKd9s9d,1,0.79
KsKc9h9c,1,0.79
KsKc9d9c,1,0.79
KhKc9d9c,1,0.79
KhKc9s9c,1,0.79
KdKc9s9c,1,0.79
KdKc9h9c,1,0.79
KsKh9s8d,1,0.2
KsKh9s8c,1,0.2
KsKd9s8c,1,0.2
KsKd9s8h,1,0.2
KsKc9s8h,1,0.2
KsKc9s8d,1,0.2
KhKd9h8c,1,0.2
KhKd9h8s,1,0.2
KhKc9h8d,1,0.2
KhKc9h8s,1,0.2
KsKh9h8c,1,0.2
KsKh9h8d,1,0.2
KdKc9d8h,1,0.2
KdKc9d8s,1,0.2
KsKd9d8c,1,0.2
KsKd9d8h,1,0.2
KhKd9d8c,1,0.2
KhKd9d8s,1,0.2
KsKc9c8h,1,0.2
KsKc9c8d,1,0.2
KhKc9c8d,1,0.2
KhKc9c8s,1,0.2
KdKc9c8s,1,0.2
KdKc9c8h,1,0.2
KsKh9s7d,1,0.17
KsKh9s7c,1,0.17
KsKd9s7c,1,0.17
KsKd9s7h,1,0.17
KsKc9s7h,1,0.17
KsKc9s7d,1,0.17
KhKd9h7c,1,0.17
KhKd9h7s,1,0.17
KhKc9h7d,1,0.17
KhKc9h7s,1,0.17
KsKh9h7c,1,0.17
KsKh9h7d,1,0.17
KdKc9d7h,1,0.17
KdKc9d7s,1,0.17
KsKd9d7c,1,0.17
KsKd9d7h,1,0.17
KhKd9d7c,1,0.17
KhKd9d7s,1,0.17
KsKc9c7h,1,0.17
KsKc9c7d,1,0.17
KhKc9c7d,1,0.17
KhKc9c7s,1,0.17
KdKc9c7s,1,0.17
KdKc9c7h,1,0.17
KsKh9s6d,1,0.07
KsKh9s6c,1,0.07
KsKd9s6c,1,0.07
KsKd9s6h,1,0.07
KsKc9s6h,1,0.07
KsKc9s6d,1,0.07
KhKd9h6c,1,0.07
KhKd9h6s,1,0.07
KhKc9h6d,1,0.07
KhKc9h6s,1,0.07
KsKh9h6c,1,0.07
KsKh9h6d,1,0.07
KdKc9d6h,1,0.07
KdKc9d6s,1,0.07
KsKd9d6c,1,0.07
KsKd9d6h,1,0.07
KhKd9d6c,1,0.07
KhKd9d6s,1,0.07
KsKc9c6h,1,0.07
KsKc9c6d,1,0.07
KhKc9c6d,1,0.07
KhKc9c6s,1,0.07
KdKc9c6s,1,0.07
KdKc9c6h,1,0.07
KsKh9s5d,1,0
KsKh9s5c,1,0
KsKd9s5c,1,0
KsKd9s5h,1,0
KsKc9s5h,1,0
KsKc9s5d,1,0
KhKd9h5c,1,0
KhKd9h5s,1,0
KhKc9h5d,1,0
KhKc9h5s,1,0
KsKh9h5c,1,0
KsKh9h5d,1,0
KdKc9d5h,1,0
KdKc9d5s,1,0
KsKd9d5c,1,0
KsKd9d5h,1,0
KhKd9d5c,1,0
KhKd9d5s,1,0
KsKc9c5h,1,0
KsKc9c5d,1,0
KhKc9c5d,1,0
KhKc9c5s,1,0
KdKc9c5s,1,0
KdKc9c5h,1,0
KsKh8s7s,1,0.11
KsKd8s7s,1,0.11
KsKc8s7s,1,0.11
KhKd8h7h,1,0.11
KhKc8h7h,1,0.11
KsKh8h7h,1,0.11
KdKc8d7d,1,0.11
KsKd8d7d,1,0.11
KhKd8d7d,1,0.11
KsKc8c7c,1,0.11
KhKc8c7c,1,0.11
KdKc8c7c,1,0.11
KsKh8s6s,1,0.03
KsKd8s6s,1,0.03
KsKc8s6s,1,0.03
KhKd8h6h,1,0.03
KhKc8h6h,1,0.03
KsKh8h6h,1,0.03
KdKc8d6d,1,0.03
KsKd8d6d,1,0.03
KhKd8d6d,1,0.03
KsKc8c6c,1,0.03
KhKc8c6c,1,0.03
KdKc8c6c,1,0.03
KsKh8s8h,1,1.17
KsKd8s8d,1,1.17
KsKc8s8c,1,1.17
KhKd8h8d,1,1.17
KhKc8h8c,1,1.17
KdKc8d8c,1,1.17
KsKh8s7h,1,0.78
KsKd8s7d,1,0.78
KsKc8s7c,1,0.78
KhKd8h7d,1,0.78
KhKc8h7c,1,0.78
KsKh8h7s,1,0.78
KdKc8d7c,1,0.78
KsKd8d7s,1,0.78
KhKd8d7h,1,0.78
KsKc8c7s,1,0.78
KhKc8c7h,1,0.78
KdKc8c7d,1,0.78
KsKh8s6h,1,0.6
KsKd8s6d,1,0.6
KsKc8s6c,1,0.6
KhKd8h6d,1,0.6
KhKc8h6c,1,0.6
KsKh8h6s,1,0.6
KdKc8d6c,1,0.6
KsKd8d6s,1,0.6
KhKd8d6h,1,0.6
KsKc8c6s,1,0.6
KhKc8c6h,1,0.6
KdKc8c6d,1,0.6
KsKh8s5h,1,0.41
KsKd8s5d,1,0.41
KsKc8s5c,1,0.41
KhKd8h5d,1,0.41
KhKc8h5c,1,0.41
KsKh8h5s,1,0.41
KdKc8d5c,1,0.41
KsKd8d5s,1,0.41
KhKd8d5h,1,0.41
KsKc8c5s,1,0.41
KhKc8c5h,1,0.41
KdKc8c5d,1,0.41
KsKh8s4h,1,0.23
KsKd8s4d,1,0.23
KsKc8s4c,1,0.23
KhKd8h4d,1,0.23
KhKc8h4c,1,0.23
KsKh8h4s,1,0.23
KdKc8d4c,1,0.23
KsKd8d4s,1,0.23
KhKd8d4h,1,0.23
KsKc8c4s,1,0.23
KhKc8c4h,1,0.23
KdKc8c4d,1,0.23
KsKh8s3h,1,0.11
KsKd8s3d,1,0.11
KsKc8s3c,1,0.11
KhKd8h3d,1,0.11
KhKc8h3c,1,0.11
KsKh8h3s,1,0.11
KdKc8d3c,1,0.11
KsKd8d3s,1,0.11
KhKd8d3h,1,0.11
KsKc8c3s,1,0.11
KhKc8c3h,1,0.11
KdKc8c3d,1,0.11
KsKh8s2h,1,0.12
KsKd8s2d,1,0.12
KsKc8s2c,1,0.12
KhKd8h2d,1,0.12
KhKc8h2c,1,0.12
KsKh8h2s,1,0.12
KdKc8d2c,1,0.12
KsKd8d2s,1,0.12
KhKd8d2h,1,0.12
KsKc8c2s,1,0.12
KhKc8c2h,1,0.12
KdKc8c2d,1,0.12
KsKh8s8d,1,0.63
KsKh8s8c,1,0.63
KsKd8s8c,1,0.63
KsKd8s8h,1,0.63
KsKc8s8h,1,0.63
KsKc8s8d,1,0.63
KhKd8h8c,1,0.63
KhKd8s8h,1,0.63
KhKc8h8d,1,0.63
KhKc8s8h,1,0.63
KsKh8h8c,1,0.63
KsKh8h8d,1,0.63
KdKc8h8d,1,0.63
KdKc8s8d,1,0.63
KsKd8d8c,1,0.63
KsKd8h8d,1,0.63
KhKd8d8c,1,0.63
KhKd8s8d,1,0.63
KsKc8h8c,1,0.63
KsKc8d8c,1,0.63
KhKc8d8c,1,0.63
KhKc8s8c,1,0.63
KdKc8s8c,1,0.63
KdKc8h8c,1,0.63
KsKh8s7d,1,0.19
KsKh8s7c,1,0.19
KsKd8s7c,1,0.19
KsKd8s7h,1,0.19
KsKc8s7h,1,0.19
KsKc8s7d,1,0.19
KhKd8h7c,1,0.19
KhKd8h7s,1,0.19
KhKc8h7d,1,0.19
KhKc8h7s,1,0.19
KsKh8h7c,1,0.19
KsKh8h7d,1,0.19
KdKc8d7h,1,0.19
KdKc8d7s,1,0.19
KsKd8d7c,1,0.19
KsKd8d7h,1,0.19
KhKd8d7c,1,0.19
KhKd8d7s,1,0.19
KsKc8c7h,1,0.19
KsKc8c7d,1,0.19
KhKc8c7d,1,0.19
KhKc8c7s,1,0.19
KdKc8c7s,1,0.19
KdKc8c7h,1,0.19
KsKh8s6d,1,0.11
KsKh8s6c,1,0.11
KsKd8s6c,1,0.11
KsKd8s6h,1,0.11
KsKc8s6h,1,0.11
KsKc8s6d,1,0.11
KhKd8h6c,1,0.11
KhKd8h6s,1,0.11
KhKc8h6d,1,0.11
KhKc8h6s,1,0.11
KsKh8h6c,1,0.11
KsKh8h6d,1,0.11
KdKc8d6h,1,0.11
KdKc8d6s,1,0.11
KsKd8d6c,1,0.11
KsKd8d6h,1,0.11
KhKd8d6c,1,0.11
KhKd8d6s,1,0.11
KsKc8c6h,1,0.11
KsKc8c6d,1,0.11
KhKc8c6d,1,0.11
KhKc8c6s,1,0.11
KdKc8c6s,1,0.11
KdKc8c6h,1,0.11
KsKh8s5d,1,0.03
KsKh8s5c,1,0.03
KsKd8s5c,1,0.03
KsKd8s5h,1,0.03
KsKc8s5h,1,0.03
KsKc8s5d,1,0.03
KhKd8h5c,1,0.03
KhKd8h5s,1,0.03
KhKc8h5d,1,0.03
KhKc8h5s,1,0.03
KsKh8h5c,1,0.03
KsKh8h5d,1,0.03
KdKc8d5h,1,0.03
KdKc8d5s,1,0.03
KsKd8d5c,1,0.03
KsKd8d5h,1,0.03
KhKd8d5c,1,0.03
KhKd8d5s,1,0.03
KsKc8c5h,1,0.03
KsKc8c5d,1,0.03
KhKc8c5d,1,0.03
KhKc8c5s,1,0.03
KdKc8c5s,1,0.03
KdKc8c5h,1,0.03
KsKh7s6s,1,0.1
KsKd7s6s,1,0.1
KsKc7s6s,1,0.1
KhKd7h6h,1,0.1
KhKc7h6h,1,0.1
KsKh7h6h,1,0.1
KdKc7d6d,1,0.1
KsKd7d6d,1,0.1
KhKd7d6d,1,0.1
KsKc7c6c,1,0.1
KhKc7c6c,1,0.1
KdKc7c6c,1,0.1
KsKh7s5s,1,0.03
KsKd7s5s,1,0.03
KsKc7s5s,1,0.03
KhKd7h5h,1,0.03
KhKc7h5h,1,0.03
KsKh7h5h,1,0.03
KdKc7d5d,1,0.03
KsKd7d5d,1,0.03
KhKd7d5d,1,0.03
KsKc7c5c,1,0.03
KhKc7c5c,1,0.03
KdKc7c5c,1,0.03
KsKh7s7h,1,1.19
KsKd7s7d,1,1.19
KsKc7s7c,1,1.19
KhKd7h7d,1,1.19
KhKc7h7c,1,1.19
KdKc7d7c,1,1.19
KsKh7s6h,1,0.8
KsKd7s6d,1,0.8
KsKc7s6c,1,0.8
KhKd7h6d,1,0.8
KhKc7h6c,1,0.8
KsKh7h6s,1,0.8
KdKc7d6c,1,0.8
KsKd7d6s,1,0.8
KhKd7d6h,1,0.8
KsKc7c6s,1,0.8
KhKc7c6h,1,0.8
KdKc7c6d,1,0.8
KsKh7s5h,1,0.66
KsKd7s5d,1,0.66
KsKc7s5c,1,0.66
KhKd7h5d,1,0.66
KhKc7h5c,1,0.66
KsKh7h5s,1,0.66
KdKc7d5c,1,0.66
KsKd7d5s,1,0.66
KhKd7d5h,1,0.66
KsKc7c5s,1,0.66
KhKc7c5h,1,0.66
KdKc7c5d,1,0.66
KsKh7s4h,1,0.46
KsKd7s4d,1,0.46
KsKc7s4c,1,0.46
KhKd7h4d,1,0.46
KhKc7h4c,1,0.46
KsKh7h4s,1,0.46
KdKc7d4c,1,0.46
KsKd7d4s,1,0.46
KhKd7d4h,1,0.46
KsKc7c4s,1,0.46
KhKc7c4h,1,0.46
KdKc7c4d,1,0.46
KsKh7s3h,1,0.26
KsKd7s3d,1,0.26
KsKc7s3c,1,0.26
KhKd7h3d,1,0.26
KhKc7h3c,1,0.26
KsKh7h3s,1,0.26
KdKc7d3c,1,0.26
KsKd7d3s,1,0.26
KhKd7d3h,1,0.26
KsKc7c3s,1,0.26
KhKc7c3h,1,0.26
KdKc7c3d,1,0.26
KsKh7s2h,1,0.12
KsKd7s2d,1,0.12
KsKc7s2c,1,0.12
KhKd7h2d,1,0.12
KhKc7h2c,1,0.12
KsKh7h2s,1,0.12
KdKc7d2c,1,0.12
KsKd7d2s,1,0.12
KhKd7d2h,1,0.12
KsKc7c2s,1,0.12
KhKc7c2h,1,0.12
KdKc7c2d,1,0.12
KsKh7s7d,1,0.61
KsKh7s7c,1,0.61
KsKd7s7c,1,0.61
KsKd7s7h,1,0.61
KsKc7s7h,1,0.61
KsKc7s7d,1,0.61
KhKd7h7c,1,0.61
KhKd7s7h,1,0.61
KhKc7h7d,1,0.61
KhKc7s7h,1,0.61
KsKh7h7c,1,0.61
KsKh7h7d,1,0.61
KdKc7h7d,1,0.61
KdKc7s7d,1,0.61
KsKd7d7c,1,0.61
KsKd7h7d,1,0.61
KhKd7d7c,1,0.61
KhKd7s7d,1,0.61
KsKc7h7c,1,0.61
KsKc7d7c,1,0.61
KhKc7d7c,1,0.61
KhKc7s7c,1,0.61
KdKc7s7c,1,0.61
KdKc7h7c,1,0.61
KsKh7s6d,1,0.19
KsKh7s6c,1,0.19
KsKd7s6c,1,0.19
KsKd7s6h,1,0.19
KsKc7s6h,1,0.19
KsKc7s6d,1,0.19
KhKd7h6c,1,0.19
KhKd7h6s,1,0.19
KhKc7h6d,1,0.19
KhKc7h6s,1,0.19
KsKh7h6c,1,0.19
KsKh7h6d,1,0.19
KdKc7d6h,1,0.19
KdKc7d6s,1,0.19
KsKd7d6c,1,0.19
KsKd7d6h,1,0.19
KhKd7d6c,1,0.19
KhKd7d6s,1,0.19
KsKc7c6h,1,0.19
KsKc7c6d,1,0.19
KhKc7c6d,1,0.19
KhKc7c6s,1,0.19
KdKc7c6s,1,0.19
KdKc7c6h,1,0.19
KsKh7s5d,1,0.12
KsKh7s5c,1,0.12
KsKd7s5c,1,0.12
KsKd7s5h,1,0.12
KsKc7s5h,1,0.12
KsKc7s5d,1,0.12
KhKd7h5c,1,0.12
KhKd7h5s,1,0.12
KhKc7h5d,1,0.12
KhKc7h5s,1,0.12
KsKh7h5c,1,0.12
KsKh7h5d,1,0.12
KdKc7d5h,1,0.12
KdKc7d5s,1,0.12
KsKd7d5c,1,0.12
KsKd7d5h,1,0.12
KhKd7d5c,1,0.12
KhKd7d5s,1,0.12
KsKc7c5h,1,0.12
KsKc7c5d,1,0.12
KhKc7c5d,1,0.12
KhKc7c5s,1,0.12
KdKc7c5s,1,0.12
KdKc7c5h,1,0.12
KsKh7s4d,1,0.01
KsKh7s4c,1,0.01
KsKd7s4c,1,0.01
KsKd7s4h,1,0.01
KsKc7s4h,1,0.01
KsKc7s4d,1,0.01
KhKd7h4c,1,0.01
KhKd7h4s,1,0.01
KhKc7h4d,1,0.01
KhKc7h4s,1,0.01
KsKh7h4c,1,0.01
KsKh7h4d,1,0.01
KdKc7d4h,1,0.01
KdKc7d4s,1,0.01
KsKd7d4c,1,0.01
KsKd7d4h,1,0.01
KhKd7d4c,1,0.01
KhKd7d4s,1,0.01
KsKc7c4h,1,0.01
KsKc7c4d,1,0.01
KhKc7c4d,1,0.01
KhKc7c4s,1,0.01
KdKc7c4s,1,0.01
KdKc7c4h,1,0.01
KsKh6s5s,1,0.11
KsKd6s5s,1,0.11
KsKc6s5s,1,0.11
KhKd6h5h,1,0.11
KhKc6h5h,1,0.11
KsKh6h5h,1,0.11
KdKc6d5d,1,0.11
KsKd6d5d,1,0.11
KhKd6d5d,1,0.11
KsKc6c5c,1,0.11
KhKc6c5c,1,0.11
KdKc6c5c,1,0.11
KsKh6s4s,1,0.03
KsKd6s4s,1,0.03
KsKc6s4s,1,0.03
KhKd6h4h,1,0.03
KhKc6h4h,1,0.03
KsKh6h4h,1,0.03
KdKc6d4d,1,0.03
KsKd6d4d,1,0.03
KhKd6d4d,1,0.03
KsKc6c4c,1,0.03
KhKc6c4c,1,0.03
KdKc6c4c,1,0.03
KsKh6s6h,1,1.13
KsKd6s6d,1,1.13
KsKc6s6c,1,1.13
KhKd6h6d,1,1.13
KhKc6h6c,1,1.13
KdKc6d6c,1,1.13
KsKh6s5h,1,0.89
KsKd6s5d,1,0.89
KsKc6s5c,1,0.89
KhKd6h5d,1,0.89
KhKc6h5c,1,0.89
KsKh6h5s,1,0.89
KdKc6d5c,1,0.89
KsKd6d5s,1,0.89
KhKd6d5h,1,0.89
KsKc6c5s,1,0.89
KhKc6c5h,1,0.89
KdKc6c5d,1,0.89
KsKh6s4h,1,0.73
KsKd6s4d,1,0.73
KsKc6s4c,1,0.73
KhKd6h4d,1,0.73
KhKc6h4c,1,0.73
KsKh6h4s,1,0.73
KdKc6d4c,1,0.73
KsKd6d4s,1,0.73
KhKd6d4h,1,0.73
KsKc6c4s,1,0.73
KhKc6c4h,1,0.73
KdKc6c4d,1,0.73
KsKh6s3h,1,0.48
KsKd6s3d,1,0.48
KsKc6s3c,1,0.48
KhKd6h3d,1,0.48
KhKc6h3c,1,0.48
KsKh6h3s,1,0.48
KdKc6d3c,1,0.48
KsKd6d3s,1,0.48
KhKd6d3h,1,0.48
KsKc6c3s,1,0.48
KhKc6c3h,1,0.48
KdKc6c3d,1,0.48
KsKh6s2h,1,0.27
KsKd6s2d,1,0.27
KsKc6s2c,1,0.27
KhKd6h2d,1,0.27
KhKc6h2c,1,0.27
KsKh6h2s,1,0.27
KdKc6d2c,1,0.27
KsKd6d2s,1,0.27
KhKd6d2h,1,0.27
KsKc6c2s,1,0.27
KhKc6c2h,1,0.27
KdKc6c2d,1,0.27
KsKh6s6d,1,0.55
KsKh6s6c,1,0.55
KsKd6s6c,1,0.55
KsKd6s6h,1,0.55
KsKc6s6h,1,0.55
KsKc6s6d,1,0.55
KhKd6h6c,1,0.55
KhKd6s6h,1,0.55
KhKc6h6d,1,0.55
KhKc6s6h,1,0.55
KsKh6h6c,1,0.55
KsKh6h6d,1,0.55
KdKc6h6d,1,0.55
KdKc6s6d,1,0.55
KsKd6d6c,1,0.55
KsKd6h6d,1,0.55
KhKd6d6c,1,0.55
KhKd6s6d,1,0.55
KsKc6h6c,1,0.55
KsKc6d6c,1,0.55
KhKc6d6c,1,0.55
KhKc6s6c,1,0.55
KdKc6s6c,1,0.55
KdKc6h6c,1,0.55
KsKh6s5d,1,0.25
KsKh6s5c,1,0.25
KsKd6s5c,1,0.25
KsKd6s5h,1,0.25
KsKc6s5h,1,0.25
KsKc6s5d,1,0.25
KhKd6h5c,1,0.25
KhKd6h5s,1,0.25
KhKc6h5d,1,0.25
KhKc6h5s,1,0.25
KsKh6h5c,1,0.25
KsKh6h5d,1,0.25
KdKc6d5h,1,0.25
KdKc6d5s,1,0.25
KsKd6d5c,1,0.25
KsKd6d5h,1,0.25
KhKd6d5c,1,0.25
KhKd6d5s,1,0.25
KsKc6c5h,1,0.25
KsKc6c5d,1,0.25
KhKc6c5d,1,0.25
KhKc6c5s,1,0.25
KdKc6c5s,1,0.25
KdKc6c5h,1,0.25
KsKh6s4d,1,0.14
KsKh6s4c,1,0.14
KsKd6s4c,1,0.14
KsKd6s4h,1,0.14
KsKc6s4h,1,0.14
KsKc6s4d,1,0.14
KhKd6h4c,1,0.14
KhKd6h4s,1,0.14
KhKc6h4d,1,0.14
KhKc6h4s,1,0.14
KsKh6h4c,1,0.14
KsKh6h4d,1,0.14
KdKc6d4h,1,0.14
KdKc6d4s,1,0.14
KsKd6d4c,1,0.14
KsKd6d4h,1,0.14
KhKd6d4c,1,0.14
KhKd6d4s,1,0.14
KsKc6c4h,1,0.14
KsKc6c4d,1,0.14
KhKc6c4d,1,0.14
KhKc6c4s,1,0.14
KdKc6c4s,1,0.14
KdKc6c4h,1,0.14
KsKh6s3d,0.018,0
KsKh6s3c,0.018,0
KsKd6s3c,0.018,0
KsKd6s3h,0.018,0
KsKc6s3h,0.018,0
KsKc6s3d,0.018,0
KhKd6h3c,0.018,0
KhKd6h3s,0.018,0
KhKc6h3d,0.018,0
KhKc6h3s,0.018,0
KsKh6h3c,0.018,0
KsKh6h3d,0.018,0
KdKc6d3h,0.018,0
KdKc6d3s,0.018,0
KsKd6d3c,0.018,0
KsKd6d3h,0.018,0
KhKd6d3c,0.018,0
KhKd6d3s,0.018,0
KsKc6c3h,0.018,0
KsKc6c3d,0.018,0
KhKc6c3d,0.018,0
KhKc6c3s,0.018,0
KdKc6c3s,0.018,0
KdKc6c3h,0.018,0
KsKh5s4s,1,0.07
KsKd5s4s,1,0.07
KsKc5s4s,1,0.07
KhKd5h4h,1,0.07
KhKc5h4h,1,0.07
KsKh5h4h,1,0.07
KdKc5d4d,1,0.07
KsKd5d4d,1,0.07
KhKd5d4d,1,0.07
KsKc5c4c,1,0.07
KhKc5c4c,1,0.07
KdKc5c4c,1,0.07
KsKh5s5h,1,1.09
KsKd5s5d,1,1.09
KsKc5s5c,1,1.09
KhKd5h5d,1,1.09
KhKc5h5c,1,1.09
KdKc5d5c,1,1.09
KsKh5s4h,1,0.83
KsKd5s4d,1,0.83
KsKc5s4c,1,0.83
KhKd5h4d,1,0.83
KhKc5h4c,1,0.83
KsKh5h4s,1,0.83
KdKc5d4c,1,0.83
KsKd5d4s,1,0.83
KhKd5d4h,1,0.83
KsKc5c4s,1,0.83
KhKc5c4h,1,0.83
KdKc5c4d,1,0.83
KsKh5s3h,1,0.67
KsKd5s3d,1,0.67
KsKc5s3c,1,0.67
KhKd5h3d,1,0.67
KhKc5h3c,1,0.67
KsKh5h3s,1,0.67
KdKc5d3c,1,0.67
KsKd5d3s,1,0.67
KhKd5d3h,1,0.67
KsKc5c3s,1,0.67
KhKc5c3h,1,0.67
KdKc5c3d,1,0.67
KsKh5s2h,1,0.46
KsKd5s2d,1,0.46
KsKc5s2c,1,0.46
KhKd5h2d,1,0.46
KhKc5h2c,1,0.46
KsKh5h2s,1,0.46
KdKc5d2c,1,0.46
KsKd5d2s,1,0.46
KhKd5d2h,1,0.46
KsKc5c2s,1,0.46
KhKc5c2h,1,0.46
KdKc5c2d,1,0.46
KsKh5s5d,1,0.49
KsKh5s5c,1,0.49
KsKd5s5c,1,0.49
KsKd5s5h,1,0.49
KsKc5s5h,1,0.49
KsKc5s5d,1,0.49
KhKd5h5c,1,0.49
KhKd5s5h,1,0.49
KhKc5h5d,1,0.49
KhKc5s5h,1,0.49
KsKh5h5c,1,0.49
KsKh5h5d,1,0.49
KdKc5h5d,1,0.49
KdKc5s5d,1,0.49
KsKd5d5c,1,0.49
KsKd5h5d,1,0.49
KhKd5d5c,1,0.49
KhKd5s5d,1,0.49
KsKc5h5c,1,0.49
KsKc5d5c,1,0.49
KhKc5d5c,1,0.49
KhKc5s5c,1,0.49
KdKc5s5c,1,0.49
KdKc5h5c,1,0.49
KsKh5s4d,1,0.21
KsKh5s4c,1,0.21
KsKd5s4c,1,0.21
KsKd5s4h,1,0.21
KsKc5s4h,1,0.21
KsKc5s4d,1,0.21
KhKd5h4c,1,0.21
KhKd5h4s,1,0.21
KhKc5h4d,1,0.21
KhKc5h4s,1,0.21
KsKh5h4c,1,0.21
KsKh5h4d,1,0.21
KdKc5d4h,1,0.21
KdKc5d4s,1,0.21
KsKd5d4c,1,0.21
KsKd5d4h,1,0.21
KhKd5d4c,1,0.21
KhKd5d4s,1,0.21
KsKc5c4h,1,0.21
KsKc5c4d,1,0.21
KhKc5c4d,1,0.21
KhKc5c4s,1,0.21
KdKc5c4s,1,0.21
KdKc5c4h,1,0.21
KsKh5s3d,1,0.1
KsKh5s3c,1,0.1
KsKd5s3c,1,0.1
KsKd5s3h,1,0.1
KsKc5s3h,1,0.1
KsKc5s3d,1,0.1
KhKd5h3c,1,0.1
KhKd5h3s,1,0.1
KhKc5h3d,1,0.1
KhKc5h3s,1,0.1
KsKh5h3c,1,0.1
KsKh5h3d,1,0.1
KdKc5d3h,1,0.1
KdKc5d3s,1,0.1
KsKd5d3c,1,0.1
KsKd5d3h,1,0.1
KhKd5d3c,1,0.1
KhKd5d3s,1,0.1
KsKc5c3h,1,0.1
KsKc5c3d,1,0.1
KhKc5c3d,1,0.1
KhKc5c3s,1,0.1
KdKc5c3s,1,0.1
KdKc5c3h,1,0.1
KsKh4s4h,1,1.18
KsKd4s4d,1,1.18
KsKc4s4c,1,1.18
KhKd4h4d,1,1.18
KhKc4h4c,1,1.18
KdKc4d4c,1,1.18
KsKh4s3h,1,0.6
KsKd4s3d,1,0.6
KsKc4s3c,1,0.6
KhKd4h3d,1,0.6
KhKc4h3c,1,0.6
KsKh4h3s,1,0.6
KdKc4d3c,1,0.6
KsKd4d3s,1,0.6
KhKd4d3h,1,0.6
KsKc4c3s,1,0.6
KhKc4c3h,1,0.6
KdKc4c3d,1,0.6
KsKh4s2h,1,0.47
KsKd4s2d,1,0.47
KsKc4s2c,1,0.47
KhKd4h2d,1,0.47
KhKc4h2c,1,0.47
KsKh4h2s,1,0.47
KdKc4d2c,1,0.47
KsKd4d2s,1,0.47
KhKd4d2h,1,0.47
KsKc4c2s,1,0.47
KhKc4c2h,1,0.47
KdKc4c2d,1,0.47
KsKh4s4d,1,0.55
KsKh4s4c,1,0.55
KsKd4s4c,1,0.55
KsKd4s4h,1,0.55
KsKc4s4h,1,0.55
KsKc4s4d,1,0.55
KhKd4h4c,1,0.55
KhKd4s4h,1,0.55
KhKc4h4d,1,0.55
KhKc4s4h,1,0.55
KsKh4h4c,1,0.55
KsKh4h4d,1,0.55
KdKc4h4d,1,0.55
KdKc4s4d,1,0.55
KsKd4d4c,1,0.55
KsKd4h4d,1,0.55
KhKd4d4c,1,0.55
KhKd4s4d,1,0.55
KsKc4h4c,1,0.55
KsKc4d4c,1,0.55
KhKc4d4c,1,0.55
KhKc4s4c,1,0.55
KdKc4s4c,1,0.55
KdKc4h4c,1,0.55
KsKh4s3d,1,0.03
KsKh4s3c,1,0.03
KsKd4s3c,1,0.03
KsKd4s3h,1,0.03
KsKc4s3h,1,0.03
KsKc4s3d,1,0.03
KhKd4h3c,1,0.03
KhKd4h3s,1,0.03
KhKc4h3d,1,0.03
KhKc4h3s,1,0.03
KsKh4h3c,1,0.03
KsKh4h3d,1,0.03
KdKc4d3h,1,0.03
KdKc4d3s,1,0.03
KsKd4d3c,1,0.03
KsKd4d3h,1,0.03
KhKd4d3c,1,0.03
KhKd4d3s,1,0.03
KsKc4c3h,1,0.03
KsKc4c3d,1,0.03
KhKc4c3d,1,0.03
KhKc4c3s,1,0.03
KdKc4c3s,1,0.03
KdKc4c3h,1,0.03
KsKh3s3h,1,1.26
KsKd3s3d,1,1.26
KsKc3s3c,1,1.26
KhKd3h3d,1,1.26
KhKc3h3c,1,1.26
KdKc3d3c,1,1.26
KsKh3s2h,1,0.41
KsKd3s2d,1,0.41
KsKc3s2c,1,0.41
KhKd3h2d,1,0.41
KhKc3h2c,1,0.41
KsKh3h2s,1,0.41
KdKc3d2c,1,0.41
KsKd3d2s,1,0.41
KhKd3d2h,1,0.41
KsKc3c2s,1,0.41
KhKc3c2h,1,0.41
KdKc3c2d,1,0.41
KsKh3s3d,1,0.62
KsKh3s3c,1,0.62
KsKd3s3c,1,0.62
KsKd3s3h,1,0.62
KsKc3s3h,1,0.62
KsKc3s3d,1,0.62
KhKd3h3c,1,0.62
KhKd3s3h,1,0.62
KhKc3h3d,1,0.62
KhKc3s3h,1,0.62
KsKh3h3c,1,0.62
KsKh3h3d,1,0.62
KdKc3h3d,1,0.62
KdKc3s3d,1,0.62
KsKd3d3c,1,0.62
KsKd3h3d,1,0.62
KhKd3d3c,1,0.62
KhKd3s3d,1,0.62
KsKc3h3c,1,0.62
KsKc3d3c,1,0.62
KhKc3d3c,1,0.62
KhKc3s3c,1,0.62
KdKc3s3c,1,0.62
KdKc3h3c,1,0.62
KsKh2s2h,1,1.36
KsKd2s2d,1,1.36
KsKc2s2c,1,1.36
KhKd2h2d,1,1.36
KhKc2h2c,1,1.36
KdKc2d2c,1,1.36
KsKh2s2d,1,0.7
KsKh2s2c,1,0.7
KsKd2s2c,1,0.7
KsKd2s2h,1,0.7
KsKc2s2h,1,0.7
KsKc2s2d,1,0.7
KhKd2h2c,1,0.7
KhKd2s2h,1,0.7
KhKc2h2d,1,0.7
KhKc2s2h,1,0.7
KsKh2h2c,1,0.7
KsKh2h2d,1,0.7
KdKc2h2d,1,0.7
KdKc2s2d,1,0.7
KsKd2d2c,1,0.7
KsKd2h2d,1,0.7
KhKd2d2c,1,0.7
KhKd2s2d,1,0.7
KsKc2h2c,1,0.7
KsKc2d2c,1,0.7
KhKc2d2c,1,0.7
KhKc2s2c,1,0.7
KdKc2s2c,1,0.7
KdKc2h2c,1,0.7
KsKhQdJs,1,0.4
KsKhQcJs,1,0.4
KsKdQcJs,1,0.4
KsKdQhJs,1,0.4
KsKcQhJs,1,0.4
KsKcQdJs,1,0.4
KhKdQcJh,1,0.4
KhKdQsJh,1,0.4
KhKcQdJh,1,0.4
KhKcQsJh,1,0.4
KsKhQcJh,1,0.4
KsKhQdJh,1,0.4
KdKcQhJd,1,0.4
KdKcQsJd,1,0.4
KsKdQcJd,1,0.4
KsKdQhJd,1,0.4
KhKdQcJd,1,0.4
KhKdQsJd,1,0.4
KsKcQhJc,1,0.4
KsKcQdJc,1,0.4
KhKcQdJc,1,0.4
KhKcQsJc,1,0.4
KdKcQsJc,1,0.4
KdKcQhJc,1,0.4
KsKhQdTs,1,0.4
KsKhQcTs,1,0.4
KsKdQcTs,1,0.4
KsKdQhTs,1,0.4
KsKcQhTs,1,0.4
KsKcQdTs,1,0.4
KhKdQcTh,1,0.4
KhKdQsTh,1,0.4
KhKcQdTh,1,0.4
KhKcQsTh,1,0.4
KsKhQcTh,1,0.4
KsKhQdTh,1,0.4
KdKcQhTd,1,0.4
KdKcQsTd,1,0.4
KsKdQcTd,1,0.4
KsKdQhTd,1,0.4
KhKdQcTd,1,0.4
KhKdQsTd,1,0.4
KsKcQhTc,1,0.4
KsKcQdTc,1,0.4
KhKcQdTc,1,0.4
KhKcQsTc,1,0.4
KdKcQsTc,1,0.4
KdKcQhTc,1,0.4
KsKhQd9s,1,0.18
KsKhQc9s,1,0.18
KsKdQc9s,1,0.18
KsKdQh9s,1,0.18
KsKcQh9s,1,0.18
KsKcQd9s,1,0.18
KhKdQc9h,1,0.18
KhKdQs9h,1,0.18
KhKcQd9h,1,0.18
KhKcQs9h,1,0.18
KsKhQc9h,1,0.18
KsKhQd9h,1,0.18
KdKcQh9d,1,0.18
KdKcQs9d,1,0.18
KsKdQc9d,1,0.18
KsKdQh9d,1,0.18
KhKdQc9d,1,0.18
KhKdQs9d,1,0.18
KsKcQh9c,1,0.18
KsKcQd9c,1,0.18
KhKcQd9c,1,0.18
KhKcQs9c,1,0.18
KdKcQs9c,1,0.18
KdKcQh9c,1,0.18
KsKhQd8s,1,0.08
KsKhQc8s,1,0.08
KsKdQc8s,1,0.08
KsKdQh8s,1,0.08
KsKcQh8s,1,0.08
KsKcQd8s,1,0.08
KhKdQc8h,1,0.08
KhKdQs8h,1,0.08
KhKcQd8h,1,0.08
KhKcQs8h,1,0.08
KsKhQc8h,1,0.08
KsKhQd8h,1,0.08
KdKcQh8d,1,0.08
KdKcQs8d,1,0.08
KsKdQc8d,1,0.08
KsKdQh8d,1,0.08
KhKdQc8d,1,0.08
KhKdQs8d,1,0.08
KsKcQh8c,1,0.08
KsKcQd8c,1,0.08
KhKcQd8c,1,0.08
KhKcQs8c,1,0.08
KdKcQs8c,1,0.08
KdKcQh8c,1,0.08
KsKhQd7s,1,0.09
KsKhQc7s,1,0.09
KsKdQc7s,1,0.09
KsKdQh7s,1,0.09
KsKcQh7s,1,0.09
KsKcQd7s,1,0.09
KhKdQc7h,1,0.09
KhKdQs7h,1,0.09
KhKcQd7h,1,0.09
KhKcQs7h,1,0.09
KsKhQc7h,1,0.09
KsKhQd7h,1,0.09
KdKcQh7d,1,0.09
KdKcQs7d,1,0.09
KsKdQc7d,1,0.09
KsKdQh7d,1,0.09
KhKdQc7d,1,0.09
KhKdQs7d,1,0.09
KsKcQh7c,1,0.09
KsKcQd7c,1,0.09
KhKcQd7c,1,0.09
KhKcQs7c,1,0.09
KdKcQs7c,1,0.09
KdKcQh7c,1,0.09
KsKhQd6s,1,0.07
KsKhQc6s,1,0.07
KsKdQc6s,1,0.07
KsKdQh6s,1,0.07
KsKcQh6s,1,0.07
KsKcQd6s,1,0.07
KhKdQc6h,1,0.07
KhKdQs6h,1,0.07
KhKcQd6h,1,0.07
KhKcQs6h,1,0.07
KsKhQc6h,1,0.07
KsKhQd6h,1,0.07
KdKcQh6d,1,0.07
KdKcQs6d,1,0.07
KsKdQc6d,1,0.07
KsKdQh6d,1,0.07
KhKdQc6d,1,0.07
KhKdQs6d,1,0.07
KsKcQh6c,1,0.07
KsKcQd6c,1,0.07
KhKcQd6c,1,0.07
KhKcQs6c,1,0.07
KdKcQs6c,1,0.07
KdKcQh6c,1,0.07
KsKhQd5s,1,0.07
KsKhQc5s,1,0.07
KsKdQc5s,1,0.07
KsKdQh5s,1,0.07
KsKcQh5s,1,0.07
KsKcQd5s,1,0.07
KhKdQc5h,1,0.07
KhKdQs5h,1,0.07
KhKcQd5h,1,0.07
KhKcQs5h,1,0.07
KsKhQc5h,1,0.07
KsKhQd5h,1,0.07
KdKcQh5d,1,0.07
KdKcQs5d,1,0.07
KsKdQc5d,1,0.07
KsKdQh5d,1,0.07
KhKdQc5d,1,0.07
KhKdQs5d,1,0.07
KsKcQh5c,1,0.07
KsKcQd5c,1,0.07
KhKcQd5c,1,0.07
KhKcQs5c,1,0.07
KdKcQs5c,1,0.07
KdKcQh5c,1,0.07
KsKhQd4s,1,0.04
KsKhQc4s,1,0.04
KsKdQc4s,1,0.04
KsKdQh4s,1,0.04
KsKcQh4s,1,0.04
KsKcQd4s,1,0.04
KhKdQc4h,1,0.04
KhKdQs4h,1,0.04
KhKcQd4h,1,0.04
KhKcQs4h,1,0.04
KsKhQc4h,1,0.04
KsKhQd4h,1,0.04
KdKcQh4d,1,0.04
KdKcQs4d,1,0.04
KsKdQc4d,1,0.04
KsKdQh4d,1,0.04
KhKdQc4d,1,0.04
KhKdQs4d,1,0.04
KsKcQh4c,1,0.04
KsKcQd4c,1,0.04
KhKcQd4c,1,0.04
KhKcQs4c,1,0.04
KdKcQs4c,1,0.04
KdKcQh4c,1,0.04
KsKhQd3s,1,0.03
KsKhQc3s,1,0.03
KsKdQc3s,1,0.03
KsKdQh3s,1,0.03
KsKcQh3s,1,0.03
KsKcQd3s,1,0.03
KhKdQc3h,1,0.03
KhKdQs3h,1,0.03
KhKcQd3h,1,0.03
KhKcQs3h,1,0.03
KsKhQc3h,1,0.03
KsKhQd3h,1,0.03
KdKcQh3d,1,0.03
KdKcQs3d,1,0.03
KsKdQc3d,1,0.03
KsKdQh3d,1,0.03
KhKdQc3d,1,0.03
KhKdQs3d,1,0.03
KsKcQh3c,1,0.03
KsKcQd3c,1,0.03
KhKcQd3c,1,0.03
KhKcQs3c,1,0.03
KdKcQs3c,1,0.03
KdKcQh3c,1,0.03
KsKhQd2s,1,0.02
KsKhQc2s,1,0.02
KsKdQc2s,1,0.02
KsKdQh2s,1,0.02
KsKcQh2s,1,0.02
KsKcQd2s,1,0.02
KhKdQc2h,1,0.02
KhKdQs2h,1,0.02
KhKcQd2h,1,0.02
KhKcQs2h,1,0.02
KsKhQc2h,1,0.02
KsKhQd2h,1,0.02
KdKcQh2d,1,0.02
KdKcQs2d,1,0.02
KsKdQc2d,1,0.02
KsKdQh2d,1,0.02
KhKdQc2d,1,0.02
KhKdQs2d,1,0.02
KsKcQh2c,1,0.02
KsKcQd2c,1,0.02
KhKcQd2c,1,0.02
KhKcQs2c,1,0.02
KdKcQs2c,1,0.02
KdKcQh2c,1,0.02
KsKhQdJd,1,0.28
KsKhQcJc,1,0.28
KsKdQcJc,1,0.28
KsKdQhJh,1,0.28
KsKcQhJh,1,0.28
KsKcQdJd,1,0.28
KhKdQcJc,1,0.28
KhKdQsJs,1,0.28
KhKcQdJd,1,0.28
KhKcQsJs,1,0.28
KdKcQhJh,1,0.28
KdKcQsJs,1,0.28
KsKhQdTd,1,0.28
KsKhQcTc,1,0.28
KsKdQcTc,1,0.28
KsKdQhTh,1,0.28
KsKcQhTh,1,0.28
KsKcQdTd,1,0.28
KhKdQcTc,1,0.28
KhKdQsTs,1,0.28
KhKcQdTd,1,0.28
KhKcQsTs,1,0.28
KdKcQhTh,1,0.28
KdKcQsTs,1,0.28
KsKhQd9d,1,0.11
KsKhQc9c,1,0.11
KsKdQc9c,1,0.11
KsKdQh9h,1,0.11
KsKcQh9h,1,0.11
KsKcQd9d,1,0.11
KhKdQc9c,1,0.11
KhKdQs9s,1,0.11
KhKcQd9d,1,0.11
KhKcQs9s,1,0.11
KdKcQh9h,1,0.11
KdKcQs9s,1,0.11
KsKhQd8d,1,0.03
KsKhQc8c,1,0.03
KsKdQc8c,1,0.03
KsKdQh8h,1,0.03
KsKcQh8h,1,0.03
KsKcQd8d,1,0.03
KhKdQc8c,1,0.03
KhKdQs8s,1,0.03
KhKcQd8d,1,0.03
KhKcQs8s,1,0.03
KdKcQh8h,1,0.03
KdKcQs8s,1,0.03
KsKhQd7d,1,0.03
KsKhQc7c,1,0.03
KsKdQc7c,1,0.03
KsKdQh7h,1,0.03
KsKcQh7h,1,0.03
KsKcQd7d,1,0.03
KhKdQc7c,1,0.03
KhKdQs7s,1,0.03
KhKcQd7d,1,0.03
KhKcQs7s,1,0.03
KdKcQh7h,1,0.03
KdKcQs7s,1,0.03
KsKhQd6d,1,0.02
KsKhQc6c,1,0.02
KsKdQc6c,1,0.02
KsKdQh6h,1,0.02
KsKcQh6h,1,0.02
KsKcQd6d,1,0.02
KhKdQc6c,1,0.02
KhKdQs6s,1,0.02
KhKcQd6d,1,0.02
KhKcQs6s,1,0.02
KdKcQh6h,1,0.02
KdKcQs6s,1,0.02
KsKhQd5d,1,0.01
KsKhQc5c,1,0.01
KsKdQc5c,1,0.01
KsKdQh5h,1,0.01
KsKcQh5h,1,0.01
KsKcQd5d,1,0.01
KhKdQc5c,1,0.01
KhKdQs5s,1,0.01
KhKcQd5d,1,0.01
KhKcQs5s,1,0.01
KdKcQh5h,1,0.01
KdKcQs5s,1,0.01
KsKhQdQc,1,0.72
KsKdQhQc,1,0.72
KsKcQhQd,1,0.72
KhKdQsQc,1,0.72
KhKcQsQd,1,0.72
KdKcQsQh,1,0.72
KsKhQdJc,1,0.04
KsKhQcJd,1,0.04
KsKdQcJh,1,0.04
KsKdQhJc,1,0.04
KsKcQhJd,1,0.04
KsKcQdJh,1,0.04
KhKdQcJs,1,0.04
KhKdQsJc,1,0.04
KhKcQdJs,1,0.04
KhKcQsJd,1,0.04
KdKcQhJs,1,0.04
KdKcQsJh,1,0.04
KsKhQdTc,1,0.05
KsKhQcTd,1,0.05
KsKdQcTh,1,0.05
KsKdQhTc,1,0.05
KsKcQhTd,1,0.05
KsKcQdTh,1,0.05
KhKdQcTs,1,0.05
KhKdQsTc,1,0.05
KhKcQdTs,1,0.05
KhKcQsTd,1,0.05
KdKcQhTs,1,0.05
KdKcQsTh,1,0.05
KsKhJdTs,1,0.53
KsKhJcTs,1,0.53
KsKdJcTs,1,0.53
KsKdJhTs,1,0.53
KsKcJhTs,1,0.53
KsKcJdTs,1,0.53
KhKdJcTh,1,0.53
KhKdJsTh,1,0.53
KhKcJdTh,1,0.53
KhKcJsTh,1,0.53
KsKhJcTh,1,0.53
KsKhJdTh,1,0.53
KdKcJhTd,1,0.53
KdKcJsTd,1,0.53
KsKdJcTd,1,0.53
KsKdJhTd,1,0.53
KhKdJcTd,1,0.53
KhKdJsTd,1,0.53
KsKcJhTc,1,0.53
KsKcJdTc,1,0.53
KhKcJdTc,1,0.53
KhKcJsTc,1,0.53
KdKcJsTc,1,0.53
KdKcJhTc,1,0.53
KsKhJd9s,1,0.29
KsKhJc9s,1,0.29
KsKdJc9s,1,0.29
KsKdJh9s,1,0.29
KsKcJh9s,1,0.29
KsKcJd9s,1,0.29
KhKdJc9h,1,0.29
KhKdJs9h,1,0.29
KhKcJd9h,1,0.29
KhKcJs9h,1,0.29
KsKhJc9h,1,0.29
KsKhJd9h,1,0.29
KdKcJh9d,1,0.29
KdKcJs9d,1,0.29
KsKdJc9d,1,0.29
KsKdJh9d,1,0.29
KhKdJc9d,1,0.29
KhKdJs9d,1,0.29
KsKcJh9c,1,0.29
KsKcJd9c,1,0.29
KhKcJd9c,1,0.29
KhKcJs9c,1,0.29
KdKcJs9c,1,0.29
KdKcJh9c,1,0.29
KsKhJd8s,1,0.16
KsKhJc8s,1,0.16
KsKdJc8s,1,0.16
KsKdJh8s,1,0.16
KsKcJh8s,1,0.16
KsKcJd8s,1,0.16
KhKdJc8h,1,0.16
KhKdJs8h,1,0.16
KhKcJd8h,1,0.16
KhKcJs8h,1,0.16
KsKhJc8h,1,0.16
KsKhJd8h,1,0.16
KdKcJh8d,1,0.16
KdKcJs8d,1,0.16
KsKdJc8d,1,0.16
KsKdJh8d,1,0.16
KhKdJc8d,1,0.16
KhKdJs8d,1,0.16
KsKcJh8c,1,0.16
KsKcJd8c,1,0.16
KhKcJd8c,1,0.16
KhKcJs8c,1,0.16
KdKcJs8c,1,0.16
KdKcJh8c,1,0.16
KsKhJd7s,1,0.13
KsKhJc7s,1,0.13
KsKdJc7s,1,0.13
KsKdJh7s,1,0.13
KsKcJh7s,1,0.13
KsKcJd7s,1,0.13
KhKdJc7h,1,0.13
KhKdJs7h,1,0.13
KhKcJd7h,1,0.13
KhKcJs7h,1,0.13
KsKhJc7h,1,0.13
KsKhJd7h,1,0.13
KdKcJh7d,1,0.13
KdKcJs7d,1,0.13
KsKdJc7d,1,0.13
KsKdJh7d,1,0.13
KhKdJc7d,1,0.13
KhKdJs7d,1,0.13
KsKcJh7c,1,0.13
KsKcJd7c,1,0.13
KhKcJd7c,1,0.13
KhKcJs7c,1,0.13
KdKcJs7c,1,0.13
KdKcJh7c,1,0.13
KsKhJd6s,1,0.07
KsKhJc6s,1,0.07
KsKdJc6s,1,0.07
KsKdJh6s,1,0.07
KsKcJh6s,1,0.07
KsKcJd6s,1,0.07
KhKdJc6h,1,0.07
KhKdJs6h,1,0.07
KhKcJd6h,1,0.07
KhKcJs6h,1,0.07
KsKhJc6h,1,0.07
KsKhJd6h,1,0.07
KdKcJh6d,1,0.07
KdKcJs6d,1,0.07
KsKdJc6d,1,0.07
KsKdJh6d,1,0.07
KhKdJc6d,1,0.07
KhKdJs6d,1,0.07
KsKcJh6c,1,0.07
KsKcJd6c,1,0.07
KhKcJd6c,1,0.07
KhKcJs6c,1,0.07
KdKcJs6c,1,0.07
KdKcJh6c,1,0.07
KsKhJd5s,1,0.07
KsKhJc5s,1,0.07
KsKdJc5s,1,0.07
KsKdJh5s,1,0.07
KsKcJh5s,1,0.07
KsKcJd5s,1,0.07
KhKdJc5h,1,0.07
KhKdJs5h,1,0.07
KhKcJd5h,1,0.07
KhKcJs5h,1,0.07
KsKhJc5h,1,0.07
KsKhJd5h,1,0.07
KdKcJh5d,1,0.07
KdKcJs5d,1,0.07
KsKdJc5d,1,0.07
KsKdJh5d,1,0.07
KhKdJc5d,1,0.07
KhKdJs5d,1,0.07
KsKcJh5c,1,0.07
KsKcJd5c,1,0.07
KhKcJd5c,1,0.07
KhKcJs5c,1,0.07
KdKcJs5c,1,0.07
KdKcJh5c,1,0.07
KsKhJd4s,1,0.04
KsKhJc4s,1,0.04
KsKdJc4s,1,0.04
KsKdJh4s,1,0.04
KsKcJh4s,1,0.04
KsKcJd4s,1,0.04
KhKdJc4h,1,0.04
KhKdJs4h,1,0.04
KhKcJd4h,1,0.04
KhKcJs4h,1,0.04
KsKhJc4h,1,0.04
KsKhJd4h,1,0.04
KdKcJh4d,1,0.04
KdKcJs4d,1,0.04
KsKdJc4d,1,0.04
KsKdJh4d,1,0.04
KhKdJc4d,1,0.04
KhKdJs4d,1,0.04
KsKcJh4c,1,0.04
KsKcJd4c,1,0.04
KhKcJd4c,1,0.04
KhKcJs4c,1,0.04
KdKcJs4c,1,0.04
KdKcJh4c,1,0.04
KsKhJd3s,1,0.03
KsKhJc3s,1,0.03
KsKdJc3s,1,0.03
KsKdJh3s,1,0.03
KsKcJh3s,1,0.03
KsKcJd3s,1,0.03
KhKdJc3h,1,0.03
KhKdJs3h,1,0.03
KhKcJd3h,1,0.03
KhKcJs3h,1,0.03
KsKhJc3h,1,0.03
KsKhJd3h,1,0.03
KdKcJh3d,1,0.03
KdKcJs3d,1,0.03
KsKdJc3d,1,0.03
KsKdJh3d,1,0.03
KhKdJc3d,1,0.03
KhKdJs3d,1,0.03
KsKcJh3c,1,0.03
KsKcJd3c,1,0.03
KhKcJd3c,1,0.03
KhKcJs3c,1,0.03
KdKcJs3c,1,0.03
KdKcJh3c,1,0.03
KsKhJd2s,1,0.02
KsKhJc2s,1,0.02
KsKdJc2s,1,0.02
KsKdJh2s,1,0.02
KsKcJh2s,1,0.02
KsKcJd2s,1,0.02
KhKdJc2h,1,0.02
KhKdJs2h,1,0.02
KhKcJd2h,1,0.02
KhKcJs2h,1,0.02
KsKhJc2h,1,0.02
KsKhJd2h,1,0.02
KdKcJh2d,1,0.02
KdKcJs2d,1,0.02
KsKdJc2d,1,0.02
KsKdJh2d,1,0.02
KhKdJc2d,1,0.02
KhKdJs2d,1,0.02
KsKcJh2c,1,0.02
KsKcJd2c,1,0.02
KhKcJd2c,1,0.02
KhKcJs2c,1,0.02
KdKcJs2c,1,0.02
KdKcJh2c,1,0.02
KsKhJdTd,1,0.36
KsKhJcTc,1,0.36
KsKdJcTc,1,0.36
KsKdJhTh,1,0.36
KsKcJhTh,1,0.36
KsKcJdTd,1,0.36
KhKdJcTc,1,0.36
KhKdJsTs,1,0.36
KhKcJdTd,1,0.36
KhKcJsTs,1,0.36
KdKcJhTh,1,0.36
KdKcJsTs,1,0.36
KsKhJd9d,1,0.18
KsKhJc9c,1,0.18
KsKdJc9c,1,0.18
KsKdJh9h,1,0.18
KsKcJh9h,1,0.18
KsKcJd9d,1,0.18
KhKdJc9c,1,0.18
KhKdJs9s,1,0.18
KhKcJd9d,1,0.18
KhKcJs9s,1,0.18
KdKcJh9h,1,0.18
KdKcJs9s,1,0.18
KsKhJd8d,1,0.07
KsKhJc8c,1,0.07
KsKdJc8c,1,0.07
KsKdJh8h,1,0.07
KsKcJh8h,1,0.07
KsKcJd8d,1,0.07
KhKdJc8c,1,0.07
KhKdJs8s,1,0.07
KhKcJd8d,1,0.07
KhKcJs8s,1,0.07
KdKcJh8h,1,0.07
KdKcJs8s,1,0.07
KsKhJd7d,1,0.04
KsKhJc7c,1,0.04
KsKdJc7c,1,0.04
KsKdJh7h,1,0.04
KsKcJh7h,1,0.04
KsKcJd7d,1,0.04
KhKdJc7c,1,0.04
KhKdJs7s,1,0.04
KhKcJd7d,1,0.04
KhKcJs7s,1,0.04
KdKcJh7h,1,0.04
KdKcJs7s,1,0.04
KsKhJdJc,1,0.6
KsKdJhJc,1,0.6
KsKcJhJd,1,0.6
KhKdJsJc,1,0.6
KhKcJsJd,1,0.6
KdKcJsJh,1,0.6
KsKhJdTc,1,0.1
KsKhJcTd,1,0.1
KsKdJcTh,1,0.1
KsKdJhTc,1,0.1
KsKcJhTd,1,0.1
KsKcJdTh,1,0.1
KhKdJcTs,1,0.1
KhKdJsTc,1,0.1
KhKcJdTs,1,0.1
KhKcJsTd,1,0.1
KdKcJhTs,1,0.1
KdKcJsTh,1,0.1
KsKhJd9c,1,0.01
KsKhJc9d,1,0.01
KsKdJc9h,1,0.01
KsKdJh9c,1,0.01
KsKcJh9d,1,0.01
KsKcJd9h,1,0.01
KhKdJc9s,1,0.01
KhKdJs9c,1,0.01
KhKcJd9s,1,0.01
KhKcJs9d,1,0.01
KdKcJh9s,1,0.01
KdKcJs9h,1,0.01
KsKhTd9s,1,0.44
KsKhTc9s,1,0.44
KsKdTc9s,1,0.44
KsKdTh9s,1,0.44
KsKcTh9s,1,0.44
KsKcTd9s,1,0.44
KhKdTc9h,1,0.44
KhKdTs9h,1,0.44
KhKcTd9h,1,0.44
KhKcTs9h,1,0.44
KsKhTc9h,1,0.44
KsKhTd9h,1,0.44
KdKcTh9d,1,0.44
KdKcTs9d,1,0.44
KsKdTc9d,1,0.44
KsKdTh9d,1,0.44
KhKdTc9d,1,0.44
KhKdTs9d,1,0.44
KsKcTh9c,1,0.44
KsKcTd9c,1,0.44
KhKcTd9c,1,0.44
KhKcTs9c,1,0.44
KdKcTs9c,1,0.44
KdKcTh9c,1,0.44
KsKhTd8s,1,0.25
KsKhTc8s,1,0.25
KsKdTc8s,1,0.25
KsKdTh8s,1,0.25
KsKcTh8s,1,0.25
KsKcTd8s,1,0.25
KhKdTc8h,1,0.25
KhKdTs8h,1,0.25
KhKcTd8h,1,0.25
KhKcTs8h,1,0.25
KsKhTc8h,1,0.25
KsKhTd8h,1,0.25
KdKcTh8d,1,0.25
KdKcTs8d,1,0.25
KsKdTc8d,1,0.25
KsKdTh8d,1,0.25
KhKdTc8d,1,0.25
KhKdTs8d,1,0.25
KsKcTh8c,1,0.25
KsKcTd8c,1,0.25
KhKcTd8c,1,0.25
KhKcTs8c,1,0.25
KdKcTs8c,1,0.25
KdKcTh8c,1,0.25
KsKhTd7s,1,0.21
KsKhTc7s,1,0.21
KsKdTc7s,1,0.21
KsKdTh7s,1,0.21
KsKcTh7s,1,0.21
KsKcTd7s,1,0.21
KhKdTc7h,1,0.21
KhKdTs7h,1,0.21
KhKcTd7h,1,0.21
KhKcTs7h,1,0.21
KsKhTc7h,1,0.21
KsKhTd7h,1,0.21
KdKcTh7d,1,0.21
KdKcTs7d,1,0.21
KsKdTc7d,1,0.21
KsKdTh7d,1,0.21
KhKdTc7d,1,0.21
KhKdTs7d,1,0.21
KsKcTh7c,1,0.21
KsKcTd7c,1,0.21
KhKcTd7c,1,0.21
KhKcTs7c,1,0.21
KdKcTs7c,1,0.21
KdKcTh7c,1,0.21
KsKhTd6s,1,0.12
KsKhTc6s,1,0.12
KsKdTc6s,1,0.12
KsKdTh6s,1,0.12
KsKcTh6s,1,0.12
KsKcTd6s,1,0.12
KhKdTc6h,1,0.12
KhKdTs6h,1,0.12
KhKcTd6h,1,0.12
KhKcTs6h,1,0.12
KsKhTc6h,1,0.12
KsKhTd6h,1,0.12
KdKcTh6d,1,0.12
KdKcTs6d,1,0.12
KsKdTc6d,1,0.12
KsKdTh6d,1,0.12
KhKdTc6d,1,0.12
KhKdTs6d,1,0.12
KsKcTh6c,1,0.12
KsKcTd6c,1,0.12
KhKcTd6c,1,0.12
KhKcTs6c,1,0.12
KdKcTs6c,1,0.12
KdKcTh6c,1,0.12
KsKhTd5s,1,0.07
KsKhTc5s,1,0.07
KsKdTc5s,1,0.07
KsKdTh5s,1,0.07
KsKcTh5s,1,0.07
KsKcTd5s,1,0.07
KhKdTc5h,1,0.07
KhKdTs5h,1,0.07
KhKcTd5h,1,0.07
KhKcTs5h,1,0.07
KsKhTc5h,1,0.07
KsKhTd5h,1,0.07
KdKcTh5d,1,0.07
KdKcTs5d,1,0.07
KsKdTc5d,1,0.07
KsKdTh5d,1,0.07
KhKdTc5d,1,0.07
KhKdTs5d,1,0.07
KsKcTh5c,1,0.07
KsKcTd5c,1,0.07
KhKcTd5c,1,0.07
KhKcTs5c,1,0.07
KdKcTs5c,1,0.07
KdKcTh5c,1,0.07
KsKhTd4s,1,0.05
KsKhTc4s,1,0.05
KsKdTc4s,1,0.05
KsKdTh4s,1,0.05
KsKcTh4s,1,0.05
KsKcTd4s,1,0.05
KhKdTc4h,1,0.05
KhKdTs4h,1,0.05
KhKcTd4h,1,0.05
KhKcTs4h,1,0.05
KsKhTc4h,1,0.05
KsKhTd4h,1,0.05
KdKcTh4d,1,0.05
KdKcTs4d,1,0.05
KsKdTc4d,1,0.05
KsKdTh4d,1,0.05
KhKdTc4d,1,0.05
KhKdTs4d,1,0.05
KsKcTh4c,1,0.05
KsKcTd4c,1,0.05
KhKcTd4c,1,0.05
KhKcTs4c,1,0.05
KdKcTs4c,1,0.05
KdKcTh4c,1,0.05
KsKhTd3s,1,0.04
KsKhTc3s,1,0.04
KsKdTc3s,1,0.04
KsKdTh3s,1,0.04
KsKcTh3s,1,0.04
KsKcTd3s,1,0.04
KhKdTc3h,1,0.04
KhKdTs3h,1,0.04
KhKcTd3h,1,0.04
KhKcTs3h,1,0.04
KsKhTc3h,1,0.04
KsKhTd3h,1,0.04
KdKcTh3d,1,0.04
KdKcTs3d,1,0.04
KsKdTc3d,1,0.04
KsKdTh3d,1,0.04
KhKdTc3d,1,0.04
KhKdTs3d,1,0.04
KsKcTh3c,1,0.04
KsKcTd3c,1,0.04
KhKcTd3c,1,0.04
KhKcTs3c,1,0.04
KdKcTs3c,1,0.04
KdKcTh3c,1,0.04
KsKhTd2s,1,0.02
KsKhTc2s,1,0.02
KsKdTc2s,1,0.02
KsKdTh2s,1,0.02
KsKcTh2s,1,0.02
KsKcTd2s,1,0.02
KhKdTc2h,1,0.02
KhKdTs2h,1,0.02
KhKcTd2h,1,0.02
KhKcTs2h,1,0.02
KsKhTc2h,1,0.02
KsKhTd2h,1,0.02
KdKcTh2d,1,0.02
KdKcTs2d,1,0.02
KsKdTc2d,1,0.02
KsKdTh2d,1,0.02
KhKdTc2d,1,0.02
KhKdTs2d,1,0.02
KsKcTh2c,1,0.02
KsKcTd2c,1,0.02
KhKcTd2c,1,0.02
KhKcTs2c,1,0.02
KdKcTs2c,1,0.02
KdKcTh2c,1,0.02
KsKhTd9d,1,0.26
KsKhTc9c,1,0.26
KsKdTc9c,1,0.26
KsKdTh9h,1,0.26
KsKcTh9h,1,0.26
KsKcTd9d,1,0.26
KhKdTc9c,1,0.26
KhKdTs9s,1,0.26
KhKcTd9d,1,0.26
KhKcTs9s,1,0.26
KdKcTh9h,1,0.26
KdKcTs9s,1,0.26
KsKhTd8d,1,0.14
KsKhTc8c,1,0.14
KsKdTc8c,1,0.14
KsKdTh8h,1,0.14
KsKcTh8h,1,0.14
KsKcTd8d,1,0.14
KhKdTc8c,1,0.14
KhKdTs8s,1,0.14
KhKcTd8d,1,0.14
KhKcTs8s,1,0.14
KdKcTh8h,1,0.14
KdKcTs8s,1,0.14
KsKhTd7d,1,0.09
KsKhTc7c,1,0.09
KsKdTc7c,1,0.09
KsKdTh7h,1,0.09
KsKcTh7h,1,0.09
KsKcTd7d,1,0.09
KhKdTc7c,1,0.09
KhKdTs7s,1,0.09
KhKcTd7d,1,0.09
KhKcTs7s,1,0.09
KdKcTh7h,1,0.09
KdKcTs7s,1,0.09
KsKhTd6d,1,0.02
KsKhTc6c,1,0.02
KsKdTc6c,1,0.02
KsKdTh6h,1,0.02
KsKcTh6h,1,0.02
KsKcTd6d,1,0.02
KhKdTc6c,1,0.02
KhKdTs6s,1,0.02
KhKcTd6d,1,0.02
KhKcTs6s,1,0.02
KdKcTh6h,1,0.02
KdKcTs6s,1,0.02
KsKhTdTc,1,0.49
KsKdThTc,1,0.49
KsKcThTd,1,0.49
KhKdTsTc,1,0.49
KhKcTsTd,1,0.49
KdKcTsTh,1,0.49
KsKhTd9c,1,0.07
KsKhTc9d,1,0.07
KsKdTc9h,1,0.07
KsKdTh9c,1,0.07
KsKcTh9d,1,0.07
KsKcTd9h,1,0.07
KhKdTc9s,1,0.07
KhKdTs9c,1,0.07
KhKcTd9s,1,0.07
KhKcTs9d,1,0.07
KdKcTh9s,1,0.07
KdKcTs9h,1,0.07
KsKhTd8c,1,0.01
KsKhTc8d,1,0.01
KsKdTc8h,1,0.01
KsKdTh8c,1,0.01
KsKcTh8d,1,0.01
KsKcTd8h,1,0.01
KhKdTc8s,1,0.01
KhKdTs8c,1,0.01
KhKcTd8s,1,0.01
KhKcTs8d,1,0.01
KdKcTh8s,1,0.01
KdKcTs8h,1,0.01
KsKh9d8s,1,0.2
KsKh9c8s,1,0.2
KsKd9c8s,1,0.2
KsKd9h8s,1,0.2
KsKc9h8s,1,0.2
KsKc9d8s,1,0.2
KhKd9c8h,1,0.2
KhKd9s8h,1,0.2
KhKc9d8h,1,0.2
KhKc9s8h,1,0.2
KsKh9c8h,1,0.2
KsKh9d8h,1,0.2
KdKc9h8d,1,0.2
KdKc9s8d,1,0.2
KsKd9c8d,1,0.2
KsKd9h8d,1,0.2
KhKd9c8d,1,0.2
KhKd9s8d,1,0.2
KsKc9h8c,1,0.2
KsKc9d8c,1,0.2
KhKc9d8c,1,0.2
KhKc9s8c,1,0.2
KdKc9s8c,1,0.2
KdKc9h8c,1,0.2
KsKh9d7s,1,0.17
KsKh9c7s,1,0.17
KsKd9c7s,1,0.17
KsKd9h7s,1,0.17
KsKc9h7s,1,0.17
KsKc9d7s,1,0.17
KhKd9c7h,1,0.17
KhKd9s7h,1,0.17
KhKc9d7h,1,0.17
KhKc9s7h,1,0.17
KsKh9c7h,1,0.17
KsKh9d7h,1,0.17
KdKc9h7d,1,0.17
KdKc9s7d,1,0.17
KsKd9c7d,1,0.17
KsKd9h7d,1,0.17
KhKd9c7d,1,0.17
KhKd9s7d,1,0.17
KsKc9h7c,1,0.17
KsKc9d7c,1,0.17
KhKc9d7c,1,0.17
KhKc9s7c,1,0.17
KdKc9s7c,1,0.17
KdKc9h7c,1,0.17
KsKh9d6s,1,0.07
KsKh9c6s,1,0.07
KsKd9c6s,1,0.07
KsKd9h6s,1,0.07
KsKc9h6s,1,0.07
KsKc9d6s,1,0.07
KhKd9c6h,1,0.07
KhKd9s6h,1,0.07
KhKc9d6h,1,0.07
KhKc9s6h,1,0.07
KsKh9c6h,1,0.07
KsKh9d6h,1,0.07
KdKc9h6d,1,0.07
KdKc9s6d,1,0.07
KsKd9c6d,1,0.07
KsKd9h6d,1,0.07
KhKd9c6d,1,0.07
KhKd9s6d,1,0.07
KsKc9h6c,1,0.07
KsKc9d6c,1,0.07
KhKc9d6c,1,0.07
KhKc9s6c,1,0.07
KdKc9s6c,1,0.07
KdKc9h6c,1,0.07
KsKh9d5s,1,0
KsKh9c5s,1,0
KsKd9c5s,1,0
KsKd9h5s,1,0
KsKc9h5s,1,0
KsKc9d5s,1,0
KhKd9c5h,1,0
KhKd9s5h,1,0
KhKc9d5h,1,0
KhKc9s5h,1,0
KsKh9c5h,1,0
KsKh9d5h,1,0
KdKc9h5d,1,0
KdKc9s5d,1,0
KsKd9c5d,1,0
KsKd9h5d,1,0
KhKd9c5d,1,0
KhKd9s5d,1,0
KsKc9h5c,1,0
KsKc9d5c,1,0
KhKc9d5c,1,0
KhKc9s5c,1,0
KdKc9s5c,1,0
KdKc9h5c,1,0
KsKh9d8d,1,0.09
KsKh9c8c,1,0.09
KsKd9c8c,1,0.09
KsKd9h8h,1,0.09
KsKc9h8h,1,0.09
KsKc9d8d,1,0.09
KhKd9c8c,1,0.09
KhKd9s8s,1,0.09
KhKc9d8d,1,0.09
KhKc9s8s,1,0.09
KdKc9h8h,1,0.09
KdKc9s8s,1,0.09
KsKh9d7d,1,0.05
KsKh9c7c,1,0.05
KsKd9c7c,1,0.05
KsKd9h7h,1,0.05
KsKc9h7h,1,0.05
KsKc9d7d,1,0.05
KhKd9c7c,1,0.05
KhKd9s7s,1,0.05
KhKc9d7d,1,0.05
KhKc9s7s,1,0.05
KdKc9h7h,1,0.05
KdKc9s7s,1,0.05
KsKh9d9c,1,0.24
KsKd9h9c,1,0.24
KsKc9h9d,1,0.24
KhKd9s9c,1,0.24
KhKc9s9d,1,0.24
KdKc9s9h,1,0.24
KsKh8d7s,1,0.2
KsKh8c7s,1,0.2
KsKd8c7s,1,0.2
KsKd8h7s,1,0.2
KsKc8h7s,1,0.2
KsKc8d7s,1,0.2
KhKd8c7h,1,0.2
KhKd8s7h,1,0.2
KhKc8d7h,1,0.2
KhKc8s7h,1,0.2
KsKh8c7h,1,0.2
KsKh8d7h,1,0.2
KdKc8h7d,1,0.2
KdKc8s7d,1,0.2
KsKd8c7d,1,0.2
KsKd8h7d,1,0.2
KhKd8c7d,1,0.2
KhKd8s7d,1,0.2
KsKc8h7c,1,0.2
KsKc8d7c,1,0.2
KhKc8d7c,1,0.2
KhKc8s7c,1,0.2
KdKc8s7c,1,0.2
KdKc8h7c,1,0.2
KsKh8d6s,1,0.11
KsKh8c6s,1,0.11
KsKd8c6s,1,0.11
KsKd8h6s,1,0.11
KsKc8h6s,1,0.11
KsKc8d6s,1,0.11
KhKd8c6h,1,0.11
KhKd8s6h,1,0.11
KhKc8d6h,1,0.11
KhKc8s6h,1,0.11
KsKh8c6h,1,0.11
KsKh8d6h,1,0.11
KdKc8h6d,1,0.11
KdKc8s6d,1,0.11
KsKd8c6d,1,0.11
KsKd8h6d,1,0.11
KhKd8c6d,1,0.11
KhKd8s6d,1,0.11
KsKc8h6c,1,0.11
KsKc8d6c,1,0.11
KhKc8d6c,1,0.11
KhKc8s6c,1,0.11
KdKc8s6c,1,0.11
KdKc8h6c,1,0.11
KsKh8d5s,1,0.03
KsKh8c5s,1,0.03
KsKd8c5s,1,0.03
KsKd8h5s,1,0.03
KsKc8h5s,1,0.03
KsKc8d5s,1,0.03
KhKd8c5h,1,0.03
KhKd8s5h,1,0.03
KhKc8d5h,1,0.03
KhKc8s5h,1,0.03
KsKh8c5h,1,0.03
KsKh8d5h,1,0.03
KdKc8h5d,1,0.03
KdKc8s5d,1,0.03
KsKd8c5d,1,0.03
KsKd8h5d,1,0.03
KhKd8c5d,1,0.03
KhKd8s5d,1,0.03
KsKc8h5c,1,0.03
KsKc8d5c,1,0.03
KhKc8d5c,1,0.03
KhKc8s5c,1,0.03
KdKc8s5c,1,0.03
KdKc8h5c,1,0.03
KsKh8d7d,1,0.08
KsKh8c7c,1,0.08
KsKd8c7c,1,0.08
KsKd8h7h,1,0.08
KsKc8h7h,1,0.08
KsKc8d7d,1,0.08
KhKd8c7c,1,0.08
KhKd8s7s,1,0.08
KhKc8d7d,1,0.08
KhKc8s7s,1,0.08
KdKc8h7h,1,0.08
KdKc8s7s,1,0.08
KsKh8d8c,1,0.18
KsKd8h8c,1,0.18
KsKc8h8d,1,0.18
KhKd8s8c,1,0.18
KhKc8s8d,1,0.18
KdKc8s8h,1,0.18
KsKh7d6s,1,0.19
KsKh7c6s,1,0.19
KsKd7c6s,1,0.19
KsKd7h6s,1,0.19
KsKc7h6s,1,0.19
KsKc7d6s,1,0.19
KhKd7c6h,1,0.19
KhKd7s6h,1,0.19
KhKc7d6h,1,0.19
KhKc7s6h,1,0.19
KsKh7c6h,1,0.19
KsKh7d6h,1,0.19
KdKc7h6d,1,0.19
KdKc7s6d,1,0.19
KsKd7c6d,1,0.19
KsKd7h6d,1,0.19
KhKd7c6d,1,0.19
KhKd7s6d,1,0.19
KsKc7h6c,1,0.19
KsKc7d6c,1,0.19
KhKc7d6c,1,0.19
KhKc7s6c,1,0.19
KdKc7s6c,1,0.19
KdKc7h6c,1,0.19
KsKh7d5s,1,0.12
KsKh7c5s,1,0.12
KsKd7c5s,1,0.12
KsKd7h5s,1,0.12
KsKc7h5s,1,0.12
KsKc7d5s,1,0.12
KhKd7c5h,1,0.12
KhKd7s5h,1,0.12
KhKc7d5h,1,0.12
KhKc7s5h,1,0.12
KsKh7c5h,1,0.12
KsKh7d5h,1,0.12
KdKc7h5d,1,0.12
KdKc7s5d,1,0.12
KsKd7c5d,1,0.12
KsKd7h5d,1,0.12
KhKd7c5d,1,0.12
KhKd7s5d,1,0.12
KsKc7h5c,1,0.12
KsKc7d5c,1,0.12
KhKc7d5c,1,0.12
KhKc7s5c,1,0.12
KdKc7s5c,1,0.12
KdKc7h5c,1,0.12
KsKh7d4s,1,0.01
KsKh7c4s,1,0.01
KsKd7c4s,1,0.01
KsKd7h4s,1,0.01
KsKc7h4s,1,0.01
KsKc7d4s,1,0.01
KhKd7c4h,1,0.01
KhKd7s4h,1,0.01
KhKc7d4h,1,0.01
KhKc7s4h,1,0.01
KsKh7c4h,1,0.01
KsKh7d4h,1,0.01
KdKc7h4d,1,0.01
KdKc7s4d,1,0.01
KsKd7c4d,1,0.01
KsKd7h4d,1,0.01
KhKd7c4d,1,0.01
KhKd7s4d,1,0.01
KsKc7h4c,1,0.01
KsKc7d4c,1,0.01
KhKc7d4c,1,0.01
KhKc7s4c,1,0.01
KdKc7s4c,1,0.01
KdKc7h4c,1,0.01
KsKh7d6d,1,0.05
KsKh7c6c,1,0.05
KsKd7c6c,1,0.05
KsKd7h6h,1,0.05
KsKc7h6h,1,0.05
KsKc7d6d,1,0.05
KhKd7c6c,1,0.05
KhKd7s6s,1,0.05
KhKc7d6d,1,0.05
KhKc7s6s,1,0.05
KdKc7h6h,1,0.05
KdKc7s6s,1,0.05
KsKh7d7c,1,0.13
KsKd7h7c,1,0.13
KsKc7h7d,1,0.13
KhKd7s7c,1,0.13
KhKc7s7d,1,0.13
KdKc7s7h,1,0.13
KsKh6d5s,1,0.26
KsKh6c5s,1,0.26
KsKd6c5s,1,0.26
KsKd6h5s,1,0.26
KsKc6h5s,1,0.26
KsKc6d5s,1,0.26
KhKd6c5h,1,0.26
KhKd6s5h,1,0.26
KhKc6d5h,1,0.26
KhKc6s5h,1,0.26
KsKh6c5h,1,0.26
KsKh6d5h,1,0.26
KdKc6h5d,1,0.26
KdKc6s5d,1,0.26
KsKd6c5d,1,0.26
KsKd6h5d,1,0.26
KhKd6c5d,1,0.26
KhKd6s5d,1,0.26
KsKc6h5c,1,0.26
KsKc6d5c,1,0.26
KhKc6d5c,1,0.26
KhKc6s5c,1,0.26
KdKc6s5c,1,0.26
KdKc6h5c,1,0.26
KsKh6d4s,1,0.14
KsKh6c4s,1,0.14
KsKd6c4s,1,0.14
KsKd6h4s,1,0.14
KsKc6h4s,1,0.14
KsKc6d4s,1,0.14
KhKd6c4h,1,0.14
KhKd6s4h,1,0.14
KhKc6d4h,1,0.14
KhKc6s4h,1,0.14
KsKh6c4h,1,0.14
KsKh6d4h,1,0.14
KdKc6h4d,1,0.14
KdKc6s4d,1,0.14
KsKd6c4d,1,0.14
KsKd6h4d,1,0.14
KhKd6c4d,1,0.14
KhKd6s4d,1,0.14
KsKc6h4c,1,0.14
KsKc6d4c,1,0.14
KhKc6d4c,1,0.14
KhKc6s4c,1,0.14
KdKc6s4c,1,0.14
KdKc6h4c,1,0.14
KsKh6d3s,0.145,0
KsKh6c3s,0.145,0
KsKd6c3s,0.145,0
KsKd6h3s,0.145,0
KsKc6h3s,0.145,0
KsKc6d3s,0.145,0
KhKd6c3h,0.145,0
KhKd6s3h,0.145,0
KhKc6d3h,0.145,0
KhKc6s3h,0.145,0
KsKh6c3h,0.145,0
KsKh6d3h,0.145,0
KdKc6h3d,0.145,0
KdKc6s3d,0.145,0
KsKd6c3d,0.145,0
KsKd6h3d,0.145,0
KhKd6c3d,0.145,0
KhKd6s3d,0.145,0
KsKc6h3c,0.145,0
KsKc6d3c,0.145,0
KhKc6d3c,0.145,0
KhKc6s3c,0.145,0
KdKc6s3c,0.145,0
KdKc6h3c,0.145,0
KsKh6d5d,1,0.06
KsKh6c5c,1,0.06
KsKd6c5c,1,0.06
KsKd6h5h,1,0.06
KsKc6h5h,1,0.06
KsKc6d5d,1,0.06
KhKd6c5c,1,0.06
KhKd6s5s,1,0.06
KhKc6d5d,1,0.06
KhKc6s5s,1,0.06
KdKc6h5h,1,0.06
KdKc6s5s,1,0.06
KsKh6d6c,1,0.08
KsKd6h6c,1,0.08
KsKc6h6d,1,0.08
KhKd6s6c,1,0.08
KhKc6s6d,1,0.08
KdKc6s6h,1,0.08
KsKh5d4s,1,0.21
KsKh5c4s,1,0.21
KsKd5c4s,1,0.21
KsKd5h4s,1,0.21
KsKc5h4s,1,0.21
KsKc5d4s,1,0.21
KhKd5c4h,1,0.21
KhKd5s4h,1,0.21
KhKc5d4h,1,0.21
KhKc5s4h,1,0.21
KsKh5c4h,1,0.21
KsKh5d4h,1,0.21
KdKc5h4d,1,0.21
KdKc5s4d,1,0.21
KsKd5c4d,1,0.21
KsKd5h4d,1,0.21
KhKd5c4d,1,0.21
KhKd5s4d,1,0.21
KsKc5h4c,1,0.21
KsKc5d4c,1,0.21
KhKc5d4c,1,0.21
KhKc5s4c,1,0.21
KdKc5s4c,1,0.21
KdKc5h4c,1,0.21
KsKh5d3s,1,0.09
KsKh5c3s,1,0.09
KsKd5c3s,1,0.09
KsKd5h3s,1,0.09
KsKc5h3s,1,0.09
KsKc5d3s,1,0.09
KhKd5c3h,1,0.09
KhKd5s3h,1,0.09
KhKc5d3h,1,0.09
KhKc5s3h,1,0.09
KsKh5c3h,1,0.09
KsKh5d3h,1,0.09
KdKc5h3d,1,0.09
KdKc5s3d,1,0.09
KsKd5c3d,1,0.09
KsKd5h3d,1,0.09
KhKd5c3d,1,0.09
KhKd5s3d,1,0.09
KsKc5h3c,1,0.09
KsKc5d3c,1,0.09
KhKc5d3c,1,0.09
KhKc5s3c,1,0.09
KdKc5s3c,1,0.09
KdKc5h3c,1,0.09
KsKh5d4d,1,0.02
KsKh5c4c,1,0.02
KsKd5c4c,1,0.02
KsKd5h4h,1,0.02
KsKc5h4h,1,0.02
KsKc5d4d,1,0.02
KhKd5c4c,1,0.02
KhKd5s4s,1,0.02
KhKc5d4d,1,0.02
KhKc5s4s,1,0.02
KdKc5h4h,1,0.02
KdKc5s4s,1,0.02
KsKh5d5c,1,0.02
KsKd5h5c,1,0.02
KsKc5h5d,1,0.02
KhKd5s5c,1,0.02
KhKc5s5d,1,0.02
KdKc5s5h,1,0.02
KsKh4d3s,1,0.03
KsKh4c3s,1,0.03
KsKd4c3s,1,0.03
KsKd4h3s,1,0.03
KsKc4h3s,1,0.03
KsKc4d3s,1,0.03
KhKd4c3h,1,0.03
KhKd4s3h,1,0.03
KhKc4d3h,1,0.03
KhKc4s3h,1,0.03
KsKh4c3h,1,0.03
KsKh4d3h,1,0.03
KdKc4h3d,1,0.03
KdKc4s3d,1,0.03
KsKd4c3d,1,0.03
KsKd4h3d,1,0.03
KhKd4c3d,1,0.03
KhKd4s3d,1,0.03
KsKc4h3c,1,0.03
KsKc4d3c,1,0.03
KhKc4d3c,1,0.03
KhKc4s3c,1,0.03
KdKc4s3c,1,0.03
KdKc4h3c,1,0.03
KsKh3d3c,1,0.07
KsKd3h3c,1,0.07
KsKc3h3d,1,0.07
KhKd3s3c,1,0.07
KhKc3s3d,1,0.07
KdKc3s3h,1,0.07
KsKh2d2c,1,0.17
KsKd2h2c,1,0.17
KsKc2h2d,1,0.17
KhKd2s2c,1,0.17
KhKc2s2d,1,0.17
KdKc2s2h,1,0.17
KsQhJsTs,1,0.19
KsQdJsTs,1,0.19
KsQcJsTs,1,0.19
KhQdJhTh,1,0.19
KhQcJhTh,1,0.19
KhQsJhTh,1,0.19
KdQcJdTd,1,0.19
KdQsJdTd,1,0.19
KdQhJdTd,1,0.19
KcQsJcTc,1,0.19
KcQhJcTc,1,0.19
KcQdJcTc,1,0.19
KsQhJsJh,1,0.67
KsQdJsJd,1,0.67
KsQcJsJc,1,0.67
KhQdJhJd,1,0.67
KhQcJhJc,1,0.67
KhQsJsJh,1,0.67
KdQcJdJc,1,0.67
KdQsJsJd,1,0.67
KdQhJhJd,1,0.67
KcQsJsJc,1,0.67
KcQhJhJc,1,0.67
KcQdJdJc,1,0.67
KsQhJsTh,1,0.86
KsQdJsTd,1,0.86
KsQcJsTc,1,0.86
KhQdJhTd,1,0.86
KhQcJhTc,1,0.86
KhQsJhTs,1,0.86
KdQcJdTc,1,0.86
KdQsJdTs,1,0.86
KdQhJdTh,1,0.86
KcQsJcTs,1,0.86
KcQhJcTh,1,0.86
KcQdJcTd,1,0.86
KsQhJs9h,1,0.42
KsQdJs9d,1,0.42
KsQcJs9c,1,0.42
KhQdJh9d,1,0.42
KhQcJh9c,1,0.42
KhQsJh9s,1,0.42
KdQcJd9c,1,0.42
KdQsJd9s,1,0.42
KdQhJd9h,1,0.42
KcQsJc9s,1,0.42
KcQhJc9h,1,0.42
KcQdJc9d,1,0.42
KsQhJs8h,1,0.18
KsQdJs8d,1,0.18
KsQcJs8c,1,0.18
KhQdJh8d,1,0.18
KhQcJh8c,1,0.18
KhQsJh8s,1,0.18
KdQcJd8c,1,0.18
KdQsJd8s,1,0.18
KdQhJd8h,1,0.18
KcQsJc8s,1,0.18
KcQhJc8h,1,0.18
KcQdJc8d,1,0.18
KsQhJs7h,1,0.04
KsQdJs7d,1,0.04
KsQcJs7c,1,0.04
KhQdJh7d,1,0.04
KhQcJh7c,1,0.04
KhQsJh7s,1,0.04
KdQcJd7c,1,0.04
KdQsJd7s,1,0.04
KdQhJd7h,1,0.04
KcQsJc7s,1,0.04
KcQhJc7h,1,0.04
KcQdJc7d,1,0.04
KsQhJs6h,1,0.03
KsQdJs6d,1,0.03
KsQcJs6c,1,0.03
KhQdJh6d,1,0.03
KhQcJh6c,1,0.03
KhQsJh6s,1,0.03
KdQcJd6c,1,0.03
KdQsJd6s,1,0.03
KdQhJd6h,1,0.03
KcQsJc6s,1,0.03
KcQhJc6h,1,0.03
KcQdJc6d,1,0.03
KsQhJs5h,1,0.03
KsQdJs5d,1,0.03
KsQcJs5c,1,0.03
KhQdJh5d,1,0.03
KhQcJh5c,1,0.03
KhQsJh5s,1,0.03
KdQcJd5c,1,0.03
KdQsJd5s,1,0.03
KdQhJd5h,1,0.03
KcQsJc5s,1,0.03
KcQhJc5h,1,0.03
KcQdJc5d,1,0.03
KsQhJs4h,1,0.06
KsQdJs4d,1,0.06
KsQcJs4c,1,0.06
KhQdJh4d,1,0.06
KhQcJh4c,1,0.06
KhQsJh4s,1,0.06
KdQcJd4c,1,0.06
KdQsJd4s,1,0.06
KdQhJd4h,1,0.06
KcQsJc4s,1,0.06
KcQhJc4h,1,0.06
KcQdJc4d,1,0.06
KsQhJs3h,1,0.08
KsQdJs3d,1,0.08
KsQcJs3c,1,0.08
KhQdJh3d,1,0.08
KhQcJh3c,1,0.08
KhQsJh3s,1,0.08
KdQcJd3c,1,0.08
KdQsJd3s,1,0.08
KdQhJd3h,1,0.08
KcQsJc3s,1,0.08
KcQhJc3h,1,0.08
KcQdJc3d,1,0.08
KsQhJs2h,1,0.11
KsQdJs2d,1,0.11
KsQcJs2c,1,0.11
KhQdJh2d,1,0.11
KhQcJh2c,1,0.11
KhQsJh2s,1,0.11
KdQcJd2c,1,0.11
KdQsJd2s,1,0.11
KdQhJd2h,1,0.11
KcQsJc2s,1,0.11
KcQhJc2h,1,0.11
KcQdJc2d,1,0.11
KsQhJsJd,1,0.24
KsQhJsJc,1,0.24
KsQdJsJc,1,0.24
KsQdJsJh,1,0.24
KsQcJsJh,1,0.24
KsQcJsJd,1,0.24
KhQdJhJc,1,0.24
KhQdJsJh,1,0.24
KhQcJhJd,1,0.24
KhQcJsJh,1,0.24
KhQsJhJc,1,0.24
KhQsJhJd,1,0.24
KdQcJhJd,1,0.24
KdQcJsJd,1,0.24
KdQsJdJc,1,0.24
KdQsJhJd,1,0.24
KdQhJdJc,1,0.24
KdQhJsJd,1,0.24
KcQsJhJc,1,0.24
KcQsJdJc,1,0.24
KcQhJdJc,1,0.24
KcQhJsJc,1,0.24
KcQdJsJc,1,0.24
KcQdJhJc,1,0.24
KsQhJsTd,1,0.37
KsQhJsTc,1,0.37
KsQdJsTc,1,0.37
KsQdJsTh,1,0.37
KsQcJsTh,1,0.37
KsQcJsTd,1,0.37
KhQdJhTc,1,0.37
KhQdJhTs,1,0.37
KhQcJhTd,1,0.37
KhQcJhTs,1,0.37
KhQsJhTc,1,0.37
KhQsJhTd,1,0.37
KdQcJdTh,1,0.37
KdQcJdTs,1,0.37
KdQsJdTc,1,0.37
KdQsJdTh,1,0.37
KdQhJdTc,1,0.37
KdQhJdTs,1,0.37
KcQsJcTh,1,0.37
KcQsJcTd,1,0.37
KcQhJcTd,1,0.37
KcQhJcTs,1,0.37
KcQdJcTs,1,0.37
KcQdJcTh,1,0.37
KsQhTsTh,1,0.51
KsQdTsTd,1,0.51
KsQcTsTc,1,0.51
KhQdThTd,1,0.51
KhQcThTc,1,0.51
KhQsTsTh,1,0.51
KdQcTdTc,1,0.51
KdQsTsTd,1,0.51
KdQhThTd,1,0.51
KcQsTsTc,1,0.51
KcQhThTc,1,0.51
KcQdTdTc,1,0.51
KsQhTs9h,1,0.61
KsQdTs9d,1,0.61
KsQcTs9c,1,0.61
KhQdTh9d,1,0.61
KhQcTh9c,1,0.61
KhQsTh9s,1,0.61
KdQcTd9c,1,0.61
KdQsTd9s,1,0.61
KdQhTd9h,1,0.61
KcQsTc9s,1,0.61
KcQhTc9h,1,0.61
KcQdTc9d,1,0.61
KsQhTs8h,1,0.32
KsQdTs8d,1,0.32
KsQcTs8c,1,0.32
KhQdTh8d,1,0.32
KhQcTh8c,1,0.32
KhQsTh8s,1,0.32
KdQcTd8c,1,0.32
KdQsTd8s,1,0.32
KdQhTd8h,1,0.32
KcQsTc8s,1,0.32
KcQhTc8h,1,0.32
KcQdTc8d,1,0.32
KsQhTs7h,1,0.17
KsQdTs7d,1,0.17
KsQcTs7c,1,0.17
KhQdTh7d,1,0.17
KhQcTh7c,1,0.17
KhQsTh7s,1,0.17
KdQcTd7c,1,0.17
KdQsTd7s,1,0.17
KdQhTd7h,1,0.17
KcQsTc7s,1,0.17
KcQhTc7h,1,0.17
KcQdTc7d,1,0.17
KsQhTs6h,1,0.12
KsQdTs6d,1,0.12
KsQcTs6c,1,0.12
KhQdTh6d,1,0.12
KhQcTh6c,1,0.12
KhQsTh6s,1,0.12
KdQcTd6c,1,0.12
KdQsTd6s,1,0.12
KdQhTd6h,1,0.12
KcQsTc6s,1,0.12
KcQhTc6h,1,0.12
KcQdTc6d,1,0.12
KsQhTs5h,1,0.02
KsQdTs5d,1,0.02
KsQcTs5c,1,0.02
KhQdTh5d,1,0.02
KhQcTh5c,1,0.02
KhQsTh5s,1,0.02
KdQcTd5c,1,0.02
KdQsTd5s,1,0.02
KdQhTd5h,1,0.02
KcQsTc5s,1,0.02
KcQhTc5h,1,0.02
KcQdTc5d,1,0.02
KsQhTs4h,1,0.03
KsQdTs4d,1,0.03
KsQcTs4c,1,0.03
KhQdTh4d,1,0.03
KhQcTh4c,1,0.03
KhQsTh4s,1,0.03
KdQcTd4c,1,0.03
KdQsTd4s,1,0.03
KdQhTd4h,1,0.03
KcQsTc4s,1,0.03
KcQhTc4h,1,0.03
KcQdTc4d,1,0.03
KsQhTs3h,1,0.05
KsQdTs3d,1,0.05
KsQcTs3c,1,0.05
KhQdTh3d,1,0.05
KhQcTh3c,1,0.05
KhQsTh3s,1,0.05
KdQcTd3c,1,0.05
KdQsTd3s,1,0.05
KdQhTd3h,1,0.05
KcQsTc3s,1,0.05
KcQhTc3h,1,0.05
KcQdTc3d,1,0.05
KsQhTs2h,1,0.09
KsQdTs2d,1,0.09
KsQcTs2c,1,0.09
KhQdTh2d,1,0.09
KhQcTh2c,1,0.09
KhQsTh2s,1,0.09
KdQcTd2c,1,0.09
KdQsTd2s,1,0.09
KdQhTd2h,1,0.09
KcQsTc2s,1,0.09
KcQhTc2h,1,0.09
KcQdTc2d,1,0.09
KsQhTsTd,1,0.11
KsQhTsTc,1,0.11
KsQdTsTc,1,0.11
KsQdTsTh,1,0.11
KsQcTsTh,1,0.11
KsQcTsTd,1,0.11
KhQdThTc,1,0.11
KhQdTsTh,1,0.11
KhQcThTd,1,0.11
KhQcTsTh,1,0.11
KhQsThTc,1,0.11
KhQsThTd,1,0.11
KdQcThTd,1,0.11
KdQcTsTd,1,0.11
KdQsTdTc,1,0.11
KdQsThTd,1,0.11
KdQhTdTc,1,0.11
KdQhTsTd,1,0.11
KcQsThTc,1,0.11
KcQsTdTc,1,0.11
KcQhTdTc,1,0.11
KcQhTsTc,1,0.11
KcQdTsTc,1,0.11
KcQdThTc,1,0.11
KsQhTs9d,1,0.15
KsQhTs9c,1,0.15
KsQdTs9c,1,0.15
KsQdTs9h,1,0.15
KsQcTs9h,1,0.15
KsQcTs9d,1,0.15
KhQdTh9c,1,0.15
KhQdTh9s,1,0.15
KhQcTh9d,1,0.15
KhQcTh9s,1,0.15
KhQsTh9c,1,0.15
KhQsTh9d,1,0.15
KdQcTd9h,1,0.15
KdQcTd9s,1,0.15
KdQsTd9c,1,0.15
KdQsTd9h,1,0.15
KdQhTd9c,1,0.15
KdQhTd9s,1,0.15
KcQsTc9h,1,0.15
KcQsTc9d,1,0.15
KcQhTc9d,1,0.15
KcQhTc9s,1,0.15
KcQdTc9s,1,0.15
KcQdTc9h,1,0.15
KsQh9s9h,1,0.08
KsQd9s9d,1,0.08
KsQc9s9c,1,0.08
KhQd9h9d,1,0.08
KhQc9h9c,1,0.08
KhQs9s9h,1,0.08
KdQc9d9c,1,0.08
KdQs9s9d,1,0.08
KdQh9h9d,1,0.08
KcQs9s9c,1,0.08
KcQh9h9c,1,0.08
KcQd9d9c,1,0.08
KsQh9s8h,1,0.12
KsQd9s8d,1,0.12
KsQc9s8c,1,0.12
KhQd9h8d,1,0.12
KhQc9h8c,1,0.12
KhQs9h8s,1,0.12
KdQc9d8c,1,0.12
KdQs9d8s,1,0.12
KdQh9d8h,1,0.12
KcQs9c8s,1,0.12
KcQh9c8h,1,0.12
KcQd9c8d,1,0.12
KsQh7s6h,1,0.05
KsQd7s6d,1,0.05
KsQc7s6c,1,0.05
KhQd7h6d,1,0.05
KhQc7h6c,1,0.05
KhQs7h6s,1,0.05
KdQc7d6c,1,0.05
KdQs7d6s,1,0.05
KdQh7d6h,1,0.05
KcQs7c6s,1,0.05
KcQh7c6h,1,0.05
KcQd7c6d,1,0.05
KsQh6s5h,1,0.11
KsQd6s5d,1,0.11
KsQc6s5c,1,0.11
KhQd6h5d,1,0.11
KhQc6h5c,1,0.11
KhQs6h5s,1,0.11
KdQc6d5c,1,0.11
KdQs6d5s,1,0.11
KdQh6d5h,1,0.11
KcQs6c5s,1,0.11
KcQh6c5h,1,0.11
KcQd6c5d,1,0.11
KsQh5s4h,1,0.09
KsQd5s4d,1,0.09
KsQc5s4c,1,0.09
KhQd5h4d,1,0.09
KhQc5h4c,1,0.09
KhQs5h4s,1,0.09
KdQc5d4c,1,0.09
KdQs5d4s,1,0.09
KdQh5d4h,1,0.09
KcQs5c4s,1,0.09
KcQh5c4h,1,0.09
KcQd5c4d,1,0.09
KsQhJhTs,1,0.87
KsQdJdTs,1,0.87
KsQcJcTs,1,0.87
KhQdJdTh,1,0.87
KhQcJcTh,1,0.87
KhQsJsTh,1,0.87
KdQcJcTd,1,0.87
KdQsJsTd,1,0.87
KdQhJhTd,1,0.87
KcQsJsTc,1,0.87
KcQhJhTc,1,0.87
KcQdJdTc,1,0.87
KsQhJh9s,1,0.43
KsQdJd9s,1,0.43
KsQcJc9s,1,0.43
KhQdJd9h,1,0.43
KhQcJc9h,1,0.43
KhQsJs9h,1,0.43
KdQcJc9d,1,0.43
KdQsJs9d,1,0.43
KdQhJh9d,1,0.43
KcQsJs9c,1,0.43
KcQhJh9c,1,0.43
KcQdJd9c,1,0.43
KsQhJh8s,1,0.19
KsQdJd8s,1,0.19
KsQcJc8s,1,0.19
KhQdJd8h,1,0.19
KhQcJc8h,1,0.19
KhQsJs8h,1,0.19
KdQcJc8d,1,0.19
KdQsJs8d,1,0.19
KdQhJh8d,1,0.19
KcQsJs8c,1,0.19
KcQhJh8c,1,0.19
KcQdJd8c,1,0.19
KsQhJh7s,1,0.06
KsQdJd7s,1,0.06
KsQcJc7s,1,0.06
KhQdJd7h,1,0.06
KhQcJc7h,1,0.06
KhQsJs7h,1,0.06
KdQcJc7d,1,0.06
KdQsJs7d,1,0.06
KdQhJh7d,1,0.06
KcQsJs7c,1,0.06
KcQhJh7c,1,0.06
KcQdJd7c,1,0.06
KsQhJh6s,1,0.05
KsQdJd6s,1,0.05
KsQcJc6s,1,0.05
KhQdJd6h,1,0.05
KhQcJc6h,1,0.05
KhQsJs6h,1,0.05
KdQcJc6d,1,0.05
KdQsJs6d,1,0.05
KdQhJh6d,1,0.05
KcQsJs6c,1,0.05
KcQhJh6c,1,0.05
KcQdJd6c,1,0.05
KsQhJh5s,1,0.05
KsQdJd5s,1,0.05
KsQcJc5s,1,0.05
KhQdJd5h,1,0.05
KhQcJc5h,1,0.05
KhQsJs5h,1,0.05
KdQcJc5d,1,0.05
KdQsJs5d,1,0.05
KdQhJh5d,1,0.05
KcQsJs5c,1,0.05
KcQhJh5c,1,0.05
KcQdJd5c,1,0.05
KsQhJh4s,1,0.08
KsQdJd4s,1,0.08
KsQcJc4s,1,0.08
KhQdJd4h,1,0.08
KhQcJc4h,1,0.08
KhQsJs4h,1,0.08
KdQcJc4d,1,0.08
KdQsJs4d,1,0.08
KdQhJh4d,1,0.08
KcQsJs4c,1,0.08
KcQhJh4c,1,0.08
KcQdJd4c,1,0.08
KsQhJh3s,1,0.1
KsQdJd3s,1,0.1
KsQcJc3s,1,0.1
KhQdJd3h,1,0.1
KhQcJc3h,1,0.1
KhQsJs3h,1,0.1
KdQcJc3d,1,0.1
KdQsJs3d,1,0.1
KdQhJh3d,1,0.1
KcQsJs3c,1,0.1
KcQhJh3c,1,0.1
KcQdJd3c,1,0.1
KsQhJh2s,1,0.13
KsQdJd2s,1,0.13
KsQcJc2s,1,0.13
KhQdJd2h,1,0.13
KhQcJc2h,1,0.13
KhQsJs2h,1,0.13
KdQcJc2d,1,0.13
KdQsJs2d,1,0.13
KdQhJh2d,1,0.13
KcQsJs2c,1,0.13
KcQhJh2c,1,0.13
KcQdJd2c,1,0.13
KsQhJhTh,1,0.14
KsQdJdTd,1,0.14
KsQcJcTc,1,0.14
KhQdJdTd,1,0.14
KhQcJcTc,1,0.14
KhQsJsTs,1,0.14
KdQcJcTc,1,0.14
KdQsJsTs,1,0.14
KdQhJhTh,1,0.14
KcQsJsTs,1,0.14
KcQhJhTh,1,0.14
KcQdJdTd,1,0.14
KsQhJhJd,1,0.14
KsQhJhJc,1,0.14
KsQdJdJc,1,0.14
KsQdJhJd,1,0.14
KsQcJhJc,1,0.14
KsQcJdJc,1,0.14
KhQdJdJc,1,0.14
KhQdJsJd,1,0.14
KhQcJdJc,1,0.14
KhQcJsJc,1,0.14
KhQsJsJc,1,0.14
KhQsJsJd,1,0.14
KdQcJhJc,1,0.14
KdQcJsJc,1,0.14
KdQsJsJc,1,0.14
KdQsJsJh,1,0.14
KdQhJhJc,1,0.14
KdQhJsJh,1,0.14
KcQsJsJh,1,0.14
KcQsJsJd,1,0.14
KcQhJhJd,1,0.14
KcQhJsJh,1,0.14
KcQdJsJd,1,0.14
KcQdJhJd,1,0.14
KsQhJhTd,1,0.29
KsQhJhTc,1,0.29
KsQdJdTc,1,0.29
KsQdJdTh,1,0.29
KsQcJcTh,1,0.29
KsQcJcTd,1,0.29
KhQdJdTc,1,0.29
KhQdJdTs,1,0.29
KhQcJcTd,1,0.29
KhQcJcTs,1,0.29
KhQsJsTc,1,0.29
KhQsJsTd,1,0.29
KdQcJcTh,1,0.29
KdQcJcTs,1,0.29
KdQsJsTc,1,0.29
KdQsJsTh,1,0.29
KdQhJhTc,1,0.29
KdQhJhTs,1,0.29
KcQsJsTh,1,0.29
KcQsJsTd,1,0.29
KcQhJhTd,1,0.29
KcQhJhTs,1,0.29
KcQdJdTs,1,0.29
KcQdJdTh,1,0.29
KsQhTh9s,1,0.62
KsQdTd9s,1,0.62
KsQcTc9s,1,0.62
KhQdTd9h,1,0.62
KhQcTc9h,1,0.62
KhQsTs9h,1,0.62
KdQcTc9d,1,0.62
KdQsTs9d,1,0.62
KdQhTh9d,1,0.62
KcQsTs9c,1,0.62
KcQhTh9c,1,0.62
KcQdTd9c,1,0.62
KsQhTh8s,1,0.34
KsQdTd8s,1,0.34
KsQcTc8s,1,0.34
KhQdTd8h,1,0.34
KhQcTc8h,1,0.34
KhQsTs8h,1,0.34
KdQcTc8d,1,0.34
KdQsTs8d,1,0.34
KdQhTh8d,1,0.34
KcQsTs8c,1,0.34
KcQhTh8c,1,0.34
KcQdTd8c,1,0.34
KsQhTh7s,1,0.19
KsQdTd7s,1,0.19
KsQcTc7s,1,0.19
KhQdTd7h,1,0.19
KhQcTc7h,1,0.19
KhQsTs7h,1,0.19
KdQcTc7d,1,0.19
KdQsTs7d,1,0.19
KdQhTh7d,1,0.19
KcQsTs7c,1,0.19
KcQhTh7c,1,0.19
KcQdTd7c,1,0.19
KsQhTh6s,1,0.14
KsQdTd6s,1,0.14
KsQcTc6s,1,0.14
KhQdTd6h,1,0.14
KhQcTc6h,1,0.14
KhQsTs6h,1,0.14
KdQcTc6d,1,0.14
KdQsTs6d,1,0.14
KdQhTh6d,1,0.14
KcQsTs6c,1,0.14
KcQhTh6c,1,0.14
KcQdTd6c,1,0.14
KsQhTh5s,1,0.03
KsQdTd5s,1,0.03
KsQcTc5s,1,0.03
KhQdTd5h,1,0.03
KhQcTc5h,1,0.03
KhQsTs5h,1,0.03
KdQcTc5d,1,0.03
KdQsTs5d,1,0.03
KdQhTh5d,1,0.03
KcQsTs5c,1,0.03
KcQhTh5c,1,0.03
KcQdTd5c,1,0.03
KsQhTh4s,1,0.05
KsQdTd4s,1,0.05
KsQcTc4s,1,0.05
KhQdTd4h,1,0.05
KhQcTc4h,1,0.05
KhQsTs4h,1,0.05
KdQcTc4d,1,0.05
KdQsTs4d,1,0.05
KdQhTh4d,1,0.05
KcQsTs4c,1,0.05
KcQhTh4c,1,0.05
KcQdTd4c,1,0.05
KsQhTh3s,1,0.07
KsQdTd3s,1,0.07
KsQcTc3s,1,0.07
KhQdTd3h,1,0.07
KhQcTc3h,1,0.07
KhQsTs3h,1,0.07
KdQcTc3d,1,0.07
KdQsTs3d,1,0.07
KdQhTh3d,1,0.07
KcQsTs3c,1,0.07
KcQhTh3c,1,0.07
KcQdTd3c,1,0.07
KsQhTh2s,1,0.1
KsQdTd2s,1,0.1
KsQcTc2s,1,0.1
KhQdTd2h,1,0.1
KhQcTc2h,1,0.1
KhQsTs2h,1,0.1
KdQcTc2d,1,0.1
KdQsTs2d,1,0.1
KdQhTh2d,1,0.1
KcQsTs2c,1,0.1
KcQhTh2c,1,0.1
KcQdTd2c,1,0.1
KsQhThTd,1,0.06
KsQhThTc,1,0.06
KsQdTdTc,1,0.06
KsQdThTd,1,0.06
KsQcThTc,1,0.06
KsQcTdTc,1,0.06
KhQdTdTc,1,0.06
KhQdTsTd,1,0.06
KhQcTdTc,1,0.06
KhQcTsTc,1,0.06
KhQsTsTc,1,0.06
KhQsTsTd,1,0.06
KdQcThTc,1,0.06
KdQcTsTc,1,0.06
KdQsTsTc,1,0.06
KdQsTsTh,1,0.06
KdQhThTc,1,0.06
KdQhTsTh,1,0.06
KcQsTsTh,1,0.06
KcQsTsTd,1,0.06
KcQhThTd,1,0.06
KcQhTsTh,1,0.06
KcQdTsTd,1,0.06
KcQdThTd,1,0.06
KsQhTh9d,1,0.07
KsQhTh9c,1,0.07
KsQdTd9c,1,0.07
KsQdTd9h,1,0.07
KsQcTc9h,1,0.07
KsQcTc9d,1,0.07
KhQdTd9c,1,0.07
KhQdTd9s,1,0.07
KhQcTc9d,1,0.07
KhQcTc9s,1,0.07
KhQsTs9c,1,0.07
KhQsTs9d,1,0.07
KdQcTc9h,1,0.07
KdQcTc9s,1,0.07
KdQsTs9c,1,0.07
KdQsTs9h,1,0.07
KdQhTh9c,1,0.07
KdQhTh9s,1,0.07
KcQsTs9h,1,0.07
KcQsTs9d,1,0.07
KcQhTh9d,1,0.07
KcQhTh9s,1,0.07
KcQdTd9s,1,0.07
KcQdTd9h,1,0.07
KsQh9h8s,1,0.12
KsQd9d8s,1,0.12
KsQc9c8s,1,0.12
KhQd9d8h,1,0.12
KhQc9c8h,1,0.12
KhQs9s8h,1,0.12
KdQc9c8d,1,0.12
KdQs9s8d,1,0.12
KdQh9h8d,1,0.12
KcQs9s8c,1,0.12
KcQh9h8c,1,0.12
KcQd9d8c,1,0.12
KsQh7h6s,1,0.05
KsQd7d6s,1,0.05
KsQc7c6s,1,0.05
KhQd7d6h,1,0.05
KhQc7c6h,1,0.05
KhQs7s6h,1,0.05
KdQc7c6d,1,0.05
KdQs7s6d,1,0.05
KdQh7h6d,1,0.05
KcQs7s6c,1,0.05
KcQh7h6c,1,0.05
KcQd7d6c,1,0.05
KsQh6h5s,1,0.1
KsQd6d5s,1,0.1
KsQc6c5s,1,0.1
KhQd6d5h,1,0.1
KhQc6c5h,1,0.1
KhQs6s5h,1,0.1
KdQc6c5d,1,0.1
KdQs6s5d,1,0.1
KdQh6h5d,1,0.1
KcQs6s5c,1,0.1
KcQh6h5c,1,0.1
KcQd6d5c,1,0.1
KsQh5h4s,1,0.09
KsQd5d4s,1,0.09
KsQc5c4s,1,0.09
KhQd5d4h,1,0.09
KhQc5c4h,1,0.09
KhQs5s4h,1,0.09
KdQc5c4d,1,0.09
KdQs5s4d,1,0.09
KdQh5h4d,1,0.09
KcQs5s4c,1,0.09
KcQh5h4c,1,0.09
KcQd5d4c,1,0.09
KsQhQdJs,1,0.23
KsQhQcJs,1,0.23
KsQdQcJs,1,0.23
KhQdQcJh,1,0.23
KhQsQdJh,1,0.23
KhQsQcJh,1,0.23
KdQhQcJd,1,0.23
KdQsQcJd,1,0.23
KdQsQhJd,1,0.23
KcQsQhJc,1,0.23
KcQsQdJc,1,0.23
KcQhQdJc,1,0.23
KsQhQdTs,1,0.23
KsQhQcTs,1,0.23
KsQdQcTs,1,0.23
KhQdQcTh,1,0.23
KhQsQdTh,1,0.23
KhQsQcTh,1,0.23
KdQhQcTd,1,0.23
KdQsQcTd,1,0.23
KdQsQhTd,1,0.23
KcQsQhTc,1,0.23
KcQsQdTc,1,0.23
KcQhQdTc,1,0.23
KsQhQd9s,1,0.07
KsQhQc9s,1,0.07
KsQdQc9s,1,0.07
KhQdQc9h,1,0.07
KhQsQd9h,1,0.07
KhQsQc9h,1,0.07
KdQhQc9d,1,0.07
KdQsQc9d,1,0.07
KdQsQh9d,1,0.07
KcQsQh9c,1,0.07
KcQsQd9c,1,0.07
KcQhQd9c,1,0.07
KsQhQdJh,1,0.17
KsQhQcJh,1,0.17
KsQdQcJd,1,0.17
KsQhQdJd,1,0.17
KsQhQcJc,1,0.17
KsQdQcJc,1,0.17
KhQdQcJd,1,0.17
KhQsQdJd,1,0.17
KhQdQcJc,1,0.17
KhQsQcJc,1,0.17
KhQsQcJs,1,0.17
KhQsQdJs,1,0.17
KdQhQcJc,1,0.17
KdQsQcJc,1,0.17
KdQsQcJs,1,0.17
KdQsQhJs,1,0.17
KdQhQcJh,1,0.17
KdQsQhJh,1,0.17
KcQsQhJs,1,0.17
KcQsQdJs,1,0.17
KcQhQdJh,1,0.17
KcQsQhJh,1,0.17
KcQsQdJd,1,0.17
KcQhQdJd,1,0.17
KsQhQdTh,1,0.17
KsQhQcTh,1,0.17
KsQdQcTd,1,0.17
KsQhQdTd,1,0.17
KsQhQcTc,1,0.17
KsQdQcTc,1,0.17
KhQdQcTd,1,0.17
KhQsQdTd,1,0.17
KhQdQcTc,1,0.17
KhQsQcTc,1,0.17
KhQsQcTs,1,0.17
KhQsQdTs,1,0.17
KdQhQcTc,1,0.17
KdQsQcTc,1,0.17
KdQsQcTs,1,0.17
KdQsQhTs,1,0.17
KdQhQcTh,1,0.17
KdQsQhTh,1,0.17
KcQsQhTs,1,0.17
KcQsQdTs,1,0.17
KcQhQdTh,1,0.17
KcQsQhTh,1,0.17
KcQsQdTd,1,0.17
KcQhQdTd,1,0.17
KsQhQd9h,1,0.03
KsQhQc9h,1,0.03
KsQdQc9d,1,0.03
KsQhQd9d,1,0.03
KsQhQc9c,1,0.03
KsQdQc9c,1,0.03
KhQdQc9d,1,0.03
KhQsQd9d,1,0.03
KhQdQc9c,1,0.03
KhQsQc9c,1,0.03
KhQsQc9s,1,0.03
KhQsQd9s,1,0.03
KdQhQc9c,1,0.03
KdQsQc9c,1,0.03
KdQsQc9s,1,0.03
KdQsQh9s,1,0.03
KdQhQc9h,1,0.03
KdQsQh9h,1,0.03
KcQsQh9s,1,0.03
KcQsQd9s,1,0.03
KcQhQd9h,1,0.03
KcQsQh9h,1,0.03
KcQsQd9d,1,0.03
KcQhQd9d,1,0.03
KsQhJdTs,1,0.37
KsQhJcTs,1,0.37
KsQdJcTs,1,0.37
KsQdJhTs,1,0.37
KsQcJhTs,1,0.37
KsQcJdTs,1,0.37
KhQdJcTh,1,0.37
KhQdJsTh,1,0.37
KhQcJdTh,1,0.37
KhQcJsTh,1,0.37
KhQsJcTh,1,0.37
KhQsJdTh,1,0.37
KdQcJhTd,1,0.37
KdQcJsTd,1,0.37
KdQsJcTd,1,0.37
KdQsJhTd,1,0.37
KdQhJcTd,1,0.37
KdQhJsTd,1,0.37
KcQsJhTc,1,0.37
KcQsJdTc,1,0.37
KcQhJdTc,1,0.37
KcQhJsTc,1,0.37
KcQdJsTc,1,0.37
KcQdJhTc,1,0.37
KsQhJdTh,1,0.3
KsQhJcTh,1,0.3
KsQdJcTd,1,0.3
KsQdJhTd,1,0.3
KsQcJhTc,1,0.3
KsQcJdTc,1,0.3
KhQdJcTd,1,0.3
KhQdJsTd,1,0.3
KhQcJdTc,1,0.3
KhQcJsTc,1,0.3
KhQsJcTs,1,0.3
KhQsJdTs,1,0.3
KdQcJhTc,1,0.3
KdQcJsTc,1,0.3
KdQsJcTs,1,0.3
KdQsJhTs,1,0.3
KdQhJcTh,1,0.3
KdQhJsTh,1,0.3
KcQsJhTs,1,0.3
KcQsJdTs,1,0.3
KcQhJdTh,1,0.3
KcQhJsTh,1,0.3
KcQdJsTd,1,0.3
KcQdJhTd,1,0.3
KsQhJdTd,1,0.27
KsQhJcTc,1,0.27
KsQdJcTc,1,0.27
KsQdJhTh,1,0.27
KsQcJhTh,1,0.27
KsQcJdTd,1,0.27
KhQdJcTc,1,0.27
KhQdJsTs,1,0.27
KhQcJdTd,1,0.27
KhQcJsTs,1,0.27
KhQsJcTc,1,0.27
KhQsJdTd,1,0.27
KdQcJhTh,1,0.27
KdQcJsTs,1,0.27
KdQsJcTc,1,0.27
KdQsJhTh,1,0.27
KdQhJcTc,1,0.27
KdQhJsTs,1,0.27
KcQsJhTh,1,0.27
KcQsJdTd,1,0.27
KcQhJdTd,1,0.27
KcQhJsTs,1,0.27
KcQdJsTs,1,0.27
KcQdJhTh,1,0.27
KsQhTd9s,1,0.14
KsQhTc9s,1,0.14
KsQdTc9s,1,0.14
KsQdTh9s,1,0.14
KsQcTh9s,1,0.14
KsQcTd9s,1,0.14
KhQdTc9h,1,0.14
KhQdTs9h,1,0.14
KhQcTd9h,1,0.14
KhQcTs9h,1,0.14
KhQsTc9h,1,0.14
KhQsTd9h,1,0.14
KdQcTh9d,1,0.14
KdQcTs9d,1,0.14
KdQsTc9d,1,0.14
KdQsTh9d,1,0.14
KdQhTc9d,1,0.14
KdQhTs9d,1,0.14
KcQsTh9c,1,0.14
KcQsTd9c,1,0.14
KcQhTd9c,1,0.14
KcQhTs9c,1,0.14
KcQdTs9c,1,0.14
KcQdTh9c,1,0.14
KsQhTd9h,1,0.06
KsQhTc9h,1,0.06
KsQdTc9d,1,0.06
KsQdTh9d,1,0.06
KsQcTh9c,1,0.06
KsQcTd9c,1,0.06
KhQdTc9d,1,0.06
KhQdTs9d,1,0.06
KhQcTd9c,1,0.06
KhQcTs9c,1,0.06
KhQsTc9s,1,0.06
KhQsTd9s,1,0.06
KdQcTh9c,1,0.06
KdQcTs9c,1,0.06
KdQsTc9s,1,0.06
KdQsTh9s,1,0.06
KdQhTc9h,1,0.06
KdQhTs9h,1,0.06
KcQsTh9s,1,0.06
KcQsTd9s,1,0.06
KcQhTd9h,1,0.06
KcQhTs9h,1,0.06
KcQdTs9d,1,0.06
KcQdTh9d,1,0.06
KsQhTd9d,1,0.01
KsQhTc9c,1,0.01
KsQdTc9c,1,0.01
KsQdTh9h,1,0.01
KsQcTh9h,1,0.01
KsQcTd9d,1,0.01
KhQdTc9c,1,0.01
KhQdTs9s,1,0.01
KhQcTd9d,1,0.01
KhQcTs9s,1,0.01
KhQsTc9c,1,0.01
KhQsTd9d,1,0.01
KdQcTh9h,1,0.01
KdQcTs9s,1,0.01
KdQsTc9c,1,0.01
KdQsTh9h,1,0.01
KdQhTc9c,1,0.01
KdQhTs9s,1,0.01
KcQsTh9h,1,0.01
KcQsTd9d,1,0.01
KcQhTd9d,1,0.01
KcQhTs9s,1,0.01
KcQdTs9s,1,0.01
KcQdTh9h,1,0.01
KsJhTs9s,1,0.13
KsJdTs9s,1,0.13
KsJcTs9s,1,0.13
KhJdTh9h,1,0.13
KhJcTh9h,1,0.13
KhJsTh9h,1,0.13
KdJcTd9d,1,0.13
KdJsTd9d,1,0.13
KdJhTd9d,1,0.13
KcJsTc9c,1,0.13
KcJhTc9c,1,0.13
KcJdTc9c,1,0.13
KsJhTsTh,1,0.67
KsJdTsTd,1,0.67
KsJcTsTc,1,0.67
KhJdThTd,1,0.67
KhJcThTc,1,0.67
KhJsTsTh,1,0.67
KdJcTdTc,1,0.67
KdJsTsTd,1,0.67
KdJhThTd,1,0.67
KcJsTsTc,1,0.67
KcJhThTc,1,0.67
KcJdTdTc,1,0.67
KsJhTs9h,1,0.77
KsJdTs9d,1,0.77
KsJcTs9c,1,0.77
KhJdTh9d,1,0.77
KhJcTh9c,1,0.77
KhJsTh9s,1,0.77
KdJcTd9c,1,0.77
KdJsTd9s,1,0.77
KdJhTd9h,1,0.77
KcJsTc9s,1,0.77
KcJhTc9h,1,0.77
KcJdTc9d,1,0.77
KsJhTs8h,1,0.49
KsJdTs8d,1,0.49
KsJcTs8c,1,0.49
KhJdTh8d,1,0.49
KhJcTh8c,1,0.49
KhJsTh8s,1,0.49
KdJcTd8c,1,0.49
KdJsTd8s,1,0.49
KdJhTd8h,1,0.49
KcJsTc8s,1,0.49
KcJhTc8h,1,0.49
KcJdTc8d,1,0.49
KsJhTs7h,1,0.37
KsJdTs7d,1,0.37
KsJcTs7c,1,0.37
KhJdTh7d,1,0.37
KhJcTh7c,1,0.37
KhJsTh7s,1,0.37
KdJcTd7c,1,0.37
KdJsTd7s,1,0.37
KdJhTd7h,1,0.37
KcJsTc7s,1,0.37
KcJhTc7h,1,0.37
KcJdTc7d,1,0.37
KsJhTs6h,1,0.04
KsJdTs6d,1,0.04
KsJcTs6c,1,0.04
KhJdTh6d,1,0.04
KhJcTh6c,1,0.04
KhJsTh6s,1,0.04
KdJcTd6c,1,0.04
KdJsTd6s,1,0.04
KdJhTd6h,1,0.04
KcJsTc6s,1,0.04
KcJhTc6h,1,0.04
KcJdTc6d,1,0.04
KsJhTs5h,1,0.07
KsJdTs5d,1,0.07
KsJcTs5c,1,0.07
KhJdTh5d,1,0.07
KhJcTh5c,1,0.07
KhJsTh5s,1,0.07
KdJcTd5c,1,0.07
KdJsTd5s,1,0.07
KdJhTd5h,1,0.07
KcJsTc5s,1,0.07
KcJhTc5h,1,0.07
KcJdTc5d,1,0.07
KsJhTs4h,1,0.09
KsJdTs4d,1,0.09
KsJcTs4c,1,0.09
KhJdTh4d,1,0.09
KhJcTh4c,1,0.09
KhJsTh4s,1,0.09
KdJcTd4c,1,0.09
KdJsTd4s,1,0.09
KdJhTd4h,1,0.09
KcJsTc4s,1,0.09
KcJhTc4h,1,0.09
KcJdTc4d,1,0.09
KsJhTs3h,1,0.12
KsJdTs3d,1,0.12
KsJcTs3c,1,0.12
KhJdTh3d,1,0.12
KhJcTh3c,1,0.12
KhJsTh3s,1,0.12
KdJcTd3c,1,0.12
KdJsTd3s,1,0.12
KdJhTd3h,1,0.12
KcJsTc3s,1,0.12
KcJhTc3h,1,0.12
KcJdTc3d,1,0.12
KsJhTs2h,1,0.15
KsJdTs2d,1,0.15
KsJcTs2c,1,0.15
KhJdTh2d,1,0.15
KhJcTh2c,1,0.15
KhJsTh2s,1,0.15
KdJcTd2c,1,0.15
KdJsTd2s,1,0.15
KdJhTd2h,1,0.15
KcJsTc2s,1,0.15
KcJhTc2h,1,0.15
KcJdTc2d,1,0.15
KsJhTsTd,1,0.28
KsJhTsTc,1,0.28
KsJdTsTc,1,0.28
KsJdTsTh,1,0.28
KsJcTsTh,1,0.28
KsJcTsTd,1,0.28
KhJdThTc,1,0.28
KhJdTsTh,1,0.28
KhJcThTd,1,0.28
KhJcTsTh,1,0.28
KhJsThTc,1,0.28
KhJsThTd,1,0.28
KdJcThTd,1,0.28
KdJcTsTd,1,0.28
KdJsTdTc,1,0.28
KdJsThTd,1,0.28
KdJhTdTc,1,0.28
KdJhTsTd,1,0.28
KcJsThTc,1,0.28
KcJsTdTc,1,0.28
KcJhTdTc,1,0.28
KcJhTsTc,1,0.28
KcJdTsTc,1,0.28
KcJdThTc,1,0.28
KsJhTs9d,1,0.31
KsJhTs9c,1,0.31
KsJdTs9c,1,0.31
KsJdTs9h,1,0.31
KsJcTs9h,1,0.31
KsJcTs9d,1,0.31
KhJdTh9c,1,0.31
KhJdTh9s,1,0.31
KhJcTh9d,1,0.31
KhJcTh9s,1,0.31
KhJsTh9c,1,0.31
KhJsTh9d,1,0.31
KdJcTd9h,1,0.31
KdJcTd9s,1,0.31
KdJsTd9c,1,0.31
KdJsTd9h,1,0.31
KdJhTd9c,1,0.31
KdJhTd9s,1,0.31
KcJsTc9h,1,0.31
KcJsTc9d,1,0.31
KcJhTc9d,1,0.31
KcJhTc9s,1,0.31
KcJdTc9s,1,0.31
KcJdTc9h,1,0.31
KsJhTs8d,1,0.08
KsJhTs8c,1,0.08
KsJdTs8c,1,0.08
KsJdTs8h,1,0.08
KsJcTs8h,1,0.08
KsJcTs8d,1,0.08
KhJdTh8c,1,0.08
KhJdTh8s,1,0.08
KhJcTh8d,1,0.08
KhJcTh8s,1,0.08
KhJsTh8c,1,0.08
KhJsTh8d,1,0.08
KdJcTd8h,1,0.08
KdJcTd8s,1,0.08
KdJsTd8c,1,0.08
KdJsTd8h,1,0.08
KdJhTd8c,1,0.08
KdJhTd8s,1,0.08
KcJsTc8h,1,0.08
KcJsTc8d,1,0.08
KcJhTc8d,1,0.08
KcJhTc8s,1,0.08
KcJdTc8s,1,0.08
KcJdTc8h,1,0.08
KsJh9s9h,1,0.24
KsJd9s9d,1,0.24
KsJc9s9c,1,0.24
KhJd9h9d,1,0.24
KhJc9h9c,1,0.24
KhJs9s9h,1,0.24
KdJc9d9c,1,0.24
KdJs9s9d,1,0.24
KdJh9h9d,1,0.24
KcJs9s9c,1,0.24
KcJh9h9c,1,0.24
KcJd9d9c,1,0.24
KsJh9s8h,1,0.3
KsJd9s8d,1,0.3
KsJc9s8c,1,0.3
KhJd9h8d,1,0.3
KhJc9h8c,1,0.3
KhJs9h8s,1,0.3
KdJc9d8c,1,0.3
KdJs9d8s,1,0.3
KdJh9d8h,1,0.3
KcJs9c8s,1,0.3
KcJh9c8h,1,0.3
KcJd9c8d,1,0.3
KsJh9s7h,1,0.19
KsJd9s7d,1,0.19
KsJc9s7c,1,0.19
KhJd9h7d,1,0.19
KhJc9h7c,1,0.19
KhJs9h7s,1,0.19
KdJc9d7c,1,0.19
KdJs9d7s,1,0.19
KdJh9d7h,1,0.19
KcJs9c7s,1,0.19
KcJh9c7h,1,0.19
KcJd9c7d,1,0.19
KsJh8s8h,0.992,0
KsJd8s8d,0.992,0
KsJc8s8c,0.992,0
KhJd8h8d,0.992,0
KhJc8h8c,0.992,0
KhJs8s8h,0.992,0
KdJc8d8c,0.992,0
KdJs8s8d,0.992,0
KdJh8h8d,0.992,0
KcJs8s8c,0.992,0
KcJh8h8c,0.992,0
KcJd8d8c,0.992,0
KsJh8s7h,1,0.1
KsJd8s7d,1,0.1
KsJc8s7c,1,0.1
KhJd8h7d,1,0.1
KhJc8h7c,1,0.1
KhJs8h7s,1,0.1
KdJc8d7c,1,0.1
KdJs8d7s,1,0.1
KdJh8d7h,1,0.1
KcJs8c7s,1,0.1
KcJh8c7h,1,0.1
KcJd8c7d,1,0.1
KsJh6s5h,1,0.01
KsJd6s5d,1,0.01
KsJc6s5c,1,0.01
KhJd6h5d,1,0.01
KhJc6h5c,1,0.01
KhJs6h5s,1,0.01
KdJc6d5c,1,0.01
KdJs6d5s,1,0.01
KdJh6d5h,1,0.01
KcJs6c5s,1,0.01
KcJh6c5h,1,0.01
KcJd6c5d,1,0.01
KsJhTh9s,1,0.78
KsJdTd9s,1,0.78
KsJcTc9s,1,0.78
KhJdTd9h,1,0.78
KhJcTc9h,1,0.78
KhJsTs9h,1,0.78
KdJcTc9d,1,0.78
KdJsTs9d,1,0.78
KdJhTh9d,1,0.78
KcJsTs9c,1,0.78
KcJhTh9c,1,0.78
KcJdTd9c,1,0.78
KsJhTh8s,1,0.51
KsJdTd8s,1,0.51
KsJcTc8s,1,0.51
KhJdTd8h,1,0.51
KhJcTc8h,1,0.51
KhJsTs8h,1,0.51
KdJcTc8d,1,0.51
KdJsTs8d,1,0.51
KdJhTh8d,1,0.51
KcJsTs8c,1,0.51
KcJhTh8c,1,0.51
KcJdTd8c,1,0.51
KsJhTh7s,1,0.4
KsJdTd7s,1,0.4
KsJcTc7s,1,0.4
KhJdTd7h,1,0.4
KhJcTc7h,1,0.4
KhJsTs7h,1,0.4
KdJcTc7d,1,0.4
KdJsTs7d,1,0.4
KdJhTh7d,1,0.4
KcJsTs7c,1,0.4
KcJhTh7c,1,0.4
KcJdTd7c,1,0.4
KsJhTh6s,1,0.07
KsJdTd6s,1,0.07
KsJcTc6s,1,0.07
KhJdTd6h,1,0.07
KhJcTc6h,1,0.07
KhJsTs6h,1,0.07
KdJcTc6d,1,0.07
KdJsTs6d,1,0.07
KdJhTh6d,1,0.07
KcJsTs6c,1,0.07
KcJhTh6c,1,0.07
KcJdTd6c,1,0.07
KsJhTh5s,1,0.1
KsJdTd5s,1,0.1
KsJcTc5s,1,0.1
KhJdTd5h,1,0.1
KhJcTc5h,1,0.1
KhJsTs5h,1,0.1
KdJcTc5d,1,0.1
KdJsTs5d,1,0.1
KdJhTh5d,1,0.1
KcJsTs5c,1,0.1
KcJhTh5c,1,0.1
KcJdTd5c,1,0.1
KsJhTh4s,1,0.12
KsJdTd4s,1,0.12
KsJcTc4s,1,0.12
KhJdTd4h,1,0.12
KhJcTc4h,1,0.12
KhJsTs4h,1,0.12
KdJcTc4d,1,0.12
KdJsTs4d,1,0.12
KdJhTh4d,1,0.12
KcJsTs4c,1,0.12
KcJhTh4c,1,0.12
KcJdTd4c,1,0.12
KsJhTh3s,1,0.15
KsJdTd3s,1,0.15
KsJcTc3s,1,0.15
KhJdTd3h,1,0.15
KhJcTc3h,1,0.15
KhJsTs3h,1,0.15
KdJcTc3d,1,0.15
KdJsTs3d,1,0.15
KdJhTh3d,1,0.15
KcJsTs3c,1,0.15
KcJhTh3c,1,0.15
KcJdTd3c,1,0.15
KsJhTh2s,1,0.18
KsJdTd2s,1,0.18
KsJcTc2s,1,0.18
KhJdTd2h,1,0.18
KhJcTc2h,1,0.18
KhJsTs2h,1,0.18
KdJcTc2d,1,0.18
KdJsTs2d,1,0.18
KdJhTh2d,1,0.18
KcJsTs2c,1,0.18
KcJhTh2c,1,0.18
KcJdTd2c,1,0.18
KsJhTh9h,1,0.05
KsJdTd9d,1,0.05
KsJcTc9c,1,0.05
KhJdTd9d,1,0.05
KhJcTc9c,1,0.05
KhJsTs9s,1,0.05
KdJcTc9c,1,0.05
KdJsTs9s,1,0.05
KdJhTh9h,1,0.05
KcJsTs9s,1,0.05
KcJhTh9h,1,0.05
KcJdTd9d,1,0.05
KsJhThTd,1,0.15
KsJhThTc,1,0.15
KsJdTdTc,1,0.15
KsJdThTd,1,0.15
KsJcThTc,1,0.15
KsJcTdTc,1,0.15
KhJdTdTc,1,0.15
KhJdTsTd,1,0.15
KhJcTdTc,1,0.15
KhJcTsTc,1,0.15
KhJsTsTc,1,0.15
KhJsTsTd,1,0.15
KdJcThTc,1,0.15
KdJcTsTc,1,0.15
KdJsTsTc,1,0.15
KdJsTsTh,1,0.15
KdJhThTc,1,0.15
KdJhTsTh,1,0.15
KcJsTsTh,1,0.15
KcJsTsTd,1,0.15
KcJhThTd,1,0.15
KcJhTsTh,1,0.15
KcJdTsTd,1,0.15
KcJdThTd,1,0.15
KsJhTh9d,1,0.19
KsJhTh9c,1,0.19
KsJdTd9c,1,0.19
KsJdTd9h,1,0.19
KsJcTc9h,1,0.19
KsJcTc9d,1,0.19
KhJdTd9c,1,0.19
KhJdTd9s,1,0.19
KhJcTc9d,1,0.19
KhJcTc9s,1,0.19
KhJsTs9c,1,0.19
KhJsTs9d,1,0.19
KdJcTc9h,1,0.19
KdJcTc9s,1,0.19
KdJsTs9c,1,0.19
KdJsTs9h,1,0.19
KdJhTh9c,1,0.19
KdJhTh9s,1,0.19
KcJsTs9h,1,0.19
KcJsTs9d,1,0.19
KcJhTh9d,1,0.19
KcJhTh9s,1,0.19
KcJdTd9s,1,0.19
KcJdTd9h,1,0.19
KsJh9h8s,1,0.31
KsJd9d8s,1,0.31
KsJc9c8s,1,0.31
KhJd9d8h,1,0.31
KhJc9c8h,1,0.31
KhJs9s8h,1,0.31
KdJc9c8d,1,0.31
KdJs9s8d,1,0.31
KdJh9h8d,1,0.31
KcJs9s8c,1,0.31
KcJh9h8c,1,0.31
KcJd9d8c,1,0.31
KsJh9h7s,1,0.21
KsJd9d7s,1,0.21
KsJc9c7s,1,0.21
KhJd9d7h,1,0.21
KhJc9c7h,1,0.21
KhJs9s7h,1,0.21
KdJc9c7d,1,0.21
KdJs9s7d,1,0.21
KdJh9h7d,1,0.21
KcJs9s7c,1,0.21
KcJh9h7c,1,0.21
KcJd9d7c,1,0.21
KsJh8h7s,1,0.11
KsJd8d7s,1,0.11
KsJc8c7s,1,0.11
KhJd8d7h,1,0.11
KhJc8c7h,1,0.11
KhJs8s7h,1,0.11
KdJc8c7d,1,0.11
KdJs8s7d,1,0.11
KdJh8h7d,1,0.11
KcJs8s7c,1,0.11
KcJh8h7c,1,0.11
KcJd8d7c,1,0.11
KsJh6h5s,1,0.02
KsJd6d5s,1,0.02
KsJc6c5s,1,0.02
KhJd6d5h,1,0.02
KhJc6c5h,1,0.02
KhJs6s5h,1,0.02
KdJc6c5d,1,0.02
KdJs6s5d,1,0.02
KdJh6h5d,1,0.02
KcJs6s5c,1,0.02
KcJh6h5c,1,0.02
KcJd6d5c,1,0.02
KsJhJdTs,1,0.28
KsJhJcTs,1,0.28
KsJdJcTs,1,0.28
KhJdJcTh,1,0.28
KhJsJdTh,1,0.28
KhJsJcTh,1,0.28
KdJhJcTd,1,0.28
KdJsJcTd,1,0.28
KdJsJhTd,1,0.28
KcJsJhTc,1,0.28
KcJsJdTc,1,0.28
KcJhJdTc,1,0.28
KsJhJd9s,1,0.07
KsJhJc9s,1,0.07
KsJdJc9s,1,0.07
KhJdJc9h,1,0.07
KhJsJd9h,1,0.07
KhJsJc9h,1,0.07
KdJhJc9d,1,0.07
KdJsJc9d,1,0.07
KdJsJh9d,1,0.07
KcJsJh9c,1,0.07
KcJsJd9c,1,0.07
KcJhJd9c,1,0.07
KsJhJdTh,1,0.17
KsJhJcTh,1,0.17
KsJdJcTd,1,0.17
KsJhJdTd,1,0.17
KsJhJcTc,1,0.17
KsJdJcTc,1,0.17
KhJdJcTd,1,0.17
KhJsJdTd,1,0.17
KhJdJcTc,1,0.17
KhJsJcTc,1,0.17
KhJsJcTs,1,0.17
KhJsJdTs,1,0.17
KdJhJcTc,1,0.17
KdJsJcTc,1,0.17
KdJsJcTs,1,0.17
KdJsJhTs,1,0.17
KdJhJcTh,1,0.17
KdJsJhTh,1,0.17
KcJsJhTs,1,0.17
KcJsJdTs,1,0.17
KcJhJdTh,1,0.17
KcJsJhTh,1,0.17
KcJsJdTd,1,0.17
KcJhJdTd,1,0.17
KsJhJd9h,0.072,0
KsJhJc9h,0.072,0
KsJdJc9d,0.072,0
KsJhJd9d,0.072,0
KsJhJc9c,0.072,0
KsJdJc9c,0.072,0
KhJdJc9d,0.072,0
KhJsJd9d,0.072,0
KhJdJc9c,0.072,0
KhJsJc9c,0.072,0
KhJsJc9s,0.072,0
KhJsJd9s,0.072,0
KdJhJc9c,0.072,0
KdJsJc9c,0.072,0
KdJsJc9s,0.072,0
KdJsJh9s,0.072,0
KdJhJc9h,0.072,0
KdJsJh9h,0.072,0
KcJsJh9s,0.072,0
KcJsJd9s,0.072,0
KcJhJd9h,0.072,0
KcJsJh9h,0.072,0
KcJsJd9d,0.072,0
KcJhJd9d,0.072,0
KsJhTd9s,1,0.31
KsJhTc9s,1,0.31
KsJdTc9s,1,0.31
KsJdTh9s,1,0.31
KsJcTh9s,1,0.31
KsJcTd9s,1,0.31
KhJdTc9h,1,0.31
KhJdTs9h,1,0.31
KhJcTd9h,1,0.31
KhJcTs9h,1,0.31
KhJsTc9h,1,0.31
KhJsTd9h,1,0.31
KdJcTh9d,1,0.31
KdJcTs9d,1,0.31
KdJsTc9d,1,0.31
KdJsTh9d,1,0.31
KdJhTc9d,1,0.31
KdJhTs9d,1,0.31
KcJsTh9c,1,0.31
KcJsTd9c,1,0.31
KcJhTd9c,1,0.31
KcJhTs9c,1,0.31
KcJdTs9c,1,0.31
KcJdTh9c,1,0.31
KsJhTd8s,1,0.08
KsJhTc8s,1,0.08
KsJdTc8s,1,0.08
KsJdTh8s,1,0.08
KsJcTh8s,1,0.08
KsJcTd8s,1,0.08
KhJdTc8h,1,0.08
KhJdTs8h,1,0.08
KhJcTd8h,1,0.08
KhJcTs8h,1,0.08
KhJsTc8h,1,0.08
KhJsTd8h,1,0.08
KdJcTh8d,1,0.08
KdJcTs8d,1,0.08
KdJsTc8d,1,0.08
KdJsTh8d,1,0.08
KdJhTc8d,1,0.08
KdJhTs8d,1,0.08
KcJsTh8c,1,0.08
KcJsTd8c,1,0.08
KcJhTd8c,1,0.08
KcJhTs8c,1,0.08
KcJdTs8c,1,0.08
KcJdTh8c,1,0.08
KsJhTd9h,1,0.18
KsJhTc9h,1,0.18
KsJdTc9d,1,0.18
KsJdTh9d,1,0.18
KsJcTh9c,1,0.18
KsJcTd9c,1,0.18
KhJdTc9d,1,0.18
KhJdTs9d,1,0.18
KhJcTd9c,1,0.18
KhJcTs9c,1,0.18
KhJsTc9s,1,0.18
KhJsTd9s,1,0.18
KdJcTh9c,1,0.18
KdJcTs9c,1,0.18
KdJsTc9s,1,0.18
KdJsTh9s,1,0.18
KdJhTc9h,1,0.18
KdJhTs9h,1,0.18
KcJsTh9s,1,0.18
KcJsTd9s,1,0.18
KcJhTd9h,1,0.18
KcJhTs9h,1,0.18
KcJdTs9d,1,0.18
KcJdTh9d,1,0.18
KsJhTd9d,1,0.16
KsJhTc9c,1,0.16
KsJdTc9c,1,0.16
KsJdTh9h,1,0.16
KsJcTh9h,1,0.16
KsJcTd9d,1,0.16
KhJdTc9c,1,0.16
KhJdTs9s,1,0.16
KhJcTd9d,1,0.16
KhJcTs9s,1,0.16
KhJsTc9c,1,0.16
KhJsTd9d,1,0.16
KdJcTh9h,1,0.16
KdJcTs9s,1,0.16
KdJsTc9c,1,0.16
KdJsTh9h,1,0.16
KdJhTc9c,1,0.16
KdJhTs9s,1,0.16
KcJsTh9h,1,0.16
KcJsTd9d,1,0.16
KcJhTd9d,1,0.16
KcJhTs9s,1,0.16
KcJdTs9s,1,0.16
KcJdTh9h,1,0.16
KsTh9s9h,1,0.43
KsTd9s9d,1,0.43
KsTc9s9c,1,0.43
KhTd9h9d,1,0.43
KhTc9h9c,1,0.43
KhTs9s9h,1,0.43
KdTc9d9c,1,0.43
KdTs9s9d,1,0.43
KdTh9h9d,1,0.43
KcTs9s9c,1,0.43
KcTh9h9c,1,0.43
KcTd9d9c,1,0.43
KsTh9s8h,1,0.48
KsTd9s8d,1,0.48
KsTc9s8c,1,0.48
KhTd9h8d,1,0.48
KhTc9h8c,1,0.48
KhTs9h8s,1,0.48
KdTc9d8c,1,0.48
KdTs9d8s,1,0.48
KdTh9d8h,1,0.48
KcTs9c8s,1,0.48
KcTh9c8h,1,0.48
KcTd9c8d,1,0.48
KsTh9s7h,1,0.38
KsTd9s7d,1,0.38
KsTc9s7c,1,0.38
KhTd9h7d,1,0.38
KhTc9h7c,1,0.38
KhTs9h7s,1,0.38
KdTc9d7c,1,0.38
KdTs9d7s,1,0.38
KdTh9d7h,1,0.38
KcTs9c7s,1,0.38
KcTh9c7h,1,0.38
KcTd9c7d,1,0.38
KsTh9s6h,1,0.09
KsTd9s6d,1,0.09
KsTc9s6c,1,0.09
KhTd9h6d,1,0.09
KhTc9h6c,1,0.09
KhTs9h6s,1,0.09
KdTc9d6c,1,0.09
KdTs9d6s,1,0.09
KdTh9d6h,1,0.09
KcTs9c6s,1,0.09
KcTh9c6h,1,0.09
KcTd9c6d,1,0.09
KsTh9s9d,1,0.08
KsTh9s9c,1,0.08
KsTd9s9c,1,0.08
KsTd9s9h,1,0.08
KsTc9s9h,1,0.08
KsTc9s9d,1,0.08
KhTd9h9c,1,0.08
KhTd9s9h,1,0.08
KhTc9h9d,1,0.08
KhTc9s9h,1,0.08
KhTs9h9c,1,0.08
KhTs9h9d,1,0.08
KdTc9h9d,1,0.08
KdTc9s9d,1,0.08
KdTs9d9c,1,0.08
KdTs9h9d,1,0.08
KdTh9d9c,1,0.08
KdTh9s9d,1,0.08
KcTs9h9c,1,0.08
KcTs9d9c,1,0.08
KcTh9d9c,1,0.08
KcTh9s9c,1,0.08
KcTd9s9c,1,0.08
KcTd9h9c,1,0.08
KsTh9s8d,1,0.08
KsTh9s8c,1,0.08
KsTd9s8c,1,0.08
KsTd9s8h,1,0.08
KsTc9s8h,1,0.08
KsTc9s8d,1,0.08
KhTd9h8c,1,0.08
KhTd9h8s,1,0.08
KhTc9h8d,1,0.08
KhTc9h8s,1,0.08
KhTs9h8c,1,0.08
KhTs9h8d,1,0.08
KdTc9d8h,1,0.08
KdTc9d8s,1,0.08
KdTs9d8c,1,0.08
KdTs9d8h,1,0.08
KdTh9d8c,1,0.08
KdTh9d8s,1,0.08
KcTs9c8h,1,0.08
KcTs9c8d,1,0.08
KcTh9c8d,1,0.08
KcTh9c8s,1,0.08
KcTd9c8s,1,0.08
KcTd9c8h,1,0.08
KsTh9s7d,1,0.01
KsTh9s7c,1,0.01
KsTd9s7c,1,0.01
KsTd9s7h,1,0.01
KsTc9s7h,1,0.01
KsTc9s7d,1,0.01
KhTd9h7c,1,0.01
KhTd9h7s,1,0.01
KhTc9h7d,1,0.01
KhTc9h7s,1,0.01
KhTs9h7c,1,0.01
KhTs9h7d,1,0.01
KdTc9d7h,1,0.01
KdTc9d7s,1,0.01
KdTs9d7c,1,0.01
KdTs9d7h,1,0.01
KdTh9d7c,1,0.01
KdTh9d7s,1,0.01
KcTs9c7h,1,0.01
KcTs9c7d,1,0.01
KcTh9c7d,1,0.01
KcTh9c7s,1,0.01
KcTd9c7s,1,0.01
KcTd9c7h,1,0.01
KsTh8s8h,1,0.18
KsTd8s8d,1,0.18
KsTc8s8c,1,0.18
KhTd8h8d,1,0.18
KhTc8h8c,1,0.18
KhTs8s8h,1,0.18
KdTc8d8c,1,0.18
KdTs8s8d,1,0.18
KdTh8h8d,1,0.18
KcTs8s8c,1,0.18
KcTh8h8c,1,0.18
KcTd8d8c,1,0.18
KsTh8s7h,1,0.29
KsTd8s7d,1,0.29
KsTc8s7c,1,0.29
KhTd8h7d,1,0.29
KhTc8h7c,1,0.29
KhTs8h7s,1,0.29
KdTc8d7c,1,0.29
KdTs8d7s,1,0.29
KdTh8d7h,1,0.29
KcTs8c7s,1,0.29
KcTh8c7h,1,0.29
KcTd8c7d,1,0.29
KsTh8s6h,1,0.07
KsTd8s6d,1,0.07
KsTc8s6c,1,0.07
KhTd8h6d,1,0.07
KhTc8h6c,1,0.07
KhTs8h6s,1,0.07
KdTc8d6c,1,0.07
KdTs8d6s,1,0.07
KdTh8d6h,1,0.07
KcTs8c6s,1,0.07
KcTh8c6h,1,0.07
KcTd8c6d,1,0.07
KsTh7s7h,1,0.05
KsTd7s7d,1,0.05
KsTc7s7c,1,0.05
KhTd7h7d,1,0.05
KhTc7h7c,1,0.05
KhTs7s7h,1,0.05
KdTc7d7c,1,0.05
KdTs7s7d,1,0.05
KdTh7h7d,1,0.05
KcTs7s7c,1,0.05
KcTh7h7c,1,0.05
KcTd7d7c,1,0.05
KsTh7s6h,1,0.17
KsTd7s6d,1,0.17
KsTc7s6c,1,0.17
KhTd7h6d,1,0.17
KhTc7h6c,1,0.17
KhTs7h6s,1,0.17
KdTc7d6c,1,0.17
KdTs7d6s,1,0.17
KdTh7d6h,1,0.17
KcTs7c6s,1,0.17
KcTh7c6h,1,0.17
KcTd7c6d,1,0.17
KsTh9h8s,1,0.48
KsTd9d8s,1,0.48
KsTc9c8s,1,0.48
KhTd9d8h,1,0.48
KhTc9c8h,1,0.48
KhTs9s8h,1,0.48
KdTc9c8d,1,0.48
KdTs9s8d,1,0.48
KdTh9h8d,1,0.48
KcTs9s8c,1,0.48
KcTh9h8c,1,0.48
KcTd9d8c,1,0.48
KsTh9h7s,1,0.41
KsTd9d7s,1,0.41
KsTc9c7s,1,0.41
KhTd9d7h,1,0.41
KhTc9c7h,1,0.41
KhTs9s7h,1,0.41
KdTc9c7d,1,0.41
KdTs9s7d,1,0.41
KdTh9h7d,1,0.41
KcTs9s7c,1,0.41
KcTh9h7c,1,0.41
KcTd9d7c,1,0.41
KsTh9h6s,1,0.12
KsTd9d6s,1,0.12
KsTc9c6s,1,0.12
KhTd9d6h,1,0.12
KhTc9c6h,1,0.12
KhTs9s6h,1,0.12
KdTc9c6d,1,0.12
KdTs9s6d,1,0.12
KdTh9h6d,1,0.12
KcTs9s6c,1,0.12
KcTh9h6c,1,0.12
KcTd9d6c,1,0.12
KsTh8h7s,1,0.3
KsTd8d7s,1,0.3
KsTc8c7s,1,0.3
KhTd8d7h,1,0.3
KhTc8c7h,1,0.3
KhTs8s7h,1,0.3
KdTc8c7d,1,0.3
KdTs8s7d,1,0.3
KdTh8h7d,1,0.3
KcTs8s7c,1,0.3
KcTh8h7c,1,0.3
KcTd8d7c,1,0.3
KsTh8h6s,1,0.1
KsTd8d6s,1,0.1
KsTc8c6s,1,0.1
KhTd8d6h,1,0.1
KhTc8c6h,1,0.1
KhTs8s6h,1,0.1
KdTc8c6d,1,0.1
KdTs8s6d,1,0.1
KdTh8h6d,1,0.1
KcTs8s6c,1,0.1
KcTh8h6c,1,0.1
KcTd8d6c,1,0.1
KsTh7h6s,1,0.18
KsTd7d6s,1,0.18
KsTc7c6s,1,0.18
KhTd7d6h,1,0.18
KhTc7c6h,1,0.18
KhTs7s6h,1,0.18
KdTc7c6d,1,0.18
KdTs7s6d,1,0.18
KdTh7h6d,1,0.18
KcTs7s6c,1,0.18
KcTh7h6c,1,0.18
KcTd7d6c,1,0.18
KsTh6h5s,0.966,0.01
KsTd6d5s,0.966,0.01
KsTc6c5s,0.966,0.01
KhTd6d5h,0.966,0.01
KhTc6c5h,0.966,0.01
KhTs6s5h,0.966,0.01
KdTc6c5d,0.966,0.01
KdTs6s5d,0.966,0.01
KdTh6h5d,0.966,0.01
KcTs6s5c,0.966,0.01
KcTh6h5c,0.966,0.01
KcTd6d5c,0.966,0.01
KsThTd9s,1,0.15
KsThTc9s,1,0.15
KsTdTc9s,1,0.15
KhTdTc9h,1,0.15
KhTsTd9h,1,0.15
KhTsTc9h,1,0.15
KdThTc9d,1,0.15
KdTsTc9d,1,0.15
KdTsTh9d,1,0.15
KcTsTh9c,1,0.15
KcTsTd9c,1,0.15
KcThTd9c,1,0.15
KsThTd9h,1,0.02
KsThTc9h,1,0.02
KsTdTc9d,1,0.02
KsThTd9d,1,0.02
KsThTc9c,1,0.02
KsTdTc9c,1,0.02
KhTdTc9d,1,0.02
KhTsTd9d,1,0.02
KhTdTc9c,1,0.02
KhTsTc9c,1,0.02
KhTsTc9s,1,0.02
KhTsTd9s,1,0.02
KdThTc9c,1,0.02
KdTsTc9c,1,0.02
KdTsTc9s,1,0.02
KdTsTh9s,1,0.02
KdThTc9h,1,0.02
KdTsTh9h,1,0.02
KcTsTh9s,1,0.02
KcTsTd9s,1,0.02
KcThTd9h,1,0.02
KcTsTh9h,1,0.02
KcTsTd9d,1,0.02
KcThTd9d,1,0.02
KsTh9d8s,1,0.07
KsTh9c8s,1,0.07
KsTd9c8s,1,0.07
KsTd9h8s,1,0.07
KsTc9h8s,1,0.07
KsTc9d8s,1,0.07
KhTd9c8h,1,0.07
KhTd9s8h,1,0.07
KhTc9d8h,1,0.07
KhTc9s8h,1,0.07
KhTs9c8h,1,0.07
KhTs9d8h,1,0.07
KdTc9h8d,1,0.07
KdTc9s8d,1,0.07
KdTs9c8d,1,0.07
KdTs9h8d,1,0.07
KdTh9c8d,1,0.07
KdTh9s8d,1,0.07
KcTs9h8c,1,0.07
KcTs9d8c,1,0.07
KcTh9d8c,1,0.07
KcTh9s8c,1,0.07
KcTd9s8c,1,0.07
KcTd9h8c,1,0.07
KsTh9d7s,0.984,0.01
KsTh9c7s,0.984,0.01
KsTd9c7s,0.984,0.01
KsTd9h7s,0.984,0.01
KsTc9h7s,0.984,0.01
KsTc9d7s,0.984,0.01
KhTd9c7h,0.984,0.01
KhTd9s7h,0.984,0.01
KhTc9d7h,0.984,0.01
KhTc9s7h,0.984,0.01
KhTs9c7h,0.984,0.01
KhTs9d7h,0.984,0.01
KdTc9h7d,0.984,0.01
KdTc9s7d,0.984,0.01
KdTs9c7d,0.984,0.01
KdTs9h7d,0.984,0.01
KdTh9c7d,0.984,0.01
KdTh9s7d,0.984,0.01
KcTs9h7c,0.984,0.01
KcTs9d7c,0.984,0.01
KcTh9d7c,0.984,0.01
KcTh9s7c,0.984,0.01
KcTd9s7c,0.984,0.01
KcTd9h7c,0.984,0.01
Ks9h8s8h,1,0.16
Ks9d8s8d,1,0.16
Ks9c8s8c,1,0.16
Kh9d8h8d,1,0.16
Kh9c8h8c,1,0.16
Kh9s8s8h,1,0.16
Kd9c8d8c,1,0.16
Kd9s8s8d,1,0.16
Kd9h8h8d,1,0.16
Kc9s8s8c,1,0.16
Kc9h8h8c,1,0.16
Kc9d8d8c,1,0.16
Ks9h8s7h,1,0.25
Ks9d8s7d,1,0.25
Ks9c8s7c,1,0.25
Kh9d8h7d,1,0.25
Kh9c8h7c,1,0.25
Kh9s8h7s,1,0.25
Kd9c8d7c,1,0.25
Kd9s8d7s,1,0.25
Kd9h8d7h,1,0.25
Kc9s8c7s,1,0.25
Kc9h8c7h,1,0.25
Kc9d8c7d,1,0.25
Ks9h8s6h,1,0.05
Ks9d8s6d,1,0.05
Ks9c8s6c,1,0.05
Kh9d8h6d,1,0.05
Kh9c8h6c,1,0.05
Kh9s8h6s,1,0.05
Kd9c8d6c,1,0.05
Kd9s8d6s,1,0.05
Kd9h8d6h,1,0.05
Kc9s8c6s,1,0.05
Kc9h8c6h,1,0.05
Kc9d8c6d,1,0.05
Ks9h7s7h,1,0.02
Ks9d7s7d,1,0.02
Ks9c7s7c,1,0.02
Kh9d7h7d,1,0.02
Kh9c7h7c,1,0.02
Kh9s7s7h,1,0.02
Kd9c7d7c,1,0.02
Kd9s7s7d,1,0.02
Kd9h7h7d,1,0.02
Kc9s7s7c,1,0.02
Kc9h7h7c,1,0.02
Kc9d7d7c,1,0.02
Ks9h7s6h,1,0.18
Ks9d7s6d,1,0.18
Ks9c7s6c,1,0.18
Kh9d7h6d,1,0.18
Kh9c7h6c,1,0.18
Kh9s7h6s,1,0.18
Kd9c7d6c,1,0.18
Kd9s7d6s,1,0.18
Kd9h7d6h,1,0.18
Kc9s7c6s,1,0.18
Kc9h7c6h,1,0.18
Kc9d7c6d,1,0.18
Ks9h8h7s,1,0.26
Ks9d8d7s,1,0.26
Ks9c8c7s,1,0.26
Kh9d8d7h,1,0.26
Kh9c8c7h,1,0.26
Kh9s8s7h,1,0.26
Kd9c8c7d,1,0.26
Kd9s8s7d,1,0.26
Kd9h8h7d,1,0.26
Kc9s8s7c,1,0.26
Kc9h8h7c,1,0.26
Kc9d8d7c,1,0.26
Ks9h8h6s,1,0.08
Ks9d8d6s,1,0.08
Ks9c8c6s,1,0.08
Kh9d8d6h,1,0.08
Kh9c8c6h,1,0.08
Kh9s8s6h,1,0.08
Kd9c8c6d,1,0.08
Kd9s8s6d,1,0.08
Kd9h8h6d,1,0.08
Kc9s8s6c,1,0.08
Kc9h8h6c,1,0.08
Kc9d8d6c,1,0.08
Ks9h7h6s,1,0.2
Ks9d7d6s,1,0.2
Ks9c7c6s,1,0.2
Kh9d7d6h,1,0.2
Kh9c7c6h,1,0.2
Kh9s7s6h,1,0.2
Kd9c7c6d,1,0.2
Kd9s7s6d,1,0.2
Kd9h7h6d,1,0.2
Kc9s7s6c,1,0.2
Kc9h7h6c,1,0.2
Kc9d7d6c,1,0.2
Ks9h6h5s,0.912,0
Ks9d6d5s,0.912,0
Ks9c6c5s,0.912,0
Kh9d6d5h,0.912,0
Kh9c6c5h,0.912,0
Kh9s6s5h,0.912,0
Kd9c6c5d,0.912,0
Kd9s6s5d,0.912,0
Kd9h6h5d,0.912,0
Kc9s6s5c,0.912,0
Kc9h6h5c,0.912,0
Kc9d6d5c,0.912,0
Ks8h7s7h,1,0.15
Ks8d7s7d,1,0.15
Ks8c7s7c,1,0.15
Kh8d7h7d,1,0.15
Kh8c7h7c,1,0.15
Kh8s7s7h,1,0.15
Kd8c7d7c,1,0.15
Kd8s7s7d,1,0.15
Kd8h7h7d,1,0.15
Kc8s7s7c,1,0.15
Kc8h7h7c,1,0.15
Kc8d7d7c,1,0.15
Ks8h7s6h,1,0.27
Ks8d7s6d,1,0.27
Ks8c7s6c,1,0.27
Kh8d7h6d,1,0.27
Kh8c7h6c,1,0.27
Kh8s7h6s,1,0.27
Kd8c7d6c,1,0.27
Kd8s7d6s,1,0.27
Kd8h7d6h,1,0.27
Kc8s7c6s,1,0.27
Kc8h7c6h,1,0.27
Kc8d7c6d,1,0.27
Ks8h7s5h,1,0.03
Ks8d7s5d,1,0.03
Ks8c7s5c,1,0.03
Kh8d7h5d,1,0.03
Kh8c7h5c,1,0.03
Kh8s7h5s,1,0.03
Kd8c7d5c,1,0.03
Kd8s7d5s,1,0.03
Kd8h7d5h,1,0.03
Kc8s7c5s,1,0.03
Kc8h7c5h,1,0.03
Kc8d7c5d,1,0.03
Ks8h6s5h,1,0.12
Ks8d6s5d,1,0.12
Ks8c6s5c,1,0.12
Kh8d6h5d,1,0.12
Kh8c6h5c,1,0.12
Kh8s6h5s,1,0.12
Kd8c6d5c,1,0.12
Kd8s6d5s,1,0.12
Kd8h6d5h,1,0.12
Kc8s6c5s,1,0.12
Kc8h6c5h,1,0.12
Kc8d6c5d,1,0.12
Ks8h7h6s,1,0.28
Ks8d7d6s,1,0.28
Ks8c7c6s,1,0.28
Kh8d7d6h,1,0.28
Kh8c7c6h,1,0.28
Kh8s7s6h,1,0.28
Kd8c7c6d,1,0.28
Kd8s7s6d,1,0.28
Kd8h7h6d,1,0.28
Kc8s7s6c,1,0.28
Kc8h7h6c,1,0.28
Kc8d7d6c,1,0.28
Ks8h7h5s,1,0.06
Ks8d7d5s,1,0.06
Ks8c7c5s,1,0.06
Kh8d7d5h,1,0.06
Kh8c7c5h,1,0.06
Kh8s7s5h,1,0.06
Kd8c7c5d,1,0.06
Kd8s7s5d,1,0.06
Kd8h7h5d,1,0.06
Kc8s7s5c,1,0.06
Kc8h7h5c,1,0.06
Kc8d7d5c,1,0.06
Ks8h6h5s,1,0.14
Ks8d6d5s,1,0.14
Ks8c6c5s,1,0.14
Kh8d6d5h,1,0.14
Kh8c6c5h,1,0.14
Kh8s6s5h,1,0.14
Kd8c6c5d,1,0.14
Kd8s6s5d,1,0.14
Kd8h6h5d,1,0.14
Kc8s6s5c,1,0.14
Kc8h6h5c,1,0.14
Kc8d6d5c,1,0.14
Ks7h6s6h,1,0.09
Ks7d6s6d,1,0.09
Ks7c6s6c,1,0.09
Kh7d6h6d,1,0.09
Kh7c6h6c,1,0.09
Kh7s6s6h,1,0.09
Kd7c6d6c,1,0.09
Kd7s6s6d,1,0.09
Kd7h6h6d,1,0.09
Kc7s6s6c,1,0.09
Kc7h6h6c,1,0.09
Kc7d6d6c,1,0.09
Ks7h6s5h,1,0.26
Ks7d6s5d,1,0.26
Ks7c6s5c,1,0.26
Kh7d6h5d,1,0.26
Kh7c6h5c,1,0.26
Kh7s6h5s,1,0.26
Kd7c6d5c,1,0.26
Kd7s6d5s,1,0.26
Kd7h6d5h,1,0.26
Kc7s6c5s,1,0.26
Kc7h6c5h,1,0.26
Kc7d6c5d,1,0.26
Ks7h6s4h,1,0.08
Ks7d6s4d,1,0.08
Ks7c6s4c,1,0.08
Kh7d6h4d,1,0.08
Kh7c6h4c,1,0.08
Kh7s6h4s,1,0.08
Kd7c6d4c,1,0.08
Kd7s6d4s,1,0.08
Kd7h6d4h,1,0.08
Kc7s6c4s,1,0.08
Kc7h6c4h,1,0.08
Kc7d6c4d,1,0.08
Ks7h5s4h,1,0.06
Ks7d5s4d,1,0.06
Ks7c5s4c,1,0.06
Kh7d5h4d,1,0.06
Kh7c5h4c,1,0.06
Kh7s5h4s,1,0.06
Kd7c5d4c,1,0.06
Kd7s5d4s,1,0.06
Kd7h5d4h,1,0.06
Kc7s5c4s,1,0.06
Kc7h5c4h,1,0.06
Kc7d5c4d,1,0.06
Ks7h6h5s,1,0.29
Ks7d6d5s,1,0.29
Ks7c6c5s,1,0.29
Kh7d6d5h,1,0.29
Kh7c6c5h,1,0.29
Kh7s6s5h,1,0.29
Kd7c6c5d,1,0.29
Kd7s6s5d,1,0.29
Kd7h6h5d,1,0.29
Kc7s6s5c,1,0.29
Kc7h6h5c,1,0.29
Kc7d6d5c,1,0.29
Ks7h6h4s,1,0.12
Ks7d6d4s,1,0.12
Ks7c6c4s,1,0.12
Kh7d6d4h,1,0.12
Kh7c6c4h,1,0.12
Kh7s6s4h,1,0.12
Kd7c6c4d,1,0.12
Kd7s6s4d,1,0.12
Kd7h6h4d,1,0.12
Kc7s6s4c,1,0.12
Kc7h6h4c,1,0.12
Kc7d6d4c,1,0.12
Ks7h5h4s,1,0.07
Ks7d5d4s,1,0.07
Ks7c5c4s,1,0.07
Kh7d5d4h,1,0.07
Kh7c5c4h,1,0.07
Kh7s5s4h,1,0.07
Kd7c5c4d,1,0.07
Kd7s5s4d,1,0.07
Kd7h5h4d,1,0.07
Kc7s5s4c,1,0.07
Kc7h5h4c,1,0.07
Kc7d5d4c,1,0.07
Ks6h5s5h,1,0.09
Ks6d5s5d,1,0.09
Ks6c5s5c,1,0.09
Kh6d5h5d,1,0.09
Kh6c5h5c,1,0.09
Kh6s5s5h,1,0.09
Kd6c5d5c,1,0.09
Kd6s5s5d,1,0.09
Kd6h5h5d,1,0.09
Kc6s5s5c,1,0.09
Kc6h5h5c,1,0.09
Kc6d5d5c,1,0.09
Ks6h5s4h,1,0.3
Ks6d5s4d,1,0.3
Ks6c5s4c,1,0.3
Kh6d5h4d,1,0.3
Kh6c5h4c,1,0.3
Kh6s5h4s,1,0.3
Kd6c5d4c,1,0.3
Kd6s5d4s,1,0.3
Kd6h5d4h,1,0.3
Kc6s5c4s,1,0.3
Kc6h5c4h,1,0.3
Kc6d5c4d,1,0.3
Ks6h5s3h,1,0.08
Ks6d5s3d,1,0.08
Ks6c5s3c,1,0.08
Kh6d5h3d,1,0.08
Kh6c5h3c,1,0.08
Kh6s5h3s,1,0.08
Kd6c5d3c,1,0.08
Kd6s5d3s,1,0.08
Kd6h5d3h,1,0.08
Kc6s5c3s,1,0.08
Kc6h5c3h,1,0.08
Kc6d5c3d,1,0.08
Ks6h5h4s,1,0.32
Ks6d5d4s,1,0.32
Ks6c5c4s,1,0.32
Kh6d5d4h,1,0.32
Kh6c5c4h,1,0.32
Kh6s5s4h,1,0.32
Kd6c5c4d,1,0.32
Kd6s5s4d,1,0.32
Kd6h5h4d,1,0.32
Kc6s5s4c,1,0.32
Kc6h5h4c,1,0.32
Kc6d5d4c,1,0.32
Ks6h5h3s,1,0.11
Ks6d5d3s,1,0.11
Ks6c5c3s,1,0.11
Kh6d5d3h,1,0.11
Kh6c5c3h,1,0.11
Kh6s5s3h,1,0.11
Kd6c5c3d,1,0.11
Kd6s5s3d,1,0.11
Kd6h5h3d,1,0.11
Kc6s5s3c,1,0.11
Kc6h5h3c,1,0.11
Kc6d5d3c,1,0.11
Ks5h4s4h,1,0.1
Ks5d4s4d,1,0.1
Ks5c4s4c,1,0.1
Kh5d4h4d,1,0.1
Kh5c4h4c,1,0.1
Kh5s4s4h,1,0.1
Kd5c4d4c,1,0.1
Kd5s4s4d,1,0.1
Kd5h4h4d,1,0.1
Kc5s4s4c,1,0.1
Kc5h4h4c,1,0.1
Kc5d4d4c,1,0.1
Ks5h4s3h,1,0.1
Ks5d4s3d,1,0.1
Ks5c4s3c,1,0.1
Kh5d4h3d,1,0.1
Kh5c4h3c,1,0.1
Kh5s4h3s,1,0.1
Kd5c4d3c,1,0.1
Kd5s4d3s,1,0.1
Kd5h4d3h,1,0.1
Kc5s4c3s,1,0.1
Kc5h4c3h,1,0.1
Kc5d4c3d,1,0.1
Ks5h4h3s,1,0.11
Ks5d4d3s,1,0.11
Ks5c4c3s,1,0.11
Kh5d4d3h,1,0.11
Kh5c4c3h,1,0.11
Kh5s4s3h,1,0.11
Kd5c4c3d,1,0.11
Kd5s4s3d,1,0.11
Kd5h4h3d,1,0.11
Kc5s4s3c,1,0.11
Kc5h4h3c,1,0.11
Kc5d4d3c,1,0.11
QsJsTsTh,1,0.16
QsJsTsTd,1,0.16
QsJsTsTc,1,0.16
QhJhThTd,1,0.16
QhJhThTc,1,0.16
QhJhTsTh,1,0.16
QdJdTdTc,1,0.16
QdJdTsTd,1,0.16
QdJdThTd,1,0.16
QcJcTsTc,1,0.16
QcJcThTc,1,0.16
QcJcTdTc,1,0.16
QsJsTs9h,1,0.12
QsJsTs9d,1,0.12
QsJsTs9c,1,0.12
QhJhTh9d,1,0.12
QhJhTh9c,1,0.12
QhJhTh9s,1,0.12
QdJdTd9c,1,0.12
QdJdTd9s,1,0.12
QdJdTd9h,1,0.12
QcJcTc9s,1,0.12
QcJcTc9h,1,0.12
QcJcTc9d,1,0.12
QsJsTs8h,1,0.03
QsJsTs8d,1,0.03
QsJsTs8c,1,0.03
QhJhTh8d,1,0.03
QhJhTh8c,1,0.03
QhJhTh8s,1,0.03
QdJdTd8c,1,0.03
QdJdTd8s,1,0.03
QdJdTd8h,1,0.03
QcJcTc8s,1,0.03
QcJcTc8h,1,0.03
QcJcTc8d,1,0.03
QsJsJhTs,1,0.2
QsJsJdTs,1,0.2
QsJsJcTs,1,0.2
QhJhJdTh,1,0.2
QhJhJcTh,1,0.2
QhJsJhTh,1,0.2
QdJdJcTd,1,0.2
QdJsJdTd,1,0.2
QdJhJdTd,1,0.2
QcJsJcTc,1,0.2
QcJhJcTc,1,0.2
QcJdJcTc,1,0.2
QsJsJhTh,1,0.77
QsJsJdTd,1,0.77
QsJsJcTc,1,0.77
QhJhJdTd,1,0.77
QhJhJcTc,1,0.77
QhJsJhTs,1,0.77
QdJdJcTc,1,0.77
QdJsJdTs,1,0.77
QdJhJdTh,1,0.77
QcJsJcTs,1,0.77
QcJhJcTh,1,0.77
QcJdJcTd,1,0.77
QsJsJh9h,1,0.46
QsJsJd9d,1,0.46
QsJsJc9c,1,0.46
QhJhJd9d,1,0.46
QhJhJc9c,1,0.46
QhJsJh9s,1,0.46
QdJdJc9c,1,0.46
QdJsJd9s,1,0.46
QdJhJd9h,1,0.46
QcJsJc9s,1,0.46
QcJhJc9h,1,0.46
QcJdJc9d,1,0.46
QsJsJh8h,1,0.31
QsJsJd8d,1,0.31
QsJsJc8c,1,0.31
QhJhJd8d,1,0.31
QhJhJc8c,1,0.31
QhJsJh8s,1,0.31
QdJdJc8c,1,0.31
QdJsJd8s,1,0.31
QdJhJd8h,1,0.31
QcJsJc8s,1,0.31
QcJhJc8h,1,0.31
QcJdJc8d,1,0.31
QsJsJh7h,1,0.02
QsJsJd7d,1,0.02
QsJsJc7c,1,0.02
QhJhJd7d,1,0.02
QhJhJc7c,1,0.02
QhJsJh7s,1,0.02
QdJdJc7c,1,0.02
QdJsJd7s,1,0.02
QdJhJd7h,1,0.02
QcJsJc7s,1,0.02
QcJhJc7h,1,0.02
QcJdJc7d,1,0.02
QsJsJh6h,1,0.01
QsJsJd6d,1,0.01
QsJsJc6c,1,0.01
QhJhJd6d,1,0.01
QhJhJc6c,1,0.01
QhJsJh6s,1,0.01
QdJdJc6c,1,0.01
QdJsJd6s,1,0.01
QdJhJd6h,1,0.01
QcJsJc6s,1,0.01
QcJhJc6h,1,0.01
QcJdJc6d,1,0.01
QsJsJh5h,1,0.03
QsJsJd5d,1,0.03
QsJsJc5c,1,0.03
QhJhJd5d,1,0.03
QhJhJc5c,1,0.03
QhJsJh5s,1,0.03
QdJdJc5c,1,0.03
QdJsJd5s,1,0.03
QdJhJd5h,1,0.03
QcJsJc5s,1,0.03
QcJhJc5h,1,0.03
QcJdJc5d,1,0.03
QsJsJh4h,1,0.05
QsJsJd4d,1,0.05
QsJsJc4c,1,0.05
QhJhJd4d,1,0.05
QhJhJc4c,1,0.05
QhJsJh4s,1,0.05
QdJdJc4c,1,0.05
QdJsJd4s,1,0.05
QdJhJd4h,1,0.05
QcJsJc4s,1,0.05
QcJhJc4h,1,0.05
QcJdJc4d,1,0.05
QsJsJh3h,1,0.07
QsJsJd3d,1,0.07
QsJsJc3c,1,0.07
QhJhJd3d,1,0.07
QhJhJc3c,1,0.07
QhJsJh3s,1,0.07
QdJdJc3c,1,0.07
QdJsJd3s,1,0.07
QdJhJd3h,1,0.07
QcJsJc3s,1,0.07
QcJhJc3h,1,0.07
QcJdJc3d,1,0.07
QsJsJh2h,1,0.09
QsJsJd2d,1,0.09
QsJsJc2c,1,0.09
QhJhJd2d,1,0.09
QhJhJc2c,1,0.09
QhJsJh2s,1,0.09
QdJdJc2c,1,0.09
QdJsJd2s,1,0.09
QdJhJd2h,1,0.09
QcJsJc2s,1,0.09
QcJhJc2h,1,0.09
QcJdJc2d,1,0.09
QsJsJhTd,1,0.33
QsJsJhTc,1,0.33
QsJsJdTc,1,0.33
QsJsJdTh,1,0.33
QsJsJcTh,1,0.33
QsJsJcTd,1,0.33
QhJhJdTc,1,0.33
QhJhJdTs,1,0.33
QhJhJcTd,1,0.33
QhJhJcTs,1,0.33
QhJsJhTc,1,0.33
QhJsJhTd,1,0.33
QdJdJcTh,1,0.33
QdJdJcTs,1,0.33
QdJsJdTc,1,0.33
QdJsJdTh,1,0.33
QdJhJdTc,1,0.33
QdJhJdTs,1,0.33
QcJsJcTh,1,0.33
QcJsJcTd,1,0.33
QcJhJcTd,1,0.33
QcJhJcTs,1,0.33
QcJdJcTs,1,0.33
QcJdJcTh,1,0.33
QsJsJh9d,1,0.08
QsJsJh9c,1,0.08
QsJsJd9c,1,0.08
QsJsJd9h,1,0.08
QsJsJc9h,1,0.08
QsJsJc9d,1,0.08
QhJhJd9c,1,0.08
QhJhJd9s,1,0.08
QhJhJc9d,1,0.08
QhJhJc9s,1,0.08
QhJsJh9c,1,0.08
QhJsJh9d,1,0.08
QdJdJc9h,1,0.08
QdJdJc9s,1,0.08
QdJsJd9c,1,0.08
QdJsJd9h,1,0.08
QdJhJd9c,1,0.08
QdJhJd9s,1,0.08
QcJsJc9h,1,0.08
QcJsJc9d,1,0.08
QcJhJc9d,1,0.08
QcJhJc9s,1,0.08
QcJdJc9s,1,0.08
QcJdJc9h,1,0.08
QsJsTh9s,1,0.11
QsJsTd9s,1,0.11
QsJsTc9s,1,0.11
QhJhTd9h,1,0.11
QhJhTc9h,1,0.11
QhJhTs9h,1,0.11
QdJdTc9d,1,0.11
QdJdTs9d,1,0.11
QdJdTh9d,1,0.11
QcJcTs9c,1,0.11
QcJcTh9c,1,0.11
QcJcTd9c,1,0.11
QsJsTh8s,1,0.03
QsJsTd8s,1,0.03
QsJsTc8s,1,0.03
QhJhTd8h,1,0.03
QhJhTc8h,1,0.03
QhJhTs8h,1,0.03
QdJdTc8d,1,0.03
QdJdTs8d,1,0.03
QdJdTh8d,1,0.03
QcJcTs8c,1,0.03
QcJcTh8c,1,0.03
QcJcTd8c,1,0.03
QsJsTh9h,1,0.7
QsJsTd9d,1,0.7
QsJsTc9c,1,0.7
QhJhTd9d,1,0.7
QhJhTc9c,1,0.7
QhJhTs9s,1,0.7
QdJdTc9c,1,0.7
QdJdTs9s,1,0.7
QdJdTh9h,1,0.7
QcJcTs9s,1,0.7
QcJcTh9h,1,0.7
QcJcTd9d,1,0.7
QsJsTh8h,1,0.59
QsJsTd8d,1,0.59
QsJsTc8c,1,0.59
QhJhTd8d,1,0.59
QhJhTc8c,1,0.59
QhJhTs8s,1,0.59
QdJdTc8c,1,0.59
QdJdTs8s,1,0.59
QdJdTh8h,1,0.59
QcJcTs8s,1,0.59
QcJcTh8h,1,0.59
QcJcTd8d,1,0.59
QsJsTh7h,1,0.2
QsJsTd7d,1,0.2
QsJsTc7c,1,0.2
QhJhTd7d,1,0.2
QhJhTc7c,1,0.2
QhJhTs7s,1,0.2
QdJdTc7c,1,0.2
QdJdTs7s,1,0.2
QdJdTh7h,1,0.2
QcJcTs7s,1,0.2
QcJcTh7h,1,0.2
QcJcTd7d,1,0.2
QsJsTh6h,1,0.05
QsJsTd6d,1,0.05
QsJsTc6c,1,0.05
QhJhTd6d,1,0.05
QhJhTc6c,1,0.05
QhJhTs6s,1,0.05
QdJdTc6c,1,0.05
QdJdTs6s,1,0.05
QdJdTh6h,1,0.05
QcJcTs6s,1,0.05
QcJcTh6h,1,0.05
QcJcTd6d,1,0.05
QsJsTh5h,1,0.06
QsJsTd5d,1,0.06
QsJsTc5c,1,0.06
QhJhTd5d,1,0.06
QhJhTc5c,1,0.06
QhJhTs5s,1,0.06
QdJdTc5c,1,0.06
QdJdTs5s,1,0.06
QdJdTh5h,1,0.06
QcJcTs5s,1,0.06
QcJcTh5h,1,0.06
QcJcTd5d,1,0.06
QsJsTh4h,1,0.09
QsJsTd4d,1,0.09
QsJsTc4c,1,0.09
QhJhTd4d,1,0.09
QhJhTc4c,1,0.09
QhJhTs4s,1,0.09
QdJdTc4c,1,0.09
QdJdTs4s,1,0.09
QdJdTh4h,1,0.09
QcJcTs4s,1,0.09
QcJcTh4h,1,0.09
QcJcTd4d,1,0.09
QsJsTh3h,1,0.12
QsJsTd3d,1,0.12
QsJsTc3c,1,0.12
QhJhTd3d,1,0.12
QhJhTc3c,1,0.12
QhJhTs3s,1,0.12
QdJdTc3c,1,0.12
QdJdTs3s,1,0.12
QdJdTh3h,1,0.12
QcJcTs3s,1,0.12
QcJcTh3h,1,0.12
QcJcTd3d,1,0.12
QsJsTh2h,1,0.16
QsJsTd2d,1,0.16
QsJsTc2c,1,0.16
QhJhTd2d,1,0.16
QhJhTc2c,1,0.16
QhJhTs2s,1,0.16
QdJdTc2c,1,0.16
QdJdTs2s,1,0.16
QdJdTh2h,1,0.16
QcJcTs2s,1,0.16
QcJcTh2h,1,0.16
QcJcTd2d,1,0.16
QsJsThTd,1,0.26
QsJsThTc,1,0.26
QsJsTdTc,1,0.26
QhJhTdTc,1,0.26
QhJhTsTd,1,0.26
QhJhTsTc,1,0.26
QdJdThTc,1,0.26
QdJdTsTc,1,0.26
QdJdTsTh,1,0.26
QcJcTsTh,1,0.26
QcJcTsTd,1,0.26
QcJcThTd,1,0.26
QsJsTh9d,1,0.29
QsJsTh9c,1,0.29
QsJsTd9c,1,0.29
QsJsTd9h,1,0.29
QsJsTc9h,1,0.29
QsJsTc9d,1,0.29
QhJhTd9c,1,0.29
QhJhTd9s,1,0.29
QhJhTc9d,1,0.29
QhJhTc9s,1,0.29
QhJhTs9c,1,0.29
QhJhTs9d,1,0.29
QdJdTc9h,1,0.29
QdJdTc9s,1,0.29
QdJdTs9c,1,0.29
QdJdTs9h,1,0.29
QdJdTh9c,1,0.29
QdJdTh9s,1,0.29
QcJcTs9h,1,0.29
QcJcTs9d,1,0.29
QcJcTh9d,1,0.29
QcJcTh9s,1,0.29
QcJcTd9s,1,0.29
QcJcTd9h,1,0.29
QsJsTh8d,1,0.19
QsJsTh8c,1,0.19
QsJsTd8c,1,0.19
QsJsTd8h,1,0.19
QsJsTc8h,1,0.19
QsJsTc8d,1,0.19
QhJhTd8c,1,0.19
QhJhTd8s,1,0.19
QhJhTc8d,1,0.19
QhJhTc8s,1,0.19
QhJhTs8c,1,0.19
QhJhTs8d,1,0.19
QdJdTc8h,1,0.19
QdJdTc8s,1,0.19
QdJdTs8c,1,0.19
QdJdTs8h,1,0.19
QdJdTh8c,1,0.19
QdJdTh8s,1,0.19
QcJcTs8h,1,0.19
QcJcTs8d,1,0.19
QcJcTh8d,1,0.19
QcJcTh8s,1,0.19
QcJcTd8s,1,0.19
QcJcTd8h,1,0.19
QsJs9h8h,1,0.38
QsJs9d8d,1,0.38
QsJs9c8c,1,0.38
QhJh9d8d,1,0.38
QhJh9c8c,1,0.38
QhJh9s8s,1,0.38
QdJd9c8c,1,0.38
QdJd9s8s,1,0.38
QdJd9h8h,1,0.38
QcJc9s8s,1,0.38
QcJc9h8h,1,0.38
QcJc9d8d,1,0.38
QsJs9h7h,1,0.02
QsJs9d7d,1,0.02
QsJs9c7c,1,0.02
QhJh9d7d,1,0.02
QhJh9c7c,1,0.02
QhJh9s7s,1,0.02
QdJd9c7c,1,0.02
QdJd9s7s,1,0.02
QdJd9h7h,1,0.02
QcJc9s7s,1,0.02
QcJc9h7h,1,0.02
QcJc9d7d,1,0.02
QsJs9h8d,1,0.01
QsJs9h8c,1,0.01
QsJs9d8c,1,0.01
QsJs9d8h,1,0.01
QsJs9c8h,1,0.01
QsJs9c8d,1,0.01
QhJh9d8c,1,0.01
QhJh9d8s,1,0.01
QhJh9c8d,1,0.01
QhJh9c8s,1,0.01
QhJh9s8c,1,0.01
QhJh9s8d,1,0.01
QdJd9c8h,1,0.01
QdJd9c8s,1,0.01
QdJd9s8c,1,0.01
QdJd9s8h,1,0.01
QdJd9h8c,1,0.01
QdJd9h8s,1,0.01
QcJc9s8h,1,0.01
QcJc9s8d,1,0.01
QcJc9h8d,1,0.01
QcJc9h8s,1,0.01
QcJc9d8s,1,0.01
QcJc9d8h,1,0.01
QsJs8h7h,0.933,0
QsJs8d7d,0.933,0
QsJs8c7c,0.933,0
QhJh8d7d,0.933,0
QhJh8c7c,0.933,0
QhJh8s7s,0.933,0
QdJd8c7c,0.933,0
QdJd8s7s,0.933,0
QdJd8h7h,0.933,0
QcJc8s7s,0.933,0
QcJc8h7h,0.933,0
QcJc8d7d,0.933,0
QsTs9s8h,1,0.02
QsTs9s8d,1,0.02
QsTs9s8c,1,0.02
QhTh9h8d,1,0.02
QhTh9h8c,1,0.02
QhTh9h8s,1,0.02
QdTd9d8c,1,0.02
QdTd9d8s,1,0.02
QdTd9d8h,1,0.02
QcTc9c8s,1,0.02
QcTc9c8h,1,0.02
QcTc9c8d,1,0.02
QsTsTh9s,1,0.02
QsTsTd9s,1,0.02
QsTsTc9s,1,0.02
QhThTd9h,1,0.02
QhThTc9h,1,0.02
QhTsTh9h,1,0.02
QdTdTc9d,1,0.02
QdTsTd9d,1,0.02
QdThTd9d,1,0.02
QcTsTc9c,1,0.02
QcThTc9c,1,0.02
QcTdTc9c,1,0.02
QsTsTh9h,1,0.52
QsTsTd9d,1,0.52
QsTsTc9c,1,0.52
QhThTd9d,1,0.52
QhThTc9c,1,0.52
QhTsTh9s,1,0.52
QdTdTc9c,1,0.52
QdTsTd9s,1,0.52
QdThTd9h,1,0.52
QcTsTc9s,1,0.52
QcThTc9h,1,0.52
QcTdTc9d,1,0.52
QsTsTh8h,1,0.36
QsTsTd8d,1,0.36
QsTsTc8c,1,0.36
QhThTd8d,1,0.36
QhThTc8c,1,0.36
QhTsTh8s,1,0.36
QdTdTc8c,1,0.36
QdTsTd8s,1,0.36
QdThTd8h,1,0.36
QcTsTc8s,1,0.36
QcThTc8h,1,0.36
QcTdTc8d,1,0.36
QsTsTh7h,1,0.1
QsTsTd7d,1,0.1
QsTsTc7c,1,0.1
QhThTd7d,1,0.1
QhThTc7c,1,0.1
QhTsTh7s,1,0.1
QdTdTc7c,1,0.1
QdTsTd7s,1,0.1
QdThTd7h,1,0.1
QcTsTc7s,1,0.1
QcThTc7h,1,0.1
QcTdTc7d,1,0.1
QsTsTh6h,1,0.02
QsTsTd6d,1,0.02
QsTsTc6c,1,0.02
QhThTd6d,1,0.02
QhThTc6c,1,0.02
QhTsTh6s,1,0.02
QdTdTc6c,1,0.02
QdTsTd6s,1,0.02
QdThTd6h,1,0.02
QcTsTc6s,1,0.02
QcThTc6h,1,0.02
QcTdTc6d,1,0.02
QsTsTh9d,1,0.15
QsTsTh9c,1,0.15
QsTsTd9c,1,0.15
QsTsTd9h,1,0.15
QsTsTc9h,1,0.15
QsTsTc9d,1,0.15
QhThTd9c,1,0.15
QhThTd9s,1,0.15
QhThTc9d,1,0.15
QhThTc9s,1,0.15
QhTsTh9c,1,0.15
QhTsTh9d,1,0.15
QdTdTc9h,1,0.15
QdTdTc9s,1,0.15
QdTsTd9c,1,0.15
QdTsTd9h,1,0.15
QdThTd9c,1,0.15
QdThTd9s,1,0.15
QcTsTc9h,1,0.15
QcTsTc9d,1,0.15
QcThTc9d,1,0.15
QcThTc9s,1,0.15
QcTdTc9s,1,0.15
QcTdTc9h,1,0.15
QsTsTh8d,1,0.04
QsTsTh8c,1,0.04
QsTsTd8c,1,0.04
QsTsTd8h,1,0.04
QsTsTc8h,1,0.04
QsTsTc8d,1,0.04
QhThTd8c,1,0.04
QhThTd8s,1,0.04
QhThTc8d,1,0.04
QhThTc8s,1,0.04
QhTsTh8c,1,0.04
QhTsTh8d,1,0.04
QdTdTc8h,1,0.04
QdTdTc8s,1,0.04
QdTsTd8c,1,0.04
QdTsTd8h,1,0.04
QdThTd8c,1,0.04
QdThTd8s,1,0.04
QcTsTc8h,1,0.04
QcTsTc8d,1,0.04
QcThTc8d,1,0.04
QcThTc8s,1,0.04
QcTdTc8s,1,0.04
QcTdTc8h,1,0.04
QsTs9h8s,1,0.02
QsTs9d8s,1,0.02
QsTs9c8s,1,0.02
QhTh9d8h,1,0.02
QhTh9c8h,1,0.02
QhTh9s8h,1,0.02
QdTd9c8d,1,0.02
QdTd9s8d,1,0.02
QdTd9h8d,1,0.02
QcTc9s8c,1,0.02
QcTc9h8c,1,0.02
QcTc9d8c,1,0.02
QsTs9h8h,1,0.61
QsTs9d8d,1,0.61
QsTs9c8c,1,0.61
QhTh9d8d,1,0.61
QhTh9c8c,1,0.61
QhTh9s8s,1,0.61
QdTd9c8c,1,0.61
QdTd9s8s,1,0.61
QdTd9h8h,1,0.61
QcTc9s8s,1,0.61
QcTc9h8h,1,0.61
QcTc9d8d,1,0.61
QsTs9h7h,1,0.25
QsTs9d7d,1,0.25
QsTs9c7c,1,0.25
QhTh9d7d,1,0.25
QhTh9c7c,1,0.25
QhTh9s7s,1,0.25
QdTd9c7c,1,0.25
QdTd9s7s,1,0.25
QdTd9h7h,1,0.25
QcTc9s7s,1,0.25
QcTc9h7h,1,0.25
QcTc9d7d,1,0.25
QsTs9h6h,1,0.14
QsTs9d6d,1,0.14
QsTs9c6c,1,0.14
QhTh9d6d,1,0.14
QhTh9c6c,1,0.14
QhTh9s6s,1,0.14
QdTd9c6c,1,0.14
QdTd9s6s,1,0.14
QdTd9h6h,1,0.14
QcTc9s6s,1,0.14
QcTc9h6h,1,0.14
QcTc9d6d,1,0.14
QsTs9h9d,1,0.04
QsTs9h9c,1,0.04
QsTs9d9c,1,0.04
QhTh9d9c,1,0.04
QhTh9s9d,1,0.04
QhTh9s9c,1,0.04
QdTd9h9c,1,0.04
QdTd9s9c,1,0.04
QdTd9s9h,1,0.04
QcTc9s9h,1,0.04
QcTc9s9d,1,0.04
QcTc9h9d,1,0.04
QsTs9h8d,1,0.18
QsTs9h8c,1,0.18
QsTs9d8c,1,0.18
QsTs9d8h,1,0.18
QsTs9c8h,1,0.18
QsTs9c8d,1,0.18
QhTh9d8c,1,0.18
QhTh9d8s,1,0.18
QhTh9c8d,1,0.18
QhTh9c8s,1,0.18
QhTh9s8c,1,0.18
QhTh9s8d,1,0.18
QdTd9c8h,1,0.18
QdTd9c8s,1,0.18
QdTd9s8c,1,0.18
QdTd9s8h,1,0.18
QdTd9h8c,1,0.18
QdTd9h8s,1,0.18
QcTc9s8h,1,0.18
QcTc9s8d,1,0.18
QcTc9h8d,1,0.18
QcTc9h8s,1,0.18
QcTc9d8s,1,0.18
QcTc9d8h,1,0.18
QsTs8h7h,1,0.27
QsTs8d7d,1,0.27
QsTs8c7c,1,0.27
QhTh8d7d,1,0.27
QhTh8c7c,1,0.27
QhTh8s7s,1,0.27
QdTd8c7c,1,0.27
QdTd8s7s,1,0.27
QdTd8h7h,1,0.27
QcTc8s7s,1,0.27
QcTc8h7h,1,0.27
QcTc8d7d,1,0.27
QsTs8h6h,1,0.17
QsTs8d6d,1,0.17
QsTs8c6c,1,0.17
QhTh8d6d,1,0.17
QhTh8c6c,1,0.17
QhTh8s6s,1,0.17
QdTd8c6c,1,0.17
QdTd8s6s,1,0.17
QdTd8h6h,1,0.17
QcTc8s6s,1,0.17
QcTc8h6h,1,0.17
QcTc8d6d,1,0.17
QsTs7h6h,1,0.03
QsTs7d6d,1,0.03
QsTs7c6c,1,0.03
QhTh7d6d,1,0.03
QhTh7c6c,1,0.03
QhTh7s6s,1,0.03
QdTd7c6c,1,0.03
QdTd7s6s,1,0.03
QdTd7h6h,1,0.03
QcTc7s6s,1,0.03
QcTc7h6h,1,0.03
QcTc7d6d,1,0.03
Qs9s9h8h,1,0.16
Qs9s9d8d,1,0.16
Qs9s9c8c,1,0.16
Qh9h9d8d,1,0.16
Qh9h9c8c,1,0.16
Qh9s9h8s,1,0.16
Qd9d9c8c,1,0.16
Qd9s9d8s,1,0.16
Qd9h9d8h,1,0.16
Qc9s9c8s,1,0.16
Qc9h9c8h,1,0.16
Qc9d9c8d,1,0.16
Qs9s8h7h,1,0.18
Qs9s8d7d,1,0.18
Qs9s8c7c,1,0.18
Qh9h8d7d,1,0.18
Qh9h8c7c,1,0.18
Qh9h8s7s,1,0.18
Qd9d8c7c,1,0.18
Qd9d8s7s,1,0.18
Qd9d8h7h,1,0.18
Qc9c8s7s,1,0.18
Qc9c8h7h,1,0.18
Qc9c8d7d,1,0.18
Qs9s8h6h,1,0.11
Qs9s8d6d,1,0.11
Qs9s8c6c,1,0.11
Qh9h8d6d,1,0.11
Qh9h8c6c,1,0.11
Qh9h8s6s,1,0.11
Qd9d8c6c,1,0.11
Qd9d8s6s,1,0.11
Qd9d8h6h,1,0.11
Qc9c8s6s,1,0.11
Qc9c8h6h,1,0.11
Qc9c8d6d,1,0.11
Qs9s7h6h,1,0.04
Qs9s7d6d,1,0.04
Qs9s7c6c,1,0.04
Qh9h7d6d,1,0.04
Qh9h7c6c,1,0.04
Qh9h7s6s,1,0.04
Qd9d7c6c,1,0.04
Qd9d7s6s,1,0.04
Qd9d7h6h,1,0.04
Qc9c7s6s,1,0.04
Qc9c7h6h,1,0.04
Qc9c7d6d,1,0.04
Qs8s8h7h,1,0.02
Qs8s8d7d,1,0.02
Qs8s8c7c,1,0.02
Qh8h8d7d,1,0.02
Qh8h8c7c,1,0.02
Qh8s8h7s,1,0.02
Qd8d8c7c,1,0.02
Qd8s8d7s,1,0.02
Qd8h8d7h,1,0.02
Qc8s8c7s,1,0.02
Qc8h8c7h,1,0.02
Qc8d8c7d,1,0.02
Qs8s7h6h,1,0.12
Qs8s7d6d,1,0.12
Qs8s7c6c,1,0.12
Qh8h7d6d,1,0.12
Qh8h7c6c,1,0.12
Qh8h7s6s,1,0.12
Qd8d7c6c,1,0.12
Qd8d7s6s,1,0.12
Qd8d7h6h,1,0.12
Qc8c7s6s,1,0.12
Qc8c7h6h,1,0.12
Qc8c7d6d,1,0.12
Qs8s6h5h,1,0.06
Qs8s6d5d,1,0.06
Qs8s6c5c,1,0.06
Qh8h6d5d,1,0.06
Qh8h6c5c,1,0.06
Qh8h6s5s,1,0.06
Qd8d6c5c,1,0.06
Qd8d6s5s,1,0.06
Qd8d6h5h,1,0.06
Qc8c6s5s,1,0.06
Qc8c6h5h,1,0.06
Qc8c6d5d,1,0.06
Qs7s6h5h,1,0.09
Qs7s6d5d,1,0.09
Qs7s6c5c,1,0.09
Qh7h6d5d,1,0.09
Qh7h6c5c,1,0.09
Qh7h6s5s,1,0.09
Qd7d6c5c,1,0.09
Qd7d6s5s,1,0.09
Qd7d6h5h,1,0.09
Qc7c6s5s,1,0.09
Qc7c6h5h,1,0.09
Qc7c6d5d,1,0.09
Qs6s5h4h,1,0.1
Qs6s5d4d,1,0.1
Qs6s5c4c,1,0.1
Qh6h5d4d,1,0.1
Qh6h5c4c,1,0.1
Qh6h5s4s,1,0.1
Qd6d5c4c,1,0.1
Qd6d5s4s,1,0.1
Qd6d5h4h,1,0.1
Qc6c5s4s,1,0.1
Qc6c5h4h,1,0.1
Qc6c5d4d,1,0.1
QsQhJsTs,1,0.23
QsQdJsTs,1,0.23
QsQcJsTs,1,0.23
QhQdJhTh,1,0.23
QhQcJhTh,1,0.23
QsQhJhTh,1,0.23
QdQcJdTd,1,0.23
QsQdJdTd,1,0.23
QhQdJdTd,1,0.23
QsQcJcTc,1,0.23
QhQcJcTc,1,0.23
QdQcJcTc,1,0.23
QsQhJs9s,1,0.02
QsQdJs9s,1,0.02
QsQcJs9s,1,0.02
QhQdJh9h,1,0.02
QhQcJh9h,1,0.02
QsQhJh9h,1,0.02
QdQcJd9d,1,0.02
QsQdJd9d,1,0.02
QhQdJd9d,1,0.02
QsQcJc9c,1,0.02
QhQcJc9c,1,0.02
QdQcJc9c,1,0.02
QsQhJsJh,1,1.71
QsQdJsJd,1,1.71
QsQcJsJc,1,1.71
QhQdJhJd,1,1.71
QhQcJhJc,1,1.71
QdQcJdJc,1,1.71
QsQhJsTh,1,0.86
QsQdJsTd,1,0.86
QsQcJsTc,1,0.86
QhQdJhTd,1,0.86
QhQcJhTc,1,0.86
QsQhJhTs,1,0.86
QdQcJdTc,1,0.86
QsQdJdTs,1,0.86
QhQdJdTh,1,0.86
QsQcJcTs,1,0.86
QhQcJcTh,1,0.86
QdQcJcTd,1,0.86
QsQhJs9h,1,0.55
QsQdJs9d,1,0.55
QsQcJs9c,1,0.55
QhQdJh9d,1,0.55
QhQcJh9c,1,0.55
QsQhJh9s,1,0.55
QdQcJd9c,1,0.55
QsQdJd9s,1,0.55
QhQdJd9h,1,0.55
QsQcJc9s,1,0.55
QhQcJc9h,1,0.55
QdQcJc9d,1,0.55
QsQhJs8h,1,0.39
QsQdJs8d,1,0.39
QsQcJs8c,1,0.39
QhQdJh8d,1,0.39
QhQcJh8c,1,0.39
QsQhJh8s,1,0.39
QdQcJd8c,1,0.39
QsQdJd8s,1,0.39
QhQdJd8h,1,0.39
QsQcJc8s,1,0.39
QhQcJc8h,1,0.39
QdQcJc8d,1,0.39
QsQhJs7h,1,0.07
QsQdJs7d,1,0.07
QsQcJs7c,1,0.07
QhQdJh7d,1,0.07
QhQcJh7c,1,0.07
QsQhJh7s,1,0.07
QdQcJd7c,1,0.07
QsQdJd7s,1,0.07
QhQdJd7h,1,0.07
QsQcJc7s,1,0.07
QhQcJc7h,1,0.07
QdQcJc7d,1,0.07
QsQhJs6h,1,0.11
QsQdJs6d,1,0.11
QsQcJs6c,1,0.11
QhQdJh6d,1,0.11
QhQcJh6c,1,0.11
QsQhJh6s,1,0.11
QdQcJd6c,1,0.11
QsQdJd6s,1,0.11
QhQdJd6h,1,0.11
QsQcJc6s,1,0.11
QhQcJc6h,1,0.11
QdQcJc6d,1,0.11
QsQhJs5h,1,0.13
QsQdJs5d,1,0.13
QsQcJs5c,1,0.13
QhQdJh5d,1,0.13
QhQcJh5c,1,0.13
QsQhJh5s,1,0.13
QdQcJd5c,1,0.13
QsQdJd5s,1,0.13
QhQdJd5h,1,0.13
QsQcJc5s,1,0.13
QhQcJc5h,1,0.13
QdQcJc5d,1,0.13
QsQhJs4h,1,0.16
QsQdJs4d,1,0.16
QsQcJs4c,1,0.16
QhQdJh4d,1,0.16
QhQcJh4c,1,0.16
QsQhJh4s,1,0.16
QdQcJd4c,1,0.16
QsQdJd4s,1,0.16
QhQdJd4h,1,0.16
QsQcJc4s,1,0.16
QhQcJc4h,1,0.16
QdQcJc4d,1,0.16
QsQhJs3h,1,0.19
QsQdJs3d,1,0.19
QsQcJs3c,1,0.19
QhQdJh3d,1,0.19
QhQcJh3c,1,0.19
QsQhJh3s,1,0.19
QdQcJd3c,1,0.19
QsQdJd3s,1,0.19
QhQdJd3h,1,0.19
QsQcJc3s,1,0.19
QhQcJc3h,1,0.19
QdQcJc3d,1,0.19
QsQhJs2h,1,0.22
QsQdJs2d,1,0.22
QsQcJs2c,1,0.22
QhQdJh2d,1,0.22
QhQcJh2c,1,0.22
QsQhJh2s,1,0.22
QdQcJd2c,1,0.22
QsQdJd2s,1,0.22
QhQdJd2h,1,0.22
QsQcJc2s,1,0.22
QhQcJc2h,1,0.22
QdQcJc2d,1,0.22
QsQhJsJd,1,1.11
QsQhJsJc,1,1.11
QsQdJsJc,1,1.11
QsQdJsJh,1,1.11
QsQcJsJh,1,1.11
QsQcJsJd,1,1.11
QhQdJhJc,1,1.11
QhQdJsJh,1,1.11
QhQcJhJd,1,1.11
QhQcJsJh,1,1.11
QsQhJhJc,1,1.11
QsQhJhJd,1,1.11
QdQcJhJd,1,1.11
QdQcJsJd,1,1.11
QsQdJdJc,1,1.11
QsQdJhJd,1,1.11
QhQdJdJc,1,1.11
QhQdJsJd,1,1.11
QsQcJhJc,1,1.11
QsQcJdJc,1,1.11
QhQcJdJc,1,1.11
QhQcJsJc,1,1.11
QdQcJsJc,1,1.11
QdQcJhJc,1,1.11
QsQhJsTd,1,0.36
QsQhJsTc,1,0.36
QsQdJsTc,1,0.36
QsQdJsTh,1,0.36
QsQcJsTh,1,0.36
QsQcJsTd,1,0.36
QhQdJhTc,1,0.36
QhQdJhTs,1,0.36
QhQcJhTd,1,0.36
QhQcJhTs,1,0.36
QsQhJhTc,1,0.36
QsQhJhTd,1,0.36
QdQcJdTh,1,0.36
QdQcJdTs,1,0.36
QsQdJdTc,1,0.36
QsQdJdTh,1,0.36
QhQdJdTc,1,0.36
QhQdJdTs,1,0.36
QsQcJcTh,1,0.36
QsQcJcTd,1,0.36
QhQcJcTd,1,0.36
QhQcJcTs,1,0.36
QdQcJcTs,1,0.36
QdQcJcTh,1,0.36
QsQhJs9d,1,0.1
QsQhJs9c,1,0.1
QsQdJs9c,1,0.1
QsQdJs9h,1,0.1
QsQcJs9h,1,0.1
QsQcJs9d,1,0.1
QhQdJh9c,1,0.1
QhQdJh9s,1,0.1
QhQcJh9d,1,0.1
QhQcJh9s,1,0.1
QsQhJh9c,1,0.1
QsQhJh9d,1,0.1
QdQcJd9h,1,0.1
QdQcJd9s,1,0.1
QsQdJd9c,1,0.1
QsQdJd9h,1,0.1
QhQdJd9c,1,0.1
QhQdJd9s,1,0.1
QsQcJc9h,1,0.1
QsQcJc9d,1,0.1
QhQcJc9d,1,0.1
QhQcJc9s,1,0.1
QdQcJc9s,1,0.1
QdQcJc9h,1,0.1
QsQhJs8d,1,0.02
QsQhJs8c,1,0.02
QsQdJs8c,1,0.02
QsQdJs8h,1,0.02
QsQcJs8h,1,0.02
QsQcJs8d,1,0.02
QhQdJh8c,1,0.02
QhQdJh8s,1,0.02
QhQcJh8d,1,0.02
QhQcJh8s,1,0.02
QsQhJh8c,1,0.02
QsQhJh8d,1,0.02
QdQcJd8h,1,0.02
QdQcJd8s,1,0.02
QsQdJd8c,1,0.02
QsQdJd8h,1,0.02
QhQdJd8c,1,0.02
QhQdJd8s,1,0.02
QsQcJc8h,1,0.02
QsQcJc8d,1,0.02
QhQcJc8d,1,0.02
QhQcJc8s,1,0.02
QdQcJc8s,1,0.02
QdQcJc8h,1,0.02
QsQhTs9s,1,0.13
QsQdTs9s,1,0.13
QsQcTs9s,1,0.13
QhQdTh9h,1,0.13
QhQcTh9h,1,0.13
QsQhTh9h,1,0.13
QdQcTd9d,1,0.13
QsQdTd9d,1,0.13
QhQdTd9d,1,0.13
QsQcTc9c,1,0.13
QhQcTc9c,1,0.13
QdQcTc9c,1,0.13
QsQhTs8s,1,0.04
QsQdTs8s,1,0.04
QsQcTs8s,1,0.04
QhQdTh8h,1,0.04
QhQcTh8h,1,0.04
QsQhTh8h,1,0.04
QdQcTd8d,1,0.04
QsQdTd8d,1,0.04
QhQdTd8d,1,0.04
QsQcTc8c,1,0.04
QhQcTc8c,1,0.04
QdQcTc8c,1,0.04
QsQhTsTh,1,1.57
QsQdTsTd,1,1.57
QsQcTsTc,1,1.57
QhQdThTd,1,1.57
QhQcThTc,1,1.57
QdQcTdTc,1,1.57
QsQhTs9h,1,0.75
QsQdTs9d,1,0.75
QsQcTs9c,1,0.75
QhQdTh9d,1,0.75
QhQcTh9c,1,0.75
QsQhTh9s,1,0.75
QdQcTd9c,1,0.75
QsQdTd9s,1,0.75
QhQdTd9h,1,0.75
QsQcTc9s,1,0.75
QhQcTc9h,1,0.75
QdQcTc9d,1,0.75
QsQhTs8h,1,0.56
QsQdTs8d,1,0.56
QsQcTs8c,1,0.56
QhQdTh8d,1,0.56
QhQcTh8c,1,0.56
QsQhTh8s,1,0.56
QdQcTd8c,1,0.56
QsQdTd8s,1,0.56
QhQdTd8h,1,0.56
QsQcTc8s,1,0.56
QhQcTc8h,1,0.56
QdQcTc8d,1,0.56
QsQhTs7h,1,0.25
QsQdTs7d,1,0.25
QsQcTs7c,1,0.25
QhQdTh7d,1,0.25
QhQcTh7c,1,0.25
QsQhTh7s,1,0.25
QdQcTd7c,1,0.25
QsQdTd7s,1,0.25
QhQdTd7h,1,0.25
QsQcTc7s,1,0.25
QhQcTc7h,1,0.25
QdQcTc7d,1,0.25
QsQhTs6h,1,0.21
QsQdTs6d,1,0.21
QsQcTs6c,1,0.21
QhQdTh6d,1,0.21
QhQcTh6c,1,0.21
QsQhTh6s,1,0.21
QdQcTd6c,1,0.21
QsQdTd6s,1,0.21
QhQdTd6h,1,0.21
QsQcTc6s,1,0.21
QhQcTc6h,1,0.21
QdQcTc6d,1,0.21
QsQhTs5h,1,0.12
QsQdTs5d,1,0.12
QsQcTs5c,1,0.12
QhQdTh5d,1,0.12
QhQcTh5c,1,0.12
QsQhTh5s,1,0.12
QdQcTd5c,1,0.12
QsQdTd5s,1,0.12
QhQdTd5h,1,0.12
QsQcTc5s,1,0.12
QhQcTc5h,1,0.12
QdQcTc5d,1,0.12
QsQhTs4h,1,0.16
QsQdTs4d,1,0.16
QsQcTs4c,1,0.16
QhQdTh4d,1,0.16
QhQcTh4c,1,0.16
QsQhTh4s,1,0.16
QdQcTd4c,1,0.16
QsQdTd4s,1,0.16
QhQdTd4h,1,0.16
QsQcTc4s,1,0.16
QhQcTc4h,1,0.16
QdQcTc4d,1,0.16
QsQhTs3h,1,0.17
QsQdTs3d,1,0.17
QsQcTs3c,1,0.17
QhQdTh3d,1,0.17
QhQcTh3c,1,0.17
QsQhTh3s,1,0.17
QdQcTd3c,1,0.17
QsQdTd3s,1,0.17
QhQdTd3h,1,0.17
QsQcTc3s,1,0.17
QhQcTc3h,1,0.17
QdQcTc3d,1,0.17
QsQhTs2h,1,0.2
QsQdTs2d,1,0.2
QsQcTs2c,1,0.2
QhQdTh2d,1,0.2
QhQcTh2c,1,0.2
QsQhTh2s,1,0.2
QdQcTd2c,1,0.2
QsQdTd2s,1,0.2
QhQdTd2h,1,0.2
QsQcTc2s,1,0.2
QhQcTc2h,1,0.2
QdQcTc2d,1,0.2
QsQhTsTd,1,0.99
QsQhTsTc,1,0.99
QsQdTsTc,1,0.99
QsQdTsTh,1,0.99
QsQcTsTh,1,0.99
QsQcTsTd,1,0.99
QhQdThTc,1,0.99
QhQdTsTh,1,0.99
QhQcThTd,1,0.99
QhQcTsTh,1,0.99
QsQhThTc,1,0.99
QsQhThTd,1,0.99
QdQcThTd,1,0.99
QdQcTsTd,1,0.99
QsQdTdTc,1,0.99
QsQdThTd,1,0.99
QhQdTdTc,1,0.99
QhQdTsTd,1,0.99
QsQcThTc,1,0.99
QsQcTdTc,1,0.99
QhQcTdTc,1,0.99
QhQcTsTc,1,0.99
QdQcTsTc,1,0.99
QdQcThTc,1,0.99
QsQhTs9d,1,0.25
QsQhTs9c,1,0.25
QsQdTs9c,1,0.25
QsQdTs9h,1,0.25
QsQcTs9h,1,0.25
QsQcTs9d,1,0.25
QhQdTh9c,1,0.25
QhQdTh9s,1,0.25
QhQcTh9d,1,0.25
QhQcTh9s,1,0.25
QsQhTh9c,1,0.25
QsQhTh9d,1,0.25
QdQcTd9h,1,0.25
QdQcTd9s,1,0.25
QsQdTd9c,1,0.25
QsQdTd9h,1,0.25
QhQdTd9c,1,0.25
QhQdTd9s,1,0.25
QsQcTc9h,1,0.25
QsQcTc9d,1,0.25
QhQcTc9d,1,0.25
QhQcTc9s,1,0.25
QdQcTc9s,1,0.25
QdQcTc9h,1,0.25
QsQhTs8d,1,0.13
QsQhTs8c,1,0.13
QsQdTs8c,1,0.13
QsQdTs8h,1,0.13
QsQcTs8h,1,0.13
QsQcTs8d,1,0.13
QhQdTh8c,1,0.13
QhQdTh8s,1,0.13
QhQcTh8d,1,0.13
QhQcTh8s,1,0.13
QsQhTh8c,1,0.13
QsQhTh8d,1,0.13
QdQcTd8h,1,0.13
QdQcTd8s,1,0.13
QsQdTd8c,1,0.13
QsQdTd8h,1,0.13
QhQdTd8c,1,0.13
QhQdTd8s,1,0.13
QsQcTc8h,1,0.13
QsQcTc8d,1,0.13
QhQcTc8d,1,0.13
QhQcTc8s,1,0.13
QdQcTc8s,1,0.13
QdQcTc8h,1,0.13
QsQh9s9h,1,1.24
QsQd9s9d,1,1.24
QsQc9s9c,1,1.24
QhQd9h9d,1,1.24
QhQc9h9c,1,1.24
QdQc9d9c,1,1.24
QsQh9s8h,1,0.53
QsQd9s8d,1,0.53
QsQc9s8c,1,0.53
QhQd9h8d,1,0.53
QhQc9h8c,1,0.53
QsQh9h8s,1,0.53
QdQc9d8c,1,0.53
QsQd9d8s,1,0.53
QhQd9d8h,1,0.53
QsQc9c8s,1,0.53
QhQc9c8h,1,0.53
QdQc9c8d,1,0.53
QsQh9s7h,1,0.23
QsQd9s7d,1,0.23
QsQc9s7c,1,0.23
QhQd9h7d,1,0.23
QhQc9h7c,1,0.23
QsQh9h7s,1,0.23
QdQc9d7c,1,0.23
QsQd9d7s,1,0.23
QhQd9d7h,1,0.23
QsQc9c7s,1,0.23
QhQc9c7h,1,0.23
QdQc9c7d,1,0.23
QsQh9s6h,1,0.17
QsQd9s6d,1,0.17
QsQc9s6c,1,0.17
QhQd9h6d,1,0.17
QhQc9h6c,1,0.17
QsQh9h6s,1,0.17
QdQc9d6c,1,0.17
QsQd9d6s,1,0.17
QhQd9d6h,1,0.17
QsQc9c6s,1,0.17
QhQc9c6h,1,0.17
QdQc9c6d,1,0.17
QsQh9s5h,1,0.01
QsQd9s5d,1,0.01
QsQc9s5c,1,0.01
QhQd9h5d,1,0.01
QhQc9h5c,1,0.01
QsQh9h5s,1,0.01
QdQc9d5c,1,0.01
QsQd9d5s,1,0.01
QhQd9d5h,1,0.01
QsQc9c5s,1,0.01
QhQc9c5h,1,0.01
QdQc9c5d,1,0.01
QsQh9s9d,1,0.7
QsQh9s9c,1,0.7
QsQd9s9c,1,0.7
QsQd9s9h,1,0.7
QsQc9s9h,1,0.7
QsQc9s9d,1,0.7
QhQd9h9c,1,0.7
QhQd9s9h,1,0.7
QhQc9h9d,1,0.7
QhQc9s9h,1,0.7
QsQh9h9c,1,0.7
QsQh9h9d,1,0.7
QdQc9h9d,1,0.7
QdQc9s9d,1,0.7
QsQd9d9c,1,0.7
QsQd9h9d,1,0.7
QhQd9d9c,1,0.7
QhQd9s9d,1,0.7
QsQc9h9c,1,0.7
QsQc9d9c,1,0.7
QhQc9d9c,1,0.7
QhQc9s9c,1,0.7
QdQc9s9c,1,0.7
QdQc9h9c,1,0.7
QsQh9s8d,1,0.06
QsQh9s8c,1,0.06
QsQd9s8c,1,0.06
QsQd9s8h,1,0.06
QsQc9s8h,1,0.06
QsQc9s8d,1,0.06
QhQd9h8c,1,0.06
QhQd9h8s,1,0.06
QhQc9h8d,1,0.06
QhQc9h8s,1,0.06
QsQh9h8c,1,0.06
QsQh9h8d,1,0.06
QdQc9d8h,1,0.06
QdQc9d8s,1,0.06
QsQd9d8c,1,0.06
QsQd9d8h,1,0.06
QhQd9d8c,1,0.06
QhQd9d8s,1,0.06
QsQc9c8h,1,0.06
QsQc9c8d,1,0.06
QhQc9c8d,1,0.06
QhQc9c8s,1,0.06
QdQc9c8s,1,0.06
QdQc9c8h,1,0.06
QsQh8s8h,1,0.95
QsQd8s8d,1,0.95
QsQc8s8c,1,0.95
QhQd8h8d,1,0.95
QhQc8h8c,1,0.95
QdQc8d8c,1,0.95
QsQh8s7h,1,0.26
QsQd8s7d,1,0.26
QsQc8s7c,1,0.26
QhQd8h7d,1,0.26
QhQc8h7c,1,0.26
QsQh8h7s,1,0.26
QdQc8d7c,1,0.26
QsQd8d7s,1,0.26
QhQd8d7h,1,0.26
QsQc8c7s,1,0.26
QhQc8c7h,1,0.26
QdQc8c7d,1,0.26
QsQh8s6h,1,0.22
QsQd8s6d,1,0.22
QsQc8s6c,1,0.22
QhQd8h6d,1,0.22
QhQc8h6c,1,0.22
QsQh8h6s,1,0.22
QdQc8d6c,1,0.22
QsQd8d6s,1,0.22
QhQd8d6h,1,0.22
QsQc8c6s,1,0.22
QhQc8c6h,1,0.22
QdQc8c6d,1,0.22
QsQh8s5h,1,0.05
QsQd8s5d,1,0.05
QsQc8s5c,1,0.05
QhQd8h5d,1,0.05
QhQc8h5c,1,0.05
QsQh8h5s,1,0.05
QdQc8d5c,1,0.05
QsQd8d5s,1,0.05
QhQd8d5h,1,0.05
QsQc8c5s,1,0.05
QhQc8c5h,1,0.05
QdQc8c5d,1,0.05
QsQh8s8d,1,0.49
QsQh8s8c,1,0.49
QsQd8s8c,1,0.49
QsQd8s8h,1,0.49
QsQc8s8h,1,0.49
QsQc8s8d,1,0.49
QhQd8h8c,1,0.49
QhQd8s8h,1,0.49
QhQc8h8d,1,0.49
QhQc8s8h,1,0.49
QsQh8h8c,1,0.49
QsQh8h8d,1,0.49
QdQc8h8d,1,0.49
QdQc8s8d,1,0.49
QsQd8d8c,1,0.49
QsQd8h8d,1,0.49
QhQd8d8c,1,0.49
QhQd8s8d,1,0.49
QsQc8h8c,1,0.49
QsQc8d8c,1,0.49
QhQc8d8c,1,0.49
QhQc8s8c,1,0.49
QdQc8s8c,1,0.49
QdQc8h8c,1,0.49
QsQh7s7h,1,0.62
QsQd7s7d,1,0.62
QsQc7s7c,1,0.62
QhQd7h7d,1,0.62
QhQc7h7c,1,0.62
QdQc7d7c,1,0.62
QsQh7s6h,1,0.22
QsQd7s6d,1,0.22
QsQc7s6c,1,0.22
QhQd7h6d,1,0.22
QhQc7h6c,1,0.22
QsQh7h6s,1,0.22
QdQc7d6c,1,0.22
QsQd7d6s,1,0.22
QhQd7d6h,1,0.22
QsQc7c6s,1,0.22
QhQc7c6h,1,0.22
QdQc7c6d,1,0.22
QsQh7s5h,1,0.08
QsQd7s5d,1,0.08
QsQc7s5c,1,0.08
QhQd7h5d,1,0.08
QhQc7h5c,1,0.08
QsQh7h5s,1,0.08
QdQc7d5c,1,0.08
QsQd7d5s,1,0.08
QhQd7d5h,1,0.08
QsQc7c5s,1,0.08
QhQc7c5h,1,0.08
QdQc7c5d,1,0.08
QsQh7s7d,1,0.23
QsQh7s7c,1,0.23
QsQd7s7c,1,0.23
QsQd7s7h,1,0.23
QsQc7s7h,1,0.23
QsQc7s7d,1,0.23
QhQd7h7c,1,0.23
QhQd7s7h,1,0.23
QhQc7h7d,1,0.23
QhQc7s7h,1,0.23
QsQh7h7c,1,0.23
QsQh7h7d,1,0.23
QdQc7h7d,1,0.23
QdQc7s7d,1,0.23
QsQd7d7c,1,0.23
QsQd7h7d,1,0.23
QhQd7d7c,1,0.23
QhQd7s7d,1,0.23
QsQc7h7c,1,0.23
QsQc7d7c,1,0.23
QhQc7d7c,1,0.23
QhQc7s7c,1,0.23
QdQc7s7c,1,0.23
QdQc7h7c,1,0.23
QsQh6s6h,1,0.65
QsQd6s6d,1,0.65
QsQc6s6c,1,0.65
QhQd6h6d,1,0.65
QhQc6h6c,1,0.65
QdQc6d6c,1,0.65
QsQh6s5h,1,0.27
QsQd6s5d,1,0.27
QsQc6s5c,1,0.27
QhQd6h5d,1,0.27
QhQc6h5c,1,0.27
QsQh6h5s,1,0.27
QdQc6d5c,1,0.27
QsQd6d5s,1,0.27
QhQd6d5h,1,0.27
QsQc6c5s,1,0.27
QhQc6c5h,1,0.27
QdQc6c5d,1,0.27
QsQh6s4h,1,0.17
QsQd6s4d,1,0.17
QsQc6s4c,1,0.17
QhQd6h4d,1,0.17
QhQc6h4c,1,0.17
QsQh6h4s,1,0.17
QdQc6d4c,1,0.17
QsQd6d4s,1,0.17
QhQd6d4h,1,0.17
QsQc6c4s,1,0.17
QhQc6c4h,1,0.17
QdQc6c4d,1,0.17
QsQh6s6d,1,0.24
QsQh6s6c,1,0.24
QsQd6s6c,1,0.24
QsQd6s6h,1,0.24
QsQc6s6h,1,0.24
QsQc6s6d,1,0.24
QhQd6h6c,1,0.24
QhQd6s6h,1,0.24
QhQc6h6d,1,0.24
QhQc6s6h,1,0.24
QsQh6h6c,1,0.24
QsQh6h6d,1,0.24
QdQc6h6d,1,0.24
QdQc6s6d,1,0.24
QsQd6d6c,1,0.24
QsQd6h6d,1,0.24
QhQd6d6c,1,0.24
QhQd6s6d,1,0.24
QsQc6h6c,1,0.24
QsQc6d6c,1,0.24
QhQc6d6c,1,0.24
QhQc6s6c,1,0.24
QdQc6s6c,1,0.24
QdQc6h6c,1,0.24
QsQh5s5h,1,0.61
QsQd5s5d,1,0.61
QsQc5s5c,1,0.61
QhQd5h5d,1,0.61
QhQc5h5c,1,0.61
QdQc5d5c,1,0.61
QsQh5s4h,1,0.29
QsQd5s4d,1,0.29
QsQc5s4c,1,0.29
QhQd5h4d,1,0.29
QhQc5h4c,1,0.29
QsQh5h4s,1,0.29
QdQc5d4c,1,0.29
QsQd5d4s,1,0.29
QhQd5d4h,1,0.29
QsQc5c4s,1,0.29
QhQc5c4h,1,0.29
QdQc5c4d,1,0.29
QsQh5s3h,1,0.16
QsQd5s3d,1,0.16
QsQc5s3c,1,0.16
QhQd5h3d,1,0.16
QhQc5h3c,1,0.16
QsQh5h3s,1,0.16
QdQc5d3c,1,0.16
QsQd5d3s,1,0.16
QhQd5d3h,1,0.16
QsQc5c3s,1,0.16
QhQc5c3h,1,0.16
QdQc5c3d,1,0.16
QsQh5s5d,1,0.21
QsQh5s5c,1,0.21
QsQd5s5c,1,0.21
QsQd5s5h,1,0.21
QsQc5s5h,1,0.21
QsQc5s5d,1,0.21
QhQd5h5c,1,0.21
QhQd5s5h,1,0.21
QhQc5h5d,1,0.21
QhQc5s5h,1,0.21
QsQh5h5c,1,0.21
QsQh5h5d,1,0.21
QdQc5h5d,1,0.21
QdQc5s5d,1,0.21
QsQd5d5c,1,0.21
QsQd5h5d,1,0.21
QhQd5d5c,1,0.21
QhQd5s5d,1,0.21
QsQc5h5c,1,0.21
QsQc5d5c,1,0.21
QhQc5d5c,1,0.21
QhQc5s5c,1,0.21
QdQc5s5c,1,0.21
QdQc5h5c,1,0.21
QsQh4s4h,1,0.69
QsQd4s4d,1,0.69
QsQc4s4c,1,0.69
QhQd4h4d,1,0.69
QhQc4h4c,1,0.69
QdQc4d4c,1,0.69
QsQh4s3h,1,0.11
QsQd4s3d,1,0.11
QsQc4s3c,1,0.11
QhQd4h3d,1,0.11
QhQc4h3c,1,0.11
QsQh4h3s,1,0.11
QdQc4d3c,1,0.11
QsQd4d3s,1,0.11
QhQd4d3h,1,0.11
QsQc4c3s,1,0.11
QhQc4c3h,1,0.11
QdQc4c3d,1,0.11
QsQh4s4d,1,0.26
QsQh4s4c,1,0.26
QsQd4s4c,1,0.26
QsQd4s4h,1,0.26
QsQc4s4h,1,0.26
QsQc4s4d,1,0.26
QhQd4h4c,1,0.26
QhQd4s4h,1,0.26
QhQc4h4d,1,0.26
QhQc4s4h,1,0.26
QsQh4h4c,1,0.26
QsQh4h4d,1,0.26
QdQc4h4d,1,0.26
QdQc4s4d,1,0.26
QsQd4d4c,1,0.26
QsQd4h4d,1,0.26
QhQd4d4c,1,0.26
QhQd4s4d,1,0.26
QsQc4h4c,1,0.26
QsQc4d4c,1,0.26
QhQc4d4c,1,0.26
QhQc4s4c,1,0.26
QdQc4s4c,1,0.26
QdQc4h4c,1,0.26
QsQh3s3h,1,0.77
QsQd3s3d,1,0.77
QsQc3s3c,1,0.77
QhQd3h3d,1,0.77
QhQc3h3c,1,0.77
QdQc3d3c,1,0.77
QsQh3s3d,1,0.3
QsQh3s3c,1,0.3
QsQd3s3c,1,0.3
QsQd3s3h,1,0.3
QsQc3s3h,1,0.3
QsQc3s3d,1,0.3
QhQd3h3c,1,0.3
QhQd3s3h,1,0.3
QhQc3h3d,1,0.3
QhQc3s3h,1,0.3
QsQh3h3c,1,0.3
QsQh3h3d,1,0.3
QdQc3h3d,1,0.3
QdQc3s3d,1,0.3
QsQd3d3c,1,0.3
QsQd3h3d,1,0.3
QhQd3d3c,1,0.3
QhQd3s3d,1,0.3
QsQc3h3c,1,0.3
QsQc3d3c,1,0.3
QhQc3d3c,1,0.3
QhQc3s3c,1,0.3
QdQc3s3c,1,0.3
QdQc3h3c,1,0.3
QsQh2s2h,1,0.85
QsQd2s2d,1,0.85
QsQc2s2c,1,0.85
QhQd2h2d,1,0.85
QhQc2h2c,1,0.85
QdQc2d2c,1,0.85
QsQh2s2d,1,0.37
QsQh2s2c,1,0.37
QsQd2s2c,1,0.37
QsQd2s2h,1,0.37
QsQc2s2h,1,0.37
QsQc2s2d,1,0.37
QhQd2h2c,1,0.37
QhQd2s2h,1,0.37
QhQc2h2d,1,0.37
QhQc2s2h,1,0.37
QsQh2h2c,1,0.37
QsQh2h2d,1,0.37
QdQc2h2d,1,0.37
QdQc2s2d,1,0.37
QsQd2d2c,1,0.37
QsQd2h2d,1,0.37
QhQd2d2c,1,0.37
QhQd2s2d,1,0.37
QsQc2h2c,1,0.37
QsQc2d2c,1,0.37
QhQc2d2c,1,0.37
QhQc2s2c,1,0.37
QdQc2s2c,1,0.37
QdQc2h2c,1,0.37
QsQhJdTs,1,0.36
QsQhJcTs,1,0.36
QsQdJcTs,1,0.36
QsQdJhTs,1,0.36
QsQcJhTs,1,0.36
QsQcJdTs,1,0.36
QhQdJcTh,1,0.36
QhQdJsTh,1,0.36
QhQcJdTh,1,0.36
QhQcJsTh,1,0.36
QsQhJcTh,1,0.36
QsQhJdTh,1,0.36
QdQcJhTd,1,0.36
QdQcJsTd,1,0.36
QsQdJcTd,1,0.36
QsQdJhTd,1,0.36
QhQdJcTd,1,0.36
QhQdJsTd,1,0.36
QsQcJhTc,1,0.36
QsQcJdTc,1,0.36
QhQcJdTc,1,0.36
QhQcJsTc,1,0.36
QdQcJsTc,1,0.36
QdQcJhTc,1,0.36
QsQhJd9s,1,0.1
QsQhJc9s,1,0.1
QsQdJc9s,1,0.1
QsQdJh9s,1,0.1
QsQcJh9s,1,0.1
QsQcJd9s,1,0.1
QhQdJc9h,1,0.1
QhQdJs9h,1,0.1
QhQcJd9h,1,0.1
QhQcJs9h,1,0.1
QsQhJc9h,1,0.1
QsQhJd9h,1,0.1
QdQcJh9d,1,0.1
QdQcJs9d,1,0.1
QsQdJc9d,1,0.1
QsQdJh9d,1,0.1
QhQdJc9d,1,0.1
QhQdJs9d,1,0.1
QsQcJh9c,1,0.1
QsQcJd9c,1,0.1
QhQcJd9c,1,0.1
QhQcJs9c,1,0.1
QdQcJs9c,1,0.1
QdQcJh9c,1,0.1
QsQhJd8s,1,0.02
QsQhJc8s,1,0.02
QsQdJc8s,1,0.02
QsQdJh8s,1,0.02
QsQcJh8s,1,0.02
QsQcJd8s,1,0.02
QhQdJc8h,1,0.02
QhQdJs8h,1,0.02
QhQcJd8h,1,0.02
QhQcJs8h,1,0.02
QsQhJc8h,1,0.02
QsQhJd8h,1,0.02
QdQcJh8d,1,0.02
QdQcJs8d,1,0.02
QsQdJc8d,1,0.02
QsQdJh8d,1,0.02
QhQdJc8d,1,0.02
QhQdJs8d,1,0.02
QsQcJh8c,1,0.02
QsQcJd8c,1,0.02
QhQcJd8c,1,0.02
QhQcJs8c,1,0.02
QdQcJs8c,1,0.02
QdQcJh8c,1,0.02
QsQhJdTd,1,0.31
QsQhJcTc,1,0.31
QsQdJcTc,1,0.31
QsQdJhTh,1,0.31
QsQcJhTh,1,0.31
QsQcJdTd,1,0.31
QhQdJcTc,1,0.31
QhQdJsTs,1,0.31
QhQcJdTd,1,0.31
QhQcJsTs,1,0.31
QdQcJhTh,1,0.31
QdQcJsTs,1,0.31
QsQhJd9d,1,0.06
QsQhJc9c,1,0.06
QsQdJc9c,1,0.06
QsQdJh9h,1,0.06
QsQcJh9h,1,0.06
QsQcJd9d,1,0.06
QhQdJc9c,1,0.06
QhQdJs9s,1,0.06
QhQcJd9d,1,0.06
QhQcJs9s,1,0.06
QdQcJh9h,1,0.06
QdQcJs9s,1,0.06
QsQhJdJc,1,0.59
QsQdJhJc,1,0.59
QsQcJhJd,1,0.59
QhQdJsJc,1,0.59
QhQcJsJd,1,0.59
QdQcJsJh,1,0.59
QsQhJdTc,0.032,0
QsQhJcTd,0.032,0
QsQdJcTh,0.032,0
QsQdJhTc,0.032,0
QsQcJhTd,0.032,0
QsQcJdTh,0.032,0
QhQdJcTs,0.032,0
QhQdJsTc,0.032,0
QhQcJdTs,0.032,0
QhQcJsTd,0.032,0
QdQcJhTs,0.032,0
QdQcJsTh,0.032,0
QsQhTd9s,1,0.25
QsQhTc9s,1,0.25
QsQdTc9s,1,0.25
QsQdTh9s,1,0.25
QsQcTh9s,1,0.25
QsQcTd9s,1,0.25
QhQdTc9h,1,0.25
QhQdTs9h,1,0.25
QhQcTd9h,1,0.25
QhQcTs9h,1,0.25
QsQhTc9h,1,0.25
QsQhTd9h,1,0.25
QdQcTh9d,1,0.25
QdQcTs9d,1,0.25
QsQdTc9d,1,0.25
QsQdTh9d,1,0.25
QhQdTc9d,1,0.25
QhQdTs9d,1,0.25
QsQcTh9c,1,0.25
QsQcTd9c,1,0.25
QhQcTd9c,1,0.25
QhQcTs9c,1,0.25
QdQcTs9c,1,0.25
QdQcTh9c,1,0.25
QsQhTd8s,1,0.11
QsQhTc8s,1,0.11
QsQdTc8s,1,0.11
QsQdTh8s,1,0.11
QsQcTh8s,1,0.11
QsQcTd8s,1,0.11
QhQdTc8h,1,0.11
QhQdTs8h,1,0.11
QhQcTd8h,1,0.11
QhQcTs8h,1,0.11
QsQhTc8h,1,0.11
QsQhTd8h,1,0.11
QdQcTh8d,1,0.11
QdQcTs8d,1,0.11
QsQdTc8d,1,0.11
QsQdTh8d,1,0.11
QhQdTc8d,1,0.11
QhQdTs8d,1,0.11
QsQcTh8c,1,0.11
QsQcTd8c,1,0.11
QhQcTd8c,1,0.11
QhQcTs8c,1,0.11
QdQcTs8c,1,0.11
QdQcTh8c,1,0.11
QsQhTd9d,1,0.18
QsQhTc9c,1,0.18
QsQdTc9c,1,0.18
QsQdTh9h,1,0.18
QsQcTh9h,1,0.18
QsQcTd9d,1,0.18
QhQdTc9c,1,0.18
QhQdTs9s,1,0.18
QhQcTd9d,1,0.18
QhQcTs9s,1,0.18
QdQcTh9h,1,0.18
QdQcTs9s,1,0.18
QsQhTd8d,1,0.06
QsQhTc8c,1,0.06
QsQdTc8c,1,0.06
QsQdTh8h,1,0.06
QsQcTh8h,1,0.06
QsQcTd8d,1,0.06
QhQdTc8c,1,0.06
QhQdTs8s,1,0.06
QhQcTd8d,1,0.06
QhQcTs8s,1,0.06
QdQcTh8h,1,0.06
QdQcTs8s,1,0.06
QsQhTdTc,1,0.49
QsQdThTc,1,0.49
QsQcThTd,1,0.49
QhQdTsTc,1,0.49
QhQcTsTd,1,0.49
QdQcTsTh,1,0.49
QsQh9d8s,1,0.06
QsQh9c8s,1,0.06
QsQd9c8s,1,0.06
QsQd9h8s,1,0.06
QsQc9h8s,1,0.06
QsQc9d8s,1,0.06
QhQd9c8h,1,0.06
QhQd9s8h,1,0.06
QhQc9d8h,1,0.06
QhQc9s8h,1,0.06
QsQh9c8h,1,0.06
QsQh9d8h,1,0.06
QdQc9h8d,1,0.06
QdQc9s8d,1,0.06
QsQd9c8d,1,0.06
QsQd9h8d,1,0.06
QhQd9c8d,1,0.06
QhQd9s8d,1,0.06
QsQc9h8c,1,0.06
QsQc9d8c,1,0.06
QhQc9d8c,1,0.06
QhQc9s8c,1,0.06
QdQc9s8c,1,0.06
QdQc9h8c,1,0.06
QsQh9d8d,1,0.01
QsQh9c8c,1,0.01
QsQd9c8c,1,0.01
QsQd9h8h,1,0.01
QsQc9h8h,1,0.01
QsQc9d8d,1,0.01
QhQd9c8c,1,0.01
QhQd9s8s,1,0.01
QhQc9d8d,1,0.01
QhQc9s8s,1,0.01
QdQc9h8h,1,0.01
QdQc9s8s,1,0.01
QsQh9d9c,1,0.26
QsQd9h9c,1,0.26
QsQc9h9d,1,0.26
QhQd9s9c,1,0.26
QhQc9s9d,1,0.26
QdQc9s9h,1,0.26
QsQh8d8c,1,0.09
QsQd8h8c,1,0.09
QsQc8h8d,1,0.09
QhQd8s8c,1,0.09
QhQc8s8d,1,0.09
QdQc8s8h,1,0.09
QsJhTs9s,1,0.12
QsJdTs9s,1,0.12
QsJcTs9s,1,0.12
QhJdTh9h,1,0.12
QhJcTh9h,1,0.12
QhJsTh9h,1,0.12
QdJcTd9d,1,0.12
QdJsTd9d,1,0.12
QdJhTd9d,1,0.12
QcJsTc9c,1,0.12
QcJhTc9c,1,0.12
QcJdTc9c,1,0.12
QsJhTs8s,1,0.04
QsJdTs8s,1,0.04
QsJcTs8s,1,0.04
QhJdTh8h,1,0.04
QhJcTh8h,1,0.04
QhJsTh8h,1,0.04
QdJcTd8d,1,0.04
QdJsTd8d,1,0.04
QdJhTd8d,1,0.04
QcJsTc8c,1,0.04
QcJhTc8c,1,0.04
QcJdTc8c,1,0.04
QsJhTsTh,1,0.69
QsJdTsTd,1,0.69
QsJcTsTc,1,0.69
QhJdThTd,1,0.69
QhJcThTc,1,0.69
QhJsTsTh,1,0.69
QdJcTdTc,1,0.69
QdJsTsTd,1,0.69
QdJhThTd,1,0.69
QcJsTsTc,1,0.69
QcJhThTc,1,0.69
QcJdTdTc,1,0.69
QsJhTs9h,1,0.73
QsJdTs9d,1,0.73
QsJcTs9c,1,0.73
QhJdTh9d,1,0.73
QhJcTh9c,1,0.73
QhJsTh9s,1,0.73
QdJcTd9c,1,0.73
QdJsTd9s,1,0.73
QdJhTd9h,1,0.73
QcJsTc9s,1,0.73
QcJhTc9h,1,0.73
QcJdTc9d,1,0.73
QsJhTs8h,1,0.62
QsJdTs8d,1,0.62
QsJcTs8c,1,0.62
QhJdTh8d,1,0.62
QhJcTh8c,1,0.62
QhJsTh8s,1,0.62
QdJcTd8c,1,0.62
QdJsTd8s,1,0.62
QdJhTd8h,1,0.62
QcJsTc8s,1,0.62
QcJhTc8h,1,0.62
QcJdTc8d,1,0.62
QsJhTs7h,1,0.23
QsJdTs7d,1,0.23
QsJcTs7c,1,0.23
QhJdTh7d,1,0.23
QhJcTh7c,1,0.23
QhJsTh7s,1,0.23
QdJcTd7c,1,0.23
QdJsTd7s,1,0.23
QdJhTd7h,1,0.23
QcJsTc7s,1,0.23
QcJhTc7h,1,0.23
QcJdTc7d,1,0.23
QsJhTs6h,1,0.08
QsJdTs6d,1,0.08
QsJcTs6c,1,0.08
QhJdTh6d,1,0.08
QhJcTh6c,1,0.08
QhJsTh6s,1,0.08
QdJcTd6c,1,0.08
QdJsTd6s,1,0.08
QdJhTd6h,1,0.08
QcJsTc6s,1,0.08
QcJhTc6h,1,0.08
QcJdTc6d,1,0.08
QsJhTs5h,1,0.1
QsJdTs5d,1,0.1
QsJcTs5c,1,0.1
QhJdTh5d,1,0.1
QhJcTh5c,1,0.1
QhJsTh5s,1,0.1
QdJcTd5c,1,0.1
QdJsTd5s,1,0.1
QdJhTd5h,1,0.1
QcJsTc5s,1,0.1
QcJhTc5h,1,0.1
QcJdTc5d,1,0.1
QsJhTs4h,1,0.13
QsJdTs4d,1,0.13
QsJcTs4c,1,0.13
QhJdTh4d,1,0.13
QhJcTh4c,1,0.13
QhJsTh4s,1,0.13
QdJcTd4c,1,0.13
QdJsTd4s,1,0.13
QdJhTd4h,1,0.13
QcJsTc4s,1,0.13
QcJhTc4h,1,0.13
QcJdTc4d,1,0.13
QsJhTs3h,1,0.16
QsJdTs3d,1,0.16
QsJcTs3c,1,0.16
QhJdTh3d,1,0.16
QhJcTh3c,1,0.16
QhJsTh3s,1,0.16
QdJcTd3c,1,0.16
QdJsTd3s,1,0.16
QdJhTd3h,1,0.16
QcJsTc3s,1,0.16
QcJhTc3h,1,0.16
QcJdTc3d,1,0.16
QsJhTs2h,1,0.2
QsJdTs2d,1,0.2
QsJcTs2c,1,0.2
QhJdTh2d,1,0.2
QhJcTh2c,1,0.2
QhJsTh2s,1,0.2
QdJcTd2c,1,0.2
QdJsTd2s,1,0.2
QdJhTd2h,1,0.2
QcJsTc2s,1,0.2
QcJhTc2h,1,0.2
QcJdTc2d,1,0.2
QsJhTsTd,1,0.28
QsJhTsTc,1,0.28
QsJdTsTc,1,0.28
QsJdTsTh,1,0.28
QsJcTsTh,1,0.28
QsJcTsTd,1,0.28
QhJdThTc,1,0.28
QhJdTsTh,1,0.28
QhJcThTd,1,0.28
QhJcTsTh,1,0.28
QhJsThTc,1,0.28
QhJsThTd,1,0.28
QdJcThTd,1,0.28
QdJcTsTd,1,0.28
QdJsTdTc,1,0.28
QdJsThTd,1,0.28
QdJhTdTc,1,0.28
QdJhTsTd,1,0.28
QcJsThTc,1,0.28
QcJsTdTc,1,0.28
QcJhTdTc,1,0.28
QcJhTsTc,1,0.28
QcJdTsTc,1,0.28
QcJdThTc,1,0.28
QsJhTs9d,1,0.29
QsJhTs9c,1,0.29
QsJdTs9c,1,0.29
QsJdTs9h,1,0.29
QsJcTs9h,1,0.29
QsJcTs9d,1,0.29
QhJdTh9c,1,0.29
QhJdTh9s,1,0.29
QhJcTh9d,1,0.29
QhJcTh9s,1,0.29
QhJsTh9c,1,0.29
QhJsTh9d,1,0.29
QdJcTd9h,1,0.29
QdJcTd9s,1,0.29
QdJsTd9c,1,0.29
QdJsTd9h,1,0.29
QdJhTd9c,1,0.29
QdJhTd9s,1,0.29
QcJsTc9h,1,0.29
QcJsTc9d,1,0.29
QcJhTc9d,1,0.29
QcJhTc9s,1,0.29
QcJdTc9s,1,0.29
QcJdTc9h,1,0.29
QsJhTs8d,1,0.2
QsJhTs8c,1,0.2
QsJdTs8c,1,0.2
QsJdTs8h,1,0.2
QsJcTs8h,1,0.2
QsJcTs8d,1,0.2
QhJdTh8c,1,0.2
QhJdTh8s,1,0.2
QhJcTh8d,1,0.2
QhJcTh8s,1,0.2
QhJsTh8c,1,0.2
QhJsTh8d,1,0.2
QdJcTd8h,1,0.2
QdJcTd8s,1,0.2
QdJsTd8c,1,0.2
QdJsTd8h,1,0.2
QdJhTd8c,1,0.2
QdJhTd8s,1,0.2
QcJsTc8h,1,0.2
QcJsTc8d,1,0.2
QcJhTc8d,1,0.2
QcJhTc8s,1,0.2
QcJdTc8s,1,0.2
QcJdTc8h,1,0.2
QsJh9s9h,1,0.21
QsJd9s9d,1,0.21
QsJc9s9c,1,0.21
QhJd9h9d,1,0.21
QhJc9h9c,1,0.21
QhJs9s9h,1,0.21
QdJc9d9c,1,0.21
QdJs9s9d,1,0.21
QdJh9h9d,1,0.21
QcJs9s9c,1,0.21
QcJh9h9c,1,0.21
QcJd9d9c,1,0.21
QsJh9s8h,1,0.42
QsJd9s8d,1,0.42
QsJc9s8c,1,0.42
QhJd9h8d,1,0.42
QhJc9h8c,1,0.42
QhJs9h8s,1,0.42
QdJc9d8c,1,0.42
QdJs9d8s,1,0.42
QdJh9d8h,1,0.42
QcJs9c8s,1,0.42
QcJh9c8h,1,0.42
QcJd9c8d,1,0.42
QsJh9s7h,1,0.06
QsJd9s7d,1,0.06
QsJc9s7c,1,0.06
QhJd9h7d,1,0.06
QhJc9h7c,1,0.06
QhJs9h7s,1,0.06
QdJc9d7c,1,0.06
QdJs9d7s,1,0.06
QdJh9d7h,1,0.06
QcJs9c7s,1,0.06
QcJh9c7h,1,0.06
QcJd9c7d,1,0.06
QsJh9s8d,1,0.01
QsJh9s8c,1,0.01
QsJd9s8c,1,0.01
QsJd9s8h,1,0.01
QsJc9s8h,1,0.01
QsJc9s8d,1,0.01
QhJd9h8c,1,0.01
QhJd9h8s,1,0.01
QhJc9h8d,1,0.01
QhJc9h8s,1,0.01
QhJs9h8c,1,0.01
QhJs9h8d,1,0.01
QdJc9d8h,1,0.01
QdJc9d8s,1,0.01
QdJs9d8c,1,0.01
QdJs9d8h,1,0.01
QdJh9d8c,1,0.01
QdJh9d8s,1,0.01
QcJs9c8h,1,0.01
QcJs9c8d,1,0.01
QcJh9c8d,1,0.01
QcJh9c8s,1,0.01
QcJd9c8s,1,0.01
QcJd9c8h,1,0.01
QsJh8s8h,1,0.05
QsJd8s8d,1,0.05
QsJc8s8c,1,0.05
QhJd8h8d,1,0.05
QhJc8h8c,1,0.05
QhJs8s8h,1,0.05
QdJc8d8c,1,0.05
QdJs8s8d,1,0.05
QdJh8h8d,1,0.05
QcJs8s8c,1,0.05
QcJh8h8c,1,0.05
QcJd8d8c,1,0.05
QsJh8s7h,1,0.05
QsJd8s7d,1,0.05
QsJc8s7c,1,0.05
QhJd8h7d,1,0.05
QhJc8h7c,1,0.05
QhJs8h7s,1,0.05
QdJc8d7c,1,0.05
QdJs8d7s,1,0.05
QdJh8d7h,1,0.05
QcJs8c7s,1,0.05
QcJh8c7h,1,0.05
QcJd8c7d,1,0.05
QsJhTh9s,1,0.73
QsJdTd9s,1,0.73
QsJcTc9s,1,0.73
QhJdTd9h,1,0.73
QhJcTc9h,1,0.73
QhJsTs9h,1,0.73
QdJcTc9d,1,0.73
QdJsTs9d,1,0.73
QdJhTh9d,1,0.73
QcJsTs9c,1,0.73
QcJhTh9c,1,0.73
QcJdTd9c,1,0.73
QsJhTh8s,1,0.62
QsJdTd8s,1,0.62
QsJcTc8s,1,0.62
QhJdTd8h,1,0.62
QhJcTc8h,1,0.62
QhJsTs8h,1,0.62
QdJcTc8d,1,0.62
QdJsTs8d,1,0.62
QdJhTh8d,1,0.62
QcJsTs8c,1,0.62
QcJhTh8c,1,0.62
QcJdTd8c,1,0.62
QsJhTh7s,1,0.24
QsJdTd7s,1,0.24
QsJcTc7s,1,0.24
QhJdTd7h,1,0.24
QhJcTc7h,1,0.24
QhJsTs7h,1,0.24
QdJcTc7d,1,0.24
QdJsTs7d,1,0.24
QdJhTh7d,1,0.24
QcJsTs7c,1,0.24
QcJhTh7c,1,0.24
QcJdTd7c,1,0.24
QsJhTh6s,1,0.1
QsJdTd6s,1,0.1
QsJcTc6s,1,0.1
QhJdTd6h,1,0.1
QhJcTc6h,1,0.1
QhJsTs6h,1,0.1
QdJcTc6d,1,0.1
QdJsTs6d,1,0.1
QdJhTh6d,1,0.1
QcJsTs6c,1,0.1
QcJhTh6c,1,0.1
QcJdTd6c,1,0.1
QsJhTh5s,1,0.12
QsJdTd5s,1,0.12
QsJcTc5s,1,0.12
QhJdTd5h,1,0.12
QhJcTc5h,1,0.12
QhJsTs5h,1,0.12
QdJcTc5d,1,0.12
QdJsTs5d,1,0.12
QdJhTh5d,1,0.12
QcJsTs5c,1,0.12
QcJhTh5c,1,0.12
QcJdTd5c,1,0.12
QsJhTh4s,1,0.15
QsJdTd4s,1,0.15
QsJcTc4s,1,0.15
QhJdTd4h,1,0.15
QhJcTc4h,1,0.15
QhJsTs4h,1,0.15
QdJcTc4d,1,0.15
QdJsTs4d,1,0.15
QdJhTh4d,1,0.15
QcJsTs4c,1,0.15
QcJhTh4c,1,0.15
QcJdTd4c,1,0.15
QsJhTh3s,1,0.18
QsJdTd3s,1,0.18
QsJcTc3s,1,0.18
QhJdTd3h,1,0.18
QhJcTc3h,1,0.18
QhJsTs3h,1,0.18
QdJcTc3d,1,0.18
QdJsTs3d,1,0.18
QdJhTh3d,1,0.18
QcJsTs3c,1,0.18
QcJhTh3c,1,0.18
QcJdTd3c,1,0.18
QsJhTh2s,1,0.22
QsJdTd2s,1,0.22
QsJcTc2s,1,0.22
QhJdTd2h,1,0.22
QhJcTc2h,1,0.22
QhJsTs2h,1,0.22
QdJcTc2d,1,0.22
QdJsTs2d,1,0.22
QdJhTh2d,1,0.22
QcJsTs2c,1,0.22
QcJhTh2c,1,0.22
QcJdTd2c,1,0.22
QsJhTh9h,1,0.09
QsJdTd9d,1,0.09
QsJcTc9c,1,0.09
QhJdTd9d,1,0.09
QhJcTc9c,1,0.09
QhJsTs9s,1,0.09
QdJcTc9c,1,0.09
QdJsTs9s,1,0.09
QdJhTh9h,1,0.09
QcJsTs9s,1,0.09
QcJhTh9h,1,0.09
QcJdTd9d,1,0.09
QsJhTh8h,1,0.01
QsJdTd8d,1,0.01
QsJcTc8c,1,0.01
QhJdTd8d,1,0.01
QhJcTc8c,1,0.01
QhJsTs8s,1,0.01
QdJcTc8c,1,0.01
QdJsTs8s,1,0.01
QdJhTh8h,1,0.01
QcJsTs8s,1,0.01
QcJhTh8h,1,0.01
QcJdTd8d,1,0.01
QsJhThTd,1,0.26
QsJhThTc,1,0.26
QsJdTdTc,1,0.26
QsJdThTd,1,0.26
QsJcThTc,1,0.26
QsJcTdTc,1,0.26
QhJdTdTc,1,0.26
QhJdTsTd,1,0.26
QhJcTdTc,1,0.26
QhJcTsTc,1,0.26
QhJsTsTc,1,0.26
QhJsTsTd,1,0.26
QdJcThTc,1,0.26
QdJcTsTc,1,0.26
QdJsTsTc,1,0.26
QdJsTsTh,1,0.26
QdJhThTc,1,0.26
QdJhTsTh,1,0.26
QcJsTsTh,1,0.26
QcJsTsTd,1,0.26
QcJhThTd,1,0.26
QcJhTsTh,1,0.26
QcJdTsTd,1,0.26
QcJdThTd,1,0.26
QsJhTh9d,1,0.26
QsJhTh9c,1,0.26
QsJdTd9c,1,0.26
QsJdTd9h,1,0.26
QsJcTc9h,1,0.26
QsJcTc9d,1,0.26
QhJdTd9c,1,0.26
QhJdTd9s,1,0.26
QhJcTc9d,1,0.26
QhJcTc9s,1,0.26
QhJsTs9c,1,0.26
QhJsTs9d,1,0.26
QdJcTc9h,1,0.26
QdJcTc9s,1,0.26
QdJsTs9c,1,0.26
QdJsTs9h,1,0.26
QdJhTh9c,1,0.26
QdJhTh9s,1,0.26
QcJsTs9h,1,0.26
QcJsTs9d,1,0.26
QcJhTh9d,1,0.26
QcJhTh9s,1,0.26
QcJdTd9s,1,0.26
QcJdTd9h,1,0.26
QsJhTh8d,1,0.16
QsJhTh8c,1,0.16
QsJdTd8c,1,0.16
QsJdTd8h,1,0.16
QsJcTc8h,1,0.16
QsJcTc8d,1,0.16
QhJdTd8c,1,0.16
QhJdTd8s,1,0.16
QhJcTc8d,1,0.16
QhJcTc8s,1,0.16
QhJsTs8c,1,0.16
QhJsTs8d,1,0.16
QdJcTc8h,1,0.16
QdJcTc8s,1,0.16
QdJsTs8c,1,0.16
QdJsTs8h,1,0.16
QdJhTh8c,1,0.16
QdJhTh8s,1,0.16
QcJsTs8h,1,0.16
QcJsTs8d,1,0.16
QcJhTh8d,1,0.16
QcJhTh8s,1,0.16
QcJdTd8s,1,0.16
QcJdTd8h,1,0.16
QsJh9h8s,1,0.42
QsJd9d8s,1,0.42
QsJc9c8s,1,0.42
QhJd9d8h,1,0.42
QhJc9c8h,1,0.42
QhJs9s8h,1,0.42
QdJc9c8d,1,0.42
QdJs9s8d,1,0.42
QdJh9h8d,1,0.42
QcJs9s8c,1,0.42
QcJh9h8c,1,0.42
QcJd9d8c,1,0.42
QsJh9h7s,1,0.06
QsJd9d7s,1,0.06
QsJc9c7s,1,0.06
QhJd9d7h,1,0.06
QhJc9c7h,1,0.06
QhJs9s7h,1,0.06
QdJc9c7d,1,0.06
QdJs9s7d,1,0.06
QdJh9h7d,1,0.06
QcJs9s7c,1,0.06
QcJh9h7c,1,0.06
QcJd9d7c,1,0.06
QsJh8h7s,1,0.04
QsJd8d7s,1,0.04
QsJc8c7s,1,0.04
QhJd8d7h,1,0.04
QhJc8c7h,1,0.04
QhJs8s7h,1,0.04
QdJc8c7d,1,0.04
QdJs8s7d,1,0.04
QdJh8h7d,1,0.04
QcJs8s7c,1,0.04
QcJh8h7c,1,0.04
QcJd8d7c,1,0.04
QsJhJdTs,1,0.3
QsJhJcTs,1,0.3
QsJdJcTs,1,0.3
QhJdJcTh,1,0.3
QhJsJdTh,1,0.3
QhJsJcTh,1,0.3
QdJhJcTd,1,0.3
QdJsJcTd,1,0.3
QdJsJhTd,1,0.3
QcJsJhTc,1,0.3
QcJsJdTc,1,0.3
QcJhJdTc,1,0.3
QsJhJd9s,1,0.05
QsJhJc9s,1,0.05
QsJdJc9s,1,0.05
QhJdJc9h,1,0.05
QhJsJd9h,1,0.05
QhJsJc9h,1,0.05
QdJhJc9d,1,0.05
QdJsJc9d,1,0.05
QdJsJh9d,1,0.05
QcJsJh9c,1,0.05
QcJsJd9c,1,0.05
QcJhJd9c,1,0.05
QsJhJdTh,1,0.29
QsJhJcTh,1,0.29
QsJdJcTd,1,0.29
QsJhJdTd,1,0.29
QsJhJcTc,1,0.29
QsJdJcTc,1,0.29
QhJdJcTd,1,0.29
QhJsJdTd,1,0.29
QhJdJcTc,1,0.29
QhJsJcTc,1,0.29
QhJsJcTs,1,0.29
QhJsJdTs,1,0.29
QdJhJcTc,1,0.29
QdJsJcTc,1,0.29
QdJsJcTs,1,0.29
QdJsJhTs,1,0.29
QdJhJcTh,1,0.29
QdJsJhTh,1,0.29
QcJsJhTs,1,0.29
QcJsJdTs,1,0.29
QcJhJdTh,1,0.29
QcJsJhTh,1,0.29
QcJsJdTd,1,0.29
QcJhJdTd,1,0.29
QsJhJd9h,1,0.03
QsJhJc9h,1,0.03
QsJdJc9d,1,0.03
QsJhJd9d,1,0.03
QsJhJc9c,1,0.03
QsJdJc9c,1,0.03
QhJdJc9d,1,0.03
QhJsJd9d,1,0.03
QhJdJc9c,1,0.03
QhJsJc9c,1,0.03
QhJsJc9s,1,0.03
QhJsJd9s,1,0.03
QdJhJc9c,1,0.03
QdJsJc9c,1,0.03
QdJsJc9s,1,0.03
QdJsJh9s,1,0.03
QdJhJc9h,1,0.03
QdJsJh9h,1,0.03
QcJsJh9s,1,0.03
QcJsJd9s,1,0.03
QcJhJd9h,1,0.03
QcJsJh9h,1,0.03
QcJsJd9d,1,0.03
QcJhJd9d,1,0.03
QsJhTd9s,1,0.28
QsJhTc9s,1,0.28
QsJdTc9s,1,0.28
QsJdTh9s,1,0.28
QsJcTh9s,1,0.28
QsJcTd9s,1,0.28
QhJdTc9h,1,0.28
QhJdTs9h,1,0.28
QhJcTd9h,1,0.28
QhJcTs9h,1,0.28
QhJsTc9h,1,0.28
QhJsTd9h,1,0.28
QdJcTh9d,1,0.28
QdJcTs9d,1,0.28
QdJsTc9d,1,0.28
QdJsTh9d,1,0.28
QdJhTc9d,1,0.28
QdJhTs9d,1,0.28
QcJsTh9c,1,0.28
QcJsTd9c,1,0.28
QcJhTd9c,1,0.28
QcJhTs9c,1,0.28
QcJdTs9c,1,0.28
QcJdTh9c,1,0.28
QsJhTd8s,1,0.18
QsJhTc8s,1,0.18
QsJdTc8s,1,0.18
QsJdTh8s,1,0.18
QsJcTh8s,1,0.18
QsJcTd8s,1,0.18
QhJdTc8h,1,0.18
QhJdTs8h,1,0.18
QhJcTd8h,1,0.18
QhJcTs8h,1,0.18
QhJsTc8h,1,0.18
QhJsTd8h,1,0.18
QdJcTh8d,1,0.18
QdJcTs8d,1,0.18
QdJsTc8d,1,0.18
QdJsTh8d,1,0.18
QdJhTc8d,1,0.18
QdJhTs8d,1,0.18
QcJsTh8c,1,0.18
QcJsTd8c,1,0.18
QcJhTd8c,1,0.18
QcJhTs8c,1,0.18
QcJdTs8c,1,0.18
QcJdTh8c,1,0.18
QsJhTd9h,1,0.25
QsJhTc9h,1,0.25
QsJdTc9d,1,0.25
QsJdTh9d,1,0.25
QsJcTh9c,1,0.25
QsJcTd9c,1,0.25
QhJdTc9d,1,0.25
QhJdTs9d,1,0.25
QhJcTd9c,1,0.25
QhJcTs9c,1,0.25
QhJsTc9s,1,0.25
QhJsTd9s,1,0.25
QdJcTh9c,1,0.25
QdJcTs9c,1,0.25
QdJsTc9s,1,0.25
QdJsTh9s,1,0.25
QdJhTc9h,1,0.25
QdJhTs9h,1,0.25
QcJsTh9s,1,0.25
QcJsTd9s,1,0.25
QcJhTd9h,1,0.25
QcJhTs9h,1,0.25
QcJdTs9d,1,0.25
QcJdTh9d,1,0.25
QsJhTd8h,1,0.14
QsJhTc8h,1,0.14
QsJdTc8d,1,0.14
QsJdTh8d,1,0.14
QsJcTh8c,1,0.14
QsJcTd8c,1,0.14
QhJdTc8d,1,0.14
QhJdTs8d,1,0.14
QhJcTd8c,1,0.14
QhJcTs8c,1,0.14
QhJsTc8s,1,0.14
QhJsTd8s,1,0.14
QdJcTh8c,1,0.14
QdJcTs8c,1,0.14
QdJsTc8s,1,0.14
QdJsTh8s,1,0.14
QdJhTc8h,1,0.14
QdJhTs8h,1,0.14
QcJsTh8s,1,0.14
QcJsTd8s,1,0.14
QcJhTd8h,1,0.14
QcJhTs8h,1,0.14
QcJdTs8d,1,0.14
QcJdTh8d,1,0.14
QsJhTd9d,1,0.23
QsJhTc9c,1,0.23
QsJdTc9c,1,0.23
QsJdTh9h,1,0.23
QsJcTh9h,1,0.23
QsJcTd9d,1,0.23
QhJdTc9c,1,0.23
QhJdTs9s,1,0.23
QhJcTd9d,1,0.23
QhJcTs9s,1,0.23
QhJsTc9c,1,0.23
QhJsTd9d,1,0.23
QdJcTh9h,1,0.23
QdJcTs9s,1,0.23
QdJsTc9c,1,0.23
QdJsTh9h,1,0.23
QdJhTc9c,1,0.23
QdJhTs9s,1,0.23
QcJsTh9h,1,0.23
QcJsTd9d,1,0.23
QcJhTd9d,1,0.23
QcJhTs9s,1,0.23
QcJdTs9s,1,0.23
QcJdTh9h,1,0.23
QsJhTd8d,1,0.12
QsJhTc8c,1,0.12
QsJdTc8c,1,0.12
QsJdTh8h,1,0.12
QsJcTh8h,1,0.12
QsJcTd8d,1,0.12
QhJdTc8c,1,0.12
QhJdTs8s,1,0.12
QhJcTd8d,1,0.12
QhJcTs8s,1,0.12
QhJsTc8c,1,0.12
QhJsTd8d,1,0.12
QdJcTh8h,1,0.12
QdJcTs8s,1,0.12
QdJsTc8c,1,0.12
QdJsTh8h,1,0.12
QdJhTc8c,1,0.12
QdJhTs8s,1,0.12
QcJsTh8h,1,0.12
QcJsTd8d,1,0.12
QcJhTd8d,1,0.12
QcJhTs8s,1,0.12
QcJdTs8s,1,0.12
QcJdTh8h,1,0.12
QsTh9s8s,1,0.02
QsTd9s8s,1,0.02
QsTc9s8s,1,0.02
QhTd9h8h,1,0.02
QhTc9h8h,1,0.02
QhTs9h8h,1,0.02
QdTc9d8d,1,0.02
QdTs9d8d,1,0.02
QdTh9d8d,1,0.02
QcTs9c8c,1,0.02
QcTh9c8c,1,0.02
QcTd9c8c,1,0.02
QsTh9s9h,1,0.43
QsTd9s9d,1,0.43
QsTc9s9c,1,0.43
QhTd9h9d,1,0.43
QhTc9h9c,1,0.43
QhTs9s9h,1,0.43
QdTc9d9c,1,0.43
QdTs9s9d,1,0.43
QdTh9h9d,1,0.43
QcTs9s9c,1,0.43
QcTh9h9c,1,0.43
QcTd9d9c,1,0.43
QsTh9s8h,1,0.64
QsTd9s8d,1,0.64
QsTc9s8c,1,0.64
QhTd9h8d,1,0.64
QhTc9h8c,1,0.64
QhTs9h8s,1,0.64
QdTc9d8c,1,0.64
QdTs9d8s,1,0.64
QdTh9d8h,1,0.64
QcTs9c8s,1,0.64
QcTh9c8h,1,0.64
QcTd9c8d,1,0.64
QsTh9s7h,1,0.27
QsTd9s7d,1,0.27
QsTc9s7c,1,0.27
QhTd9h7d,1,0.27
QhTc9h7c,1,0.27
QhTs9h7s,1,0.27
QdTc9d7c,1,0.27
QdTs9d7s,1,0.27
QdTh9d7h,1,0.27
QcTs9c7s,1,0.27
QcTh9c7h,1,0.27
QcTd9c7d,1,0.27
QsTh9s6h,1,0.16
QsTd9s6d,1,0.16
QsTc9s6c,1,0.16
QhTd9h6d,1,0.16
QhTc9h6c,1,0.16
QhTs9h6s,1,0.16
QdTc9d6c,1,0.16
QdTs9d6s,1,0.16
QdTh9d6h,1,0.16
QcTs9c6s,1,0.16
QcTh9c6h,1,0.16
QcTd9c6d,1,0.16
QsTh9s9d,1,0.07
QsTh9s9c,1,0.07
QsTd9s9c,1,0.07
QsTd9s9h,1,0.07
QsTc9s9h,1,0.07
QsTc9s9d,1,0.07
QhTd9h9c,1,0.07
QhTd9s9h,1,0.07
QhTc9h9d,1,0.07
QhTc9s9h,1,0.07
QhTs9h9c,1,0.07
QhTs9h9d,1,0.07
QdTc9h9d,1,0.07
QdTc9s9d,1,0.07
QdTs9d9c,1,0.07
QdTs9h9d,1,0.07
QdTh9d9c,1,0.07
QdTh9s9d,1,0.07
QcTs9h9c,1,0.07
QcTs9d9c,1,0.07
QcTh9d9c,1,0.07
QcTh9s9c,1,0.07
QcTd9s9c,1,0.07
QcTd9h9c,1,0.07
QsTh9s8d,1,0.18
QsTh9s8c,1,0.18
QsTd9s8c,1,0.18
QsTd9s8h,1,0.18
QsTc9s8h,1,0.18
QsTc9s8d,1,0.18
QhTd9h8c,1,0.18
QhTd9h8s,1,0.18
QhTc9h8d,1,0.18
QhTc9h8s,1,0.18
QhTs9h8c,1,0.18
QhTs9h8d,1,0.18
QdTc9d8h,1,0.18
QdTc9d8s,1,0.18
QdTs9d8c,1,0.18
QdTs9d8h,1,0.18
QdTh9d8c,1,0.18
QdTh9d8s,1,0.18
QcTs9c8h,1,0.18
QcTs9c8d,1,0.18
QcTh9c8d,1,0.18
QcTh9c8s,1,0.18
QcTd9c8s,1,0.18
QcTd9c8h,1,0.18
QsTh8s8h,1,0.24
QsTd8s8d,1,0.24
QsTc8s8c,1,0.24
QhTd8h8d,1,0.24
QhTc8h8c,1,0.24
QhTs8s8h,1,0.24
QdTc8d8c,1,0.24
QdTs8s8d,1,0.24
QdTh8h8d,1,0.24
QcTs8s8c,1,0.24
QcTh8h8c,1,0.24
QcTd8d8c,1,0.24
QsTh8s7h,1,0.29
QsTd8s7d,1,0.29
QsTc8s7c,1,0.29
QhTd8h7d,1,0.29
QhTc8h7c,1,0.29
QhTs8h7s,1,0.29
QdTc8d7c,1,0.29
QdTs8d7s,1,0.29
QdTh8d7h,1,0.29
QcTs8c7s,1,0.29
QcTh8c7h,1,0.29
QcTd8c7d,1,0.29
QsTh8s6h,1,0.2
QsTd8s6d,1,0.2
QsTc8s6c,1,0.2
QhTd8h6d,1,0.2
QhTc8h6c,1,0.2
QhTs8h6s,1,0.2
QdTc8d6c,1,0.2
QdTs8d6s,1,0.2
QdTh8d6h,1,0.2
QcTs8c6s,1,0.2
QcTh8c6h,1,0.2
QcTd8c6d,1,0.2
QsTh7s6h,1,0.05
QsTd7s6d,1,0.05
QsTc7s6c,1,0.05
QhTd7h6d,1,0.05
QhTc7h6c,1,0.05
QhTs7h6s,1,0.05
QdTc7d6c,1,0.05
QdTs7d6s,1,0.05
QdTh7d6h,1,0.05
QcTs7c6s,1,0.05
QcTh7c6h,1,0.05
QcTd7c6d,1,0.05
QsTh9h8s,1,0.64
QsTd9d8s,1,0.64
QsTc9c8s,1,0.64
QhTd9d8h,1,0.64
QhTc9c8h,1,0.64
QhTs9s8h,1,0.64
QdTc9c8d,1,0.64
QdTs9s8d,1,0.64
QdTh9h8d,1,0.64
QcTs9s8c,1,0.64
QcTh9h8c,1,0.64
QcTd9d8c,1,0.64
QsTh9h7s,1,0.28
QsTd9d7s,1,0.28
QsTc9c7s,1,0.28
QhTd9d7h,1,0.28
QhTc9c7h,1,0.28
QhTs9s7h,1,0.28
QdTc9c7d,1,0.28
QdTs9s7d,1,0.28
QdTh9h7d,1,0.28
QcTs9s7c,1,0.28
QcTh9h7c,1,0.28
QcTd9d7c,1,0.28
QsTh9h6s,1,0.19
QsTd9d6s,1,0.19
QsTc9c6s,1,0.19
QhTd9d6h,1,0.19
QhTc9c6h,1,0.19
QhTs9s6h,1,0.19
QdTc9c6d,1,0.19
QdTs9s6d,1,0.19
QdTh9h6d,1,0.19
QcTs9s6c,1,0.19
QcTh9h6c,1,0.19
QcTd9d6c,1,0.19
QsTh9h9d,1,0.01
QsTh9h9c,1,0.01
QsTd9d9c,1,0.01
QsTd9h9d,1,0.01
QsTc9h9c,1,0.01
QsTc9d9c,1,0.01
QhTd9d9c,1,0.01
QhTd9s9d,1,0.01
QhTc9d9c,1,0.01
QhTc9s9c,1,0.01
QhTs9s9c,1,0.01
QhTs9s9d,1,0.01
QdTc9h9c,1,0.01
QdTc9s9c,1,0.01
QdTs9s9c,1,0.01
QdTs9s9h,1,0.01
QdTh9h9c,1,0.01
QdTh9s9h,1,0.01
QcTs9s9h,1,0.01
QcTs9s9d,1,0.01
QcTh9h9d,1,0.01
QcTh9s9h,1,0.01
QcTd9s9d,1,0.01
QcTd9h9d,1,0.01
QsTh9h8d,1,0.12
QsTh9h8c,1,0.12
QsTd9d8c,1,0.12
QsTd9d8h,1,0.12
QsTc9c8h,1,0.12
QsTc9c8d,1,0.12
QhTd9d8c,1,0.12
QhTd9d8s,1,0.12
QhTc9c8d,1,0.12
QhTc9c8s,1,0.12
QhTs9s8c,1,0.12
QhTs9s8d,1,0.12
QdTc9c8h,1,0.12
QdTc9c8s,1,0.12
QdTs9s8c,1,0.12
QdTs9s8h,1,0.12
QdTh9h8c,1,0.12
QdTh9h8s,1,0.12
QcTs9s8h,1,0.12
QcTs9s8d,1,0.12
QcTh9h8d,1,0.12
QcTh9h8s,1,0.12
QcTd9d8s,1,0.12
QcTd9d8h,1,0.12
QsTh8h7s,1,0.29
QsTd8d7s,1,0.29
QsTc8c7s,1,0.29
QhTd8d7h,1,0.29
QhTc8c7h,1,0.29
QhTs8s7h,1,0.29
QdTc8c7d,1,0.29
QdTs8s7d,1,0.29
QdTh8h7d,1,0.29
QcTs8s7c,1,0.29
QcTh8h7c,1,0.29
QcTd8d7c,1,0.29
QsTh8h6s,1,0.22
QsTd8d6s,1,0.22
QsTc8c6s,1,0.22
QhTd8d6h,1,0.22
QhTc8c6h,1,0.22
QhTs8s6h,1,0.22
QdTc8c6d,1,0.22
QdTs8s6d,1,0.22
QdTh8h6d,1,0.22
QcTs8s6c,1,0.22
QcTh8h6c,1,0.22
QcTd8d6c,1,0.22
QsTh7h6s,1,0.06
QsTd7d6s,1,0.06
QsTc7c6s,1,0.06
QhTd7d6h,1,0.06
QhTc7c6h,1,0.06
QhTs7s6h,1,0.06
QdTc7c6d,1,0.06
QdTs7s6d,1,0.06
QdTh7h6d,1,0.06
QcTs7s6c,1,0.06
QcTh7h6c,1,0.06
QcTd7d6c,1,0.06
QsThTd9s,1,0.12
QsThTc9s,1,0.12
QsTdTc9s,1,0.12
QhTdTc9h,1,0.12
QhTsTd9h,1,0.12
QhTsTc9h,1,0.12
QdThTc9d,1,0.12
QdTsTc9d,1,0.12
QdTsTh9d,1,0.12
QcTsTh9c,1,0.12
QcTsTd9c,1,0.12
QcThTd9c,1,0.12
QsThTd8s,1,0.01
QsThTc8s,1,0.01
QsTdTc8s,1,0.01
QhTdTc8h,1,0.01
QhTsTd8h,1,0.01
QhTsTc8h,1,0.01
QdThTc8d,1,0.01
QdTsTc8d,1,0.01
QdTsTh8d,1,0.01
QcTsTh8c,1,0.01
QcTsTd8c,1,0.01
QcThTd8c,1,0.01
QsThTd9h,1,0.09
QsThTc9h,1,0.09
QsTdTc9d,1,0.09
QsThTd9d,1,0.09
QsThTc9c,1,0.09
QsTdTc9c,1,0.09
QhTdTc9d,1,0.09
QhTsTd9d,1,0.09
QhTdTc9c,1,0.09
QhTsTc9c,1,0.09
QhTsTc9s,1,0.09
QhTsTd9s,1,0.09
QdThTc9c,1,0.09
QdTsTc9c,1,0.09
QdTsTc9s,1,0.09
QdTsTh9s,1,0.09
QdThTc9h,1,0.09
QdTsTh9h,1,0.09
QcTsTh9s,1,0.09
QcTsTd9s,1,0.09
QcThTd9h,1,0.09
QcTsTh9h,1,0.09
QcTsTd9d,1,0.09
QcThTd9d,1,0.09
QsTh9d8s,1,0.17
QsTh9c8s,1,0.17
QsTd9c8s,1,0.17
QsTd9h8s,1,0.17
QsTc9h8s,1,0.17
QsTc9d8s,1,0.17
QhTd9c8h,1,0.17
QhTd9s8h,1,0.17
QhTc9d8h,1,0.17
QhTc9s8h,1,0.17
QhTs9c8h,1,0.17
QhTs9d8h,1,0.17
QdTc9h8d,1,0.17
QdTc9s8d,1,0.17
QdTs9c8d,1,0.17
QdTs9h8d,1,0.17
QdTh9c8d,1,0.17
QdTh9s8d,1,0.17
QcTs9h8c,1,0.17
QcTs9d8c,1,0.17
QcTh9d8c,1,0.17
QcTh9s8c,1,0.17
QcTd9s8c,1,0.17
QcTd9h8c,1,0.17
QsTh9d8h,1,0.11
QsTh9c8h,1,0.11
QsTd9c8d,1,0.11
QsTd9h8d,1,0.11
QsTc9h8c,1,0.11
QsTc9d8c,1,0.11
QhTd9c8d,1,0.11
QhTd9s8d,1,0.11
QhTc9d8c,1,0.11
QhTc9s8c,1,0.11
QhTs9c8s,1,0.11
QhTs9d8s,1,0.11
QdTc9h8c,1,0.11
QdTc9s8c,1,0.11
QdTs9c8s,1,0.11
QdTs9h8s,1,0.11
QdTh9c8h,1,0.11
QdTh9s8h,1,0.11
QcTs9h8s,1,0.11
QcTs9d8s,1,0.11
QcTh9d8h,1,0.11
QcTh9s8h,1,0.11
QcTd9s8d,1,0.11
QcTd9h8d,1,0.11
QsTh9d8d,1,0.09
QsTh9c8c,1,0.09
QsTd9c8c,1,0.09
QsTd9h8h,1,0.09
QsTc9h8h,1,0.09
QsTc9d8d,1,0.09
QhTd9c8c,1,0.09
QhTd9s8s,1,0.09
QhTc9d8d,1,0.09
QhTc9s8s,1,0.09
QhTs9c8c,1,0.09
QhTs9d8d,1,0.09
QdTc9h8h,1,0.09
QdTc9s8s,1,0.09
QdTs9c8c,1,0.09
QdTs9h8h,1,0.09
QdTh9c8c,1,0.09
QdTh9s8s,1,0.09
QcTs9h8h,1,0.09
QcTs9d8d,1,0.09
QcTh9d8d,1,0.09
QcTh9s8s,1,0.09
QcTd9s8s,1,0.09
QcTd9h8h,1,0.09
Qs9h8s8h,1,0.13
Qs9d8s8d,1,0.13
Qs9c8s8c,1,0.13
Qh9d8h8d,1,0.13
Qh9c8h8c,1,0.13
Qh9s8s8h,1,0.13
Qd9c8d8c,1,0.13
Qd9s8s8d,1,0.13
Qd9h8h8d,1,0.13
Qc9s8s8c,1,0.13
Qc9h8h8c,1,0.13
Qc9d8d8c,1,0.13
Qs9h8s7h,1,0.18
Qs9d8s7d,1,0.18
Qs9c8s7c,1,0.18
Qh9d8h7d,1,0.18
Qh9c8h7c,1,0.18
Qh9s8h7s,1,0.18
Qd9c8d7c,1,0.18
Qd9s8d7s,1,0.18
Qd9h8d7h,1,0.18
Qc9s8c7s,1,0.18
Qc9h8c7h,1,0.18
Qc9d8c7d,1,0.18
Qs9h8s6h,1,0.11
Qs9d8s6d,1,0.11
Qs9c8s6c,1,0.11
Qh9d8h6d,1,0.11
Qh9c8h6c,1,0.11
Qh9s8h6s,1,0.11
Qd9c8d6c,1,0.11
Qd9s8d6s,1,0.11
Qd9h8d6h,1,0.11
Qc9s8c6s,1,0.11
Qc9h8c6h,1,0.11
Qc9d8c6d,1,0.11
Qs9h7s6h,1,0.03
Qs9d7s6d,1,0.03
Qs9c7s6c,1,0.03
Qh9d7h6d,1,0.03
Qh9c7h6c,1,0.03
Qh9s7h6s,1,0.03
Qd9c7d6c,1,0.03
Qd9s7d6s,1,0.03
Qd9h7d6h,1,0.03
Qc9s7c6s,1,0.03
Qc9h7c6h,1,0.03
Qc9d7c6d,1,0.03
Qs9h8h7s,1,0.19
Qs9d8d7s,1,0.19
Qs9c8c7s,1,0.19
Qh9d8d7h,1,0.19
Qh9c8c7h,1,0.19
Qh9s8s7h,1,0.19
Qd9c8c7d,1,0.19
Qd9s8s7d,1,0.19
Qd9h8h7d,1,0.19
Qc9s8s7c,1,0.19
Qc9h8h7c,1,0.19
Qc9d8d7c,1,0.19
Qs9h8h6s,1,0.13
Qs9d8d6s,1,0.13
Qs9c8c6s,1,0.13
Qh9d8d6h,1,0.13
Qh9c8c6h,1,0.13
Qh9s8s6h,1,0.13
Qd9c8c6d,1,0.13
Qd9s8s6d,1,0.13
Qd9h8h6d,1,0.13
Qc9s8s6c,1,0.13
Qc9h8h6c,1,0.13
Qc9d8d6c,1,0.13
Qs9h7h6s,1,0.05
Qs9d7d6s,1,0.05
Qs9c7c6s,1,0.05
Qh9d7d6h,1,0.05
Qh9c7c6h,1,0.05
Qh9s7s6h,1,0.05
Qd9c7c6d,1,0.05
Qd9s7s6d,1,0.05
Qd9h7h6d,1,0.05
Qc9s7s6c,1,0.05
Qc9h7h6c,1,0.05
Qc9d7d6c,1,0.05
Qs8h7s6h,1,0.11
Qs8d7s6d,1,0.11
Qs8c7s6c,1,0.11
Qh8d7h6d,1,0.11
Qh8c7h6c,1,0.11
Qh8s7h6s,1,0.11
Qd8c7d6c,1,0.11
Qd8s7d6s,1,0.11
Qd8h7d6h,1,0.11
Qc8s7c6s,1,0.11
Qc8h7c6h,1,0.11
Qc8d7c6d,1,0.11
Qs8h6s5h,1,0.06
Qs8d6s5d,1,0.06
Qs8c6s5c,1,0.06
Qh8d6h5d,1,0.06
Qh8c6h5c,1,0.06
Qh8s6h5s,1,0.06
Qd8c6d5c,1,0.06
Qd8s6d5s,1,0.06
Qd8h6d5h,1,0.06
Qc8s6c5s,1,0.06
Qc8h6c5h,1,0.06
Qc8d6c5d,1,0.06
Qs8h7h6s,1,0.12
Qs8d7d6s,1,0.12
Qs8c7c6s,1,0.12
Qh8d7d6h,1,0.12
Qh8c7c6h,1,0.12
Qh8s7s6h,1,0.12
Qd8c7c6d,1,0.12
Qd8s7s6d,1,0.12
Qd8h7h6d,1,0.12
Qc8s7s6c,1,0.12
Qc8h7h6c,1,0.12
Qc8d7d6c,1,0.12
Qs8h6h5s,1,0.07
Qs8d6d5s,1,0.07
Qs8c6c5s,1,0.07
Qh8d6d5h,1,0.07
Qh8c6c5h,1,0.07
Qh8s6s5h,1,0.07
Qd8c6c5d,1,0.07
Qd8s6s5d,1,0.07
Qd8h6h5d,1,0.07
Qc8s6s5c,1,0.07
Qc8h6h5c,1,0.07
Qc8d6d5c,1,0.07
Qs7h6s5h,1,0.09
Qs7d6s5d,1,0.09
Qs7c6s5c,1,0.09
Qh7d6h5d,1,0.09
Qh7c6h5c,1,0.09
Qh7s6h5s,1,0.09
Qd7c6d5c,1,0.09
Qd7s6d5s,1,0.09
Qd7h6d5h,1,0.09
Qc7s6c5s,1,0.09
Qc7h6c5h,1,0.09
Qc7d6c5d,1,0.09
Qs7h6h5s,1,0.1
Qs7d6d5s,1,0.1
Qs7c6c5s,1,0.1
Qh7d6d5h,1,0.1
Qh7c6c5h,1,0.1
Qh7s6s5h,1,0.1
Qd7c6c5d,1,0.1
Qd7s6s5d,1,0.1
Qd7h6h5d,1,0.1
Qc7s6s5c,1,0.1
Qc7h6h5c,1,0.1
Qc7d6d5c,1,0.1
Qs6h5s4h,1,0.1
Qs6d5s4d,1,0.1
Qs6c5s4c,1,0.1
Qh6d5h4d,1,0.1
Qh6c5h4c,1,0.1
Qh6s5h4s,1,0.1
Qd6c5d4c,1,0.1
Qd6s5d4s,1,0.1
Qd6h5d4h,1,0.1
Qc6s5c4s,1,0.1
Qc6h5c4h,1,0.1
Qc6d5c4d,1,0.1
Qs6h5h4s,1,0.11
Qs6d5d4s,1,0.11
Qs6c5c4s,1,0.11
Qh6d5d4h,1,0.11
Qh6c5c4h,1,0.11
Qh6s5s4h,1,0.11
Qd6c5c4d,1,0.11
Qd6s5s4d,1,0.11
Qd6h5h4d,1,0.11
Qc6s5s4c,1,0.11
Qc6h5h4c,1,0.11
Qc6d5d4c,1,0.11
JsTs9s9h,1,0
JsTs9s9d,1,0
JsTs9s9c,1,0
JhTh9h9d,1,0
JhTh9h9c,1,0
JhTh9s9h,1,0
JdTd9d9c,1,0
JdTd9s9d,1,0
JdTd9h9d,1,0
JcTc9s9c,1,0
JcTc9h9c,1,0
JcTc9d9c,1,0
JsTs9s8h,1,0.04
JsTs9s8d,1,0.04
JsTs9s8c,1,0.04
JhTh9h8d,1,0.04
JhTh9h8c,1,0.04
JhTh9h8s,1,0.04
JdTd9d8c,1,0.04
JdTd9d8s,1,0.04
JdTd9d8h,1,0.04
JcTc9c8s,1,0.04
JcTc9c8h,1,0.04
JcTc9c8d,1,0.04
JsTsTh9s,1,0.1
JsTsTd9s,1,0.1
JsTsTc9s,1,0.1
JhThTd9h,1,0.1
JhThTc9h,1,0.1
JhTsTh9h,1,0.1
JdTdTc9d,1,0.1
JdTsTd9d,1,0.1
JdThTd9d,1,0.1
JcTsTc9c,1,0.1
JcThTc9c,1,0.1
JcTdTc9c,1,0.1
JsTsTh9h,1,0.63
JsTsTd9d,1,0.63
JsTsTc9c,1,0.63
JhThTd9d,1,0.63
JhThTc9c,1,0.63
JhTsTh9s,1,0.63
JdTdTc9c,1,0.63
JdTsTd9s,1,0.63
JdThTd9h,1,0.63
JcTsTc9s,1,0.63
JcThTc9h,1,0.63
JcTdTc9d,1,0.63
JsTsTh8h,1,0.46
JsTsTd8d,1,0.46
JsTsTc8c,1,0.46
JhThTd8d,1,0.46
JhThTc8c,1,0.46
JhTsTh8s,1,0.46
JdTdTc8c,1,0.46
JdTsTd8s,1,0.46
JdThTd8h,1,0.46
JcTsTc8s,1,0.46
JcThTc8h,1,0.46
JcTdTc8d,1,0.46
JsTsTh7h,1,0.25
JsTsTd7d,1,0.25
JsTsTc7c,1,0.25
JhThTd7d,1,0.25
JhThTc7c,1,0.25
JhTsTh7s,1,0.25
JdTdTc7c,1,0.25
JdTsTd7s,1,0.25
JdThTd7h,1,0.25
JcTsTc7s,1,0.25
JcThTc7h,1,0.25
JcTdTc7d,1,0.25
JsTsTh4h,1,0.01
JsTsTd4d,1,0.01
JsTsTc4c,1,0.01
JhThTd4d,1,0.01
JhThTc4c,1,0.01
JhTsTh4s,1,0.01
JdTdTc4c,1,0.01
JdTsTd4s,1,0.01
JdThTd4h,1,0.01
JcTsTc4s,1,0.01
JcThTc4h,1,0.01
JcTdTc4d,1,0.01
JsTsTh3h,1,0.03
JsTsTd3d,1,0.03
JsTsTc3c,1,0.03
JhThTd3d,1,0.03
JhThTc3c,1,0.03
JhTsTh3s,1,0.03
JdTdTc3c,1,0.03
JdTsTd3s,1,0.03
JdThTd3h,1,0.03
JcTsTc3s,1,0.03
JcThTc3h,1,0.03
JcTdTc3d,1,0.03
JsTsTh2h,1,0.07
JsTsTd2d,1,0.07
JsTsTc2c,1,0.07
JhThTd2d,1,0.07
JhThTc2c,1,0.07
JhTsTh2s,1,0.07
JdTdTc2c,1,0.07
JdTsTd2s,1,0.07
JdThTd2h,1,0.07
JcTsTc2s,1,0.07
JcThTc2h,1,0.07
JcTdTc2d,1,0.07
JsTsTh9d,1,0.23
JsTsTh9c,1,0.23
JsTsTd9c,1,0.23
JsTsTd9h,1,0.23
JsTsTc9h,1,0.23
JsTsTc9d,1,0.23
JhThTd9c,1,0.23
JhThTd9s,1,0.23
JhThTc9d,1,0.23
JhThTc9s,1,0.23
JhTsTh9c,1,0.23
JhTsTh9d,1,0.23
JdTdTc9h,1,0.23
JdTdTc9s,1,0.23
JdTsTd9c,1,0.23
JdTsTd9h,1,0.23
JdThTd9c,1,0.23
JdThTd9s,1,0.23
JcTsTc9h,1,0.23
JcTsTc9d,1,0.23
JcThTc9d,1,0.23
JcThTc9s,1,0.23
JcTdTc9s,1,0.23
JcTdTc9h,1,0.23
JsTsTh8d,1,0.12
JsTsTh8c,1,0.12
JsTsTd8c,1,0.12
JsTsTd8h,1,0.12
JsTsTc8h,1,0.12
JsTsTc8d,1,0.12
JhThTd8c,1,0.12
JhThTd8s,1,0.12
JhThTc8d,1,0.12
JhThTc8s,1,0.12
JhTsTh8c,1,0.12
JhTsTh8d,1,0.12
JdTdTc8h,1,0.12
JdTdTc8s,1,0.12
JdTsTd8c,1,0.12
JdTsTd8h,1,0.12
JdThTd8c,1,0.12
JdThTd8s,1,0.12
JcTsTc8h,1,0.12
JcTsTc8d,1,0.12
JcThTc8d,1,0.12
JcThTc8s,1,0.12
JcTdTc8s,1,0.12
JcTdTc8h,1,0.12
JsTs9h8s,1,0.04
JsTs9d8s,1,0.04
JsTs9c8s,1,0.04
JhTh9d8h,1,0.04
JhTh9c8h,1,0.04
JhTh9s8h,1,0.04
JdTd9c8d,1,0.04
JdTd9s8d,1,0.04
JdTd9h8d,1,0.04
JcTc9s8c,1,0.04
JcTc9h8c,1,0.04
JcTc9d8c,1,0.04
JsTs9h8h,1,0.59
JsTs9d8d,1,0.59
JsTs9c8c,1,0.59
JhTh9d8d,1,0.59
JhTh9c8c,1,0.59
JhTh9s8s,1,0.59
JdTd9c8c,1,0.59
JdTd9s8s,1,0.59
JdTd9h8h,1,0.59
JcTc9s8s,1,0.59
JcTc9h8h,1,0.59
JcTc9d8d,1,0.59
JsTs9h7h,1,0.43
JsTs9d7d,1,0.43
JsTs9c7c,1,0.43
JhTh9d7d,1,0.43
JhTh9c7c,1,0.43
JhTh9s7s,1,0.43
JdTd9c7c,1,0.43
JdTd9s7s,1,0.43
JdTd9h7h,1,0.43
JcTc9s7s,1,0.43
JcTc9h7h,1,0.43
JcTc9d7d,1,0.43
JsTs9h6h,1,0.05
JsTs9d6d,1,0.05
JsTs9c6c,1,0.05
JhTh9d6d,1,0.05
JhTh9c6c,1,0.05
JhTh9s6s,1,0.05
JdTd9c6c,1,0.05
JdTd9s6s,1,0.05
JdTd9h6h,1,0.05
JcTc9s6s,1,0.05
JcTc9h6h,1,0.05
JcTc9d6d,1,0.05
JsTs9h9d,1,0.11
JsTs9h9c,1,0.11
JsTs9d9c,1,0.11
JhTh9d9c,1,0.11
JhTh9s9d,1,0.11
JhTh9s9c,1,0.11
JdTd9h9c,1,0.11
JdTd9s9c,1,0.11
JdTd9s9h,1,0.11
JcTc9s9h,1,0.11
JcTc9s9d,1,0.11
JcTc9h9d,1,0.11
JsTs9h8d,1,0.2
JsTs9h8c,1,0.2
JsTs9d8c,1,0.2
JsTs9d8h,1,0.2
JsTs9c8h,1,0.2
JsTs9c8d,1,0.2
JhTh9d8c,1,0.2
JhTh9d8s,1,0.2
JhTh9c8d,1,0.2
JhTh9c8s,1,0.2
JhTh9s8c,1,0.2
JhTh9s8d,1,0.2
JdTd9c8h,1,0.2
JdTd9c8s,1,0.2
JdTd9s8c,1,0.2
JdTd9s8h,1,0.2
JdTd9h8c,1,0.2
JdTd9h8s,1,0.2
JcTc9s8h,1,0.2
JcTc9s8d,1,0.2
JcTc9h8d,1,0.2
JcTc9h8s,1,0.2
JcTc9d8s,1,0.2
JcTc9d8h,1,0.2
JsTs9h7d,1,0.07
JsTs9h7c,1,0.07
JsTs9d7c,1,0.07
JsTs9d7h,1,0.07
JsTs9c7h,1,0.07
JsTs9c7d,1,0.07
JhTh9d7c,1,0.07
JhTh9d7s,1,0.07
JhTh9c7d,1,0.07
JhTh9c7s,1,0.07
JhTh9s7c,1,0.07
JhTh9s7d,1,0.07
JdTd9c7h,1,0.07
JdTd9c7s,1,0.07
JdTd9s7c,1,0.07
JdTd9s7h,1,0.07
JdTd9h7c,1,0.07
JdTd9h7s,1,0.07
JcTc9s7h,1,0.07
JcTc9s7d,1,0.07
JcTc9h7d,1,0.07
JcTc9h7s,1,0.07
JcTc9d7s,1,0.07
JcTc9d7h,1,0.07
JsTs8h7h,1,0.56
JsTs8d7d,1,0.56
JsTs8c7c,1,0.56
JhTh8d7d,1,0.56
JhTh8c7c,1,0.56
JhTh8s7s,1,0.56
JdTd8c7c,1,0.56
JdTd8s7s,1,0.56
JdTd8h7h,1,0.56
JcTc8s7s,1,0.56
JcTc8h7h,1,0.56
JcTc8d7d,1,0.56
JsTs8h6h,1,0.11
JsTs8d6d,1,0.11
JsTs8c6c,1,0.11
JhTh8d6d,1,0.11
JhTh8c6c,1,0.11
JhTh8s6s,1,0.11
JdTd8c6c,1,0.11
JdTd8s6s,1,0.11
JdTd8h6h,1,0.11
JcTc8s6s,1,0.11
JcTc8h6h,1,0.11
JcTc8d6d,1,0.11
JsTs8h7d,1,0.11
JsTs8h7c,1,0.11
JsTs8d7c,1,0.11
JsTs8d7h,1,0.11
JsTs8c7h,1,0.11
JsTs8c7d,1,0.11
JhTh8d7c,1,0.11
JhTh8d7s,1,0.11
JhTh8c7d,1,0.11
JhTh8c7s,1,0.11
JhTh8s7c,1,0.11
JhTh8s7d,1,0.11
JdTd8c7h,1,0.11
JdTd8c7s,1,0.11
JdTd8s7c,1,0.11
JdTd8s7h,1,0.11
JdTd8h7c,1,0.11
JdTd8h7s,1,0.11
JcTc8s7h,1,0.11
JcTc8s7d,1,0.11
JcTc8h7d,1,0.11
JcTc8h7s,1,0.11
JcTc8d7s,1,0.11
JcTc8d7h,1,0.11
JsTs7h6h,1,0.04
JsTs7d6d,1,0.04
JsTs7c6c,1,0.04
JhTh7d6d,1,0.04
JhTh7c6c,1,0.04
JhTh7s6s,1,0.04
JdTd7c6c,1,0.04
JdTd7s6s,1,0.04
JdTd7h6h,1,0.04
JcTc7s6s,1,0.04
JcTc7h6h,1,0.04
JcTc7d6d,1,0.04
Js9s9h8h,1,0.24
Js9s9d8d,1,0.24
Js9s9c8c,1,0.24
Jh9h9d8d,1,0.24
Jh9h9c8c,1,0.24
Jh9s9h8s,1,0.24
Jd9d9c8c,1,0.24
Jd9s9d8s,1,0.24
Jd9h9d8h,1,0.24
Jc9s9c8s,1,0.24
Jc9h9c8h,1,0.24
Jc9d9c8d,1,0.24
Js9s9h7h,1,0.1
Js9s9d7d,1,0.1
Js9s9c7c,1,0.1
Jh9h9d7d,1,0.1
Jh9h9c7c,1,0.1
Jh9s9h7s,1,0.1
Jd9d9c7c,1,0.1
Jd9s9d7s,1,0.1
Jd9h9d7h,1,0.1
Jc9s9c7s,1,0.1
Jc9h9c7h,1,0.1
Jc9d9c7d,1,0.1
Js9s8h7h,1,0.47
Js9s8d7d,1,0.47
Js9s8c7c,1,0.47
Jh9h8d7d,1,0.47
Jh9h8c7c,1,0.47
Jh9h8s7s,1,0.47
Jd9d8c7c,1,0.47
Jd9d8s7s,1,0.47
Jd9d8h7h,1,0.47
Jc9c8s7s,1,0.47
Jc9c8h7h,1,0.47
Jc9c8d7d,1,0.47
Js9s8h6h,1,0.04
Js9s8d6d,1,0.04
Js9s8c6c,1,0.04
Jh9h8d6d,1,0.04
Jh9h8c6c,1,0.04
Jh9h8s6s,1,0.04
Jd9d8c6c,1,0.04
Jd9d8s6s,1,0.04
Jd9d8h6h,1,0.04
Jc9c8s6s,1,0.04
Jc9c8h6h,1,0.04
Jc9c8d6d,1,0.04
Js9s8h7d,1,0.01
Js9s8h7c,1,0.01
Js9s8d7c,1,0.01
Js9s8d7h,1,0.01
Js9s8c7h,1,0.01
Js9s8c7d,1,0.01
Jh9h8d7c,1,0.01
Jh9h8d7s,1,0.01
Jh9h8c7d,1,0.01
Jh9h8c7s,1,0.01
Jh9h8s7c,1,0.01
Jh9h8s7d,1,0.01
Jd9d8c7h,1,0.01
Jd9d8c7s,1,0.01
Jd9d8s7c,1,0.01
Jd9d8s7h,1,0.01
Jd9d8h7c,1,0.01
Jd9d8h7s,1,0.01
Jc9c8s7h,1,0.01
Jc9c8s7d,1,0.01
Jc9c8h7d,1,0.01
Jc9c8h7s,1,0.01
Jc9c8d7s,1,0.01
Jc9c8d7h,1,0.01
Js9s7h6h,1,0.07
Js9s7d6d,1,0.07
Js9s7c6c,1,0.07
Jh9h7d6d,1,0.07
Jh9h7c6c,1,0.07
Jh9h7s6s,1,0.07
Jd9d7c6c,1,0.07
Jd9d7s6s,1,0.07
Jd9d7h6h,1,0.07
Jc9c7s6s,1,0.07
Jc9c7h6h,1,0.07
Jc9c7d6d,1,0.07
Js8s8h7h,1,0.13
Js8s8d7d,1,0.13
Js8s8c7c,1,0.13
Jh8h8d7d,1,0.13
Jh8h8c7c,1,0.13
Jh8s8h7s,1,0.13
Jd8d8c7c,1,0.13
Jd8s8d7s,1,0.13
Jd8h8d7h,1,0.13
Jc8s8c7s,1,0.13
Jc8h8c7h,1,0.13
Jc8d8c7d,1,0.13
Js8s7h6h,1,0.11
Js8s7d6d,1,0.11
Js8s7c6c,1,0.11
Jh8h7d6d,1,0.11
Jh8h7c6c,1,0.11
Jh8h7s6s,1,0.11
Jd8d7c6c,1,0.11
Jd8d7s6s,1,0.11
Jd8d7h6h,1,0.11
Jc8c7s6s,1,0.11
Jc8c7h6h,1,0.11
Jc8c7d6d,1,0.11
Js8s7h5h,1,0.03
Js8s7d5d,1,0.03
Js8s7c5c,1,0.03
Jh8h7d5d,1,0.03
Jh8h7c5c,1,0.03
Jh8h7s5s,1,0.03
Jd8d7c5c,1,0.03
Jd8d7s5s,1,0.03
Jd8d7h5h,1,0.03
Jc8c7s5s,1,0.03
Jc8c7h5h,1,0.03
Jc8c7d5d,1,0.03
Js8s6h5h,0.023,0
Js8s6d5d,0.023,0
Js8s6c5c,0.023,0
Jh8h6d5d,0.023,0
Jh8h6c5c,0.023,0
Jh8h6s5s,0.023,0
Jd8d6c5c,0.023,0
Jd8d6s5s,0.023,0
Jd8d6h5h,0.023,0
Jc8c6s5s,0.023,0
Jc8c6h5h,0.023,0
Jc8c6d5d,0.023,0
Js7s6h5h,1,0.01
Js7s6d5d,1,0.01
Js7s6c5c,1,0.01
Jh7h6d5d,1,0.01
Jh7h6c5c,1,0.01
Jh7h6s5s,1,0.01
Jd7d6c5c,1,0.01
Jd7d6s5s,1,0.01
Jd7d6h5h,1,0.01
Jc7c6s5s,1,0.01
Jc7c6h5h,1,0.01
Jc7c6d5d,1,0.01
Js6s5h4h,0.957,0.01
Js6s5d4d,0.957,0.01
Js6s5c4c,0.957,0.01
Jh6h5d4d,0.957,0.01
Jh6h5c4c,0.957,0.01
Jh6h5s4s,0.957,0.01
Jd6d5c4c,0.957,0.01
Jd6d5s4s,0.957,0.01
Jd6d5h4h,0.957,0.01
Jc6c5s4s,0.957,0.01
Jc6c5h4h,0.957,0.01
Jc6c5d4d,0.957,0.01
JsJhTs9s,1,0.11
JsJdTs9s,1,0.11
JsJcTs9s,1,0.11
JhJdTh9h,1,0.11
JhJcTh9h,1,0.11
JsJhTh9h,1,0.11
JdJcTd9d,1,0.11
JsJdTd9d,1,0.11
JhJdTd9d,1,0.11
JsJcTc9c,1,0.11
JhJcTc9c,1,0.11
JdJcTc9c,1,0.11
JsJhTs8s,1,0.01
JsJdTs8s,1,0.01
JsJcTs8s,1,0.01
JhJdTh8h,1,0.01
JhJcTh8h,1,0.01
JsJhTh8h,1,0.01
JdJcTd8d,1,0.01
JsJdTd8d,1,0.01
JhJdTd8d,1,0.01
JsJcTc8c,1,0.01
JhJcTc8c,1,0.01
JdJcTc8c,1,0.01
JsJhTsTh,1,1.55
JsJdTsTd,1,1.55
JsJcTsTc,1,1.55
JhJdThTd,1,1.55
JhJcThTc,1,1.55
JdJcTdTc,1,1.55
JsJhTs9h,1,0.68
JsJdTs9d,1,0.68
JsJcTs9c,1,0.68
JhJdTh9d,1,0.68
JhJcTh9c,1,0.68
JsJhTh9s,1,0.68
JdJcTd9c,1,0.68
JsJdTd9s,1,0.68
JhJdTd9h,1,0.68
JsJcTc9s,1,0.68
JhJcTc9h,1,0.68
JdJcTc9d,1,0.68
JsJhTs8h,1,0.53
JsJdTs8d,1,0.53
JsJcTs8c,1,0.53
JhJdTh8d,1,0.53
JhJcTh8c,1,0.53
JsJhTh8s,1,0.53
JdJcTd8c,1,0.53
JsJdTd8s,1,0.53
JhJdTd8h,1,0.53
JsJcTc8s,1,0.53
JhJcTc8h,1,0.53
JdJcTc8d,1,0.53
JsJhTs7h,1,0.29
JsJdTs7d,1,0.29
JsJcTs7c,1,0.29
JhJdTh7d,1,0.29
JhJcTh7c,1,0.29
JsJhTh7s,1,0.29
JdJcTd7c,1,0.29
JsJdTd7s,1,0.29
JhJdTd7h,1,0.29
JsJcTc7s,1,0.29
JhJcTc7h,1,0.29
JdJcTc7d,1,0.29
JsJhTs6h,1,0
JsJdTs6d,1,0
JsJcTs6c,1,0
JhJdTh6d,1,0
JhJcTh6c,1,0
JsJhTh6s,1,0
JdJcTd6c,1,0
JsJdTd6s,1,0
JhJdTd6h,1,0
JsJcTc6s,1,0
JhJcTc6h,1,0
JdJcTc6d,1,0
JsJhTs5h,1,0.04
JsJdTs5d,1,0.04
JsJcTs5c,1,0.04
JhJdTh5d,1,0.04
JhJcTh5c,1,0.04
JsJhTh5s,1,0.04
JdJcTd5c,1,0.04
JsJdTd5s,1,0.04
JhJdTd5h,1,0.04
JsJcTc5s,1,0.04
JhJcTc5h,1,0.04
JdJcTc5d,1,0.04
JsJhTs4h,1,0.07
JsJdTs4d,1,0.07
JsJcTs4c,1,0.07
JhJdTh4d,1,0.07
JhJcTh4c,1,0.07
JsJhTh4s,1,0.07
JdJcTd4c,1,0.07
JsJdTd4s,1,0.07
JhJdTd4h,1,0.07
JsJcTc4s,1,0.07
JhJcTc4h,1,0.07
JdJcTc4d,1,0.07
JsJhTs3h,1,0.11
JsJdTs3d,1,0.11
JsJcTs3c,1,0.11
JhJdTh3d,1,0.11
JhJcTh3c,1,0.11
JsJhTh3s,1,0.11
JdJcTd3c,1,0.11
JsJdTd3s,1,0.11
JhJdTd3h,1,0.11
JsJcTc3s,1,0.11
JhJcTc3h,1,0.11
JdJcTc3d,1,0.11
JsJhTs2h,1,0.15
JsJdTs2d,1,0.15
JsJcTs2c,1,0.15
JhJdTh2d,1,0.15
JhJcTh2c,1,0.15
JsJhTh2s,1,0.15
JdJcTd2c,1,0.15
JsJdTd2s,1,0.15
JhJdTd2h,1,0.15
JsJcTc2s,1,0.15
JhJcTc2h,1,0.15
JdJcTc2d,1,0.15
JsJhTsTd,1,0.99
JsJhTsTc,1,0.99
JsJdTsTc,1,0.99
JsJdTsTh,1,0.99
JsJcTsTh,1,0.99
JsJcTsTd,1,0.99
JhJdThTc,1,0.99
JhJdTsTh,1,0.99
JhJcThTd,1,0.99
JhJcTsTh,1,0.99
JsJhThTc,1,0.99
JsJhThTd,1,0.99
JdJcThTd,1,0.99
JdJcTsTd,1,0.99
JsJdTdTc,1,0.99
JsJdThTd,1,0.99
JhJdTdTc,1,0.99
JhJdTsTd,1,0.99
JsJcThTc,1,0.99
JsJcTdTc,1,0.99
JhJcTdTc,1,0.99
JhJcTsTc,1,0.99
JdJcTsTc,1,0.99
JdJcThTc,1,0.99
JsJhTs9d,1,0.24
JsJhTs9c,1,0.24
JsJdTs9c,1,0.24
JsJdTs9h,1,0.24
JsJcTs9h,1,0.24
JsJcTs9d,1,0.24
JhJdTh9c,1,0.24
JhJdTh9s,1,0.24
JhJcTh9d,1,0.24
JhJcTh9s,1,0.24
JsJhTh9c,1,0.24
JsJhTh9d,1,0.24
JdJcTd9h,1,0.24
JdJcTd9s,1,0.24
JsJdTd9c,1,0.24
JsJdTd9h,1,0.24
JhJdTd9c,1,0.24
JhJdTd9s,1,0.24
JsJcTc9h,1,0.24
JsJcTc9d,1,0.24
JhJcTc9d,1,0.24
JhJcTc9s,1,0.24
JdJcTc9s,1,0.24
JdJcTc9h,1,0.24
JsJhTs8d,1,0.13
JsJhTs8c,1,0.13
JsJdTs8c,1,0.13
JsJdTs8h,1,0.13
JsJcTs8h,1,0.13
JsJcTs8d,1,0.13
JhJdTh8c,1,0.13
JhJdTh8s,1,0.13
JhJcTh8d,1,0.13
JhJcTh8s,1,0.13
JsJhTh8c,1,0.13
JsJhTh8d,1,0.13
JdJcTd8h,1,0.13
JdJcTd8s,1,0.13
JsJdTd8c,1,0.13
JsJdTd8h,1,0.13
JhJdTd8c,1,0.13
JhJdTd8s,1,0.13
JsJcTc8h,1,0.13
JsJcTc8d,1,0.13
JhJcTc8d,1,0.13
JhJcTc8s,1,0.13
JdJcTc8s,1,0.13
JdJcTc8h,1,0.13
JsJh9s9h,1,1.23
JsJd9s9d,1,1.23
JsJc9s9c,1,1.23
JhJd9h9d,1,1.23
JhJc9h9c,1,1.23
JdJc9d9c,1,1.23
JsJh9s8h,1,0.44
JsJd9s8d,1,0.44
JsJc9s8c,1,0.44
JhJd9h8d,1,0.44
JhJc9h8c,1,0.44
JsJh9h8s,1,0.44
JdJc9d8c,1,0.44
JsJd9d8s,1,0.44
JhJd9d8h,1,0.44
JsJc9c8s,1,0.44
JhJc9c8h,1,0.44
JdJc9c8d,1,0.44
JsJh9s7h,1,0.25
JsJd9s7d,1,0.25
JsJc9s7c,1,0.25
JhJd9h7d,1,0.25
JhJc9h7c,1,0.25
JsJh9h7s,1,0.25
JdJc9d7c,1,0.25
JsJd9d7s,1,0.25
JhJd9d7h,1,0.25
JsJc9c7s,1,0.25
JhJc9c7h,1,0.25
JdJc9c7d,1,0.25
JsJh9s9d,1,0.72
JsJh9s9c,1,0.72
JsJd9s9c,1,0.72
JsJd9s9h,1,0.72
JsJc9s9h,1,0.72
JsJc9s9d,1,0.72
JhJd9h9c,1,0.72
JhJd9s9h,1,0.72
JhJc9h9d,1,0.72
JhJc9s9h,1,0.72
JsJh9h9c,1,0.72
JsJh9h9d,1,0.72
JdJc9h9d,1,0.72
JdJc9s9d,1,0.72
JsJd9d9c,1,0.72
JsJd9h9d,1,0.72
JhJd9d9c,1,0.72
JhJd9s9d,1,0.72
JsJc9h9c,1,0.72
JsJc9d9c,1,0.72
JhJc9d9c,1,0.72
JhJc9s9c,1,0.72
JdJc9s9c,1,0.72
JdJc9h9c,1,0.72
JsJh9s8d,1,0.04
JsJh9s8c,1,0.04
JsJd9s8c,1,0.04
JsJd9s8h,1,0.04
JsJc9s8h,1,0.04
JsJc9s8d,1,0.04
JhJd9h8c,1,0.04
JhJd9h8s,1,0.04
JhJc9h8d,1,0.04
JhJc9h8s,1,0.04
JsJh9h8c,1,0.04
JsJh9h8d,1,0.04
JdJc9d8h,1,0.04
JdJc9d8s,1,0.04
JsJd9d8c,1,0.04
JsJd9d8h,1,0.04
JhJd9d8c,1,0.04
JhJd9d8s,1,0.04
JsJc9c8h,1,0.04
JsJc9c8d,1,0.04
JhJc9c8d,1,0.04
JhJc9c8s,1,0.04
JdJc9c8s,1,0.04
JdJc9c8h,1,0.04
JsJh8s8h,1,0.95
JsJd8s8d,1,0.95
JsJc8s8c,1,0.95
JhJd8h8d,1,0.95
JhJc8h8c,1,0.95
JdJc8d8c,1,0.95
JsJh8s7h,1,0.26
JsJd8s7d,1,0.26
JsJc8s7c,1,0.26
JhJd8h7d,1,0.26
JhJc8h7c,1,0.26
JsJh8h7s,1,0.26
JdJc8d7c,1,0.26
JsJd8d7s,1,0.26
JhJd8d7h,1,0.26
JsJc8c7s,1,0.26
JhJc8c7h,1,0.26
JdJc8c7d,1,0.26
JsJh8s6h,0.967,0.01
JsJd8s6d,0.967,0.01
JsJc8s6c,0.967,0.01
JhJd8h6d,0.967,0.01
JhJc8h6c,0.967,0.01
JsJh8h6s,0.967,0.01
JdJc8d6c,0.967,0.01
JsJd8d6s,0.967,0.01
JhJd8d6h,0.967,0.01
JsJc8c6s,0.967,0.01
JhJc8c6h,0.967,0.01
JdJc8c6d,0.967,0.01
JsJh8s8d,1,0.51
JsJh8s8c,1,0.51
JsJd8s8c,1,0.51
JsJd8s8h,1,0.51
JsJc8s8h,1,0.51
JsJc8s8d,1,0.51
JhJd8h8c,1,0.51
JhJd8s8h,1,0.51
JhJc8h8d,1,0.51
JhJc8s8h,1,0.51
JsJh8h8c,1,0.51
JsJh8h8d,1,0.51
JdJc8h8d,1,0.51
JdJc8s8d,1,0.51
JsJd8d8c,1,0.51
JsJd8h8d,1,0.51
JhJd8d8c,1,0.51
JhJd8s8d,1,0.51
JsJc8h8c,1,0.51
JsJc8d8c,1,0.51
JhJc8d8c,1,0.51
JhJc8s8c,1,0.51
JdJc8s8c,1,0.51
JdJc8h8c,1,0.51
JsJh7s7h,1,0.62
JsJd7s7d,1,0.62
JsJc7s7c,1,0.62
JhJd7h7d,1,0.62
JhJc7h7c,1,0.62
JdJc7d7c,1,0.62
JsJh7s7d,1,0.25
JsJh7s7c,1,0.25
JsJd7s7c,1,0.25
JsJd7s7h,1,0.25
JsJc7s7h,1,0.25
JsJc7s7d,1,0.25
JhJd7h7c,1,0.25
JhJd7s7h,1,0.25
JhJc7h7d,1,0.25
JhJc7s7h,1,0.25
JsJh7h7c,1,0.25
JsJh7h7d,1,0.25
JdJc7h7d,1,0.25
JdJc7s7d,1,0.25
JsJd7d7c,1,0.25
JsJd7h7d,1,0.25
JhJd7d7c,1,0.25
JhJd7s7d,1,0.25
JsJc7h7c,1,0.25
JsJc7d7c,1,0.25
JhJc7d7c,1,0.25
JhJc7s7c,1,0.25
JdJc7s7c,1,0.25
JdJc7h7c,1,0.25
JsJh6s6h,1,0.33
JsJd6s6d,1,0.33
JsJc6s6c,1,0.33
JhJd6h6d,1,0.33
JhJc6h6c,1,0.33
JdJc6d6c,1,0.33
JsJh6s5h,1,0.03
JsJd6s5d,1,0.03
JsJc6s5c,1,0.03
JhJd6h5d,1,0.03
JhJc6h5c,1,0.03
JsJh6h5s,1,0.03
JdJc6d5c,1,0.03
JsJd6d5s,1,0.03
JhJd6d5h,1,0.03
JsJc6c5s,1,0.03
JhJc6c5h,1,0.03
JdJc6c5d,1,0.03
JsJh6s6d,1,0.01
JsJh6s6c,1,0.01
JsJd6s6c,1,0.01
JsJd6s6h,1,0.01
JsJc6s6h,1,0.01
JsJc6s6d,1,0.01
JhJd6h6c,1,0.01
JhJd6s6h,1,0.01
JhJc6h6d,1,0.01
JhJc6s6h,1,0.01
JsJh6h6c,1,0.01
JsJh6h6d,1,0.01
JdJc6h6d,1,0.01
JdJc6s6d,1,0.01
JsJd6d6c,1,0.01
JsJd6h6d,1,0.01
JhJd6d6c,1,0.01
JhJd6s6d,1,0.01
JsJc6h6c,1,0.01
JsJc6d6c,1,0.01
JhJc6d6c,1,0.01
JhJc6s6c,1,0.01
JdJc6s6c,1,0.01
JdJc6h6c,1,0.01
JsJh5s5h,1,0.35
JsJd5s5d,1,0.35
JsJc5s5c,1,0.35
JhJd5h5d,1,0.35
JhJc5h5c,1,0.35
JdJc5d5c,1,0.35
JsJh5s5d,0.991,0.01
JsJh5s5c,0.991,0.01
JsJd5s5c,0.991,0.01
JsJd5s5h,0.991,0.01
JsJc5s5h,0.991,0.01
JsJc5s5d,0.991,0.01
JhJd5h5c,0.991,0.01
JhJd5s5h,0.991,0.01
JhJc5h5d,0.991,0.01
JhJc5s5h,0.991,0.01
JsJh5h5c,0.991,0.01
JsJh5h5d,0.991,0.01
JdJc5h5d,0.991,0.01
JdJc5s5d,0.991,0.01
JsJd5d5c,0.991,0.01
JsJd5h5d,0.991,0.01
JhJd5d5c,0.991,0.01
JhJd5s5d,0.991,0.01
JsJc5h5c,0.991,0.01
JsJc5d5c,0.991,0.01
JhJc5d5c,0.991,0.01
JhJc5s5c,0.991,0.01
JdJc5s5c,0.991,0.01
JdJc5h5c,0.991,0.01
JsJh4s4h,1,0.4
JsJd4s4d,1,0.4
JsJc4s4c,1,0.4
JhJd4h4d,1,0.4
JhJc4h4c,1,0.4
JdJc4d4c,1,0.4
JsJh4s4d,1,0.04
JsJh4s4c,1,0.04
JsJd4s4c,1,0.04
JsJd4s4h,1,0.04
JsJc4s4h,1,0.04
JsJc4s4d,1,0.04
JhJd4h4c,1,0.04
JhJd4s4h,1,0.04
JhJc4h4d,1,0.04
JhJc4s4h,1,0.04
JsJh4h4c,1,0.04
JsJh4h4d,1,0.04
JdJc4h4d,1,0.04
JdJc4s4d,1,0.04
JsJd4d4c,1,0.04
JsJd4h4d,1,0.04
JhJd4d4c,1,0.04
JhJd4s4d,1,0.04
JsJc4h4c,1,0.04
JsJc4d4c,1,0.04
JhJc4d4c,1,0.04
JhJc4s4c,1,0.04
JdJc4s4c,1,0.04
JdJc4h4c,1,0.04
JsJh3s3h,1,0.47
JsJd3s3d,1,0.47
JsJc3s3c,1,0.47
JhJd3h3d,1,0.47
JhJc3h3c,1,0.47
JdJc3d3c,1,0.47
JsJh3s3d,1,0.1
JsJh3s3c,1,0.1
JsJd3s3c,1,0.1
JsJd3s3h,1,0.1
JsJc3s3h,1,0.1
JsJc3s3d,1,0.1
JhJd3h3c,1,0.1
JhJd3s3h,1,0.1
JhJc3h3d,1,0.1
JhJc3s3h,1,0.1
JsJh3h3c,1,0.1
JsJh3h3d,1,0.1
JdJc3h3d,1,0.1
JdJc3s3d,1,0.1
JsJd3d3c,1,0.1
JsJd3h3d,1,0.1
JhJd3d3c,1,0.1
JhJd3s3d,1,0.1
JsJc3h3c,1,0.1
JsJc3d3c,1,0.1
JhJc3d3c,1,0.1
JhJc3s3c,1,0.1
JdJc3s3c,1,0.1
JdJc3h3c,1,0.1
JsJh2s2h,1,0.54
JsJd2s2d,1,0.54
JsJc2s2c,1,0.54
JhJd2h2d,1,0.54
JhJc2h2c,1,0.54
JdJc2d2c,1,0.54
JsJh2s2d,1,0.16
JsJh2s2c,1,0.16
JsJd2s2c,1,0.16
JsJd2s2h,1,0.16
JsJc2s2h,1,0.16
JsJc2s2d,1,0.16
JhJd2h2c,1,0.16
JhJd2s2h,1,0.16
JhJc2h2d,1,0.16
JhJc2s2h,1,0.16
JsJh2h2c,1,0.16
JsJh2h2d,1,0.16
JdJc2h2d,1,0.16
JdJc2s2d,1,0.16
JsJd2d2c,1,0.16
JsJd2h2d,1,0.16
JhJd2d2c,1,0.16
JhJd2s2d,1,0.16
JsJc2h2c,1,0.16
JsJc2d2c,1,0.16
JhJc2d2c,1,0.16
JhJc2s2c,1,0.16
JdJc2s2c,1,0.16
JdJc2h2c,1,0.16
JsJhTd9s,1,0.23
JsJhTc9s,1,0.23
JsJdTc9s,1,0.23
JsJdTh9s,1,0.23
JsJcTh9s,1,0.23
JsJcTd9s,1,0.23
JhJdTc9h,1,0.23
JhJdTs9h,1,0.23
JhJcTd9h,1,0.23
JhJcTs9h,1,0.23
JsJhTc9h,1,0.23
JsJhTd9h,1,0.23
JdJcTh9d,1,0.23
JdJcTs9d,1,0.23
JsJdTc9d,1,0.23
JsJdTh9d,1,0.23
JhJdTc9d,1,0.23
JhJdTs9d,1,0.23
JsJcTh9c,1,0.23
JsJcTd9c,1,0.23
JhJcTd9c,1,0.23
JhJcTs9c,1,0.23
JdJcTs9c,1,0.23
JdJcTh9c,1,0.23
JsJhTd8s,1,0.11
JsJhTc8s,1,0.11
JsJdTc8s,1,0.11
JsJdTh8s,1,0.11
JsJcTh8s,1,0.11
JsJcTd8s,1,0.11
JhJdTc8h,1,0.11
JhJdTs8h,1,0.11
JhJcTd8h,1,0.11
JhJcTs8h,1,0.11
JsJhTc8h,1,0.11
JsJhTd8h,1,0.11
JdJcTh8d,1,0.11
JdJcTs8d,1,0.11
JsJdTc8d,1,0.11
JsJdTh8d,1,0.11
JhJdTc8d,1,0.11
JhJdTs8d,1,0.11
JsJcTh8c,1,0.11
JsJcTd8c,1,0.11
JhJcTd8c,1,0.11
JhJcTs8c,1,0.11
JdJcTs8c,1,0.11
JdJcTh8c,1,0.11
JsJhTd9d,1,0.2
JsJhTc9c,1,0.2
JsJdTc9c,1,0.2
JsJdTh9h,1,0.2
JsJcTh9h,1,0.2
JsJcTd9d,1,0.2
JhJdTc9c,1,0.2
JhJdTs9s,1,0.2
JhJcTd9d,1,0.2
JhJcTs9s,1,0.2
JdJcTh9h,1,0.2
JdJcTs9s,1,0.2
JsJhTd8d,1,0.08
JsJhTc8c,1,0.08
JsJdTc8c,1,0.08
JsJdTh8h,1,0.08
JsJcTh8h,1,0.08
JsJcTd8d,1,0.08
JhJdTc8c,1,0.08
JhJdTs8s,1,0.08
JhJcTd8d,1,0.08
JhJcTs8s,1,0.08
JdJcTh8h,1,0.08
JdJcTs8s,1,0.08
JsJhTdTc,1,0.49
JsJdThTc,1,0.49
JsJcThTd,1,0.49
JhJdTsTc,1,0.49
JhJcTsTd,1,0.49
JdJcTsTh,1,0.49
JsJh9d8s,1,0.04
JsJh9c8s,1,0.04
JsJd9c8s,1,0.04
JsJd9h8s,1,0.04
JsJc9h8s,1,0.04
JsJc9d8s,1,0.04
JhJd9c8h,1,0.04
JhJd9s8h,1,0.04
JhJc9d8h,1,0.04
JhJc9s8h,1,0.04
JsJh9c8h,1,0.04
JsJh9d8h,1,0.04
JdJc9h8d,1,0.04
JdJc9s8d,1,0.04
JsJd9c8d,1,0.04
JsJd9h8d,1,0.04
JhJd9c8d,1,0.04
JhJd9s8d,1,0.04
JsJc9h8c,1,0.04
JsJc9d8c,1,0.04
JhJc9d8c,1,0.04
JhJc9s8c,1,0.04
JdJc9s8c,1,0.04
JdJc9h8c,1,0.04
JsJh9d8d,0.033,-0.01
JsJh9c8c,0.033,-0.01
JsJd9c8c,0.033,-0.01
JsJd9h8h,0.033,-0.01
JsJc9h8h,0.033,-0.01
JsJc9d8d,0.033,-0.01
JhJd9c8c,0.033,-0.01
JhJd9s8s,0.033,-0.01
JhJc9d8d,0.033,-0.01
JhJc9s8s,0.033,-0.01
JdJc9h8h,0.033,-0.01
JdJc9s8s,0.033,-0.01
JsJh9d9c,1,0.29
JsJd9h9c,1,0.29
JsJc9h9d,1,0.29
JhJd9s9c,1,0.29
JhJc9s9d,1,0.29
JdJc9s9h,1,0.29
JsJh8d8c,1,0.14
JsJd8h8c,1,0.14
JsJc8h8d,1,0.14
JhJd8s8c,1,0.14
JhJc8s8d,1,0.14
JdJc8s8h,1,0.14
JsTh9s8s,1,0.04
JsTd9s8s,1,0.04
JsTc9s8s,1,0.04
JhTd9h8h,1,0.04
JhTc9h8h,1,0.04
JhTs9h8h,1,0.04
JdTc9d8d,1,0.04
JdTs9d8d,1,0.04
JdTh9d8d,1,0.04
JcTs9c8c,1,0.04
JcTh9c8c,1,0.04
JcTd9c8c,1,0.04
JsTh9s9h,1,0.5
JsTd9s9d,1,0.5
JsTc9s9c,1,0.5
JhTd9h9d,1,0.5
JhTc9h9c,1,0.5
JhTs9s9h,1,0.5
JdTc9d9c,1,0.5
JdTs9s9d,1,0.5
JdTh9h9d,1,0.5
JcTs9s9c,1,0.5
JcTh9h9c,1,0.5
JcTd9d9c,1,0.5
JsTh9s8h,1,0.6
JsTd9s8d,1,0.6
JsTc9s8c,1,0.6
JhTd9h8d,1,0.6
JhTc9h8c,1,0.6
JhTs9h8s,1,0.6
JdTc9d8c,1,0.6
JdTs9d8s,1,0.6
JdTh9d8h,1,0.6
JcTs9c8s,1,0.6
JcTh9c8h,1,0.6
JcTd9c8d,1,0.6
JsTh9s7h,1,0.46
JsTd9s7d,1,0.46
JsTc9s7c,1,0.46
JhTd9h7d,1,0.46
JhTc9h7c,1,0.46
JhTs9h7s,1,0.46
JdTc9d7c,1,0.46
JdTs9d7s,1,0.46
JdTh9d7h,1,0.46
JcTs9c7s,1,0.46
JcTh9c7h,1,0.46
JcTd9c7d,1,0.46
JsTh9s6h,1,0.06
JsTd9s6d,1,0.06
JsTc9s6c,1,0.06
JhTd9h6d,1,0.06
JhTc9h6c,1,0.06
JhTs9h6s,1,0.06
JdTc9d6c,1,0.06
JdTs9d6s,1,0.06
JdTh9d6h,1,0.06
JcTs9c6s,1,0.06
JcTh9c6h,1,0.06
JcTd9c6d,1,0.06
JsTh9s2h,1,0.02
JsTd9s2d,1,0.02
JsTc9s2c,1,0.02
JhTd9h2d,1,0.02
JhTc9h2c,1,0.02
JhTs9h2s,1,0.02
JdTc9d2c,1,0.02
JdTs9d2s,1,0.02
JdTh9d2h,1,0.02
JcTs9c2s,1,0.02
JcTh9c2h,1,0.02
JcTd9c2d,1,0.02
JsTh9s9d,1,0.13
JsTh9s9c,1,0.13
JsTd9s9c,1,0.13
JsTd9s9h,1,0.13
JsTc9s9h,1,0.13
JsTc9s9d,1,0.13
JhTd9h9c,1,0.13
JhTd9s9h,1,0.13
JhTc9h9d,1,0.13
JhTc9s9h,1,0.13
JhTs9h9c,1,0.13
JhTs9h9d,1,0.13
JdTc9h9d,1,0.13
JdTc9s9d,1,0.13
JdTs9d9c,1,0.13
JdTs9h9d,1,0.13
JdTh9d9c,1,0.13
JdTh9s9d,1,0.13
JcTs9h9c,1,0.13
JcTs9d9c,1,0.13
JcTh9d9c,1,0.13
JcTh9s9c,1,0.13
JcTd9s9c,1,0.13
JcTd9h9c,1,0.13
JsTh9s8d,1,0.18
JsTh9s8c,1,0.18
JsTd9s8c,1,0.18
JsTd9s8h,1,0.18
JsTc9s8h,1,0.18
JsTc9s8d,1,0.18
JhTd9h8c,1,0.18
JhTd9h8s,1,0.18
JhTc9h8d,1,0.18
JhTc9h8s,1,0.18
JhTs9h8c,1,0.18
JhTs9h8d,1,0.18
JdTc9d8h,1,0.18
JdTc9d8s,1,0.18
JdTs9d8c,1,0.18
JdTs9d8h,1,0.18
JdTh9d8c,1,0.18
JdTh9d8s,1,0.18
JcTs9c8h,1,0.18
JcTs9c8d,1,0.18
JcTh9c8d,1,0.18
JcTh9c8s,1,0.18
JcTd9c8s,1,0.18
JcTd9c8h,1,0.18
JsTh9s7d,1,0.06
JsTh9s7c,1,0.06
JsTd9s7c,1,0.06
JsTd9s7h,1,0.06
JsTc9s7h,1,0.06
JsTc9s7d,1,0.06
JhTd9h7c,1,0.06
JhTd9h7s,1,0.06
JhTc9h7d,1,0.06
JhTc9h7s,1,0.06
JhTs9h7c,1,0.06
JhTs9h7d,1,0.06
JdTc9d7h,1,0.06
JdTc9d7s,1,0.06
JdTs9d7c,1,0.06
JdTs9d7h,1,0.06
JdTh9d7c,1,0.06
JdTh9d7s,1,0.06
JcTs9c7h,1,0.06
JcTs9c7d,1,0.06
JcTh9c7d,1,0.06
JcTh9c7s,1,0.06
JcTd9c7s,1,0.06
JcTd9c7h,1,0.06
JsTh8s8h,1,0.32
JsTd8s8d,1,0.32
JsTc8s8c,1,0.32
JhTd8h8d,1,0.32
JhTc8h8c,1,0.32
JhTs8s8h,1,0.32
JdTc8d8c,1,0.32
JdTs8s8d,1,0.32
JdTh8h8d,1,0.32
JcTs8s8c,1,0.32
JcTh8h8c,1,0.32
JcTd8d8c,1,0.32
JsTh8s7h,1,0.6
JsTd8s7d,1,0.6
JsTc8s7c,1,0.6
JhTd8h7d,1,0.6
JhTc8h7c,1,0.6
JhTs8h7s,1,0.6
JdTc8d7c,1,0.6
JdTs8d7s,1,0.6
JdTh8d7h,1,0.6
JcTs8c7s,1,0.6
JcTh8c7h,1,0.6
JcTd8c7d,1,0.6
JsTh8s6h,1,0.12
JsTd8s6d,1,0.12
JsTc8s6c,1,0.12
JhTd8h6d,1,0.12
JhTc8h6c,1,0.12
JhTs8h6s,1,0.12
JdTc8d6c,1,0.12
JdTs8d6s,1,0.12
JdTh8d6h,1,0.12
JcTs8c6s,1,0.12
JcTh8c6h,1,0.12
JcTd8c6d,1,0.12
JsTh8s7d,1,0.09
JsTh8s7c,1,0.09
JsTd8s7c,1,0.09
JsTd8s7h,1,0.09
JsTc8s7h,1,0.09
JsTc8s7d,1,0.09
JhTd8h7c,1,0.09
JhTd8h7s,1,0.09
JhTc8h7d,1,0.09
JhTc8h7s,1,0.09
JhTs8h7c,1,0.09
JhTs8h7d,1,0.09
JdTc8d7h,1,0.09
JdTc8d7s,1,0.09
JdTs8d7c,1,0.09
JdTs8d7h,1,0.09
JdTh8d7c,1,0.09
JdTh8d7s,1,0.09
JcTs8c7h,1,0.09
JcTs8c7d,1,0.09
JcTh8c7d,1,0.09
JcTh8c7s,1,0.09
JcTd8c7s,1,0.09
JcTd8c7h,1,0.09
JsTh7s7h,1,0.02
JsTd7s7d,1,0.02
JsTc7s7c,1,0.02
JhTd7h7d,1,0.02
JhTc7h7c,1,0.02
JhTs7s7h,1,0.02
JdTc7d7c,1,0.02
JdTs7s7d,1,0.02
JdTh7h7d,1,0.02
JcTs7s7c,1,0.02
JcTh7h7c,1,0.02
JcTd7d7c,1,0.02
JsTh7s6h,1,0.05
JsTd7s6d,1,0.05
JsTc7s6c,1,0.05
JhTd7h6d,1,0.05
JhTc7h6c,1,0.05
JhTs7h6s,1,0.05
JdTc7d6c,1,0.05
JdTs7d6s,1,0.05
JdTh7d6h,1,0.05
JcTs7c6s,1,0.05
JcTh7c6h,1,0.05
JcTd7c6d,1,0.05
JsTh9h8s,1,0.6
JsTd9d8s,1,0.6
JsTc9c8s,1,0.6
JhTd9d8h,1,0.6
JhTc9c8h,1,0.6
JhTs9s8h,1,0.6
JdTc9c8d,1,0.6
JdTs9s8d,1,0.6
JdTh9h8d,1,0.6
JcTs9s8c,1,0.6
JcTh9h8c,1,0.6
JcTd9d8c,1,0.6
JsTh9h7s,1,0.46
JsTd9d7s,1,0.46
JsTc9c7s,1,0.46
JhTd9d7h,1,0.46
JhTc9c7h,1,0.46
JhTs9s7h,1,0.46
JdTc9c7d,1,0.46
JdTs9s7d,1,0.46
JdTh9h7d,1,0.46
JcTs9s7c,1,0.46
JcTh9h7c,1,0.46
JcTd9d7c,1,0.46
JsTh9h6s,1,0.07
JsTd9d6s,1,0.07
JsTc9c6s,1,0.07
JhTd9d6h,1,0.07
JhTc9c6h,1,0.07
JhTs9s6h,1,0.07
JdTc9c6d,1,0.07
JdTs9s6d,1,0.07
JdTh9h6d,1,0.07
JcTs9s6c,1,0.07
JcTh9h6c,1,0.07
JcTd9d6c,1,0.07
JsTh9h2s,1,0.03
JsTd9d2s,1,0.03
JsTc9c2s,1,0.03
JhTd9d2h,1,0.03
JhTc9c2h,1,0.03
JhTs9s2h,1,0.03
JdTc9c2d,1,0.03
JdTs9s2d,1,0.03
JdTh9h2d,1,0.03
JcTs9s2c,1,0.03
JcTh9h2c,1,0.03
JcTd9d2c,1,0.03
JsTh9h8h,1,0.02
JsTd9d8d,1,0.02
JsTc9c8c,1,0.02
JhTd9d8d,1,0.02
JhTc9c8c,1,0.02
JhTs9s8s,1,0.02
JdTc9c8c,1,0.02
JdTs9s8s,1,0.02
JdTh9h8h,1,0.02
JcTs9s8s,1,0.02
JcTh9h8h,1,0.02
JcTd9d8d,1,0.02
JsTh9h9d,1,0.11
JsTh9h9c,1,0.11
JsTd9d9c,1,0.11
JsTd9h9d,1,0.11
JsTc9h9c,1,0.11
JsTc9d9c,1,0.11
JhTd9d9c,1,0.11
JhTd9s9d,1,0.11
JhTc9d9c,1,0.11
JhTc9s9c,1,0.11
JhTs9s9c,1,0.11
JhTs9s9d,1,0.11
JdTc9h9c,1,0.11
JdTc9s9c,1,0.11
JdTs9s9c,1,0.11
JdTs9s9h,1,0.11
JdTh9h9c,1,0.11
JdTh9s9h,1,0.11
JcTs9s9h,1,0.11
JcTs9s9d,1,0.11
JcTh9h9d,1,0.11
JcTh9s9h,1,0.11
JcTd9s9d,1,0.11
JcTd9h9d,1,0.11
JsTh9h8d,1,0.17
JsTh9h8c,1,0.17
JsTd9d8c,1,0.17
JsTd9d8h,1,0.17
JsTc9c8h,1,0.17
JsTc9c8d,1,0.17
JhTd9d8c,1,0.17
JhTd9d8s,1,0.17
JhTc9c8d,1,0.17
JhTc9c8s,1,0.17
JhTs9s8c,1,0.17
JhTs9s8d,1,0.17
JdTc9c8h,1,0.17
JdTc9c8s,1,0.17
JdTs9s8c,1,0.17
JdTs9s8h,1,0.17
JdTh9h8c,1,0.17
JdTh9h8s,1,0.17
JcTs9s8h,1,0.17
JcTs9s8d,1,0.17
JcTh9h8d,1,0.17
JcTh9h8s,1,0.17
JcTd9d8s,1,0.17
JcTd9d8h,1,0.17
JsTh9h7d,1,0.05
JsTh9h7c,1,0.05
JsTd9d7c,1,0.05
JsTd9d7h,1,0.05
JsTc9c7h,1,0.05
JsTc9c7d,1,0.05
JhTd9d7c,1,0.05
JhTd9d7s,1,0.05
JhTc9c7d,1,0.05
JhTc9c7s,1,0.05
JhTs9s7c,1,0.05
JhTs9s7d,1,0.05
JdTc9c7h,1,0.05
JdTc9c7s,1,0.05
JdTs9s7c,1,0.05
JdTs9s7h,1,0.05
JdTh9h7c,1,0.05
JdTh9h7s,1,0.05
JcTs9s7h,1,0.05
JcTs9s7d,1,0.05
JcTh9h7d,1,0.05
JcTh9h7s,1,0.05
JcTd9d7s,1,0.05
JcTd9d7h,1,0.05
JsTh8h7s,1,0.59
JsTd8d7s,1,0.59
JsTc8c7s,1,0.59
JhTd8d7h,1,0.59
JhTc8c7h,1,0.59
JhTs8s7h,1,0.59
JdTc8c7d,1,0.59
JdTs8s7d,1,0.59
JdTh8h7d,1,0.59
JcTs8s7c,1,0.59
JcTh8h7c,1,0.59
JcTd8d7c,1,0.59
JsTh8h6s,1,0.13
JsTd8d6s,1,0.13
JsTc8c6s,1,0.13
JhTd8d6h,1,0.13
JhTc8c6h,1,0.13
JhTs8s6h,1,0.13
JdTc8c6d,1,0.13
JdTs8s6d,1,0.13
JdTh8h6d,1,0.13
JcTs8s6c,1,0.13
JcTh8h6c,1,0.13
JcTd8d6c,1,0.13
JsTh8h7d,1,0.07
JsTh8h7c,1,0.07
JsTd8d7c,1,0.07
JsTd8d7h,1,0.07
JsTc8c7h,1,0.07
JsTc8c7d,1,0.07
JhTd8d7c,1,0.07
JhTd8d7s,1,0.07
JhTc8c7d,1,0.07
JhTc8c7s,1,0.07
JhTs8s7c,1,0.07
JhTs8s7d,1,0.07
JdTc8c7h,1,0.07
JdTc8c7s,1,0.07
JdTs8s7c,1,0.07
JdTs8s7h,1,0.07
JdTh8h7c,1,0.07
JdTh8h7s,1,0.07
JcTs8s7h,1,0.07
JcTs8s7d,1,0.07
JcTh8h7d,1,0.07
JcTh8h7s,1,0.07
JcTd8d7s,1,0.07
JcTd8d7h,1,0.07
JsTh7h6s,1,0.05
JsTd7d6s,1,0.05
JsTc7c6s,1,0.05
JhTd7d6h,1,0.05
JhTc7c6h,1,0.05
JhTs7s6h,1,0.05
JdTc7c6d,1,0.05
JdTs7s6d,1,0.05
JdTh7h6d,1,0.05
JcTs7s6c,1,0.05
JcTh7h6c,1,0.05
JcTd7d6c,1,0.05
JsThTd9s,1,0.19
JsThTc9s,1,0.19
JsTdTc9s,1,0.19
JhTdTc9h,1,0.19
JhTsTd9h,1,0.19
JhTsTc9h,1,0.19
JdThTc9d,1,0.19
JdTsTc9d,1,0.19
JdTsTh9d,1,0.19
JcTsTh9c,1,0.19
JcTsTd9c,1,0.19
JcThTd9c,1,0.19
JsThTd8s,1,0.07
JsThTc8s,1,0.07
JsTdTc8s,1,0.07
JhTdTc8h,1,0.07
JhTsTd8h,1,0.07
JhTsTc8h,1,0.07
JdThTc8d,1,0.07
JdTsTc8d,1,0.07
JdTsTh8d,1,0.07
JcTsTh8c,1,0.07
JcTsTd8c,1,0.07
JcThTd8c,1,0.07
JsThTd9h,1,0.2
JsThTc9h,1,0.2
JsTdTc9d,1,0.2
JsThTd9d,1,0.2
JsThTc9c,1,0.2
JsTdTc9c,1,0.2
JhTdTc9d,1,0.2
JhTsTd9d,1,0.2
JhTdTc9c,1,0.2
JhTsTc9c,1,0.2
JhTsTc9s,1,0.2
JhTsTd9s,1,0.2
JdThTc9c,1,0.2
JdTsTc9c,1,0.2
JdTsTc9s,1,0.2
JdTsTh9s,1,0.2
JdThTc9h,1,0.2
JdTsTh9h,1,0.2
JcTsTh9s,1,0.2
JcTsTd9s,1,0.2
JcThTd9h,1,0.2
JcTsTh9h,1,0.2
JcTsTd9d,1,0.2
JcThTd9d,1,0.2
JsThTd8h,1,0.08
JsThTc8h,1,0.08
JsTdTc8d,1,0.08
JsThTd8d,1,0.08
JsThTc8c,1,0.08
JsTdTc8c,1,0.08
JhTdTc8d,1,0.08
JhTsTd8d,1,0.08
JhTdTc8c,1,0.08
JhTsTc8c,1,0.08
JhTsTc8s,1,0.08
JhTsTd8s,1,0.08
JdThTc8c,1,0.08
JdTsTc8c,1,0.08
JdTsTc8s,1,0.08
JdTsTh8s,1,0.08
JdThTc8h,1,0.08
JdTsTh8h,1,0.08
JcTsTh8s,1,0.08
JcTsTd8s,1,0.08
JcThTd8h,1,0.08
JcTsTh8h,1,0.08
JcTsTd8d,1,0.08
JcThTd8d,1,0.08
JsTh9d8s,1,0.17
JsTh9c8s,1,0.17
JsTd9c8s,1,0.17
JsTd9h8s,1,0.17
JsTc9h8s,1,0.17
JsTc9d8s,1,0.17
JhTd9c8h,1,0.17
JhTd9s8h,1,0.17
JhTc9d8h,1,0.17
JhTc9s8h,1,0.17
JhTs9c8h,1,0.17
JhTs9d8h,1,0.17
JdTc9h8d,1,0.17
JdTc9s8d,1,0.17
JdTs9c8d,1,0.17
JdTs9h8d,1,0.17
JdTh9c8d,1,0.17
JdTh9s8d,1,0.17
JcTs9h8c,1,0.17
JcTs9d8c,1,0.17
JcTh9d8c,1,0.17
JcTh9s8c,1,0.17
JcTd9s8c,1,0.17
JcTd9h8c,1,0.17
JsTh9d7s,1,0.03
JsTh9c7s,1,0.03
JsTd9c7s,1,0.03
JsTd9h7s,1,0.03
JsTc9h7s,1,0.03
JsTc9d7s,1,0.03
JhTd9c7h,1,0.03
JhTd9s7h,1,0.03
JhTc9d7h,1,0.03
JhTc9s7h,1,0.03
JhTs9c7h,1,0.03
JhTs9d7h,1,0.03
JdTc9h7d,1,0.03
JdTc9s7d,1,0.03
JdTs9c7d,1,0.03
JdTs9h7d,1,0.03
JdTh9c7d,1,0.03
JdTh9s7d,1,0.03
JcTs9h7c,1,0.03
JcTs9d7c,1,0.03
JcTh9d7c,1,0.03
JcTh9s7c,1,0.03
JcTd9s7c,1,0.03
JcTd9h7c,1,0.03
JsTh9d8h,1,0.16
JsTh9c8h,1,0.16
JsTd9c8d,1,0.16
JsTd9h8d,1,0.16
JsTc9h8c,1,0.16
JsTc9d8c,1,0.16
JhTd9c8d,1,0.16
JhTd9s8d,1,0.16
JhTc9d8c,1,0.16
JhTc9s8c,1,0.16
JhTs9c8s,1,0.16
JhTs9d8s,1,0.16
JdTc9h8c,1,0.16
JdTc9s8c,1,0.16
JdTs9c8s,1,0.16
JdTs9h8s,1,0.16
JdTh9c8h,1,0.16
JdTh9s8h,1,0.16
JcTs9h8s,1,0.16
JcTs9d8s,1,0.16
JcTh9d8h,1,0.16
JcTh9s8h,1,0.16
JcTd9s8d,1,0.16
JcTd9h8d,1,0.16
JsTh9d7h,1,0.01
JsTh9c7h,1,0.01
JsTd9c7d,1,0.01
JsTd9h7d,1,0.01
JsTc9h7c,1,0.01
JsTc9d7c,1,0.01
JhTd9c7d,1,0.01
JhTd9s7d,1,0.01
JhTc9d7c,1,0.01
JhTc9s7c,1,0.01
JhTs9c7s,1,0.01
JhTs9d7s,1,0.01
JdTc9h7c,1,0.01
JdTc9s7c,1,0.01
JdTs9c7s,1,0.01
JdTs9h7s,1,0.01
JdTh9c7h,1,0.01
JdTh9s7h,1,0.01
JcTs9h7s,1,0.01
JcTs9d7s,1,0.01
JcTh9d7h,1,0.01
JcTh9s7h,1,0.01
JcTd9s7d,1,0.01
JcTd9h7d,1,0.01
JsTh9d8d,1,0.14
JsTh9c8c,1,0.14
JsTd9c8c,1,0.14
JsTd9h8h,1,0.14
JsTc9h8h,1,0.14
JsTc9d8d,1,0.14
JhTd9c8c,1,0.14
JhTd9s8s,1,0.14
JhTc9d8d,1,0.14
JhTc9s8s,1,0.14
JhTs9c8c,1,0.14
JhTs9d8d,1,0.14
JdTc9h8h,1,0.14
JdTc9s8s,1,0.14
JdTs9c8c,1,0.14
JdTs9h8h,1,0.14
JdTh9c8c,1,0.14
JdTh9s8s,1,0.14
JcTs9h8h,1,0.14
JcTs9d8d,1,0.14
JcTh9d8d,1,0.14
JcTh9s8s,1,0.14
JcTd9s8s,1,0.14
JcTd9h8h,1,0.14
JsTh8d7s,1,0.07
JsTh8c7s,1,0.07
JsTd8c7s,1,0.07
JsTd8h7s,1,0.07
JsTc8h7s,1,0.07
JsTc8d7s,1,0.07
JhTd8c7h,1,0.07
JhTd8s7h,1,0.07
JhTc8d7h,1,0.07
JhTc8s7h,1,0.07
JhTs8c7h,1,0.07
JhTs8d7h,1,0.07
JdTc8h7d,1,0.07
JdTc8s7d,1,0.07
JdTs8c7d,1,0.07
JdTs8h7d,1,0.07
JdTh8c7d,1,0.07
JdTh8s7d,1,0.07
JcTs8h7c,1,0.07
JcTs8d7c,1,0.07
JcTh8d7c,1,0.07
JcTh8s7c,1,0.07
JcTd8s7c,1,0.07
JcTd8h7c,1,0.07
JsTh8d7h,1,0.05
JsTh8c7h,1,0.05
JsTd8c7d,1,0.05
JsTd8h7d,1,0.05
JsTc8h7c,1,0.05
JsTc8d7c,1,0.05
JhTd8c7d,1,0.05
JhTd8s7d,1,0.05
JhTc8d7c,1,0.05
JhTc8s7c,1,0.05
JhTs8c7s,1,0.05
JhTs8d7s,1,0.05
JdTc8h7c,1,0.05
JdTc8s7c,1,0.05
JdTs8c7s,1,0.05
JdTs8h7s,1,0.05
JdTh8c7h,1,0.05
JdTh8s7h,1,0.05
JcTs8h7s,1,0.05
JcTs8d7s,1,0.05
JcTh8d7h,1,0.05
JcTh8s7h,1,0.05
JcTd8s7d,1,0.05
JcTd8h7d,1,0.05
JsTh8d7d,1,0.03
JsTh8c7c,1,0.03
JsTd8c7c,1,0.03
JsTd8h7h,1,0.03
JsTc8h7h,1,0.03
JsTc8d7d,1,0.03
JhTd8c7c,1,0.03
JhTd8s7s,1,0.03
JhTc8d7d,1,0.03
JhTc8s7s,1,0.03
JhTs8c7c,1,0.03
JhTs8d7d,1,0.03
JdTc8h7h,1,0.03
JdTc8s7s,1,0.03
JdTs8c7c,1,0.03
JdTs8h7h,1,0.03
JdTh8c7c,1,0.03
JdTh8s7s,1,0.03
JcTs8h7h,1,0.03
JcTs8d7d,1,0.03
JcTh8d7d,1,0.03
JcTh8s7s,1,0.03
JcTd8s7s,1,0.03
JcTd8h7h,1,0.03
Js9h8s8h,1,0.21
Js9d8s8d,1,0.21
Js9c8s8c,1,0.21
Jh9d8h8d,1,0.21
Jh9c8h8c,1,0.21
Jh9s8s8h,1,0.21
Jd9c8d8c,1,0.21
Jd9s8s8d,1,0.21
Jd9h8h8d,1,0.21
Jc9s8s8c,1,0.21
Jc9h8h8c,1,0.21
Jc9d8d8c,1,0.21
Js9h8s7h,1,0.46
Js9d8s7d,1,0.46
Js9c8s7c,1,0.46
Jh9d8h7d,1,0.46
Jh9c8h7c,1,0.46
Jh9s8h7s,1,0.46
Jd9c8d7c,1,0.46
Jd9s8d7s,1,0.46
Jd9h8d7h,1,0.46
Jc9s8c7s,1,0.46
Jc9h8c7h,1,0.46
Jc9d8c7d,1,0.46
Js9h8s6h,1,0.04
Js9d8s6d,1,0.04
Js9c8s6c,1,0.04
Jh9d8h6d,1,0.04
Jh9c8h6c,1,0.04
Jh9s8h6s,1,0.04
Jd9c8d6c,1,0.04
Jd9s8d6s,1,0.04
Jd9h8d6h,1,0.04
Jc9s8c6s,1,0.04
Jc9h8c6h,1,0.04
Jc9d8c6d,1,0.04
Js9h8s7d,0.93,0
Js9h8s7c,0.93,0
Js9d8s7c,0.93,0
Js9d8s7h,0.93,0
Js9c8s7h,0.93,0
Js9c8s7d,0.93,0
Jh9d8h7c,0.93,0
Jh9d8h7s,0.93,0
Jh9c8h7d,0.93,0
Jh9c8h7s,0.93,0
Jh9s8h7c,0.93,0
Jh9s8h7d,0.93,0
Jd9c8d7h,0.93,0
Jd9c8d7s,0.93,0
Jd9s8d7c,0.93,0
Jd9s8d7h,0.93,0
Jd9h8d7c,0.93,0
Jd9h8d7s,0.93,0
Jc9s8c7h,0.93,0
Jc9s8c7d,0.93,0
Jc9h8c7d,0.93,0
Jc9h8c7s,0.93,0
Jc9d8c7s,0.93,0
Jc9d8c7h,0.93,0
Js9h7s6h,1,0.07
Js9d7s6d,1,0.07
Js9c7s6c,1,0.07
Jh9d7h6d,1,0.07
Jh9c7h6c,1,0.07
Jh9s7h6s,1,0.07
Jd9c7d6c,1,0.07
Jd9s7d6s,1,0.07
Jd9h7d6h,1,0.07
Jc9s7c6s,1,0.07
Jc9h7c6h,1,0.07
Jc9d7c6d,1,0.07
Js9h8h7s,1,0.47
Js9d8d7s,1,0.47
Js9c8c7s,1,0.47
Jh9d8d7h,1,0.47
Jh9c8c7h,1,0.47
Jh9s8s7h,1,0.47
Jd9c8c7d,1,0.47
Jd9s8s7d,1,0.47
Jd9h8h7d,1,0.47
Jc9s8s7c,1,0.47
Jc9h8h7c,1,0.47
Jc9d8d7c,1,0.47
Js9h8h6s,1,0.05
Js9d8d6s,1,0.05
Js9c8c6s,1,0.05
Jh9d8d6h,1,0.05
Jh9c8c6h,1,0.05
Jh9s8s6h,1,0.05
Jd9c8c6d,1,0.05
Jd9s8s6d,1,0.05
Jd9h8h6d,1,0.05
Jc9s8s6c,1,0.05
Jc9h8h6c,1,0.05
Jc9d8d6c,1,0.05
Js9h7h6s,1,0.08
Js9d7d6s,1,0.08
Js9c7c6s,1,0.08
Jh9d7d6h,1,0.08
Jh9c7c6h,1,0.08
Jh9s7s6h,1,0.08
Jd9c7c6d,1,0.08
Jd9s7s6d,1,0.08
Jd9h7h6d,1,0.08
Jc9s7s6c,1,0.08
Jc9h7h6c,1,0.08
Jc9d7d6c,1,0.08
Js8h7s7h,1,0.05
Js8d7s7d,1,0.05
Js8c7s7c,1,0.05
Jh8d7h7d,1,0.05
Jh8c7h7c,1,0.05
Jh8s7s7h,1,0.05
Jd8c7d7c,1,0.05
Jd8s7s7d,1,0.05
Jd8h7h7d,1,0.05
Jc8s7s7c,1,0.05
Jc8h7h7c,1,0.05
Jc8d7d7c,1,0.05
Js8h7s6h,1,0.1
Js8d7s6d,1,0.1
Js8c7s6c,1,0.1
Jh8d7h6d,1,0.1
Jh8c7h6c,1,0.1
Jh8s7h6s,1,0.1
Jd8c7d6c,1,0.1
Jd8s7d6s,1,0.1
Jd8h7d6h,1,0.1
Jc8s7c6s,1,0.1
Jc8h7c6h,1,0.1
Jc8d7c6d,1,0.1
Js8h7s5h,1,0.02
Js8d7s5d,1,0.02
Js8c7s5c,1,0.02
Jh8d7h5d,1,0.02
Jh8c7h5c,1,0.02
Jh8s7h5s,1,0.02
Jd8c7d5c,1,0.02
Jd8s7d5s,1,0.02
Jd8h7d5h,1,0.02
Jc8s7c5s,1,0.02
Jc8h7c5h,1,0.02
Jc8d7c5d,1,0.02
Js8h7h6s,1,0.11
Js8d7d6s,1,0.11
Js8c7c6s,1,0.11
Jh8d7d6h,1,0.11
Jh8c7c6h,1,0.11
Jh8s7s6h,1,0.11
Jd8c7c6d,1,0.11
Jd8s7s6d,1,0.11
Jd8h7h6d,1,0.11
Jc8s7s6c,1,0.11
Jc8h7h6c,1,0.11
Jc8d7d6c,1,0.11
Js8h7h5s,1,0.04
Js8d7d5s,1,0.04
Js8c7c5s,1,0.04
Jh8d7d5h,1,0.04
Jh8c7c5h,1,0.04
Jh8s7s5h,1,0.04
Jd8c7c5d,1,0.04
Jd8s7s5d,1,0.04
Jd8h7h5d,1,0.04
Jc8s7s5c,1,0.04
Jc8h7h5c,1,0.04
Jc8d7d5c,1,0.04
Js8h6h5s,0.962,0
Js8d6d5s,0.962,0
Js8c6c5s,0.962,0
Jh8d6d5h,0.962,0
Jh8c6c5h,0.962,0
Jh8s6s5h,0.962,0
Jd8c6c5d,0.962,0
Jd8s6s5d,0.962,0
Jd8h6h5d,0.962,0
Jc8s6s5c,0.962,0
Jc8h6h5c,0.962,0
Jc8d6d5c,0.962,0
Js7h6s5h,0.024,0
Js7d6s5d,0.024,0
Js7c6s5c,0.024,0
Jh7d6h5d,0.024,0
Jh7c6h5c,0.024,0
Jh7s6h5s,0.024,0
Jd7c6d5c,0.024,0
Jd7s6d5s,0.024,0
Jd7h6d5h,0.024,0
Jc7s6c5s,0.024,0
Jc7h6c5h,0.024,0
Jc7d6c5d,0.024,0
Js7h6h5s,1,0.01
Js7d6d5s,1,0.01
Js7c6c5s,1,0.01
Jh7d6d5h,1,0.01
Jh7c6c5h,1,0.01
Jh7s6s5h,1,0.01
Jd7c6c5d,1,0.01
Jd7s6s5d,1,0.01
Jd7h6h5d,1,0.01
Jc7s6s5c,1,0.01
Jc7h6h5c,1,0.01
Jc7d6d5c,1,0.01
Js6h5s4h,0.974,0
Js6d5s4d,0.974,0
Js6c5s4c,0.974,0
Jh6d5h4d,0.974,0
Jh6c5h4c,0.974,0
Jh6s5h4s,0.974,0
Jd6c5d4c,0.974,0
Jd6s5d4s,0.974,0
Jd6h5d4h,0.974,0
Jc6s5c4s,0.974,0
Jc6h5c4h,0.974,0
Jc6d5c4d,0.974,0
Js6h5h4s,1,0.01
Js6d5d4s,1,0.01
Js6c5c4s,1,0.01
Jh6d5d4h,1,0.01
Jh6c5c4h,1,0.01
Jh6s5s4h,1,0.01
Jd6c5c4d,1,0.01
Jd6s5s4d,1,0.01
Jd6h5h4d,1,0.01
Jc6s5s4c,1,0.01
Jc6h5h4c,1,0.01
Jc6d5d4c,1,0.01
Ts9s9h8h,1,0.39
Ts9s9d8d,1,0.39
Ts9s9c8c,1,0.39
Th9h9d8d,1,0.39
Th9h9c8c,1,0.39
Th9s9h8s,1,0.39
Td9d9c8c,1,0.39
Td9s9d8s,1,0.39
Td9h9d8h,1,0.39
Tc9s9c8s,1,0.39
Tc9h9c8h,1,0.39
Tc9d9c8d,1,0.39
Ts9s9h7h,1,0.27
Ts9s9d7d,1,0.27
Ts9s9c7c,1,0.27
Th9h9d7d,1,0.27
Th9h9c7c,1,0.27
Th9s9h7s,1,0.27
Td9d9c7c,1,0.27
Td9s9d7s,1,0.27
Td9h9d7h,1,0.27
Tc9s9c7s,1,0.27
Tc9h9c7h,1,0.27
Tc9d9c7d,1,0.27
Ts9s9h6h,1,0.09
Ts9s9d6d,1,0.09
Ts9s9c6c,1,0.09
Th9h9d6d,1,0.09
Th9h9c6c,1,0.09
Th9s9h6s,1,0.09
Td9d9c6c,1,0.09
Td9s9d6s,1,0.09
Td9h9d6h,1,0.09
Tc9s9c6s,1,0.09
Tc9h9c6h,1,0.09
Tc9d9c6d,1,0.09
Ts9s9h8d,1,0.04
Ts9s9h8c,1,0.04
Ts9s9d8c,1,0.04
Ts9s9d8h,1,0.04
Ts9s9c8h,1,0.04
Ts9s9c8d,1,0.04
Th9h9d8c,1,0.04
Th9h9d8s,1,0.04
Th9h9c8d,1,0.04
Th9h9c8s,1,0.04
Th9s9h8c,1,0.04
Th9s9h8d,1,0.04
Td9d9c8h,1,0.04
Td9d9c8s,1,0.04
Td9s9d8c,1,0.04
Td9s9d8h,1,0.04
Td9h9d8c,1,0.04
Td9h9d8s,1,0.04
Tc9s9c8h,1,0.04
Tc9s9c8d,1,0.04
Tc9h9c8d,1,0.04
Tc9h9c8s,1,0.04
Tc9d9c8s,1,0.04
Tc9d9c8h,1,0.04
Ts9s8h7h,1,0.49
Ts9s8d7d,1,0.49
Ts9s8c7c,1,0.49
Th9h8d7d,1,0.49
Th9h8c7c,1,0.49
Th9h8s7s,1,0.49
Td9d8c7c,1,0.49
Td9d8s7s,1,0.49
Td9d8h7h,1,0.49
Tc9c8s7s,1,0.49
Tc9c8h7h,1,0.49
Tc9c8d7d,1,0.49
Ts9s8h6h,1,0.32
Ts9s8d6d,1,0.32
Ts9s8c6c,1,0.32
Th9h8d6d,1,0.32
Th9h8c6c,1,0.32
Th9h8s6s,1,0.32
Td9d8c6c,1,0.32
Td9d8s6s,1,0.32
Td9d8h6h,1,0.32
Tc9c8s6s,1,0.32
Tc9c8h6h,1,0.32
Tc9c8d6d,1,0.32
Ts9s8h8d,0.979,0
Ts9s8h8c,0.979,0
Ts9s8d8c,0.979,0
Th9h8d8c,0.979,0
Th9h8s8d,0.979,0
Th9h8s8c,0.979,0
Td9d8h8c,0.979,0
Td9d8s8c,0.979,0
Td9d8s8h,0.979,0
Tc9c8s8h,0.979,0
Tc9c8s8d,0.979,0
Tc9c8h8d,0.979,0
Ts9s8h7d,1,0.13
Ts9s8h7c,1,0.13
Ts9s8d7c,1,0.13
Ts9s8d7h,1,0.13
Ts9s8c7h,1,0.13
Ts9s8c7d,1,0.13
Th9h8d7c,1,0.13
Th9h8d7s,1,0.13
Th9h8c7d,1,0.13
Th9h8c7s,1,0.13
Th9h8s7c,1,0.13
Th9h8s7d,1,0.13
Td9d8c7h,1,0.13
Td9d8c7s,1,0.13
Td9d8s7c,1,0.13
Td9d8s7h,1,0.13
Td9d8h7c,1,0.13
Td9d8h7s,1,0.13
Tc9c8s7h,1,0.13
Tc9c8s7d,1,0.13
Tc9c8h7d,1,0.13
Tc9c8h7s,1,0.13
Tc9c8d7s,1,0.13
Tc9c8d7h,1,0.13
Ts9s7h6h,1,0.5
Ts9s7d6d,1,0.5
Ts9s7c6c,1,0.5
Th9h7d6d,1,0.5
Th9h7c6c,1,0.5
Th9h7s6s,1,0.5
Td9d7c6c,1,0.5
Td9d7s6s,1,0.5
Td9d7h6h,1,0.5
Tc9c7s6s,1,0.5
Tc9c7h6h,1,0.5
Tc9c7d6d,1,0.5
Ts9s7h6d,1,0
Ts9s7h6c,1,0
Ts9s7d6c,1,0
Ts9s7d6h,1,0
Ts9s7c6h,1,0
Ts9s7c6d,1,0
Th9h7d6c,1,0
Th9h7d6s,1,0
Th9h7c6d,1,0
Th9h7c6s,1,0
Th9h7s6c,1,0
Th9h7s6d,1,0
Td9d7c6h,1,0
Td9d7c6s,1,0
Td9d7s6c,1,0
Td9d7s6h,1,0
Td9d7h6c,1,0
Td9d7h6s,1,0
Tc9c7s6h,1,0
Tc9c7s6d,1,0
Tc9c7h6d,1,0
Tc9c7h6s,1,0
Tc9c7d6s,1,0
Tc9c7d6h,1,0
Ts8s8h7h,1,0.29
Ts8s8d7d,1,0.29
Ts8s8c7c,1,0.29
Th8h8d7d,1,0.29
Th8h8c7c,1,0.29
Th8s8h7s,1,0.29
Td8d8c7c,1,0.29
Td8s8d7s,1,0.29
Td8h8d7h,1,0.29
Tc8s8c7s,1,0.29
Tc8h8c7h,1,0.29
Tc8d8c7d,1,0.29
Ts8s8h6h,1,0.12
Ts8s8d6d,1,0.12
Ts8s8c6c,1,0.12
Th8h8d6d,1,0.12
Th8h8c6c,1,0.12
Th8s8h6s,1,0.12
Td8d8c6c,1,0.12
Td8s8d6s,1,0.12
Td8h8d6h,1,0.12
Tc8s8c6s,1,0.12
Tc8h8c6h,1,0.12
Tc8d8c6d,1,0.12
Ts8s7h6h,1,0.42
Ts8s7d6d,1,0.42
Ts8s7c6c,1,0.42
Th8h7d6d,1,0.42
Th8h7c6c,1,0.42
Th8h7s6s,1,0.42
Td8d7c6c,1,0.42
Td8d7s6s,1,0.42
Td8d7h6h,1,0.42
Tc8c7s6s,1,0.42
Tc8c7h6h,1,0.42
Tc8c7d6d,1,0.42
Ts8s7h5h,1,0.02
Ts8s7d5d,1,0.02
Ts8s7c5c,1,0.02
Th8h7d5d,1,0.02
Th8h7c5c,1,0.02
Th8h7s5s,1,0.02
Td8d7c5c,1,0.02
Td8d7s5s,1,0.02
Td8d7h5h,1,0.02
Tc8c7s5s,1,0.02
Tc8c7h5h,1,0.02
Tc8c7d5d,1,0.02
Ts8s7h6d,1,0.06
Ts8s7h6c,1,0.06
Ts8s7d6c,1,0.06
Ts8s7d6h,1,0.06
Ts8s7c6h,1,0.06
Ts8s7c6d,1,0.06
Th8h7d6c,1,0.06
Th8h7d6s,1,0.06
Th8h7c6d,1,0.06
Th8h7c6s,1,0.06
Th8h7s6c,1,0.06
Th8h7s6d,1,0.06
Td8d7c6h,1,0.06
Td8d7c6s,1,0.06
Td8d7s6c,1,0.06
Td8d7s6h,1,0.06
Td8d7h6c,1,0.06
Td8d7h6s,1,0.06
Tc8c7s6h,1,0.06
Tc8c7s6d,1,0.06
Tc8c7h6d,1,0.06
Tc8c7h6s,1,0.06
Tc8c7d6s,1,0.06
Tc8c7d6h,1,0.06
Ts8s6h5h,1,0.11
Ts8s6d5d,1,0.11
Ts8s6c5c,1,0.11
Th8h6d5d,1,0.11
Th8h6c5c,1,0.11
Th8h6s5s,1,0.11
Td8d6c5c,1,0.11
Td8d6s5s,1,0.11
Td8d6h5h,1,0.11
Tc8c6s5s,1,0.11
Tc8c6h5h,1,0.11
Tc8c6d5d,1,0.11
Ts8s6h4h,1,0.02
Ts8s6d4d,1,0.02
Ts8s6c4c,1,0.02
Th8h6d4d,1,0.02
Th8h6c4c,1,0.02
Th8h6s4s,1,0.02
Td8d6c4c,1,0.02
Td8d6s4s,1,0.02
Td8d6h4h,1,0.02
Tc8c6s4s,1,0.02
Tc8c6h4h,1,0.02
Tc8c6d4d,1,0.02
Ts7s7h6h,1,0.06
Ts7s7d6d,1,0.06
Ts7s7c6c,1,0.06
Th7h7d6d,1,0.06
Th7h7c6c,1,0.06
Th7s7h6s,1,0.06
Td7d7c6c,1,0.06
Td7s7d6s,1,0.06
Td7h7d6h,1,0.06
Tc7s7c6s,1,0.06
Tc7h7c6h,1,0.06
Tc7d7c6d,1,0.06
Ts7s6h5h,1,0.08
Ts7s6d5d,1,0.08
Ts7s6c5c,1,0.08
Th7h6d5d,1,0.08
Th7h6c5c,1,0.08
Th7h6s5s,1,0.08
Td7d6c5c,1,0.08
Td7d6s5s,1,0.08
Td7d6h5h,1,0.08
Tc7c6s5s,1,0.08
Tc7c6h5h,1,0.08
Tc7c6d5d,1,0.08
Ts7s6h4h,1,0.03
Ts7s6d4d,1,0.03
Ts7s6c4c,1,0.03
Th7h6d4d,1,0.03
Th7h6c4c,1,0.03
Th7h6s4s,1,0.03
Td7d6c4c,1,0.03
Td7d6s4s,1,0.03
Td7d6h4h,1,0.03
Tc7c6s4s,1,0.03
Tc7c6h4h,1,0.03
Tc7c6d4d,1,0.03
TsTh9s9h,1,1.33
TsTd9s9d,1,1.33
TsTc9s9c,1,1.33
ThTd9h9d,1,1.33
ThTc9h9c,1,1.33
TdTc9d9c,1,1.33
TsTh9s8h,1,0.47
TsTd9s8d,1,0.47
TsTc9s8c,1,0.47
ThTd9h8d,1,0.47
ThTc9h8c,1,0.47
TsTh9h8s,1,0.47
TdTc9d8c,1,0.47
TsTd9d8s,1,0.47
ThTd9d8h,1,0.47
TsTc9c8s,1,0.47
ThTc9c8h,1,0.47
TdTc9c8d,1,0.47
TsTh9s7h,1,0.32
TsTd9s7d,1,0.32
TsTc9s7c,1,0.32
ThTd9h7d,1,0.32
ThTc9h7c,1,0.32
TsTh9h7s,1,0.32
TdTc9d7c,1,0.32
TsTd9d7s,1,0.32
ThTd9d7h,1,0.32
TsTc9c7s,1,0.32
ThTc9c7h,1,0.32
TdTc9c7d,1,0.32
TsTh9s6h,1,0.11
TsTd9s6d,1,0.11
TsTc9s6c,1,0.11
ThTd9h6d,1,0.11
ThTc9h6c,1,0.11
TsTh9h6s,1,0.11
TdTc9d6c,1,0.11
TsTd9d6s,1,0.11
ThTd9d6h,1,0.11
TsTc9c6s,1,0.11
ThTc9c6h,1,0.11
TdTc9c6d,1,0.11
TsTh9s9d,1,0.83
TsTh9s9c,1,0.83
TsTd9s9c,1,0.83
TsTd9s9h,1,0.83
TsTc9s9h,1,0.83
TsTc9s9d,1,0.83
ThTd9h9c,1,0.83
ThTd9s9h,1,0.83
ThTc9h9d,1,0.83
ThTc9s9h,1,0.83
TsTh9h9c,1,0.83
TsTh9h9d,1,0.83
TdTc9h9d,1,0.83
TdTc9s9d,1,0.83
TsTd9d9c,1,0.83
TsTd9h9d,1,0.83
ThTd9d9c,1,0.83
ThTd9s9d,1,0.83
TsTc9h9c,1,0.83
TsTc9d9c,1,0.83
ThTc9d9c,1,0.83
ThTc9s9c,1,0.83
TdTc9s9c,1,0.83
TdTc9h9c,1,0.83
TsTh9s8d,1,0.1
TsTh9s8c,1,0.1
TsTd9s8c,1,0.1
TsTd9s8h,1,0.1
TsTc9s8h,1,0.1
TsTc9s8d,1,0.1
ThTd9h8c,1,0.1
ThTd9h8s,1,0.1
ThTc9h8d,1,0.1
ThTc9h8s,1,0.1
TsTh9h8c,1,0.1
TsTh9h8d,1,0.1
TdTc9d8h,1,0.1
TdTc9d8s,1,0.1
TsTd9d8c,1,0.1
TsTd9d8h,1,0.1
ThTd9d8c,1,0.1
ThTd9d8s,1,0.1
TsTc9c8h,1,0.1
TsTc9c8d,1,0.1
ThTc9c8d,1,0.1
ThTc9c8s,1,0.1
TdTc9c8s,1,0.1
TdTc9c8h,1,0.1
TsTh8s8h,1,1.07
TsTd8s8d,1,1.07
TsTc8s8c,1,1.07
ThTd8h8d,1,1.07
ThTc8h8c,1,1.07
TdTc8d8c,1,1.07
TsTh8s7h,1,0.35
TsTd8s7d,1,0.35
TsTc8s7c,1,0.35
ThTd8h7d,1,0.35
ThTc8h7c,1,0.35
TsTh8h7s,1,0.35
TdTc8d7c,1,0.35
TsTd8d7s,1,0.35
ThTd8d7h,1,0.35
TsTc8c7s,1,0.35
ThTc8c7h,1,0.35
TdTc8c7d,1,0.35
TsTh8s6h,1,0.18
TsTd8s6d,1,0.18
TsTc8s6c,1,0.18
ThTd8h6d,1,0.18
ThTc8h6c,1,0.18
TsTh8h6s,1,0.18
TdTc8d6c,1,0.18
TsTd8d6s,1,0.18
ThTd8d6h,1,0.18
TsTc8c6s,1,0.18
ThTc8c6h,1,0.18
TdTc8c6d,1,0.18
TsTh8s8d,1,0.63
TsTh8s8c,1,0.63
TsTd8s8c,1,0.63
TsTd8s8h,1,0.63
TsTc8s8h,1,0.63
TsTc8s8d,1,0.63
ThTd8h8c,1,0.63
ThTd8s8h,1,0.63
ThTc8h8d,1,0.63
ThTc8s8h,1,0.63
TsTh8h8c,1,0.63
TsTh8h8d,1,0.63
TdTc8h8d,1,0.63
TdTc8s8d,1,0.63
TsTd8d8c,1,0.63
TsTd8h8d,1,0.63
ThTd8d8c,1,0.63
ThTd8s8d,1,0.63
TsTc8h8c,1,0.63
TsTc8d8c,1,0.63
ThTc8d8c,1,0.63
ThTc8s8c,1,0.63
TdTc8s8c,1,0.63
TdTc8h8c,1,0.63
TsTh8s7d,1,0.01
TsTh8s7c,1,0.01
TsTd8s7c,1,0.01
TsTd8s7h,1,0.01
TsTc8s7h,1,0.01
TsTc8s7d,1,0.01
ThTd8h7c,1,0.01
ThTd8h7s,1,0.01
ThTc8h7d,1,0.01
ThTc8h7s,1,0.01
TsTh8h7c,1,0.01
TsTh8h7d,1,0.01
TdTc8d7h,1,0.01
TdTc8d7s,1,0.01
TsTd8d7c,1,0.01
TsTd8d7h,1,0.01
ThTd8d7c,1,0.01
ThTd8d7s,1,0.01
TsTc8c7h,1,0.01
TsTc8c7d,1,0.01
ThTc8c7d,1,0.01
ThTc8c7s,1,0.01
TdTc8c7s,1,0.01
TdTc8c7h,1,0.01
TsTh7s7h,1,0.74
TsTd7s7d,1,0.74
TsTc7s7c,1,0.74
ThTd7h7d,1,0.74
ThTc7h7c,1,0.74
TdTc7d7c,1,0.74
TsTh7s6h,1,0.17
TsTd7s6d,1,0.17
TsTc7s6c,1,0.17
ThTd7h6d,1,0.17
ThTc7h6c,1,0.17
TsTh7h6s,1,0.17
TdTc7d6c,1,0.17
TsTd7d6s,1,0.17
ThTd7d6h,1,0.17
TsTc7c6s,1,0.17
ThTc7c6h,1,0.17
TdTc7c6d,1,0.17
TsTh7s7d,1,0.37
TsTh7s7c,1,0.37
TsTd7s7c,1,0.37
TsTd7s7h,1,0.37
TsTc7s7h,1,0.37
TsTc7s7d,1,0.37
ThTd7h7c,1,0.37
ThTd7s7h,1,0.37
ThTc7h7d,1,0.37
ThTc7s7h,1,0.37
TsTh7h7c,1,0.37
TsTh7h7d,1,0.37
TdTc7h7d,1,0.37
TdTc7s7d,1,0.37
TsTd7d7c,1,0.37
TsTd7h7d,1,0.37
ThTd7d7c,1,0.37
ThTd7s7d,1,0.37
TsTc7h7c,1,0.37
TsTc7d7c,1,0.37
ThTc7d7c,1,0.37
ThTc7s7c,1,0.37
TdTc7s7c,1,0.37
TdTc7h7c,1,0.37
TsTh6s6h,1,0.44
TsTd6s6d,1,0.44
TsTc6s6c,1,0.44
ThTd6h6d,1,0.44
ThTc6h6c,1,0.44
TdTc6d6c,1,0.44
TsTh6s6d,1,0.13
TsTh6s6c,1,0.13
TsTd6s6c,1,0.13
TsTd6s6h,1,0.13
TsTc6s6h,1,0.13
TsTc6s6d,1,0.13
ThTd6h6c,1,0.13
ThTd6s6h,1,0.13
ThTc6h6d,1,0.13
ThTc6s6h,1,0.13
TsTh6h6c,1,0.13
TsTh6h6d,1,0.13
TdTc6h6d,1,0.13
TdTc6s6d,1,0.13
TsTd6d6c,1,0.13
TsTd6h6d,1,0.13
ThTd6d6c,1,0.13
ThTd6s6d,1,0.13
TsTc6h6c,1,0.13
TsTc6d6c,1,0.13
ThTc6d6c,1,0.13
ThTc6s6c,1,0.13
TdTc6s6c,1,0.13
TdTc6h6c,1,0.13
TsTh5s5h,1,0.17
TsTd5s5d,1,0.17
TsTc5s5c,1,0.17
ThTd5h5d,1,0.17
ThTc5h5c,1,0.17
TdTc5d5c,1,0.17
TsTh4s4h,1,0.26
TsTd4s4d,1,0.26
TsTc4s4c,1,0.26
ThTd4h4d,1,0.26
ThTc4h4c,1,0.26
TdTc4d4c,1,0.26
TsTh3s3h,1,0.32
TsTd3s3d,1,0.32
TsTc3s3c,1,0.32
ThTd3h3d,1,0.32
ThTc3h3c,1,0.32
TdTc3d3c,1,0.32
TsTh2s2h,1,0.38
TsTd2s2d,1,0.38
TsTc2s2c,1,0.38
ThTd2h2d,1,0.38
ThTc2h2c,1,0.38
TdTc2d2c,1,0.38
TsTh2s2d,1,0.06
TsTh2s2c,1,0.06
TsTd2s2c,1,0.06
TsTd2s2h,1,0.06
TsTc2s2h,1,0.06
TsTc2s2d,1,0.06
ThTd2h2c,1,0.06
ThTd2s2h,1,0.06
ThTc2h2d,1,0.06
ThTc2s2h,1,0.06
TsTh2h2c,1,0.06
TsTh2h2d,1,0.06
TdTc2h2d,1,0.06
TdTc2s2d,1,0.06
TsTd2d2c,1,0.06
TsTd2h2d,1,0.06
ThTd2d2c,1,0.06
ThTd2s2d,1,0.06
TsTc2h2c,1,0.06
TsTc2d2c,1,0.06
ThTc2d2c,1,0.06
ThTc2s2c,1,0.06
TdTc2s2c,1,0.06
TdTc2h2c,1,0.06
TsTh9d8s,1,0.08
TsTh9c8s,1,0.08
TsTd9c8s,1,0.08
TsTd9h8s,1,0.08
TsTc9h8s,1,0.08
TsTc9d8s,1,0.08
ThTd9c8h,1,0.08
ThTd9s8h,1,0.08
ThTc9d8h,1,0.08
ThTc9s8h,1,0.08
TsTh9c8h,1,0.08
TsTh9d8h,1,0.08
TdTc9h8d,1,0.08
TdTc9s8d,1,0.08
TsTd9c8d,1,0.08
TsTd9h8d,1,0.08
ThTd9c8d,1,0.08
ThTd9s8d,1,0.08
TsTc9h8c,1,0.08
TsTc9d8c,1,0.08
ThTc9d8c,1,0.08
ThTc9s8c,1,0.08
TdTc9s8c,1,0.08
TdTc9h8c,1,0.08
TsTh9d8d,1,0.06
TsTh9c8c,1,0.06
TsTd9c8c,1,0.06
TsTd9h8h,1,0.06
TsTc9h8h,1,0.06
TsTc9d8d,1,0.06
ThTd9c8c,1,0.06
ThTd9s8s,1,0.06
ThTc9d8d,1,0.06
ThTc9s8s,1,0.06
TdTc9h8h,1,0.06
TdTc9s8s,1,0.06
TsTh9d9c,1,0.4
TsTd9h9c,1,0.4
TsTc9h9d,1,0.4
ThTd9s9c,1,0.4
ThTc9s9d,1,0.4
TdTc9s9h,1,0.4
TsTh8d7s,0.987,0
TsTh8c7s,0.987,0
TsTd8c7s,0.987,0
TsTd8h7s,0.987,0
TsTc8h7s,0.987,0
TsTc8d7s,0.987,0
ThTd8c7h,0.987,0
ThTd8s7h,0.987,0
ThTc8d7h,0.987,0
ThTc8s7h,0.987,0
TsTh8c7h,0.987,0
TsTh8d7h,0.987,0
TdTc8h7d,0.987,0
TdTc8s7d,0.987,0
TsTd8c7d,0.987,0
TsTd8h7d,0.987,0
ThTd8c7d,0.987,0
ThTd8s7d,0.987,0
TsTc8h7c,0.987,0
TsTc8d7c,0.987,0
ThTc8d7c,0.987,0
ThTc8s7c,0.987,0
TdTc8s7c,0.987,0
TdTc8h7c,0.987,0
TsTh8d8c,1,0.26
TsTd8h8c,1,0.26
TsTc8h8d,1,0.26
ThTd8s8c,1,0.26
ThTc8s8d,1,0.26
TdTc8s8h,1,0.26
TsTh7d7c,1,0.04
TsTd7h7c,1,0.04
TsTc7h7d,1,0.04
ThTd7s7c,1,0.04
ThTc7s7d,1,0.04
TdTc7s7h,1,0.04
Ts9h8s8h,1,0.35
Ts9d8s8d,1,0.35
Ts9c8s8c,1,0.35
Th9d8h8d,1,0.35
Th9c8h8c,1,0.35
Th9s8s8h,1,0.35
Td9c8d8c,1,0.35
Td9s8s8d,1,0.35
Td9h8h8d,1,0.35
Tc9s8s8c,1,0.35
Tc9h8h8c,1,0.35
Tc9d8d8c,1,0.35
Ts9h8s7h,1,0.48
Ts9d8s7d,1,0.48
Ts9c8s7c,1,0.48
Th9d8h7d,1,0.48
Th9c8h7c,1,0.48
Th9s8h7s,1,0.48
Td9c8d7c,1,0.48
Td9s8d7s,1,0.48
Td9h8d7h,1,0.48
Tc9s8c7s,1,0.48
Tc9h8c7h,1,0.48
Tc9d8c7d,1,0.48
Ts9h8s6h,1,0.32
Ts9d8s6d,1,0.32
Ts9c8s6c,1,0.32
Th9d8h6d,1,0.32
Th9c8h6c,1,0.32
Th9s8h6s,1,0.32
Td9c8d6c,1,0.32
Td9s8d6s,1,0.32
Td9h8d6h,1,0.32
Tc9s8c6s,1,0.32
Tc9h8c6h,1,0.32
Tc9d8c6d,1,0.32
Ts9h8s8d,1,0.02
Ts9h8s8c,1,0.02
Ts9d8s8c,1,0.02
Ts9d8s8h,1,0.02
Ts9c8s8h,1,0.02
Ts9c8s8d,1,0.02
Th9d8h8c,1,0.02
Th9d8s8h,1,0.02
Th9c8h8d,1,0.02
Th9c8s8h,1,0.02
Th9s8h8c,1,0.02
Th9s8h8d,1,0.02
Td9c8h8d,1,0.02
Td9c8s8d,1,0.02
Td9s8d8c,1,0.02
Td9s8h8d,1,0.02
Td9h8d8c,1,0.02
Td9h8s8d,1,0.02
Tc9s8h8c,1,0.02
Tc9s8d8c,1,0.02
Tc9h8d8c,1,0.02
Tc9h8s8c,1,0.02
Tc9d8s8c,1,0.02
Tc9d8h8c,1,0.02
Ts9h8s7d,1,0.12
Ts9h8s7c,1,0.12
Ts9d8s7c,1,0.12
Ts9d8s7h,1,0.12
Ts9c8s7h,1,0.12
Ts9c8s7d,1,0.12
Th9d8h7c,1,0.12
Th9d8h7s,1,0.12
Th9c8h7d,1,0.12
Th9c8h7s,1,0.12
Th9s8h7c,1,0.12
Th9s8h7d,1,0.12
Td9c8d7h,1,0.12
Td9c8d7s,1,0.12
Td9s8d7c,1,0.12
Td9s8d7h,1,0.12
Td9h8d7c,1,0.12
Td9h8d7s,1,0.12
Tc9s8c7h,1,0.12
Tc9s8c7d,1,0.12
Tc9h8c7d,1,0.12
Tc9h8c7s,1,0.12
Tc9d8c7s,1,0.12
Tc9d8c7h,1,0.12
Ts9h7s7h,1,0.13
Ts9d7s7d,1,0.13
Ts9c7s7c,1,0.13
Th9d7h7d,1,0.13
Th9c7h7c,1,0.13
Th9s7s7h,1,0.13
Td9c7d7c,1,0.13
Td9s7s7d,1,0.13
Td9h7h7d,1,0.13
Tc9s7s7c,1,0.13
Tc9h7h7c,1,0.13
Tc9d7d7c,1,0.13
Ts9h7s6h,1,0.5
Ts9d7s6d,1,0.5
Ts9c7s6c,1,0.5
Th9d7h6d,1,0.5
Th9c7h6c,1,0.5
Th9s7h6s,1,0.5
Td9c7d6c,1,0.5
Td9s7d6s,1,0.5
Td9h7d6h,1,0.5
Tc9s7c6s,1,0.5
Tc9h7c6h,1,0.5
Tc9d7c6d,1,0.5
Ts9h8h7s,1,0.48
Ts9d8d7s,1,0.48
Ts9c8c7s,1,0.48
Th9d8d7h,1,0.48
Th9c8c7h,1,0.48
Th9s8s7h,1,0.48
Td9c8c7d,1,0.48
Td9s8s7d,1,0.48
Td9h8h7d,1,0.48
Tc9s8s7c,1,0.48
Tc9h8h7c,1,0.48
Tc9d8d7c,1,0.48
Ts9h8h6s,1,0.33
Ts9d8d6s,1,0.33
Ts9c8c6s,1,0.33
Th9d8d6h,1,0.33
Th9c8c6h,1,0.33
Th9s8s6h,1,0.33
Td9c8c6d,1,0.33
Td9s8s6d,1,0.33
Td9h8h6d,1,0.33
Tc9s8s6c,1,0.33
Tc9h8h6c,1,0.33
Tc9d8d6c,1,0.33
Ts9h8h8d,1,0
Ts9h8h8c,1,0
Ts9d8d8c,1,0
Ts9d8h8d,1,0
Ts9c8h8c,1,0
Ts9c8d8c,1,0
Th9d8d8c,1,0
Th9d8s8d,1,0
Th9c8d8c,1,0
Th9c8s8c,1,0
Th9s8s8c,1,0
Th9s8s8d,1,0
Td9c8h8c,1,0
Td9c8s8c,1,0
Td9s8s8c,1,0
Td9s8s8h,1,0
Td9h8h8c,1,0
Td9h8s8h,1,0
Tc9s8s8h,1,0
Tc9s8s8d,1,0
Tc9h8h8d,1,0
Tc9h8s8h,1,0
Tc9d8s8d,1,0
Tc9d8h8d,1,0
Ts9h8h7d,1,0.1
Ts9h8h7c,1,0.1
Ts9d8d7c,1,0.1
Ts9d8d7h,1,0.1
Ts9c8c7h,1,0.1
Ts9c8c7d,1,0.1
Th9d8d7c,1,0.1
Th9d8d7s,1,0.1
Th9c8c7d,1,0.1
Th9c8c7s,1,0.1
Th9s8s7c,1,0.1
Th9s8s7d,1,0.1
Td9c8c7h,1,0.1
Td9c8c7s,1,0.1
Td9s8s7c,1,0.1
Td9s8s7h,1,0.1
Td9h8h7c,1,0.1
Td9h8h7s,1,0.1
Tc9s8s7h,1,0.1
Tc9s8s7d,1,0.1
Tc9h8h7d,1,0.1
Tc9h8h7s,1,0.1
Tc9d8d7s,1,0.1
Tc9d8d7h,1,0.1
Ts9h7h6s,1,0.5
Ts9d7d6s,1,0.5
Ts9c7c6s,1,0.5
Th9d7d6h,1,0.5
Th9c7c6h,1,0.5
Th9s7s6h,1,0.5
Td9c7c6d,1,0.5
Td9s7s6d,1,0.5
Td9h7h6d,1,0.5
Tc9s7s6c,1,0.5
Tc9h7h6c,1,0.5
Tc9d7d6c,1,0.5
Ts9h9d8s,1,0.02
Ts9h9c8s,1,0.02
Ts9d9c8s,1,0.02
Th9d9c8h,1,0.02
Th9s9d8h,1,0.02
Th9s9c8h,1,0.02
Td9h9c8d,1,0.02
Td9s9c8d,1,0.02
Td9s9h8d,1,0.02
Tc9s9h8c,1,0.02
Tc9s9d8c,1,0.02
Tc9h9d8c,1,0.02
Ts9h9d8h,1,0.02
Ts9h9c8h,1,0.02
Ts9d9c8d,1,0.02
Ts9h9d8d,1,0.02
Ts9h9c8c,1,0.02
Ts9d9c8c,1,0.02
Th9d9c8d,1,0.02
Th9s9d8d,1,0.02
Th9d9c8c,1,0.02
Th9s9c8c,1,0.02
Th9s9c8s,1,0.02
Th9s9d8s,1,0.02
Td9h9c8c,1,0.02
Td9s9c8c,1,0.02
Td9s9c8s,1,0.02
Td9s9h8s,1,0.02
Td9h9c8h,1,0.02
Td9s9h8h,1,0.02
Tc9s9h8s,1,0.02
Tc9s9d8s,1,0.02
Tc9h9d8h,1,0.02
Tc9s9h8h,1,0.02
Tc9s9d8d,1,0.02
Tc9h9d8d,1,0.02
Ts9h8d7s,1,0.1
Ts9h8c7s,1,0.1
Ts9d8c7s,1,0.1
Ts9d8h7s,1,0.1
Ts9c8h7s,1,0.1
Ts9c8d7s,1,0.1
Th9d8c7h,1,0.1
Th9d8s7h,1,0.1
Th9c8d7h,1,0.1
Th9c8s7h,1,0.1
Th9s8c7h,1,0.1
Th9s8d7h,1,0.1
Td9c8h7d,1,0.1
Td9c8s7d,1,0.1
Td9s8c7d,1,0.1
Td9s8h7d,1,0.1
Td9h8c7d,1,0.1
Td9h8s7d,1,0.1
Tc9s8h7c,1,0.1
Tc9s8d7c,1,0.1
Tc9h8d7c,1,0.1
Tc9h8s7c,1,0.1
Tc9d8s7c,1,0.1
Tc9d8h7c,1,0.1
Ts9h8d7h,1,0.09
Ts9h8c7h,1,0.09
Ts9d8c7d,1,0.09
Ts9d8h7d,1,0.09
Ts9c8h7c,1,0.09
Ts9c8d7c,1,0.09
Th9d8c7d,1,0.09
Th9d8s7d,1,0.09
Th9c8d7c,1,0.09
Th9c8s7c,1,0.09
Th9s8c7s,1,0.09
Th9s8d7s,1,0.09
Td9c8h7c,1,0.09
Td9c8s7c,1,0.09
Td9s8c7s,1,0.09
Td9s8h7s,1,0.09
Td9h8c7h,1,0.09
Td9h8s7h,1,0.09
Tc9s8h7s,1,0.09
Tc9s8d7s,1,0.09
Tc9h8d7h,1,0.09
Tc9h8s7h,1,0.09
Tc9d8s7d,1,0.09
Tc9d8h7d,1,0.09
Ts9h8d7d,1,0.08
Ts9h8c7c,1,0.08
Ts9d8c7c,1,0.08
Ts9d8h7h,1,0.08
Ts9c8h7h,1,0.08
Ts9c8d7d,1,0.08
Th9d8c7c,1,0.08
Th9d8s7s,1,0.08
Th9c8d7d,1,0.08
Th9c8s7s,1,0.08
Th9s8c7c,1,0.08
Th9s8d7d,1,0.08
Td9c8h7h,1,0.08
Td9c8s7s,1,0.08
Td9s8c7c,1,0.08
Td9s8h7h,1,0.08
Td9h8c7c,1,0.08
Td9h8s7s,1,0.08
Tc9s8h7h,1,0.08
Tc9s8d7d,1,0.08
Tc9h8d7d,1,0.08
Tc9h8s7s,1,0.08
Tc9d8s7s,1,0.08
Tc9d8h7h,1,0.08
Ts8h7s7h,1,0.19
Ts8d7s7d,1,0.19
Ts8c7s7c,1,0.19
Th8d7h7d,1,0.19
Th8c7h7c,1,0.19
Th8s7s7h,1,0.19
Td8c7d7c,1,0.19
Td8s7s7d,1,0.19
Td8h7h7d,1,0.19
Tc8s7s7c,1,0.19
Tc8h7h7c,1,0.19
Tc8d7d7c,1,0.19
Ts8h7s6h,1,0.41
Ts8d7s6d,1,0.41
Ts8c7s6c,1,0.41
Th8d7h6d,1,0.41
Th8c7h6c,1,0.41
Th8s7h6s,1,0.41
Td8c7d6c,1,0.41
Td8s7d6s,1,0.41
Td8h7d6h,1,0.41
Tc8s7c6s,1,0.41
Tc8h7c6h,1,0.41
Tc8d7c6d,1,0.41
Ts8h7s5h,1,0.01
Ts8d7s5d,1,0.01
Ts8c7s5c,1,0.01
Th8d7h5d,1,0.01
Th8c7h5c,1,0.01
Th8s7h5s,1,0.01
Td8c7d5c,1,0.01
Td8s7d5s,1,0.01
Td8h7d5h,1,0.01
Tc8s7c5s,1,0.01
Tc8h7c5h,1,0.01
Tc8d7c5d,1,0.01
Ts8h7s6d,1,0.05
Ts8h7s6c,1,0.05
Ts8d7s6c,1,0.05
Ts8d7s6h,1,0.05
Ts8c7s6h,1,0.05
Ts8c7s6d,1,0.05
Th8d7h6c,1,0.05
Th8d7h6s,1,0.05
Th8c7h6d,1,0.05
Th8c7h6s,1,0.05
Th8s7h6c,1,0.05
Th8s7h6d,1,0.05
Td8c7d6h,1,0.05
Td8c7d6s,1,0.05
Td8s7d6c,1,0.05
Td8s7d6h,1,0.05
Td8h7d6c,1,0.05
Td8h7d6s,1,0.05
Tc8s7c6h,1,0.05
Tc8s7c6d,1,0.05
Tc8h7c6d,1,0.05
Tc8h7c6s,1,0.05
Tc8d7c6s,1,0.05
Tc8d7c6h,1,0.05
Ts8h6s5h,1,0.09
Ts8d6s5d,1,0.09
Ts8c6s5c,1,0.09
Th8d6h5d,1,0.09
Th8c6h5c,1,0.09
Th8s6h5s,1,0.09
Td8c6d5c,1,0.09
Td8s6d5s,1,0.09
Td8h6d5h,1,0.09
Tc8s6c5s,1,0.09
Tc8h6c5h,1,0.09
Tc8d6c5d,1,0.09
Ts8h6s4h,1,0.01
Ts8d6s4d,1,0.01
Ts8c6s4c,1,0.01
Th8d6h4d,1,0.01
Th8c6h4c,1,0.01
Th8s6h4s,1,0.01
Td8c6d4c,1,0.01
Td8s6d4s,1,0.01
Td8h6d4h,1,0.01
Tc8s6c4s,1,0.01
Tc8h6c4h,1,0.01
Tc8d6c4d,1,0.01
Ts8h7h6s,1,0.41
Ts8d7d6s,1,0.41
Ts8c7c6s,1,0.41
Th8d7d6h,1,0.41
Th8c7c6h,1,0.41
Th8s7s6h,1,0.41
Td8c7c6d,1,0.41
Td8s7s6d,1,0.41
Td8h7h6d,1,0.41
Tc8s7s6c,1,0.41
Tc8h7h6c,1,0.41
Tc8d7d6c,1,0.41
Ts8h7h5s,1,0.02
Ts8d7d5s,1,0.02
Ts8c7c5s,1,0.02
Th8d7d5h,1,0.02
Th8c7c5h,1,0.02
Th8s7s5h,1,0.02
Td8c7c5d,1,0.02
Td8s7s5d,1,0.02
Td8h7h5d,1,0.02
Tc8s7s5c,1,0.02
Tc8h7h5c,1,0.02
Tc8d7d5c,1,0.02
Ts8h7h6d,1,0.03
Ts8h7h6c,1,0.03
Ts8d7d6c,1,0.03
Ts8d7d6h,1,0.03
Ts8c7c6h,1,0.03
Ts8c7c6d,1,0.03
Th8d7d6c,1,0.03
Th8d7d6s,1,0.03
Th8c7c6d,1,0.03
Th8c7c6s,1,0.03
Th8s7s6c,1,0.03
Th8s7s6d,1,0.03
Td8c7c6h,1,0.03
Td8c7c6s,1,0.03
Td8s7s6c,1,0.03
Td8s7s6h,1,0.03
Td8h7h6c,1,0.03
Td8h7h6s,1,0.03
Tc8s7s6h,1,0.03
Tc8s7s6d,1,0.03
Tc8h7h6d,1,0.03
Tc8h7h6s,1,0.03
Tc8d7d6s,1,0.03
Tc8d7d6h,1,0.03
Ts8h6h5s,1,0.09
Ts8d6d5s,1,0.09
Ts8c6c5s,1,0.09
Th8d6d5h,1,0.09
Th8c6c5h,1,0.09
Th8s6s5h,1,0.09
Td8c6c5d,1,0.09
Td8s6s5d,1,0.09
Td8h6h5d,1,0.09
Tc8s6s5c,1,0.09
Tc8h6h5c,1,0.09
Tc8d6d5c,1,0.09
Ts8h6h4s,1,0.03
Ts8d6d4s,1,0.03
Ts8c6c4s,1,0.03
Th8d6d4h,1,0.03
Th8c6c4h,1,0.03
Th8s6s4h,1,0.03
Td8c6c4d,1,0.03
Td8s6s4d,1,0.03
Td8h6h4d,1,0.03
Tc8s6s4c,1,0.03
Tc8h6h4c,1,0.03
Tc8d6d4c,1,0.03
Ts8h7d6s,1,0.03
Ts8h7c6s,1,0.03
Ts8d7c6s,1,0.03
Ts8d7h6s,1,0.03
Ts8c7h6s,1,0.03
Ts8c7d6s,1,0.03
Th8d7c6h,1,0.03
Th8d7s6h,1,0.03
Th8c7d6h,1,0.03
Th8c7s6h,1,0.03
Th8s7c6h,1,0.03
Th8s7d6h,1,0.03
Td8c7h6d,1,0.03
Td8c7s6d,1,0.03
Td8s7c6d,1,0.03
Td8s7h6d,1,0.03
Td8h7c6d,1,0.03
Td8h7s6d,1,0.03
Tc8s7h6c,1,0.03
Tc8s7d6c,1,0.03
Tc8h7d6c,1,0.03
Tc8h7s6c,1,0.03
Tc8d7s6c,1,0.03
Tc8d7h6c,1,0.03
Ts8h7d6h,1,0.02
Ts8h7c6h,1,0.02
Ts8d7c6d,1,0.02
Ts8d7h6d,1,0.02
Ts8c7h6c,1,0.02
Ts8c7d6c,1,0.02
Th8d7c6d,1,0.02
Th8d7s6d,1,0.02
Th8c7d6c,1,0.02
Th8c7s6c,1,0.02
Th8s7c6s,1,0.02
Th8s7d6s,1,0.02
Td8c7h6c,1,0.02
Td8c7s6c,1,0.02
Td8s7c6s,1,0.02
Td8s7h6s,1,0.02
Td8h7c6h,1,0.02
Td8h7s6h,1,0.02
Tc8s7h6s,1,0.02
Tc8s7d6s,1,0.02
Tc8h7d6h,1,0.02
Tc8h7s6h,1,0.02
Tc8d7s6d,1,0.02
Tc8d7h6d,1,0.02
Ts8h7d6d,1,0.01
Ts8h7c6c,1,0.01
Ts8d7c6c,1,0.01
Ts8d7h6h,1,0.01
Ts8c7h6h,1,0.01
Ts8c7d6d,1,0.01
Th8d7c6c,1,0.01
Th8d7s6s,1,0.01
Th8c7d6d,1,0.01
Th8c7s6s,1,0.01
Th8s7c6c,1,0.01
Th8s7d6d,1,0.01
Td8c7h6h,1,0.01
Td8c7s6s,1,0.01
Td8s7c6c,1,0.01
Td8s7h6h,1,0.01
Td8h7c6c,1,0.01
Td8h7s6s,1,0.01
Tc8s7h6h,1,0.01
Tc8s7d6d,1,0.01
Tc8h7d6d,1,0.01
Tc8h7s6s,1,0.01
Tc8d7s6s,1,0.01
Tc8d7h6h,1,0.01
Ts7h6s5h,1,0.07
Ts7d6s5d,1,0.07
Ts7c6s5c,1,0.07
Th7d6h5d,1,0.07
Th7c6h5c,1,0.07
Th7s6h5s,1,0.07
Td7c6d5c,1,0.07
Td7s6d5s,1,0.07
Td7h6d5h,1,0.07
Tc7s6c5s,1,0.07
Tc7h6c5h,1,0.07
Tc7d6c5d,1,0.07
Ts7h6s4h,1,0.02
Ts7d6s4d,1,0.02
Ts7c6s4c,1,0.02
Th7d6h4d,1,0.02
Th7c6h4c,1,0.02
Th7s6h4s,1,0.02
Td7c6d4c,1,0.02
Td7s6d4s,1,0.02
Td7h6d4h,1,0.02
Tc7s6c4s,1,0.02
Tc7h6c4h,1,0.02
Tc7d6c4d,1,0.02
Ts7h6h5s,1,0.07
Ts7d6d5s,1,0.07
Ts7c6c5s,1,0.07
Th7d6d5h,1,0.07
Th7c6c5h,1,0.07
Th7s6s5h,1,0.07
Td7c6c5d,1,0.07
Td7s6s5d,1,0.07
Td7h6h5d,1,0.07
Tc7s6s5c,1,0.07
Tc7h6h5c,1,0.07
Tc7d6d5c,1,0.07
Ts7h6h4s,1,0.04
Ts7d6d4s,1,0.04
Ts7c6c4s,1,0.04
Th7d6d4h,1,0.04
Th7c6c4h,1,0.04
Th7s6s4h,1,0.04
Td7c6c4d,1,0.04
Td7s6s4d,1,0.04
Td7h6h4d,1,0.04
Tc7s6s4c,1,0.04
Tc7h6h4c,1,0.04
Tc7d6d4c,1,0.04
9s8s8h7h,1,0.32
9s8s8d7d,1,0.32
9s8s8c7c,1,0.32
9h8h8d7d,1,0.32
9h8h8c7c,1,0.32
9h8s8h7s,1,0.32
9d8d8c7c,1,0.32
9d8s8d7s,1,0.32
9d8h8d7h,1,0.32
9c8s8c7s,1,0.32
9c8h8c7h,1,0.32
9c8d8c7d,1,0.32
9s8s8h6h,1,0.2
9s8s8d6d,1,0.2
9s8s8c6c,1,0.2
9h8h8d6d,1,0.2
9h8h8c6c,1,0.2
9h8s8h6s,1,0.2
9d8d8c6c,1,0.2
9d8s8d6s,1,0.2
9d8h8d6h,1,0.2
9c8s8c6s,1,0.2
9c8h8c6h,1,0.2
9c8d8c6d,1,0.2
9s8s7h6h,1,0.43
9s8s7d6d,1,0.43
9s8s7c6c,1,0.43
9h8h7d6d,1,0.43
9h8h7c6c,1,0.43
9h8h7s6s,1,0.43
9d8d7c6c,1,0.43
9d8d7s6s,1,0.43
9d8d7h6h,1,0.43
9c8c7s6s,1,0.43
9c8c7h6h,1,0.43
9c8c7d6d,1,0.43
9s8s7h5h,1,0.22
9s8s7d5d,1,0.22
9s8s7c5c,1,0.22
9h8h7d5d,1,0.22
9h8h7c5c,1,0.22
9h8h7s5s,1,0.22
9d8d7c5c,1,0.22
9d8d7s5s,1,0.22
9d8d7h5h,1,0.22
9c8c7s5s,1,0.22
9c8c7h5h,1,0.22
9c8c7d5d,1,0.22
9s8s7h6d,1,0.08
9s8s7h6c,1,0.08
9s8s7d6c,1,0.08
9s8s7d6h,1,0.08
9s8s7c6h,1,0.08
9s8s7c6d,1,0.08
9h8h7d6c,1,0.08
9h8h7d6s,1,0.08
9h8h7c6d,1,0.08
9h8h7c6s,1,0.08
9h8h7s6c,1,0.08
9h8h7s6d,1,0.08
9d8d7c6h,1,0.08
9d8d7c6s,1,0.08
9d8d7s6c,1,0.08
9d8d7s6h,1,0.08
9d8d7h6c,1,0.08
9d8d7h6s,1,0.08
9c8c7s6h,1,0.08
9c8c7s6d,1,0.08
9c8c7h6d,1,0.08
9c8c7h6s,1,0.08
9c8c7d6s,1,0.08
9c8c7d6h,1,0.08
9s8s6h5h,1,0.35
9s8s6d5d,1,0.35
9s8s6c5c,1,0.35
9h8h6d5d,1,0.35
9h8h6c5c,1,0.35
9h8h6s5s,1,0.35
9d8d6c5c,1,0.35
9d8d6s5s,1,0.35
9d8d6h5h,1,0.35
9c8c6s5s,1,0.35
9c8c6h5h,1,0.35
9c8c6d5d,1,0.35
9s7s7h6h,1,0.18
9s7s7d6d,1,0.18
9s7s7c6c,1,0.18
9h7h7d6d,1,0.18
9h7h7c6c,1,0.18
9h7s7h6s,1,0.18
9d7d7c6c,1,0.18
9d7s7d6s,1,0.18
9d7h7d6h,1,0.18
9c7s7c6s,1,0.18
9c7h7c6h,1,0.18
9c7d7c6d,1,0.18
9s7s7h5h,1,0.03
9s7s7d5d,1,0.03
9s7s7c5c,1,0.03
9h7h7d5d,1,0.03
9h7h7c5c,1,0.03
9h7s7h5s,1,0.03
9d7d7c5c,1,0.03
9d7s7d5s,1,0.03
9d7h7d5h,1,0.03
9c7s7c5s,1,0.03
9c7h7c5h,1,0.03
9c7d7c5d,1,0.03
9s7s6h5h,1,0.39
9s7s6d5d,1,0.39
9s7s6c5c,1,0.39
9h7h6d5d,1,0.39
9h7h6c5c,1,0.39
9h7h6s5s,1,0.39
9d7d6c5c,1,0.39
9d7d6s5s,1,0.39
9d7d6h5h,1,0.39
9c7c6s5s,1,0.39
9c7c6h5h,1,0.39
9c7c6d5d,1,0.39
9s7s6h4h,1,0
9s7s6d4d,1,0
9s7s6c4c,1,0
9h7h6d4d,1,0
9h7h6c4c,1,0
9h7h6s4s,1,0
9d7d6c4c,1,0
9d7d6s4s,1,0
9d7d6h4h,1,0
9c7c6s4s,1,0
9c7c6h4h,1,0
9c7c6d4d,1,0
9s7s6h5d,1,0.03
9s7s6h5c,1,0.03
9s7s6d5c,1,0.03
9s7s6d5h,1,0.03
9s7s6c5h,1,0.03
9s7s6c5d,1,0.03
9h7h6d5c,1,0.03
9h7h6d5s,1,0.03
9h7h6c5d,1,0.03
9h7h6c5s,1,0.03
9h7h6s5c,1,0.03
9h7h6s5d,1,0.03
9d7d6c5h,1,0.03
9d7d6c5s,1,0.03
9d7d6s5c,1,0.03
9d7d6s5h,1,0.03
9d7d6h5c,1,0.03
9d7d6h5s,1,0.03
9c7c6s5h,1,0.03
9c7c6s5d,1,0.03
9c7c6h5d,1,0.03
9c7c6h5s,1,0.03
9c7c6d5s,1,0.03
9c7c6d5h,1,0.03
9s6s6h5h,1,0.03
9s6s6d5d,1,0.03
9s6s6c5c,1,0.03
9h6h6d5d,1,0.03
9h6h6c5c,1,0.03
9h6s6h5s,1,0.03
9d6d6c5c,1,0.03
9d6s6d5s,1,0.03
9d6h6d5h,1,0.03
9c6s6c5s,1,0.03
9c6h6c5h,1,0.03
9c6d6c5d,1,0.03
9s6s5h4h,1,0.03
9s6s5d4d,1,0.03
9s6s5c4c,1,0.03
9h6h5d4d,1,0.03
9h6h5c4c,1,0.03
9h6h5s4s,1,0.03
9d6d5c4c,1,0.03
9d6d5s4s,1,0.03
9d6d5h4h,1,0.03
9c6c5s4s,1,0.03
9c6c5h4h,1,0.03
9c6c5d4d,1,0.03
9s9h8s8h,1,1.12
9s9d8s8d,1,1.12
9s9c8s8c,1,1.12
9h9d8h8d,1,1.12
9h9c8h8c,1,1.12
9d9c8d8c,1,1.12
9s9h8s7h,1,0.28
9s9d8s7d,1,0.28
9s9c8s7c,1,0.28
9h9d8h7d,1,0.28
9h9c8h7c,1,0.28
9s9h8h7s,1,0.28
9d9c8d7c,1,0.28
9s9d8d7s,1,0.28
9h9d8d7h,1,0.28
9s9c8c7s,1,0.28
9h9c8c7h,1,0.28
9d9c8c7d,1,0.28
9s9h8s6h,1,0.17
9s9d8s6d,1,0.17
9s9c8s6c,1,0.17
9h9d8h6d,1,0.17
9h9c8h6c,1,0.17
9s9h8h6s,1,0.17
9d9c8d6c,1,0.17
9s9d8d6s,1,0.17
9h9d8d6h,1,0.17
9s9c8c6s,1,0.17
9h9c8c6h,1,0.17
9d9c8c6d,1,0.17
9s9h8s8d,1,0.67
9s9h8s8c,1,0.67
9s9d8s8c,1,0.67
9s9d8s8h,1,0.67
9s9c8s8h,1,0.67
9s9c8s8d,1,0.67
9h9d8h8c,1,0.67
9h9d8s8h,1,0.67
9h9c8h8d,1,0.67
9h9c8s8h,1,0.67
9s9h8h8c,1,0.67
9s9h8h8d,1,0.67
9d9c8h8d,1,0.67
9d9c8s8d,1,0.67
9s9d8d8c,1,0.67
9s9d8h8d,1,0.67
9h9d8d8c,1,0.67
9h9d8s8d,1,0.67
9s9c8h8c,1,0.67
9s9c8d8c,1,0.67
9h9c8d8c,1,0.67
9h9c8s8c,1,0.67
9d9c8s8c,1,0.67
9d9c8h8c,1,0.67
9s9h7s7h,1,0.89
9s9d7s7d,1,0.89
9s9c7s7c,1,0.89
9h9d7h7d,1,0.89
9h9c7h7c,1,0.89
9d9c7d7c,1,0.89
9s9h7s6h,1,0.26
9s9d7s6d,1,0.26
9s9c7s6c,1,0.26
9h9d7h6d,1,0.26
9h9c7h6c,1,0.26
9s9h7h6s,1,0.26
9d9c7d6c,1,0.26
9s9d7d6s,1,0.26
9h9d7d6h,1,0.26
9s9c7c6s,1,0.26
9h9c7c6h,1,0.26
9d9c7c6d,1,0.26
9s9h7s5h,1,0.08
9s9d7s5d,1,0.08
9s9c7s5c,1,0.08
9h9d7h5d,1,0.08
9h9c7h5c,1,0.08
9s9h7h5s,1,0.08
9d9c7d5c,1,0.08
9s9d7d5s,1,0.08
9h9d7d5h,1,0.08
9s9c7c5s,1,0.08
9h9c7c5h,1,0.08
9d9c7c5d,1,0.08
9s9h7s7d,1,0.48
9s9h7s7c,1,0.48
9s9d7s7c,1,0.48
9s9d7s7h,1,0.48
9s9c7s7h,1,0.48
9s9c7s7d,1,0.48
9h9d7h7c,1,0.48
9h9d7s7h,1,0.48
9h9c7h7d,1,0.48
9h9c7s7h,1,0.48
9s9h7h7c,1,0.48
9s9h7h7d,1,0.48
9d9c7h7d,1,0.48
9d9c7s7d,1,0.48
9s9d7d7c,1,0.48
9s9d7h7d,1,0.48
9h9d7d7c,1,0.48
9h9d7s7d,1,0.48
9s9c7h7c,1,0.48
9s9c7d7c,1,0.48
9h9c7d7c,1,0.48
9h9c7s7c,1,0.48
9d9c7s7c,1,0.48
9d9c7h7c,1,0.48
9s9h6s6h,1,0.57
9s9d6s6d,1,0.57
9s9c6s6c,1,0.57
9h9d6h6d,1,0.57
9h9c6h6c,1,0.57
9d9c6d6c,1,0.57
9s9h6s5h,1,0.09
9s9d6s5d,1,0.09
9s9c6s5c,1,0.09
9h9d6h5d,1,0.09
9h9c6h5c,1,0.09
9s9h6h5s,1,0.09
9d9c6d5c,1,0.09
9s9d6d5s,1,0.09
9h9d6d5h,1,0.09
9s9c6c5s,1,0.09
9h9c6c5h,1,0.09
9d9c6c5d,1,0.09
9s9h6s6d,1,0.24
9s9h6s6c,1,0.24
9s9d6s6c,1,0.24
9s9d6s6h,1,0.24
9s9c6s6h,1,0.24
9s9c6s6d,1,0.24
9h9d6h6c,1,0.24
9h9d6s6h,1,0.24
9h9c6h6d,1,0.24
9h9c6s6h,1,0.24
9s9h6h6c,1,0.24
9s9h6h6d,1,0.24
9d9c6h6d,1,0.24
9d9c6s6d,1,0.24
9s9d6d6c,1,0.24
9s9d6h6d,1,0.24
9h9d6d6c,1,0.24
9h9d6s6d,1,0.24
9s9c6h6c,1,0.24
9s9c6d6c,1,0.24
9h9c6d6c,1,0.24
9h9c6s6c,1,0.24
9d9c6s6c,1,0.24
9d9c6h6c,1,0.24
9s9h5s5h,1,0.26
9s9d5s5d,1,0.26
9s9c5s5c,1,0.26
9h9d5h5d,1,0.26
9h9c5h5c,1,0.26
9d9c5d5c,1,0.26
9s9h4s4h,1,0.03
9s9d4s4d,1,0.03
9s9c4s4c,1,0.03
9h9d4h4d,1,0.03
9h9c4h4c,1,0.03
9d9c4d4c,1,0.03
9s9h3s3h,1,0.14
9s9d3s3d,1,0.14
9s9c3s3c,1,0.14
9h9d3h3d,1,0.14
9h9c3h3c,1,0.14
9d9c3d3c,1,0.14
9s9h2s2h,1,0.25
9s9d2s2d,1,0.25
9s9c2s2c,1,0.25
9h9d2h2d,1,0.25
9h9c2h2c,1,0.25
9d9c2d2c,1,0.25
9s9h8d8c,1,0.28
9s9d8h8c,1,0.28
9s9c8h8d,1,0.28
9h9d8s8c,1,0.28
9h9c8s8d,1,0.28
9d9c8s8h,1,0.28
9s9h7d7c,1,0.13
9s9d7h7c,1,0.13
9s9c7h7d,1,0.13
9h9d7s7c,1,0.13
9h9c7s7d,1,0.13
9d9c7s7h,1,0.13
9s8h7s7h,1,0.23
9s8d7s7d,1,0.23
9s8c7s7c,1,0.23
9h8d7h7d,1,0.23
9h8c7h7c,1,0.23
9h8s7s7h,1,0.23
9d8c7d7c,1,0.23
9d8s7s7d,1,0.23
9d8h7h7d,1,0.23
9c8s7s7c,1,0.23
9c8h7h7c,1,0.23
9c8d7d7c,1,0.23
9s8h7s6h,1,0.42
9s8d7s6d,1,0.42
9s8c7s6c,1,0.42
9h8d7h6d,1,0.42
9h8c7h6c,1,0.42
9h8s7h6s,1,0.42
9d8c7d6c,1,0.42
9d8s7d6s,1,0.42
9d8h7d6h,1,0.42
9c8s7c6s,1,0.42
9c8h7c6h,1,0.42
9c8d7c6d,1,0.42
9s8h7s5h,1,0.21
9s8d7s5d,1,0.21
9s8c7s5c,1,0.21
9h8d7h5d,1,0.21
9h8c7h5c,1,0.21
9h8s7h5s,1,0.21
9d8c7d5c,1,0.21
9d8s7d5s,1,0.21
9d8h7d5h,1,0.21
9c8s7c5s,1,0.21
9c8h7c5h,1,0.21
9c8d7c5d,1,0.21
9s8h7s6d,1,0.06
9s8h7s6c,1,0.06
9s8d7s6c,1,0.06
9s8d7s6h,1,0.06
9s8c7s6h,1,0.06
9s8c7s6d,1,0.06
9h8d7h6c,1,0.06
9h8d7h6s,1,0.06
9h8c7h6d,1,0.06
9h8c7h6s,1,0.06
9h8s7h6c,1,0.06
9h8s7h6d,1,0.06
9d8c7d6h,1,0.06
9d8c7d6s,1,0.06
9d8s7d6c,1,0.06
9d8s7d6h,1,0.06
9d8h7d6c,1,0.06
9d8h7d6s,1,0.06
9c8s7c6h,1,0.06
9c8s7c6d,1,0.06
9c8h7c6d,1,0.06
9c8h7c6s,1,0.06
9c8d7c6s,1,0.06
9c8d7c6h,1,0.06
9s8h6s6h,1,0.02
9s8d6s6d,1,0.02
9s8c6s6c,1,0.02
9h8d6h6d,1,0.02
9h8c6h6c,1,0.02
9h8s6s6h,1,0.02
9d8c6d6c,1,0.02
9d8s6s6d,1,0.02
9d8h6h6d,1,0.02
9c8s6s6c,1,0.02
9c8h6h6c,1,0.02
9c8d6d6c,1,0.02
9s8h6s5h,1,0.34
9s8d6s5d,1,0.34
9s8c6s5c,1,0.34
9h8d6h5d,1,0.34
9h8c6h5c,1,0.34
9h8s6h5s,1,0.34
9d8c6d5c,1,0.34
9d8s6d5s,1,0.34
9d8h6d5h,1,0.34
9c8s6c5s,1,0.34
9c8h6c5h,1,0.34
9c8d6c5d,1,0.34
9s8h7h6s,1,0.42
9s8d7d6s,1,0.42
9s8c7c6s,1,0.42
9h8d7d6h,1,0.42
9h8c7c6h,1,0.42
9h8s7s6h,1,0.42
9d8c7c6d,1,0.42
9d8s7s6d,1,0.42
9d8h7h6d,1,0.42
9c8s7s6c,1,0.42
9c8h7h6c,1,0.42
9c8d7d6c,1,0.42
9s8h7h5s,1,0.22
9s8d7d5s,1,0.22
9s8c7c5s,1,0.22
9h8d7d5h,1,0.22
9h8c7c5h,1,0.22
9h8s7s5h,1,0.22
9d8c7c5d,1,0.22
9d8s7s5d,1,0.22
9d8h7h5d,1,0.22
9c8s7s5c,1,0.22
9c8h7h5c,1,0.22
9c8d7d5c,1,0.22
9s8h7h6d,1,0.06
9s8h7h6c,1,0.06
9s8d7d6c,1,0.06
9s8d7d6h,1,0.06
9s8c7c6h,1,0.06
9s8c7c6d,1,0.06
9h8d7d6c,1,0.06
9h8d7d6s,1,0.06
9h8c7c6d,1,0.06
9h8c7c6s,1,0.06
9h8s7s6c,1,0.06
9h8s7s6d,1,0.06
9d8c7c6h,1,0.06
9d8c7c6s,1,0.06
9d8s7s6c,1,0.06
9d8s7s6h,1,0.06
9d8h7h6c,1,0.06
9d8h7h6s,1,0.06
9c8s7s6h,1,0.06
9c8s7s6d,1,0.06
9c8h7h6d,1,0.06
9c8h7h6s,1,0.06
9c8d7d6s,1,0.06
9c8d7d6h,1,0.06
9s8h6h5s,1,0.34
9s8d6d5s,1,0.34
9s8c6c5s,1,0.34
9h8d6d5h,1,0.34
9h8c6c5h,1,0.34
9h8s6s5h,1,0.34
9d8c6c5d,1,0.34
9d8s6s5d,1,0.34
9d8h6h5d,1,0.34
9c8s6s5c,1,0.34
9c8h6h5c,1,0.34
9c8d6d5c,1,0.34
9s8h7d6s,1,0.05
9s8h7c6s,1,0.05
9s8d7c6s,1,0.05
9s8d7h6s,1,0.05
9s8c7h6s,1,0.05
9s8c7d6s,1,0.05
9h8d7c6h,1,0.05
9h8d7s6h,1,0.05
9h8c7d6h,1,0.05
9h8c7s6h,1,0.05
9h8s7c6h,1,0.05
9h8s7d6h,1,0.05
9d8c7h6d,1,0.05
9d8c7s6d,1,0.05
9d8s7c6d,1,0.05
9d8s7h6d,1,0.05
9d8h7c6d,1,0.05
9d8h7s6d,1,0.05
9c8s7h6c,1,0.05
9c8s7d6c,1,0.05
9c8h7d6c,1,0.05
9c8h7s6c,1,0.05
9c8d7s6c,1,0.05
9c8d7h6c,1,0.05
9s8h7d6h,1,0.05
9s8h7c6h,1,0.05
9s8d7c6d,1,0.05
9s8d7h6d,1,0.05
9s8c7h6c,1,0.05
9s8c7d6c,1,0.05
9h8d7c6d,1,0.05
9h8d7s6d,1,0.05
9h8c7d6c,1,0.05
9h8c7s6c,1,0.05
9h8s7c6s,1,0.05
9h8s7d6s,1,0.05
9d8c7h6c,1,0.05
9d8c7s6c,1,0.05
9d8s7c6s,1,0.05
9d8s7h6s,1,0.05
9d8h7c6h,1,0.05
9d8h7s6h,1,0.05
9c8s7h6s,1,0.05
9c8s7d6s,1,0.05
9c8h7d6h,1,0.05
9c8h7s6h,1,0.05
9c8d7s6d,1,0.05
9c8d7h6d,1,0.05
9s8h7d6d,1,0.05
9s8h7c6c,1,0.05
9s8d7c6c,1,0.05
9s8d7h6h,1,0.05
9s8c7h6h,1,0.05
9s8c7d6d,1,0.05
9h8d7c6c,1,0.05
9h8d7s6s,1,0.05
9h8c7d6d,1,0.05
9h8c7s6s,1,0.05
9h8s7c6c,1,0.05
9h8s7d6d,1,0.05
9d8c7h6h,1,0.05
9d8c7s6s,1,0.05
9d8s7c6c,1,0.05
9d8s7h6h,1,0.05
9d8h7c6c,1,0.05
9d8h7s6s,1,0.05
9c8s7h6h,1,0.05
9c8s7d6d,1,0.05
9c8h7d6d,1,0.05
9c8h7s6s,1,0.05
9c8d7s6s,1,0.05
9c8d7h6h,1,0.05
9s7h6s6h,1,0.11
9s7d6s6d,1,0.11
9s7c6s6c,1,0.11
9h7d6h6d,1,0.11
9h7c6h6c,1,0.11
9h7s6s6h,1,0.11
9d7c6d6c,1,0.11
9d7s6s6d,1,0.11
9d7h6h6d,1,0.11
9c7s6s6c,1,0.11
9c7h6h6c,1,0.11
9c7d6d6c,1,0.11
9s7h6s5h,1,0.38
9s7d6s5d,1,0.38
9s7c6s5c,1,0.38
9h7d6h5d,1,0.38
9h7c6h5c,1,0.38
9h7s6h5s,1,0.38
9d7c6d5c,1,0.38
9d7s6d5s,1,0.38
9d7h6d5h,1,0.38
9c7s6c5s,1,0.38
9c7h6c5h,1,0.38
9c7d6c5d,1,0.38
9s7h6s5d,1,0.01
9s7h6s5c,1,0.01
9s7d6s5c,1,0.01
9s7d6s5h,1,0.01
9s7c6s5h,1,0.01
9s7c6s5d,1,0.01
9h7d6h5c,1,0.01
9h7d6h5s,1,0.01
9h7c6h5d,1,0.01
9h7c6h5s,1,0.01
9h7s6h5c,1,0.01
9h7s6h5d,1,0.01
9d7c6d5h,1,0.01
9d7c6d5s,1,0.01
9d7s6d5c,1,0.01
9d7s6d5h,1,0.01
9d7h6d5c,1,0.01
9d7h6d5s,1,0.01
9c7s6c5h,1,0.01
9c7s6c5d,1,0.01
9c7h6c5d,1,0.01
9c7h6c5s,1,0.01
9c7d6c5s,1,0.01
9c7d6c5h,1,0.01
9s7h6h5s,1,0.38
9s7d6d5s,1,0.38
9s7c6c5s,1,0.38
9h7d6d5h,1,0.38
9h7c6c5h,1,0.38
9h7s6s5h,1,0.38
9d7c6c5d,1,0.38
9d7s6s5d,1,0.38
9d7h6h5d,1,0.38
9c7s6s5c,1,0.38
9c7h6h5c,1,0.38
9c7d6d5c,1,0.38
9s7h6h4s,0.978,0
9s7d6d4s,0.978,0
9s7c6c4s,0.978,0
9h7d6d4h,0.978,0
9h7c6c4h,0.978,0
9h7s6s4h,0.978,0
9d7c6c4d,0.978,0
9d7s6s4d,0.978,0
9d7h6h4d,0.978,0
9c7s6s4c,0.978,0
9c7h6h4c,0.978,0
9c7d6d4c,0.978,0
9s7h6h5d,1,0.01
9s7h6h5c,1,0.01
9s7d6d5c,1,0.01
9s7d6d5h,1,0.01
9s7c6c5h,1,0.01
9s7c6c5d,1,0.01
9h7d6d5c,1,0.01
9h7d6d5s,1,0.01
9h7c6c5d,1,0.01
9h7c6c5s,1,0.01
9h7s6s5c,1,0.01
9h7s6s5d,1,0.01
9d7c6c5h,1,0.01
9d7c6c5s,1,0.01
9d7s6s5c,1,0.01
9d7s6s5h,1,0.01
9d7h6h5c,1,0.01
9d7h6h5s,1,0.01
9c7s6s5h,1,0.01
9c7s6s5d,1,0.01
9c7h6h5d,1,0.01
9c7h6h5s,1,0.01
9c7d6d5s,1,0.01
9c7d6d5h,1,0.01
9s7h6d5s,0.999,0
9s7h6c5s,0.999,0
9s7d6c5s,0.999,0
9s7d6h5s,0.999,0
9s7c6h5s,0.999,0
9s7c6d5s,0.999,0
9h7d6c5h,0.999,0
9h7d6s5h,0.999,0
9h7c6d5h,0.999,0
9h7c6s5h,0.999,0
9h7s6c5h,0.999,0
9h7s6d5h,0.999,0
9d7c6h5d,0.999,0
9d7c6s5d,0.999,0
9d7s6c5d,0.999,0
9d7s6h5d,0.999,0
9d7h6c5d,0.999,0
9d7h6s5d,0.999,0
9c7s6h5c,0.999,0
9c7s6d5c,0.999,0
9c7h6d5c,0.999,0
9c7h6s5c,0.999,0
9c7d6s5c,0.999,0
9c7d6h5c,0.999,0
9s6h5s4h,1,0.02
9s6d5s4d,1,0.02
9s6c5s4c,1,0.02
9h6d5h4d,1,0.02
9h6c5h4c,1,0.02
9h6s5h4s,1,0.02
9d6c5d4c,1,0.02
9d6s5d4s,1,0.02
9d6h5d4h,1,0.02
9c6s5c4s,1,0.02
9c6h5c4h,1,0.02
9c6d5c4d,1,0.02
9s6h5h4s,1,0.02
9s6d5d4s,1,0.02
9s6c5c4s,1,0.02
9h6d5d4h,1,0.02
9h6c5c4h,1,0.02
9h6s5s4h,1,0.02
9d6c5c4d,1,0.02
9d6s5s4d,1,0.02
9d6h5h4d,1,0.02
9c6s5s4c,1,0.02
9c6h5h4c,1,0.02
9c6d5d4c,1,0.02
9s6h5h3s,0.343,0
9s6d5d3s,0.343,0
9s6c5c3s,0.343,0
9h6d5d3h,0.343,0
9h6c5c3h,0.343,0
9h6s5s3h,0.343,0
9d6c5c3d,0.343,0
9d6s5s3d,0.343,0
9d6h5h3d,0.343,0
9c6s5s3c,0.343,0
9c6h5h3c,0.343,0
9c6d5d3c,0.343,0
8s7s6s5h,0.454,0
8s7s6s5d,0.454,0
8s7s6s5c,0.454,0
8h7h6h5d,0.454,0
8h7h6h5c,0.454,0
8h7h6h5s,0.454,0
8d7d6d5c,0.454,0
8d7d6d5s,0.454,0
8d7d6d5h,0.454,0
8c7c6c5s,0.454,0
8c7c6c5h,0.454,0
8c7c6c5d,0.454,0
8s7s7h6h,1,0.29
8s7s7d6d,1,0.29
8s7s7c6c,1,0.29
8h7h7d6d,1,0.29
8h7h7c6c,1,0.29
8h7s7h6s,1,0.29
8d7d7c6c,1,0.29
8d7s7d6s,1,0.29
8d7h7d6h,1,0.29
8c7s7c6s,1,0.29
8c7h7c6h,1,0.29
8c7d7c6d,1,0.29
8s7s7h5h,1,0.17
8s7s7d5d,1,0.17
8s7s7c5c,1,0.17
8h7h7d5d,1,0.17
8h7h7c5c,1,0.17
8h7s7h5s,1,0.17
8d7d7c5c,1,0.17
8d7s7d5s,1,0.17
8d7h7d5h,1,0.17
8c7s7c5s,1,0.17
8c7h7c5h,1,0.17
8c7d7c5d,1,0.17
8s7s6h5s,1,0
8s7s6d5s,1,0
8s7s6c5s,1,0
8h7h6d5h,1,0
8h7h6c5h,1,0
8h7h6s5h,1,0
8d7d6c5d,1,0
8d7d6s5d,1,0
8d7d6h5d,1,0
8c7c6s5c,1,0
8c7c6h5c,1,0
8c7c6d5c,1,0
8s7s6h5h,1,0.52
8s7s6d5d,1,0.52
8s7s6c5c,1,0.52
8h7h6d5d,1,0.52
8h7h6c5c,1,0.52
8h7h6s5s,1,0.52
8d7d6c5c,1,0.52
8d7d6s5s,1,0.52
8d7d6h5h,1,0.52
8c7c6s5s,1,0.52
8c7c6h5h,1,0.52
8c7c6d5d,1,0.52
8s7s6h4h,1,0.36
8s7s6d4d,1,0.36
8s7s6c4c,1,0.36
8h7h6d4d,1,0.36
8h7h6c4c,1,0.36
8h7h6s4s,1,0.36
8d7d6c4c,1,0.36
8d7d6s4s,1,0.36
8d7d6h4h,1,0.36
8c7c6s4s,1,0.36
8c7c6h4h,1,0.36
8c7c6d4d,1,0.36
8s7s6h5d,1,0.15
8s7s6h5c,1,0.15
8s7s6d5c,1,0.15
8s7s6d5h,1,0.15
8s7s6c5h,1,0.15
8s7s6c5d,1,0.15
8h7h6d5c,1,0.15
8h7h6d5s,1,0.15
8h7h6c5d,1,0.15
8h7h6c5s,1,0.15
8h7h6s5c,1,0.15
8h7h6s5d,1,0.15
8d7d6c5h,1,0.15
8d7d6c5s,1,0.15
8d7d6s5c,1,0.15
8d7d6s5h,1,0.15
8d7d6h5c,1,0.15
8d7d6h5s,1,0.15
8c7c6s5h,1,0.15
8c7c6s5d,1,0.15
8c7c6h5d,1,0.15
8c7c6h5s,1,0.15
8c7c6d5s,1,0.15
8c7c6d5h,1,0.15
8s7s6h4d,1,0.01
8s7s6h4c,1,0.01
8s7s6d4c,1,0.01
8s7s6d4h,1,0.01
8s7s6c4h,1,0.01
8s7s6c4d,1,0.01
8h7h6d4c,1,0.01
8h7h6d4s,1,0.01
8h7h6c4d,1,0.01
8h7h6c4s,1,0.01
8h7h6s4c,1,0.01
8h7h6s4d,1,0.01
8d7d6c4h,1,0.01
8d7d6c4s,1,0.01
8d7d6s4c,1,0.01
8d7d6s4h,1,0.01
8d7d6h4c,1,0.01
8d7d6h4s,1,0.01
8c7c6s4h,1,0.01
8c7c6s4d,1,0.01
8c7c6h4d,1,0.01
8c7c6h4s,1,0.01
8c7c6d4s,1,0.01
8c7c6d4h,1,0.01
8s7s5h4h,1,0.3
8s7s5d4d,1,0.3
8s7s5c4c,1,0.3
8h7h5d4d,1,0.3
8h7h5c4c,1,0.3
8h7h5s4s,1,0.3
8d7d5c4c,1,0.3
8d7d5s4s,1,0.3
8d7d5h4h,1,0.3
8c7c5s4s,1,0.3
8c7c5h4h,1,0.3
8c7c5d4d,1,0.3
8s6s6h5h,1,0.2
8s6s6d5d,1,0.2
8s6s6c5c,1,0.2
8h6h6d5d,1,0.2
8h6h6c5c,1,0.2
8h6s6h5s,1,0.2
8d6d6c5c,1,0.2
8d6s6d5s,1,0.2
8d6h6d5h,1,0.2
8c6s6c5s,1,0.2
8c6h6c5h,1,0.2
8c6d6c5d,1,0.2
8s6s6h4h,1,0.06
8s6s6d4d,1,0.06
8s6s6c4c,1,0.06
8h6h6d4d,1,0.06
8h6h6c4c,1,0.06
8h6s6h4s,1,0.06
8d6d6c4c,1,0.06
8d6s6d4s,1,0.06
8d6h6d4h,1,0.06
8c6s6c4s,1,0.06
8c6h6c4h,1,0.06
8c6d6c4d,1,0.06
8s6s5h4h,1,0.44
8s6s5d4d,1,0.44
8s6s5c4c,1,0.44
8h6h5d4d,1,0.44
8h6h5c4c,1,0.44
8h6h5s4s,1,0.44
8d6d5c4c,1,0.44
8d6d5s4s,1,0.44
8d6d5h4h,1,0.44
8c6c5s4s,1,0.44
8c6c5h4h,1,0.44
8c6c5d4d,1,0.44
8s6s5h3h,0.96,0
8s6s5d3d,0.96,0
8s6s5c3c,0.96,0
8h6h5d3d,0.96,0
8h6h5c3c,0.96,0
8h6h5s3s,0.96,0
8d6d5c3c,0.96,0
8d6d5s3s,0.96,0
8d6d5h3h,0.96,0
8c6c5s3s,0.96,0
8c6c5h3h,0.96,0
8c6c5d3d,0.96,0
8s6s5h4d,1,0.08
8s6s5h4c,1,0.08
8s6s5d4c,1,0.08
8s6s5d4h,1,0.08
8s6s5c4h,1,0.08
8s6s5c4d,1,0.08
8h6h5d4c,1,0.08
8h6h5d4s,1,0.08
8h6h5c4d,1,0.08
8h6h5c4s,1,0.08
8h6h5s4c,1,0.08
8h6h5s4d,1,0.08
8d6d5c4h,1,0.08
8d6d5c4s,1,0.08
8d6d5s4c,1,0.08
8d6d5s4h,1,0.08
8d6d5h4c,1,0.08
8d6d5h4s,1,0.08
8c6c5s4h,1,0.08
8c6c5s4d,1,0.08
8c6c5h4d,1,0.08
8c6c5h4s,1,0.08
8c6c5d4s,1,0.08
8c6c5d4h,1,0.08
8s8h7s7h,1,1.07
8s8d7s7d,1,1.07
8s8c7s7c,1,1.07
8h8d7h7d,1,1.07
8h8c7h7c,1,1.07
8d8c7d7c,1,1.07
8s8h7s6h,1,0.34
8s8d7s6d,1,0.34
8s8c7s6c,1,0.34
8h8d7h6d,1,0.34
8h8c7h6c,1,0.34
8s8h7h6s,1,0.34
8d8c7d6c,1,0.34
8s8d7d6s,1,0.34
8h8d7d6h,1,0.34
8s8c7c6s,1,0.34
8h8c7c6h,1,0.34
8d8c7c6d,1,0.34
8s8h7s5h,1,0.18
8s8d7s5d,1,0.18
8s8c7s5c,1,0.18
8h8d7h5d,1,0.18
8h8c7h5c,1,0.18
8s8h7h5s,1,0.18
8d8c7d5c,1,0.18
8s8d7d5s,1,0.18
8h8d7d5h,1,0.18
8s8c7c5s,1,0.18
8h8c7c5h,1,0.18
8d8c7c5d,1,0.18
8s8h7s4h,0.934,0
8s8d7s4d,0.934,0
8s8c7s4c,0.934,0
8h8d7h4d,0.934,0
8h8c7h4c,0.934,0
8s8h7h4s,0.934,0
8d8c7d4c,0.934,0
8s8d7d4s,0.934,0
8h8d7d4h,0.934,0
8s8c7c4s,0.934,0
8h8c7c4h,0.934,0
8d8c7c4d,0.934,0
8s8h7s7d,1,0.65
8s8h7s7c,1,0.65
8s8d7s7c,1,0.65
8s8d7s7h,1,0.65
8s8c7s7h,1,0.65
8s8c7s7d,1,0.65
8h8d7h7c,1,0.65
8h8d7s7h,1,0.65
8h8c7h7d,1,0.65
8h8c7s7h,1,0.65
8s8h7h7c,1,0.65
8s8h7h7d,1,0.65
8d8c7h7d,1,0.65
8d8c7s7d,1,0.65
8s8d7d7c,1,0.65
8s8d7h7d,1,0.65
8h8d7d7c,1,0.65
8h8d7s7d,1,0.65
8s8c7h7c,1,0.65
8s8c7d7c,1,0.65
8h8c7d7c,1,0.65
8h8c7s7c,1,0.65
8d8c7s7c,1,0.65
8d8c7h7c,1,0.65
8s8h7s6d,1,0.01
8s8h7s6c,1,0.01
8s8d7s6c,1,0.01
8s8d7s6h,1,0.01
8s8c7s6h,1,0.01
8s8c7s6d,1,0.01
8h8d7h6c,1,0.01
8h8d7h6s,1,0.01
8h8c7h6d,1,0.01
8h8c7h6s,1,0.01
8s8h7h6c,1,0.01
8s8h7h6d,1,0.01
8d8c7d6h,1,0.01
8d8c7d6s,1,0.01
8s8d7d6c,1,0.01
8s8d7d6h,1,0.01
8h8d7d6c,1,0.01
8h8d7d6s,1,0.01
8s8c7c6h,1,0.01
8s8c7c6d,1,0.01
8h8c7c6d,1,0.01
8h8c7c6s,1,0.01
8d8c7c6s,1,0.01
8d8c7c6h,1,0.01
8s8h6s6h,1,0.81
8s8d6s6d,1,0.81
8s8c6s6c,1,0.81
8h8d6h6d,1,0.81
8h8c6h6c,1,0.81
8d8c6d6c,1,0.81
8s8h6s5h,1,0.25
8s8d6s5d,1,0.25
8s8c6s5c,1,0.25
8h8d6h5d,1,0.25
8h8c6h5c,1,0.25
8s8h6h5s,1,0.25
8d8c6d5c,1,0.25
8s8d6d5s,1,0.25
8h8d6d5h,1,0.25
8s8c6c5s,1,0.25
8h8c6c5h,1,0.25
8d8c6c5d,1,0.25
8s8h6s4h,1,0.09
8s8d6s4d,1,0.09
8s8c6s4c,1,0.09
8h8d6h4d,1,0.09
8h8c6h4c,1,0.09
8s8h6h4s,1,0.09
8d8c6d4c,1,0.09
8s8d6d4s,1,0.09
8h8d6d4h,1,0.09
8s8c6c4s,1,0.09
8h8c6c4h,1,0.09
8d8c6c4d,1,0.09
8s8h6s6d,1,0.42
8s8h6s6c,1,0.42
8s8d6s6c,1,0.42
8s8d6s6h,1,0.42
8s8c6s6h,1,0.42
8s8c6s6d,1,0.42
8h8d6h6c,1,0.42
8h8d6s6h,1,0.42
8h8c6h6d,1,0.42
8h8c6s6h,1,0.42
8s8h6h6c,1,0.42
8s8h6h6d,1,0.42
8d8c6h6d,1,0.42
8d8c6s6d,1,0.42
8s8d6d6c,1,0.42
8s8d6h6d,1,0.42
8h8d6d6c,1,0.42
8h8d6s6d,1,0.42
8s8c6h6c,1,0.42
8s8c6d6c,1,0.42
8h8c6d6c,1,0.42
8h8c6s6c,1,0.42
8d8c6s6c,1,0.42
8d8c6h6c,1,0.42
8s8h5s5h,1,0.42
8s8d5s5d,1,0.42
8s8c5s5c,1,0.42
8h8d5h5d,1,0.42
8h8c5h5c,1,0.42
8d8c5d5c,1,0.42
8s8h5s4h,0.793,0
8s8d5s4d,0.793,0
8s8c5s4c,0.793,0
8h8d5h4d,0.793,0
8h8c5h4c,0.793,0
8s8h5h4s,0.793,0
8d8c5d4c,0.793,0
8s8d5d4s,0.793,0
8h8d5d4h,0.793,0
8s8c5c4s,0.793,0
8h8c5c4h,0.793,0
8d8c5c4d,0.793,0
8s8h5s5d,1,0.11
8s8h5s5c,1,0.11
8s8d5s5c,1,0.11
8s8d5s5h,1,0.11
8s8c5s5h,1,0.11
8s8c5s5d,1,0.11
8h8d5h5c,1,0.11
8h8d5s5h,1,0.11
8h8c5h5d,1,0.11
8h8c5s5h,1,0.11
8s8h5h5c,1,0.11
8s8h5h5d,1,0.11
8d8c5h5d,1,0.11
8d8c5s5d,1,0.11
8s8d5d5c,1,0.11
8s8d5h5d,1,0.11
8h8d5d5c,1,0.11
8h8d5s5d,1,0.11
8s8c5h5c,1,0.11
8s8c5d5c,1,0.11
8h8c5d5c,1,0.11
8h8c5s5c,1,0.11
8d8c5s5c,1,0.11
8d8c5h5c,1,0.11
8s8h4s4h,1,0.21
8s8d4s4d,1,0.21
8s8c4s4c,1,0.21
8h8d4h4d,1,0.21
8h8c4h4c,1,0.21
8d8c4d4c,1,0.21
8s8h3s3h,0.96,0.02
8s8d3s3d,0.96,0.02
8s8c3s3c,0.96,0.02
8h8d3h3d,0.96,0.02
8h8c3h3c,0.96,0.02
8d8c3d3c,0.96,0.02
8s8h2s2h,1,0.15
8s8d2s2d,1,0.15
8s8c2s2c,1,0.15
8h8d2h2d,1,0.15
8h8c2h2c,1,0.15
8d8c2d2c,1,0.15
8s8h7d6s,0.006,0
8s8h7c6s,0.006,0
8s8d7c6s,0.006,0
8s8d7h6s,0.006,0
8s8c7h6s,0.006,0
8s8c7d6s,0.006,0
8h8d7c6h,0.006,0
8h8d7s6h,0.006,0
8h8c7d6h,0.006,0
8h8c7s6h,0.006,0
8s8h7c6h,0.006,0
8s8h7d6h,0.006,0
8d8c7h6d,0.006,0
8d8c7s6d,0.006,0
8s8d7c6d,0.006,0
8s8d7h6d,0.006,0
8h8d7c6d,0.006,0
8h8d7s6d,0.006,0
8s8c7h6c,0.006,0
8s8c7d6c,0.006,0
8h8c7d6c,0.006,0
8h8c7s6c,0.006,0
8d8c7s6c,0.006,0
8d8c7h6c,0.006,0
8s8h7d7c,1,0.26
8s8d7h7c,1,0.26
8s8c7h7d,1,0.26
8h8d7s7c,1,0.26
8h8c7s7d,1,0.26
8d8c7s7h,1,0.26
8s8h6d6c,1,0.09
8s8d6h6c,1,0.09
8s8c6h6d,1,0.09
8h8d6s6c,1,0.09
8h8c6s6d,1,0.09
8d8c6s6h,1,0.09
8s7h6s5s,0.974,0.01
8s7d6s5s,0.974,0.01
8s7c6s5s,0.974,0.01
8h7d6h5h,0.974,0.01
8h7c6h5h,0.974,0.01
8h7s6h5h,0.974,0.01
8d7c6d5d,0.974,0.01
8d7s6d5d,0.974,0.01
8d7h6d5d,0.974,0.01
8c7s6c5c,0.974,0.01
8c7h6c5c,0.974,0.01
8c7d6c5c,0.974,0.01
8s7h6s6h,1,0.22
8s7d6s6d,1,0.22
8s7c6s6c,1,0.22
8h7d6h6d,1,0.22
8h7c6h6c,1,0.22
8h7s6s6h,1,0.22
8d7c6d6c,1,0.22
8d7s6s6d,1,0.22
8d7h6h6d,1,0.22
8c7s6s6c,1,0.22
8c7h6h6c,1,0.22
8c7d6d6c,1,0.22
8s7h6s5h,1,0.51
8s7d6s5d,1,0.51
8s7c6s5c,1,0.51
8h7d6h5d,1,0.51
8h7c6h5c,1,0.51
8h7s6h5s,1,0.51
8d7c6d5c,1,0.51
8d7s6d5s,1,0.51
8d7h6d5h,1,0.51
8c7s6c5s,1,0.51
8c7h6c5h,1,0.51
8c7d6c5d,1,0.51
8s7h6s4h,1,0.34
8s7d6s4d,1,0.34
8s7c6s4c,1,0.34
8h7d6h4d,1,0.34
8h7c6h4c,1,0.34
8h7s6h4s,1,0.34
8d7c6d4c,1,0.34
8d7s6d4s,1,0.34
8d7h6d4h,1,0.34
8c7s6c4s,1,0.34
8c7h6c4h,1,0.34
8c7d6c4d,1,0.34
8s7h6s5d,1,0.14
8s7h6s5c,1,0.14
8s7d6s5c,1,0.14
8s7d6s5h,1,0.14
8s7c6s5h,1,0.14
8s7c6s5d,1,0.14
8h7d6h5c,1,0.14
8h7d6h5s,1,0.14
8h7c6h5d,1,0.14
8h7c6h5s,1,0.14
8h7s6h5c,1,0.14
8h7s6h5d,1,0.14
8d7c6d5h,1,0.14
8d7c6d5s,1,0.14
8d7s6d5c,1,0.14
8d7s6d5h,1,0.14
8d7h6d5c,1,0.14
8d7h6d5s,1,0.14
8c7s6c5h,1,0.14
8c7s6c5d,1,0.14
8c7h6c5d,1,0.14
8c7h6c5s,1,0.14
8c7d6c5s,1,0.14
8c7d6c5h,1,0.14
8s7h5s4h,1,0.28
8s7d5s4d,1,0.28
8s7c5s4c,1,0.28
8h7d5h4d,1,0.28
8h7c5h4c,1,0.28
8h7s5h4s,1,0.28
8d7c5d4c,1,0.28
8d7s5d4s,1,0.28
8d7h5d4h,1,0.28
8c7s5c4s,1,0.28
8c7h5c4h,1,0.28
8c7d5c4d,1,0.28
8s7h6h5s,1,0.51
8s7d6d5s,1,0.51
8s7c6c5s,1,0.51
8h7d6d5h,1,0.51
8h7c6c5h,1,0.51
8h7s6s5h,1,0.51
8d7c6c5d,1,0.51
8d7s6s5d,1,0.51
8d7h6h5d,1,0.51
8c7s6s5c,1,0.51
8c7h6h5c,1,0.51
8c7d6d5c,1,0.51
8s7h6h4s,1,0.35
8s7d6d4s,1,0.35
8s7c6c4s,1,0.35
8h7d6d4h,1,0.35
8h7c6c4h,1,0.35
8h7s6s4h,1,0.35
8d7c6c4d,1,0.35
8d7s6s4d,1,0.35
8d7h6h4d,1,0.35
8c7s6s4c,1,0.35
8c7h6h4c,1,0.35
8c7d6d4c,1,0.35
8s7h6h5d,1,0.15
8s7h6h5c,1,0.15
8s7d6d5c,1,0.15
8s7d6d5h,1,0.15
8s7c6c5h,1,0.15
8s7c6c5d,1,0.15
8h7d6d5c,1,0.15
8h7d6d5s,1,0.15
8h7c6c5d,1,0.15
8h7c6c5s,1,0.15
8h7s6s5c,1,0.15
8h7s6s5d,1,0.15
8d7c6c5h,1,0.15
8d7c6c5s,1,0.15
8d7s6s5c,1,0.15
8d7s6s5h,1,0.15
8d7h6h5c,1,0.15
8d7h6h5s,1,0.15
8c7s6s5h,1,0.15
8c7s6s5d,1,0.15
8c7h6h5d,1,0.15
8c7h6h5s,1,0.15
8c7d6d5s,1,0.15
8c7d6d5h,1,0.15
8s7h6h4d,0.465,0
8s7h6h4c,0.465,0
8s7d6d4c,0.465,0
8s7d6d4h,0.465,0
8s7c6c4h,0.465,0
8s7c6c4d,0.465,0
8h7d6d4c,0.465,0
8h7d6d4s,0.465,0
8h7c6c4d,0.465,0
8h7c6c4s,0.465,0
8h7s6s4c,0.465,0
8h7s6s4d,0.465,0
8d7c6c4h,0.465,0
8d7c6c4s,0.465,0
8d7s6s4c,0.465,0
8d7s6s4h,0.465,0
8d7h6h4c,0.465,0
8d7h6h4s,0.465,0
8c7s6s4h,0.465,0
8c7s6s4d,0.465,0
8c7h6h4d,0.465,0
8c7h6h4s,0.465,0
8c7d6d4s,0.465,0
8c7d6d4h,0.465,0
8s7h5h4s,1,0.27
8s7d5d4s,1,0.27
8s7c5c4s,1,0.27
8h7d5d4h,1,0.27
8h7c5c4h,1,0.27
8h7s5s4h,1,0.27
8d7c5c4d,1,0.27
8d7s5s4d,1,0.27
8d7h5h4d,1,0.27
8c7s5s4c,1,0.27
8c7h5h4c,1,0.27
8c7d5d4c,1,0.27
8s7h6d5s,1,0.13
8s7h6c5s,1,0.13
8s7d6c5s,1,0.13
8s7d6h5s,1,0.13
8s7c6h5s,1,0.13
8s7c6d5s,1,0.13
8h7d6c5h,1,0.13
8h7d6s5h,1,0.13
8h7c6d5h,1,0.13
8h7c6s5h,1,0.13
8h7s6c5h,1,0.13
8h7s6d5h,1,0.13
8d7c6h5d,1,0.13
8d7c6s5d,1,0.13
8d7s6c5d,1,0.13
8d7s6h5d,1,0.13
8d7h6c5d,1,0.13
8d7h6s5d,1,0.13
8c7s6h5c,1,0.13
8c7s6d5c,1,0.13
8c7h6d5c,1,0.13
8c7h6s5c,1,0.13
8c7d6s5c,1,0.13
8c7d6h5c,1,0.13
8s7h6d5h,1,0.13
8s7h6c5h,1,0.13
8s7d6c5d,1,0.13
8s7d6h5d,1,0.13
8s7c6h5c,1,0.13
8s7c6d5c,1,0.13
8h7d6c5d,1,0.13
8h7d6s5d,1,0.13
8h7c6d5c,1,0.13
8h7c6s5c,1,0.13
8h7s6c5s,1,0.13
8h7s6d5s,1,0.13
8d7c6h5c,1,0.13
8d7c6s5c,1,0.13
8d7s6c5s,1,0.13
8d7s6h5s,1,0.13
8d7h6c5h,1,0.13
8d7h6s5h,1,0.13
8c7s6h5s,1,0.13
8c7s6d5s,1,0.13
8c7h6d5h,1,0.13
8c7h6s5h,1,0.13
8c7d6s5d,1,0.13
8c7d6h5d,1,0.13
8s7h6d5d,1,0.13
8s7h6c5c,1,0.13
8s7d6c5c,1,0.13
8s7d6h5h,1,0.13
8s7c6h5h,1,0.13
8s7c6d5d,1,0.13
8h7d6c5c,1,0.13
8h7d6s5s,1,0.13
8h7c6d5d,1,0.13
8h7c6s5s,1,0.13
8h7s6c5c,1,0.13
8h7s6d5d,1,0.13
8d7c6h5h,1,0.13
8d7c6s5s,1,0.13
8d7s6c5c,1,0.13
8d7s6h5h,1,0.13
8d7h6c5c,1,0.13
8d7h6s5s,1,0.13
8c7s6h5h,1,0.13
8c7s6d5d,1,0.13
8c7h6d5d,1,0.13
8c7h6s5s,1,0.13
8c7d6s5s,1,0.13
8c7d6h5h,1,0.13
8s6h5s5h,1,0.1
8s6d5s5d,1,0.1
8s6c5s5c,1,0.1
8h6d5h5d,1,0.1
8h6c5h5c,1,0.1
8h6s5s5h,1,0.1
8d6c5d5c,1,0.1
8d6s5s5d,1,0.1
8d6h5h5d,1,0.1
8c6s5s5c,1,0.1
8c6h5h5c,1,0.1
8c6d5d5c,1,0.1
8s6h5s4h,1,0.42
8s6d5s4d,1,0.42
8s6c5s4c,1,0.42
8h6d5h4d,1,0.42
8h6c5h4c,1,0.42
8h6s5h4s,1,0.42
8d6c5d4c,1,0.42
8d6s5d4s,1,0.42
8d6h5d4h,1,0.42
8c6s5c4s,1,0.42
8c6h5c4h,1,0.42
8c6d5c4d,1,0.42
8s6h5s4d,1,0.07
8s6h5s4c,1,0.07
8s6d5s4c,1,0.07
8s6d5s4h,1,0.07
8s6c5s4h,1,0.07
8s6c5s4d,1,0.07
8h6d5h4c,1,0.07
8h6d5h4s,1,0.07
8h6c5h4d,1,0.07
8h6c5h4s,1,0.07
8h6s5h4c,1,0.07
8h6s5h4d,1,0.07
8d6c5d4h,1,0.07
8d6c5d4s,1,0.07
8d6s5d4c,1,0.07
8d6s5d4h,1,0.07
8d6h5d4c,1,0.07
8d6h5d4s,1,0.07
8c6s5c4h,1,0.07
8c6s5c4d,1,0.07
8c6h5c4d,1,0.07
8c6h5c4s,1,0.07
8c6d5c4s,1,0.07
8c6d5c4h,1,0.07
8s6h5h4s,1,0.43
8s6d5d4s,1,0.43
8s6c5c4s,1,0.43
8h6d5d4h,1,0.43
8h6c5c4h,1,0.43
8h6s5s4h,1,0.43
8d6c5c4d,1,0.43
8d6s5s4d,1,0.43
8d6h5h4d,1,0.43
8c6s5s4c,1,0.43
8c6h5h4c,1,0.43
8c6d5d4c,1,0.43
8s6h5h4d,1,0.07
8s6h5h4c,1,0.07
8s6d5d4c,1,0.07
8s6d5d4h,1,0.07
8s6c5c4h,1,0.07
8s6c5c4d,1,0.07
8h6d5d4c,1,0.07
8h6d5d4s,1,0.07
8h6c5c4d,1,0.07
8h6c5c4s,1,0.07
8h6s5s4c,1,0.07
8h6s5s4d,1,0.07
8d6c5c4h,1,0.07
8d6c5c4s,1,0.07
8d6s5s4c,1,0.07
8d6s5s4h,1,0.07
8d6h5h4c,1,0.07
8d6h5h4s,1,0.07
8c6s5s4h,1,0.07
8c6s5s4d,1,0.07
8c6h5h4d,1,0.07
8c6h5h4s,1,0.07
8c6d5d4s,1,0.07
8c6d5d4h,1,0.07
8s6h5d4s,1,0.05
8s6h5c4s,1,0.05
8s6d5c4s,1,0.05
8s6d5h4s,1,0.05
8s6c5h4s,1,0.05
8s6c5d4s,1,0.05
8h6d5c4h,1,0.05
8h6d5s4h,1,0.05
8h6c5d4h,1,0.05
8h6c5s4h,1,0.05
8h6s5c4h,1,0.05
8h6s5d4h,1,0.05
8d6c5h4d,1,0.05
8d6c5s4d,1,0.05
8d6s5c4d,1,0.05
8d6s5h4d,1,0.05
8d6h5c4d,1,0.05
8d6h5s4d,1,0.05
8c6s5h4c,1,0.05
8c6s5d4c,1,0.05
8c6h5d4c,1,0.05
8c6h5s4c,1,0.05
8c6d5s4c,1,0.05
8c6d5h4c,1,0.05
8s6h5d4h,1,0.05
8s6h5c4h,1,0.05
8s6d5c4d,1,0.05
8s6d5h4d,1,0.05
8s6c5h4c,1,0.05
8s6c5d4c,1,0.05
8h6d5c4d,1,0.05
8h6d5s4d,1,0.05
8h6c5d4c,1,0.05
8h6c5s4c,1,0.05
8h6s5c4s,1,0.05
8h6s5d4s,1,0.05
8d6c5h4c,1,0.05
8d6c5s4c,1,0.05
8d6s5c4s,1,0.05
8d6s5h4s,1,0.05
8d6h5c4h,1,0.05
8d6h5s4h,1,0.05
8c6s5h4s,1,0.05
8c6s5d4s,1,0.05
8c6h5d4h,1,0.05
8c6h5s4h,1,0.05
8c6d5s4d,1,0.05
8c6d5h4d,1,0.05
8s6h5d4d,1,0.05
8s6h5c4c,1,0.05
8s6d5c4c,1,0.05
8s6d5h4h,1,0.05
8s6c5h4h,1,0.05
8s6c5d4d,1,0.05
8h6d5c4c,1,0.05
8h6d5s4s,1,0.05
8h6c5d4d,1,0.05
8h6c5s4s,1,0.05
8h6s5c4c,1,0.05
8h6s5d4d,1,0.05
8d6c5h4h,1,0.05
8d6c5s4s,1,0.05
8d6s5c4c,1,0.05
8d6s5h4h,1,0.05
8d6h5c4c,1,0.05
8d6h5s4s,1,0.05
8c6s5h4h,1,0.05
8c6s5d4d,1,0.05
8c6h5d4d,1,0.05
8c6h5s4s,1,0.05
8c6d5s4s,1,0.05
8c6d5h4h,1,0.05
7s6s5s4h,1,0.03
7s6s5s4d,1,0.03
7s6s5s4c,1,0.03
7h6h5h4d,1,0.03
7h6h5h4c,1,0.03
7h6h5h4s,1,0.03
7d6d5d4c,1,0.03
7d6d5d4s,1,0.03
7d6d5d4h,1,0.03
7c6c5c4s,1,0.03
7c6c5c4h,1,0.03
7c6c5c4d,1,0.03
7s6s6h5h,1,0.3
7s6s6d5d,1,0.3
7s6s6c5c,1,0.3
7h6h6d5d,1,0.3
7h6h6c5c,1,0.3
7h6s6h5s,1,0.3
7d6d6c5c,1,0.3
7d6s6d5s,1,0.3
7d6h6d5h,1,0.3
7c6s6c5s,1,0.3
7c6h6c5h,1,0.3
7c6d6c5d,1,0.3
7s6s6h4h,1,0.19
7s6s6d4d,1,0.19
7s6s6c4c,1,0.19
7h6h6d4d,1,0.19
7h6h6c4c,1,0.19
7h6s6h4s,1,0.19
7d6d6c4c,1,0.19
7d6s6d4s,1,0.19
7d6h6d4h,1,0.19
7c6s6c4s,1,0.19
7c6h6c4h,1,0.19
7c6d6c4d,1,0.19
7s6s5h4s,1,0.04
7s6s5d4s,1,0.04
7s6s5c4s,1,0.04
7h6h5d4h,1,0.04
7h6h5c4h,1,0.04
7h6h5s4h,1,0.04
7d6d5c4d,1,0.04
7d6d5s4d,1,0.04
7d6d5h4d,1,0.04
7c6c5s4c,1,0.04
7c6c5h4c,1,0.04
7c6c5d4c,1,0.04
7s6s5h4h,1,0.55
7s6s5d4d,1,0.55
7s6s5c4c,1,0.55
7h6h5d4d,1,0.55
7h6h5c4c,1,0.55
7h6h5s4s,1,0.55
7d6d5c4c,1,0.55
7d6d5s4s,1,0.55
7d6d5h4h,1,0.55
7c6c5s4s,1,0.55
7c6c5h4h,1,0.55
7c6c5d4d,1,0.55
7s6s5h3h,1,0.36
7s6s5d3d,1,0.36
7s6s5c3c,1,0.36
7h6h5d3d,1,0.36
7h6h5c3c,1,0.36
7h6h5s3s,1,0.36
7d6d5c3c,1,0.36
7d6d5s3s,1,0.36
7d6d5h3h,1,0.36
7c6c5s3s,1,0.36
7c6c5h3h,1,0.36
7c6c5d3d,1,0.36
7s6s5h4d,1,0.19
7s6s5h4c,1,0.19
7s6s5d4c,1,0.19
7s6s5d4h,1,0.19
7s6s5c4h,1,0.19
7s6s5c4d,1,0.19
7h6h5d4c,1,0.19
7h6h5d4s,1,0.19
7h6h5c4d,1,0.19
7h6h5c4s,1,0.19
7h6h5s4c,1,0.19
7h6h5s4d,1,0.19
7d6d5c4h,1,0.19
7d6d5c4s,1,0.19
7d6d5s4c,1,0.19
7d6d5s4h,1,0.19
7d6d5h4c,1,0.19
7d6d5h4s,1,0.19
7c6c5s4h,1,0.19
7c6c5s4d,1,0.19
7c6c5h4d,1,0.19
7c6c5h4s,1,0.19
7c6c5d4s,1,0.19
7c6c5d4h,1,0.19
7s6s5h3d,1,0.02
7s6s5h3c,1,0.02
7s6s5d3c,1,0.02
7s6s5d3h,1,0.02
7s6s5c3h,1,0.02
7s6s5c3d,1,0.02
7h6h5d3c,1,0.02
7h6h5d3s,1,0.02
7h6h5c3d,1,0.02
7h6h5c3s,1,0.02
7h6h5s3c,1,0.02
7h6h5s3d,1,0.02
7d6d5c3h,1,0.02
7d6d5c3s,1,0.02
7d6d5s3c,1,0.02
7d6d5s3h,1,0.02
7d6d5h3c,1,0.02
7d6d5h3s,1,0.02
7c6c5s3h,1,0.02
7c6c5s3d,1,0.02
7c6c5h3d,1,0.02
7c6c5h3s,1,0.02
7c6c5d3s,1,0.02
7c6c5d3h,1,0.02
7s6s4h3h,1,0.14
7s6s4d3d,1,0.14
7s6s4c3c,1,0.14
7h6h4d3d,1,0.14
7h6h4c3c,1,0.14
7h6h4s3s,1,0.14
7d6d4c3c,1,0.14
7d6d4s3s,1,0.14
7d6d4h3h,1,0.14
7c6c4s3s,1,0.14
7c6c4h3h,1,0.14
7c6c4d3d,1,0.14
7s5s5h4h,1,0.11
7s5s5d4d,1,0.11
7s5s5c4c,1,0.11
7h5h5d4d,1,0.11
7h5h5c4c,1,0.11
7h5s5h4s,1,0.11
7d5d5c4c,1,0.11
7d5s5d4s,1,0.11
7d5h5d4h,1,0.11
7c5s5c4s,1,0.11
7c5h5c4h,1,0.11
7c5d5c4d,1,0.11
7s5s4h3h,1,0.18
7s5s4d3d,1,0.18
7s5s4c3c,1,0.18
7h5h4d3d,1,0.18
7h5h4c3c,1,0.18
7h5h4s3s,1,0.18
7d5d4c3c,1,0.18
7d5d4s3s,1,0.18
7d5d4h3h,1,0.18
7c5c4s3s,1,0.18
7c5c4h3h,1,0.18
7c5c4d3d,1,0.18
7s7h6s6h,1,0.96
7s7d6s6d,1,0.96
7s7c6s6c,1,0.96
7h7d6h6d,1,0.96
7h7c6h6c,1,0.96
7d7c6d6c,1,0.96
7s7h6s5h,1,0.33
7s7d6s5d,1,0.33
7s7c6s5c,1,0.33
7h7d6h5d,1,0.33
7h7c6h5c,1,0.33
7s7h6h5s,1,0.33
7d7c6d5c,1,0.33
7s7d6d5s,1,0.33
7h7d6d5h,1,0.33
7s7c6c5s,1,0.33
7h7c6c5h,1,0.33
7d7c6c5d,1,0.33
7s7h6s4h,1,0.19
7s7d6s4d,1,0.19
7s7c6s4c,1,0.19
7h7d6h4d,1,0.19
7h7c6h4c,1,0.19
7s7h6h4s,1,0.19
7d7c6d4c,1,0.19
7s7d6d4s,1,0.19
7h7d6d4h,1,0.19
7s7c6c4s,1,0.19
7h7c6c4h,1,0.19
7d7c6c4d,1,0.19
7s7h6s6d,1,0.56
7s7h6s6c,1,0.56
7s7d6s6c,1,0.56
7s7d6s6h,1,0.56
7s7c6s6h,1,0.56
7s7c6s6d,1,0.56
7h7d6h6c,1,0.56
7h7d6s6h,1,0.56
7h7c6h6d,1,0.56
7h7c6s6h,1,0.56
7s7h6h6c,1,0.56
7s7h6h6d,1,0.56
7d7c6h6d,1,0.56
7d7c6s6d,1,0.56
7s7d6d6c,1,0.56
7s7d6h6d,1,0.56
7h7d6d6c,1,0.56
7h7d6s6d,1,0.56
7s7c6h6c,1,0.56
7s7c6d6c,1,0.56
7h7c6d6c,1,0.56
7h7c6s6c,1,0.56
7d7c6s6c,1,0.56
7d7c6h6c,1,0.56
7s7h6s5d,0.021,0
7s7h6s5c,0.021,0
7s7d6s5c,0.021,0
7s7d6s5h,0.021,0
7s7c6s5h,0.021,0
7s7c6s5d,0.021,0
7h7d6h5c,0.021,0
7h7d6h5s,0.021,0
7h7c6h5d,0.021,0
7h7c6h5s,0.021,0
7s7h6h5c,0.021,0
7s7h6h5d,0.021,0
7d7c6d5h,0.021,0
7d7c6d5s,0.021,0
7s7d6d5c,0.021,0
7s7d6d5h,0.021,0
7h7d6d5c,0.021,0
7h7d6d5s,0.021,0
7s7c6c5h,0.021,0
7s7c6c5d,0.021,0
7h7c6c5d,0.021,0
7h7c6c5s,0.021,0
7d7c6c5s,0.021,0
7d7c6c5h,0.021,0
7s7h5s5h,1,0.63
7s7d5s5d,1,0.63
7s7c5s5c,1,0.63
7h7d5h5d,1,0.63
7h7c5h5c,1,0.63
7d7c5d5c,1,0.63
7s7h5s4h,1,0.17
7s7d5s4d,1,0.17
7s7c5s4c,1,0.17
7h7d5h4d,1,0.17
7h7c5h4c,1,0.17
7s7h5h4s,1,0.17
7d7c5d4c,1,0.17
7s7d5d4s,1,0.17
7h7d5d4h,1,0.17
7s7c5c4s,1,0.17
7h7c5c4h,1,0.17
7d7c5c4d,1,0.17
7s7h5s3h,0.962,0
7s7d5s3d,0.962,0
7s7c5s3c,0.962,0
7h7d5h3d,0.962,0
7h7c5h3c,0.962,0
7s7h5h3s,0.962,0
7d7c5d3c,0.962,0
7s7d5d3s,0.962,0
7h7d5d3h,0.962,0
7s7c5c3s,0.962,0
7h7c5c3h,0.962,0
7d7c5c3d,0.962,0
7s7h5s5d,1,0.25
7s7h5s5c,1,0.25
7s7d5s5c,1,0.25
7s7d5s5h,1,0.25
7s7c5s5h,1,0.25
7s7c5s5d,1,0.25
7h7d5h5c,1,0.25
7h7d5s5h,1,0.25
7h7c5h5d,1,0.25
7h7c5s5h,1,0.25
7s7h5h5c,1,0.25
7s7h5h5d,1,0.25
7d7c5h5d,1,0.25
7d7c5s5d,1,0.25
7s7d5d5c,1,0.25
7s7d5h5d,1,0.25
7h7d5d5c,1,0.25
7h7d5s5d,1,0.25
7s7c5h5c,1,0.25
7s7c5d5c,1,0.25
7h7c5d5c,1,0.25
7h7c5s5c,1,0.25
7d7c5s5c,1,0.25
7d7c5h5c,1,0.25
7s7h4s4h,1,0.43
7s7d4s4d,1,0.43
7s7c4s4c,1,0.43
7h7d4h4d,1,0.43
7h7c4h4c,1,0.43
7d7c4d4c,1,0.43
7s7h4s4d,1,0.1
7s7h4s4c,1,0.1
7s7d4s4c,1,0.1
7s7d4s4h,1,0.1
7s7c4s4h,1,0.1
7s7c4s4d,1,0.1
7h7d4h4c,1,0.1
7h7d4s4h,1,0.1
7h7c4h4d,1,0.1
7h7c4s4h,1,0.1
7s7h4h4c,1,0.1
7s7h4h4d,1,0.1
7d7c4h4d,1,0.1
7d7c4s4d,1,0.1
7s7d4d4c,1,0.1
7s7d4h4d,1,0.1
7h7d4d4c,1,0.1
7h7d4s4d,1,0.1
7s7c4h4c,1,0.1
7s7c4d4c,1,0.1
7h7c4d4c,1,0.1
7h7c4s4c,1,0.1
7d7c4s4c,1,0.1
7d7c4h4c,1,0.1
7s7h3s3h,1,0.2
7s7d3s3d,1,0.2
7s7c3s3c,1,0.2
7h7d3h3d,1,0.2
7h7c3h3c,1,0.2
7d7c3d3c,1,0.2
7s7h2s2h,0.207,0
7s7d2s2d,0.207,0
7s7c2s2c,0.207,0
7h7d2h2d,0.207,0
7h7c2h2c,0.207,0
7d7c2d2c,0.207,0
7s7h6d6c,1,0.19
7s7d6h6c,1,0.19
7s7c6h6d,1,0.19
7h7d6s6c,1,0.19
7h7c6s6d,1,0.19
7d7c6s6h,1,0.19
7s6h5s4s,1,0.04
7s6d5s4s,1,0.04
7s6c5s4s,1,0.04
7h6d5h4h,1,0.04
7h6c5h4h,1,0.04
7h6s5h4h,1,0.04
7d6c5d4d,1,0.04
7d6s5d4d,1,0.04
7d6h5d4d,1,0.04
7c6s5c4c,1,0.04
7c6h5c4c,1,0.04
7c6d5c4c,1,0.04
7s6h5s5h,1,0.19
7s6d5s5d,1,0.19
7s6c5s5c,1,0.19
7h6d5h5d,1,0.19
7h6c5h5c,1,0.19
7h6s5s5h,1,0.19
7d6c5d5c,1,0.19
7d6s5s5d,1,0.19
7d6h5h5d,1,0.19
7c6s5s5c,1,0.19
7c6h5h5c,1,0.19
7c6d5d5c,1,0.19
7s6h5s4h,1,0.54
7s6d5s4d,1,0.54
7s6c5s4c,1,0.54
7h6d5h4d,1,0.54
7h6c5h4c,1,0.54
7h6s5h4s,1,0.54
7d6c5d4c,1,0.54
7d6s5d4s,1,0.54
7d6h5d4h,1,0.54
7c6s5c4s,1,0.54
7c6h5c4h,1,0.54
7c6d5c4d,1,0.54
7s6h5s3h,1,0.34
7s6d5s3d,1,0.34
7s6c5s3c,1,0.34
7h6d5h3d,1,0.34
7h6c5h3c,1,0.34
7h6s5h3s,1,0.34
7d6c5d3c,1,0.34
7d6s5d3s,1,0.34
7d6h5d3h,1,0.34
7c6s5c3s,1,0.34
7c6h5c3h,1,0.34
7c6d5c3d,1,0.34
7s6h5s4d,1,0.18
7s6h5s4c,1,0.18
7s6d5s4c,1,0.18
7s6d5s4h,1,0.18
7s6c5s4h,1,0.18
7s6c5s4d,1,0.18
7h6d5h4c,1,0.18
7h6d5h4s,1,0.18
7h6c5h4d,1,0.18
7h6c5h4s,1,0.18
7h6s5h4c,1,0.18
7h6s5h4d,1,0.18
7d6c5d4h,1,0.18
7d6c5d4s,1,0.18
7d6s5d4c,1,0.18
7d6s5d4h,1,0.18
7d6h5d4c,1,0.18
7d6h5d4s,1,0.18
7c6s5c4h,1,0.18
7c6s5c4d,1,0.18
7c6h5c4d,1,0.18
7c6h5c4s,1,0.18
7c6d5c4s,1,0.18
7c6d5c4h,1,0.18
7s6h5s3d,1,0.01
7s6h5s3c,1,0.01
7s6d5s3c,1,0.01
7s6d5s3h,1,0.01
7s6c5s3h,1,0.01
7s6c5s3d,1,0.01
7h6d5h3c,1,0.01
7h6d5h3s,1,0.01
7h6c5h3d,1,0.01
7h6c5h3s,1,0.01
7h6s5h3c,1,0.01
7h6s5h3d,1,0.01
7d6c5d3h,1,0.01
7d6c5d3s,1,0.01
7d6s5d3c,1,0.01
7d6s5d3h,1,0.01
7d6h5d3c,1,0.01
7d6h5d3s,1,0.01
7c6s5c3h,1,0.01
7c6s5c3d,1,0.01
7c6h5c3d,1,0.01
7c6h5c3s,1,0.01
7c6d5c3s,1,0.01
7c6d5c3h,1,0.01
7s6h4s4h,1,0.05
7s6d4s4d,1,0.05
7s6c4s4c,1,0.05
7h6d4h4d,1,0.05
7h6c4h4c,1,0.05
7h6s4s4h,1,0.05
7d6c4d4c,1,0.05
7d6s4s4d,1,0.05
7d6h4h4d,1,0.05
7c6s4s4c,1,0.05
7c6h4h4c,1,0.05
7c6d4d4c,1,0.05
7s6h4s3h,1,0.12
7s6d4s3d,1,0.12
7s6c4s3c,1,0.12
7h6d4h3d,1,0.12
7h6c4h3c,1,0.12
7h6s4h3s,1,0.12
7d6c4d3c,1,0.12
7d6s4d3s,1,0.12
7d6h4d3h,1,0.12
7c6s4c3s,1,0.12
7c6h4c3h,1,0.12
7c6d4c3d,1,0.12
7s6h5h4s,1,0.54
7s6d5d4s,1,0.54
7s6c5c4s,1,0.54
7h6d5d4h,1,0.54
7h6c5c4h,1,0.54
7h6s5s4h,1,0.54
7d6c5c4d,1,0.54
7d6s5s4d,1,0.54
7d6h5h4d,1,0.54
7c6s5s4c,1,0.54
7c6h5h4c,1,0.54
7c6d5d4c,1,0.54
7s6h5h3s,1,0.35
7s6d5d3s,1,0.35
7s6c5c3s,1,0.35
7h6d5d3h,1,0.35
7h6c5c3h,1,0.35
7h6s5s3h,1,0.35
7d6c5c3d,1,0.35
7d6s5s3d,1,0.35
7d6h5h3d,1,0.35
7c6s5s3c,1,0.35
7c6h5h3c,1,0.35
7c6d5d3c,1,0.35
7s6h5h4h,1,0.02
7s6d5d4d,1,0.02
7s6c5c4c,1,0.02
7h6d5d4d,1,0.02
7h6c5c4c,1,0.02
7h6s5s4s,1,0.02
7d6c5c4c,1,0.02
7d6s5s4s,1,0.02
7d6h5h4h,1,0.02
7c6s5s4s,1,0.02
7c6h5h4h,1,0.02
7c6d5d4d,1,0.02
7s6h5h4d,1,0.18
7s6h5h4c,1,0.18
7s6d5d4c,1,0.18
7s6d5d4h,1,0.18
7s6c5c4h,1,0.18
7s6c5c4d,1,0.18
7h6d5d4c,1,0.18
7h6d5d4s,1,0.18
7h6c5c4d,1,0.18
7h6c5c4s,1,0.18
7h6s5s4c,1,0.18
7h6s5s4d,1,0.18
7d6c5c4h,1,0.18
7d6c5c4s,1,0.18
7d6s5s4c,1,0.18
7d6s5s4h,1,0.18
7d6h5h4c,1,0.18
7d6h5h4s,1,0.18
7c6s5s4h,1,0.18
7c6s5s4d,1,0.18
7c6h5h4d,1,0.18
7c6h5h4s,1,0.18
7c6d5d4s,1,0.18
7c6d5d4h,1,0.18
7s6h5h3d,1,0.02
7s6h5h3c,1,0.02
7s6d5d3c,1,0.02
7s6d5d3h,1,0.02
7s6c5c3h,1,0.02
7s6c5c3d,1,0.02
7h6d5d3c,1,0.02
7h6d5d3s,1,0.02
7h6c5c3d,1,0.02
7h6c5c3s,1,0.02
7h6s5s3c,1,0.02
7h6s5s3d,1,0.02
7d6c5c3h,1,0.02
7d6c5c3s,1,0.02
7d6s5s3c,1,0.02
7d6s5s3h,1,0.02
7d6h5h3c,1,0.02
7d6h5h3s,1,0.02
7c6s5s3h,1,0.02
7c6s5s3d,1,0.02
7c6h5h3d,1,0.02
7c6h5h3s,1,0.02
7c6d5d3s,1,0.02
7c6d5d3h,1,0.02
7s6h4h3s,1,0.12
7s6d4d3s,1,0.12
7s6c4c3s,1,0.12
7h6d4d3h,1,0.12
7h6c4c3h,1,0.12
7h6s4s3h,1,0.12
7d6c4c3d,1,0.12
7d6s4s3d,1,0.12
7d6h4h3d,1,0.12
7c6s4s3c,1,0.12
7c6h4h3c,1,0.12
7c6d4d3c,1,0.12
7s6h5d4s,1,0.16
7s6h5c4s,1,0.16
7s6d5c4s,1,0.16
7s6d5h4s,1,0.16
7s6c5h4s,1,0.16
7s6c5d4s,1,0.16
7h6d5c4h,1,0.16
7h6d5s4h,1,0.16
7h6c5d4h,1,0.16
7h6c5s4h,1,0.16
7h6s5c4h,1,0.16
7h6s5d4h,1,0.16
7d6c5h4d,1,0.16
7d6c5s4d,1,0.16
7d6s5c4d,1,0.16
7d6s5h4d,1,0.16
7d6h5c4d,1,0.16
7d6h5s4d,1,0.16
7c6s5h4c,1,0.16
7c6s5d4c,1,0.16
7c6h5d4c,1,0.16
7c6h5s4c,1,0.16
7c6d5s4c,1,0.16
7c6d5h4c,1,0.16
7s6h5d4h,1,0.17
7s6h5c4h,1,0.17
7s6d5c4d,1,0.17
7s6d5h4d,1,0.17
7s6c5h4c,1,0.17
7s6c5d4c,1,0.17
7h6d5c4d,1,0.17
7h6d5s4d,1,0.17
7h6c5d4c,1,0.17
7h6c5s4c,1,0.17
7h6s5c4s,1,0.17
7h6s5d4s,1,0.17
7d6c5h4c,1,0.17
7d6c5s4c,1,0.17
7d6s5c4s,1,0.17
7d6s5h4s,1,0.17
7d6h5c4h,1,0.17
7d6h5s4h,1,0.17
7c6s5h4s,1,0.17
7c6s5d4s,1,0.17
7c6h5d4h,1,0.17
7c6h5s4h,1,0.17
7c6d5s4d,1,0.17
7c6d5h4d,1,0.17
7s6h5d4d,1,0.17
7s6h5c4c,1,0.17
7s6d5c4c,1,0.17
7s6d5h4h,1,0.17
7s6c5h4h,1,0.17
7s6c5d4d,1,0.17
7h6d5c4c,1,0.17
7h6d5s4s,1,0.17
7h6c5d4d,1,0.17
7h6c5s4s,1,0.17
7h6s5c4c,1,0.17
7h6s5d4d,1,0.17
7d6c5h4h,1,0.17
7d6c5s4s,1,0.17
7d6s5c4c,1,0.17
7d6s5h4h,1,0.17
7d6h5c4c,1,0.17
7d6h5s4s,1,0.17
7c6s5h4h,1,0.17
7c6s5d4d,1,0.17
7c6h5d4d,1,0.17
7c6h5s4s,1,0.17
7c6d5s4s,1,0.17
7c6d5h4h,1,0.17
7s5h4s4h,1,0.08
7s5d4s4d,1,0.08
7s5c4s4c,1,0.08
7h5d4h4d,1,0.08
7h5c4h4c,1,0.08
7h5s4s4h,1,0.08
7d5c4d4c,1,0.08
7d5s4s4d,1,0.08
7d5h4h4d,1,0.08
7c5s4s4c,1,0.08
7c5h4h4c,1,0.08
7c5d4d4c,1,0.08
7s5h4s3h,1,0.18
7s5d4s3d,1,0.18
7s5c4s3c,1,0.18
7h5d4h3d,1,0.18
7h5c4h3c,1,0.18
7h5s4h3s,1,0.18
7d5c4d3c,1,0.18
7d5s4d3s,1,0.18
7d5h4d3h,1,0.18
7c5s4c3s,1,0.18
7c5h4c3h,1,0.18
7c5d4c3d,1,0.18
7s5h4h3s,1,0.18
7s5d4d3s,1,0.18
7s5c4c3s,1,0.18
7h5d4d3h,1,0.18
7h5c4c3h,1,0.18
7h5s4s3h,1,0.18
7d5c4c3d,1,0.18
7d5s4s3d,1,0.18
7d5h4h3d,1,0.18
7c5s4s3c,1,0.18
7c5h4h3c,1,0.18
7c5d4d3c,1,0.18
6s5s5h4h,1,0.25
6s5s5d4d,1,0.25
6s5s5c4c,1,0.25
6h5h5d4d,1,0.25
6h5h5c4c,1,0.25
6h5s5h4s,1,0.25
6d5d5c4c,1,0.25
6d5s5d4s,1,0.25
6d5h5d4h,1,0.25
6c5s5c4s,1,0.25
6c5h5c4h,1,0.25
6c5d5c4d,1,0.25
6s5s5h3h,1,0.13
6s5s5d3d,1,0.13
6s5s5c3c,1,0.13
6h5h5d3d,1,0.13
6h5h5c3c,1,0.13
6h5s5h3s,1,0.13
6d5d5c3c,1,0.13
6d5s5d3s,1,0.13
6d5h5d3h,1,0.13
6c5s5c3s,1,0.13
6c5h5c3h,1,0.13
6c5d5c3d,1,0.13
6s5s4h3h,1,0.31
6s5s4d3d,1,0.31
6s5s4c3c,1,0.31
6h5h4d3d,1,0.31
6h5h4c3c,1,0.31
6h5h4s3s,1,0.31
6d5d4c3c,1,0.31
6d5d4s3s,1,0.31
6d5d4h3h,1,0.31
6c5c4s3s,1,0.31
6c5c4h3h,1,0.31
6c5c4d3d,1,0.31
6s5s4h2h,1,0.11
6s5s4d2d,1,0.11
6s5s4c2c,1,0.11
6h5h4d2d,1,0.11
6h5h4c2c,1,0.11
6h5h4s2s,1,0.11
6d5d4c2c,1,0.11
6d5d4s2s,1,0.11
6d5d4h2h,1,0.11
6c5c4s2s,1,0.11
6c5c4h2h,1,0.11
6c5c4d2d,1,0.11
6s5s4h3d,0.994,0.01
6s5s4h3c,0.994,0.01
6s5s4d3c,0.994,0.01
6s5s4d3h,0.994,0.01
6s5s4c3h,0.994,0.01
6s5s4c3d,0.994,0.01
6h5h4d3c,0.994,0.01
6h5h4d3s,0.994,0.01
6h5h4c3d,0.994,0.01
6h5h4c3s,0.994,0.01
6h5h4s3c,0.994,0.01
6h5h4s3d,0.994,0.01
6d5d4c3h,0.994,0.01
6d5d4c3s,0.994,0.01
6d5d4s3c,0.994,0.01
6d5d4s3h,0.994,0.01
6d5d4h3c,0.994,0.01
6d5d4h3s,0.994,0.01
6c5c4s3h,0.994,0.01
6c5c4s3d,0.994,0.01
6c5c4h3d,0.994,0.01
6c5c4h3s,0.994,0.01
6c5c4d3s,0.994,0.01
6c5c4d3h,0.994,0.01
6s6h5s5h,1,0.88
6s6d5s5d,1,0.88
6s6c5s5c,1,0.88
6h6d5h5d,1,0.88
6h6c5h5c,1,0.88
6d6c5d5c,1,0.88
6s6h5s4h,1,0.3
6s6d5s4d,1,0.3
6s6c5s4c,1,0.3
6h6d5h4d,1,0.3
6h6c5h4c,1,0.3
6s6h5h4s,1,0.3
6d6c5d4c,1,0.3
6s6d5d4s,1,0.3
6h6d5d4h,1,0.3
6s6c5c4s,1,0.3
6h6c5c4h,1,0.3
6d6c5c4d,1,0.3
6s6h5s3h,1,0.16
6s6d5s3d,1,0.16
6s6c5s3c,1,0.16
6h6d5h3d,1,0.16
6h6c5h3c,1,0.16
6s6h5h3s,1,0.16
6d6c5d3c,1,0.16
6s6d5d3s,1,0.16
6h6d5d3h,1,0.16
6s6c5c3s,1,0.16
6h6c5c3h,1,0.16
6d6c5c3d,1,0.16
6s6h5s5d,1,0.47
6s6h5s5c,1,0.47
6s6d5s5c,1,0.47
6s6d5s5h,1,0.47
6s6c5s5h,1,0.47
6s6c5s5d,1,0.47
6h6d5h5c,1,0.47
6h6d5s5h,1,0.47
6h6c5h5d,1,0.47
6h6c5s5h,1,0.47
6s6h5h5c,1,0.47
6s6h5h5d,1,0.47
6d6c5h5d,1,0.47
6d6c5s5d,1,0.47
6s6d5d5c,1,0.47
6s6d5h5d,1,0.47
6h6d5d5c,1,0.47
6h6d5s5d,1,0.47
6s6c5h5c,1,0.47
6s6c5d5c,1,0.47
6h6c5d5c,1,0.47
6h6c5s5c,1,0.47
6d6c5s5c,1,0.47
6d6c5h5c,1,0.47
6s6h4s4h,1,0.71
6s6d4s4d,1,0.71
6s6c4s4c,1,0.71
6h6d4h4d,1,0.71
6h6c4h4c,1,0.71
6d6c4d4c,1,0.71
6s6h4s4d,1,0.32
6s6h4s4c,1,0.32
6s6d4s4c,1,0.32
6s6d4s4h,1,0.32
6s6c4s4h,1,0.32
6s6c4s4d,1,0.32
6h6d4h4c,1,0.32
6h6d4s4h,1,0.32
6h6c4h4d,1,0.32
6h6c4s4h,1,0.32
6s6h4h4c,1,0.32
6s6h4h4d,1,0.32
6d6c4h4d,1,0.32
6d6c4s4d,1,0.32
6s6d4d4c,1,0.32
6s6d4h4d,1,0.32
6h6d4d4c,1,0.32
6h6d4s4d,1,0.32
6s6c4h4c,1,0.32
6s6c4d4c,1,0.32
6h6c4d4c,1,0.32
6h6c4s4c,1,0.32
6d6c4s4c,1,0.32
6d6c4h4c,1,0.32
6s6h3s3h,1,0.46
6s6d3s3d,1,0.46
6s6c3s3c,1,0.46
6h6d3h3d,1,0.46
6h6c3h3c,1,0.46
6d6c3d3c,1,0.46
6s6h3s3d,1,0.12
6s6h3s3c,1,0.12
6s6d3s3c,1,0.12
6s6d3s3h,1,0.12
6s6c3s3h,1,0.12
6s6c3s3d,1,0.12
6h6d3h3c,1,0.12
6h6d3s3h,1,0.12
6h6c3h3d,1,0.12
6h6c3s3h,1,0.12
6s6h3h3c,1,0.12
6s6h3h3d,1,0.12
6d6c3h3d,1,0.12
6d6c3s3d,1,0.12
6s6d3d3c,1,0.12
6s6d3h3d,1,0.12
6h6d3d3c,1,0.12
6h6d3s3d,1,0.12
6s6c3h3c,1,0.12
6s6c3d3c,1,0.12
6h6c3d3c,1,0.12
6h6c3s3c,1,0.12
6d6c3s3c,1,0.12
6d6c3h3c,1,0.12
6s6h2s2h,1,0.2
6s6d2s2d,1,0.2
6s6c2s2c,1,0.2
6h6d2h2d,1,0.2
6h6c2h2c,1,0.2
6d6c2d2c,1,0.2
6s6h5d5c,1,0.1
6s6d5h5c,1,0.1
6s6c5h5d,1,0.1
6h6d5s5c,1,0.1
6h6c5s5d,1,0.1
6d6c5s5h,1,0.1
6s5h4s4h,1,0.23
6s5d4s4d,1,0.23
6s5c4s4c,1,0.23
6h5d4h4d,1,0.23
6h5c4h4c,1,0.23
6h5s4s4h,1,0.23
6d5c4d4c,1,0.23
6d5s4s4d,1,0.23
6d5h4h4d,1,0.23
6c5s4s4c,1,0.23
6c5h4h4c,1,0.23
6c5d4d4c,1,0.23
6s5h4s3h,1,0.31
6s5d4s3d,1,0.31
6s5c4s3c,1,0.31
6h5d4h3d,1,0.31
6h5c4h3c,1,0.31
6h5s4h3s,1,0.31
6d5c4d3c,1,0.31
6d5s4d3s,1,0.31
6d5h4d3h,1,0.31
6c5s4c3s,1,0.31
6c5h4c3h,1,0.31
6c5d4c3d,1,0.31
6s5h4s2h,1,0.1
6s5d4s2d,1,0.1
6s5c4s2c,1,0.1
6h5d4h2d,1,0.1
6h5c4h2c,1,0.1
6h5s4h2s,1,0.1
6d5c4d2c,1,0.1
6d5s4d2s,1,0.1
6d5h4d2h,1,0.1
6c5s4c2s,1,0.1
6c5h4c2h,1,0.1
6c5d4c2d,1,0.1
6s5h3s3h,1,0.1
6s5d3s3d,1,0.1
6s5c3s3c,1,0.1
6h5d3h3d,1,0.1
6h5c3h3c,1,0.1
6h5s3s3h,1,0.1
6d5c3d3c,1,0.1
6d5s3s3d,1,0.1
6d5h3h3d,1,0.1
6c5s3s3c,1,0.1
6c5h3h3c,1,0.1
6c5d3d3c,1,0.1
6s5h4h3s,1,0.31
6s5d4d3s,1,0.31
6s5c4c3s,1,0.31
6h5d4d3h,1,0.31
6h5c4c3h,1,0.31
6h5s4s3h,1,0.31
6d5c4c3d,1,0.31
6d5s4s3d,1,0.31
6d5h4h3d,1,0.31
6c5s4s3c,1,0.31
6c5h4h3c,1,0.31
6c5d4d3c,1,0.31
6s5h4h2s,1,0.11
6s5d4d2s,1,0.11
6s5c4c2s,1,0.11
6h5d4d2h,1,0.11
6h5c4c2h,1,0.11
6h5s4s2h,1,0.11
6d5c4c2d,1,0.11
6d5s4s2d,1,0.11
6d5h4h2d,1,0.11
6c5s4s2c,1,0.11
6c5h4h2c,1,0.11
6c5d4d2c,1,0.11
6s5h4h3d,0.302,0
6s5h4h3c,0.302,0
6s5d4d3c,0.302,0
6s5d4d3h,0.302,0
6s5c4c3h,0.302,0
6s5c4c3d,0.302,0
6h5d4d3c,0.302,0
6h5d4d3s,0.302,0
6h5c4c3d,0.302,0
6h5c4c3s,0.302,0
6h5s4s3c,0.302,0
6h5s4s3d,0.302,0
6d5c4c3h,0.302,0
6d5c4c3s,0.302,0
6d5s4s3c,0.302,0
6d5s4s3h,0.302,0
6d5h4h3c,0.302,0
6d5h4h3s,0.302,0
6c5s4s3h,0.302,0
6c5s4s3d,0.302,0
6c5h4h3d,0.302,0
6c5h4h3s,0.302,0
6c5d4d3s,0.302,0
6c5d4d3h,0.302,0
5s4s4h3h,1,0.08
5s4s4d3d,1,0.08
5s4s4c3c,1,0.08
5h4h4d3d,1,0.08
5h4h4c3c,1,0.08
5h4s4h3s,1,0.08
5d4d4c3c,1,0.08
5d4s4d3s,1,0.08
5d4h4d3h,1,0.08
5c4s4c3s,1,0.08
5c4h4c3h,1,0.08
5c4d4c3d,1,0.08
5s5h4s4h,1,0.84
5s5d4s4d,1,0.84
5s5c4s4c,1,0.84
5h5d4h4d,1,0.84
5h5c4h4c,1,0.84
5d5c4d4c,1,0.84
5s5h4s3h,1,0.11
5s5d4s3d,1,0.11
5s5c4s3c,1,0.11
5h5d4h3d,1,0.11
5h5c4h3c,1,0.11
5s5h4h3s,1,0.11
5d5c4d3c,1,0.11
5s5d4d3s,1,0.11
5h5d4d3h,1,0.11
5s5c4c3s,1,0.11
5h5c4c3h,1,0.11
5d5c4c3d,1,0.11
5s5h4s4d,1,0.45
5s5h4s4c,1,0.45
5s5d4s4c,1,0.45
5s5d4s4h,1,0.45
5s5c4s4h,1,0.45
5s5c4s4d,1,0.45
5h5d4h4c,1,0.45
5h5d4s4h,1,0.45
5h5c4h4d,1,0.45
5h5c4s4h,1,0.45
5s5h4h4c,1,0.45
5s5h4h4d,1,0.45
5d5c4h4d,1,0.45
5d5c4s4d,1,0.45
5s5d4d4c,1,0.45
5s5d4h4d,1,0.45
5h5d4d4c,1,0.45
5h5d4s4d,1,0.45
5s5c4h4c,1,0.45
5s5c4d4c,1,0.45
5h5c4d4c,1,0.45
5h5c4s4c,1,0.45
5d5c4s4c,1,0.45
5d5c4h4c,1,0.45
5s5h3s3h,1,0.66
5s5d3s3d,1,0.66
5s5c3s3c,1,0.66
5h5d3h3d,1,0.66
5h5c3h3c,1,0.66
5d5c3d3c,1,0.66
5s5h3s3d,1,0.29
5s5h3s3c,1,0.29
5s5d3s3c,1,0.29
5s5d3s3h,1,0.29
5s5c3s3h,1,0.29
5s5c3s3d,1,0.29
5h5d3h3c,1,0.29
5h5d3s3h,1,0.29
5h5c3h3d,1,0.29
5h5c3s3h,1,0.29
5s5h3h3c,1,0.29
5s5h3h3d,1,0.29
5d5c3h3d,1,0.29
5d5c3s3d,1,0.29
5s5d3d3c,1,0.29
5s5d3h3d,1,0.29
5h5d3d3c,1,0.29
5h5d3s3d,1,0.29
5s5c3h3c,1,0.29
5s5c3d3c,1,0.29
5h5c3d3c,1,0.29
5h5c3s3c,1,0.29
5d5c3s3c,1,0.29
5d5c3h3c,1,0.29
5s5h2s2h,1,0.4
5s5d2s2d,1,0.4
5s5c2s2c,1,0.4
5h5d2h2d,1,0.4
5h5c2h2c,1,0.4
5d5c2d2c,1,0.4
5s5h2s2d,1,0.09
5s5h2s2c,1,0.09
5s5d2s2c,1,0.09
5s5d2s2h,1,0.09
5s5c2s2h,1,0.09
5s5c2s2d,1,0.09
5h5d2h2c,1,0.09
5h5d2s2h,1,0.09
5h5c2h2d,1,0.09
5h5c2s2h,1,0.09
5s5h2h2c,1,0.09
5s5h2h2d,1,0.09
5d5c2h2d,1,0.09
5d5c2s2d,1,0.09
5s5d2d2c,1,0.09
5s5d2h2d,1,0.09
5h5d2d2c,1,0.09
5h5d2s2d,1,0.09
5s5c2h2c,1,0.09
5s5c2d2c,1,0.09
5h5c2d2c,1,0.09
5h5c2s2c,1,0.09
5d5c2s2c,1,0.09
5d5c2h2c,1,0.09
5s5h4d4c,1,0.08
5s5d4h4c,1,0.08
5s5c4h4d,1,0.08
5h5d4s4c,1,0.08
5h5c4s4d,1,0.08
5d5c4s4h,1,0.08
5s4h3s3h,1,0.07
5s4d3s3d,1,0.07
5s4c3s3c,1,0.07
5h4d3h3d,1,0.07
5h4c3h3c,1,0.07
5h4s3s3h,1,0.07
5d4c3d3c,1,0.07
5d4s3s3d,1,0.07
5d4h3h3d,1,0.07
5c4s3s3c,1,0.07
5c4h3h3c,1,0.07
5c4d3d3c,1,0.07
4s4h3s3h,1,0.6
4s4d3s3d,1,0.6
4s4c3s3c,1,0.6
4h4d3h3d,1,0.6
4h4c3h3c,1,0.6
4d4c3d3c,1,0.6
4s4h3s3d,1,0.23
4s4h3s3c,1,0.23
4s4d3s3c,1,0.23
4s4d3s3h,1,0.23
4s4c3s3h,1,0.23
4s4c3s3d,1,0.23
4h4d3h3c,1,0.23
4h4d3s3h,1,0.23
4h4c3h3d,1,0.23
4h4c3s3h,1,0.23
4s4h3h3c,1,0.23
4s4h3h3d,1,0.23
4d4c3h3d,1,0.23
4d4c3s3d,1,0.23
4s4d3d3c,1,0.23
4s4d3h3d,1,0.23
4h4d3d3c,1,0.23
4h4d3s3d,1,0.23
4s4c3h3c,1,0.23
4s4c3d3c,1,0.23
4h4c3d3c,1,0.23
4h4c3s3c,1,0.23
4d4c3s3c,1,0.23
4d4c3h3c,1,0.23
4s4h2s2h,1,0.4
4s4d2s2d,1,0.4
4s4c2s2c,1,0.4
4h4d2h2d,1,0.4
4h4c2h2c,1,0.4
4d4c2d2c,1,0.4
4s4h2s2d,1,0.08
4s4h2s2c,1,0.08
4s4d2s2c,1,0.08
4s4d2s2h,1,0.08
4s4c2s2h,1,0.08
4s4c2s2d,1,0.08
4h4d2h2c,1,0.08
4h4d2s2h,1,0.08
4h4c2h2d,1,0.08
4h4c2s2h,1,0.08
4s4h2h2c,1,0.08
4s4h2h2d,1,0.08
4d4c2h2d,1,0.08
4d4c2s2d,1,0.08
4s4d2d2c,1,0.08
4s4d2h2d,1,0.08
4h4d2d2c,1,0.08
4h4d2s2d,1,0.08
4s4c2h2c,1,0.08
4s4c2d2c,1,0.08
4h4c2d2c,1,0.08
4h4c2s2c,1,0.08
4d4c2s2c,1,0.08
4d4c2h2c,1,0.08
3s3h2s2h,1,0.38
3s3d2s2d,1,0.38
3s3c2s2c,1,0.38
3h3d2h2d,1,0.38
3h3c2h2c,1,0.38
3d3c2d2c,1,0.38
3s3h2s2d,1,0.08
3s3h2s2c,1,0.08
3s3d2s2c,1,0.08
3s3d2s2h,1,0.08
3s3c2s2h,1,0.08
3s3c2s2d,1,0.08
3h3d2h2c,1,0.08
3h3d2s2h,1,0.08
3h3c2h2d,1,0.08
3h3c2s2h,1,0.08
3s3h2h2c,1,0.08
3s3h2h2d,1,0.08
3d3c2h2d,1,0.08
3d3c2s2d,1,0.08
3s3d2d2c,1,0.08
3s3d2h2d,1,0.08
3h3d2d2c,1,0.08
3h3d2s2d,1,0.08
3s3c2h2c,1,0.08
3s3c2d2c,1,0.08
3h3c2d2c,1,0.08
3h3c2s2c,1,0.08
3d3c2s2c,1,0.08
3d3c2h2c,1,0.08